count|employer_name|employer_address1|employer_address2|employer_city
126|GURU CONSULTING SERVICES LLC|5 INDEPENDENCE WAY|3RD FLOOR|PRINCETON
126|WAVE ERA INC|5 INDEPENDENCE WAY|3RD FLOOR|PRINCETON
126|GURUSCHOOLS LLC|5 INDEPENDENCE WAY|3RD FLOOR|PRINCETON
126|WAVE ERA INC|5 INDEPENDENCE WAY|3RF FLOOR|PRINCETON
126|CREST SOFTWARE SERVICES INC|5 INDEPENDENCE WAY|STE 125|PRINCETON
126|MERCURY SYSTEMS INC|5 INDEPENDENCE WAY|STE 140|PRINCETON
126|SARANSH INC|5 INDEPENDENCE WAY|STE 225|PRINCETON
126|TECHNOLOGIA CORPORATION|5 INDEPENDENCE WAY|STE 300|PRINCETON
126|DIGITAL GLOBAL SOLUTIONS INC|5 INDEPENDENCE WAY|STE 300|PRINCETON
126|ARISTON TEK INC|5 INDEPENDENCE WAY|STE 320|PRINCETON
126|ARISTON TEK INC|5 INDEPENDENCE WAY|STE 320|PRINCEOTN
126|RESPONSE INFORMATICS INC|5 INDEPENDENCE WAY|STE 320|PRINCETON
126|HORIZON CONSULTING INC|5 INDEPENDENCE WAY|STE 320|PRINCETON
126|DIGITAL DATUM INC|5 INDEPENDENCE WAY|SUIT 220|PRINCETON
126|KAVAYAH SOLUTIONS INC|5 INDEPENDENCE WAY|SUITE 105|PRINCETON
126|CREST SOFTWARE SERVICES INC|5 INDEPENDENCE WAY|SUITE 125|PRINCETON
126|CREST SOFWARE SERVICES INC|5 INDEPENDENCE WAY|SUITE 125|PRINCETON
126|TECHSPACE SOLUTIONS INC|5 INDEPENDENCE WAY|SUITE 135|PRINCETON
126|TEKSKILLS INC|5 INDEPENDENCE WAY|SUITE 135|PRINCETON
126|SYNOVASOFT INC|5 INDEPENDENCE WAY|SUITE 145|PRINCETON
126|PRINCETON IT AMERICA INC|5 INDEPENDENCE WAY|SUITE 215|PRINCETON
126|DATANORMUS LLC|5 INDEPENDENCE WAY|SUITE 220|PRINCETON
126|DIGITAL DATUM INC|5 INDEPENDENCE WAY|SUITE 220|PRINCETON
126|ARNEX SOLUTIONS LLC|5 INDEPENDENCE WAY|SUITE 223|PRINCETON
126|SARANSH INC|5 INDEPENDENCE WAY|SUITE 225|PRINCETON
126|INNOVATIVE INFORMATION TECHNOLOGIES INC|5 INDEPENDENCE WAY|SUITE 230|PRINCETON
126|TECHNOLOGIA CORPORATION|5 INDEPENDENCE WAY|SUITE 300|PRINCETON
126|TEKPLANT INC|5 INDEPENDENCE WAY|SUITE 300|PRINCETON
126|ASKINDOSYS INC|5 INDEPENDENCE WAY|SUITE 300|PRINCETON
126|INFO DINAMICA CORPORATION|5 INDEPENDENCE WAY|SUITE 300|PRINCETON
126|VIBRANT INC|5 INDEPENDENCE WAY|SUITE 300|PRINCETON
126|ADYA TECHNOLOGIES INC|5 INDEPENDENCE WAY|SUITE 300|PRINCETON
126|CDRP TECHNOLOGIES LLC|5 INDEPENDENCE WAY|SUITE 300|PRINCETON
126|KELITH GROUP INC|5 INDEPENDENCE WAY|SUITE 300|PRINCETON
126|SOFTNET CONSULTING INC|5 INDEPENDENCE WAY|SUITE 300|PRINCETON
126|ADEPT AI SOLUTIONS LLC|5 INDEPENDENCE WAY|SUITE 300|PRINCETON
126|SKY TECH SERVICES INC|5 INDEPENDENCE WAY|SUITE 300|PRINCETON
126|PRINCETON BLUE INC|5 INDEPENDENCE WAY|SUITE 300|PRINCETON
126|XL IMPEX INC|5 INDEPENDENCE WAY|SUITE 300|PRINCETON
126|PROCESS Q INC|5 INDEPENDENCE WAY|SUITE 300|PRINCETON
126|EZEN COMPUTER SERVICES INC|5 INDEPENDENCE WAY|SUITE 305|PRINCETON
126|BEYOND DEV CORPORATION|5 INDEPENDENCE WAY|SUITE 306|PRINCETON
126|BEYONDDEV CORP|5 INDEPENDENCE WAY|SUITE 306|PRINCETON
126|ARISTON TEK INC|5 INDEPENDENCE WAY|SUITE 320|PRINCETON
126|RESPONSE INFORMATICS INC|5 INDEPENDENCE WAY|SUITE 320|PRINCETON
126|NUWAY SOLUTIONS LLC|5 INDEPENDENCE WAY|SUITE 401|PRINCETON
126|THE PRINCIPAL CONSULTING INC|5 INDEPENDENCE WAY|SUITE 414|PRINCETON
126|LOGICPRO SYSTEMS INC|5 INDEPENDENCE WAY|SUITE 415|PRINCETON
126|QSTRIDE INC|5 INDEPENDENCE WAY|SUITE 417|PRINCETON
126|LATENTVIEW ANALYTICS CORPORATION|5 INDEPENDENCE WAY|SUITE 418, 4TH FLOOR|PRINCETON
126|LATENTVIEW ANALYTICS CORPORATION|5 INDEPENDENCE WAY|SUITE 418, FLOOR 4|PRINCETON
126|ECHELON IT INC|5 INDEPENDENCE WAY|SUITE 424|PRINCETON
126|Super Soft Solutions Inc|5 INDEPENDENCE WAY|SUITE 435|PRINCETON
126|EDDA Technology Inc|5 INDEPENDENCE WAY||PRINCETON
126|LatentView Analytics Corporation|5 Independence Way|300|Princeton
126|VIBRANT INC|5 Independence Way|4th Floor, Suite 402|Princeton
126|Navikenz INC|5 Independence Way|Fl 4|Princeton
126|StackIntel Inc|5 Independence Way|STE 320|Princeton
126|Analytiq Techno Soft LLC|5 Independence Way|STE 320|Princeton
126|CLYROX INC|5 Independence Way|STE 320|Princeton
126|Mercury Systems Inc|5 Independence Way|Ste 140|Princeton
126|ASKINDOSYS INC|5 Independence Way|Ste 300|Princeton
126|Synergent Tech Solutions Inc|5 Independence Way|Ste 300|Princeton
126|DELTACUBES TECHNOLOGY LLC|5 Independence Way|Ste 300|Princeton
126|Kelith Group Inc|5 Independence Way|Suite 120|Princeton
126|KELITH GROUP INC|5 Independence Way|Suite 120|Princeton
126|AiFa Labs LLC|5 Independence Way|Suite 120|Princeton
126|ProcessQ Inc|5 Independence Way|Suite 125|Princeton
126|Softland Solutions LLC|5 Independence Way|Suite 135|Princeton
126|SOFTLAND SOLUTIONS LLC|5 Independence Way|Suite 135|Princeton
126|Tekskills Inc|5 Independence Way|Suite 135|Princeton
126|Mercury Systems Inc|5 Independence Way|Suite 140|Princeton
126|Synovasoft Inc|5 Independence Way|Suite 145|Princeton
126|ALGOBRAINZ LLC|5 Independence Way|Suite 147|Princeton
126|AidenAI Inc|5 Independence Way|Suite 205|Princeton
126|Acunor Infotech LLC|5 Independence Way|Suite 206|Princeton
126|EDDA Technology Inc|5 Independence Way|Suite 210|Princeton
126|Arnex Solutions LLC|5 Independence Way|Suite 223|Princeton
126|Innovative Information Technologies Inc|5 Independence Way|Suite 230|Princeton
126|CDRP Technologies LLC|5 Independence Way|Suite 300|Princeton
126|National Consulting Group Inc|5 Independence Way|Suite 300|Princeton
126|Vibrant Inc|5 Independence Way|Suite 300|Princeton
126|VIBRANT INC|5 Independence Way|Suite 300|Princeton
126|KELITH GROUP INC|5 Independence Way|Suite 300|Princeton
126|Softland Solutions LLC|5 Independence Way|Suite 300|Princeton
126|Exultancy Inc|5 Independence Way|Suite 300|Princeton
126|Latentview Analytics Corporation|5 Independence Way|Suite 300|Princeton
126|LatentView Analytics Corporation|5 Independence Way|Suite 300|Princeton
126|Changepond Inc|5 Independence Way|Suite 300|Princeton
126|DELTACUBES TECHNOLOGY LLC|5 Independence Way|Suite 300|Princeton
126|Kelith Group Inc|5 Independence Way|Suite 300|Princeton
126|Princeton Blue Inc|5 Independence Way|Suite 300|Princeton
126|Maveric NXT Inc|5 Independence Way|Suite 300|Princeton
126|XL Impex Inc|5 Independence Way|Suite 300|Princeton
126|Maveric NXT INC|5 Independence Way|Suite 300|Princeton
126|Proworqs Inc|5 Independence Way|Suite 300|Princeton
126|NATIONAL CONSULTING GROUP INC|5 Independence Way|Suite 300|Princeton
126|MODERN LEGACY SERVICES INC|5 Independence Way|Suite 300|Princeton
126|SOFTLAND SOLUTIONS LLC|5 Independence Way|Suite 300|Princeton
126|Convextree Inc|5 Independence Way|Suite 300|Princeton
126|ASKINDOSYS INC|5 Independence Way|Suite 300|Princeton
126|Latentview Analytics Corporation|5 Independence Way|Suite 300  3rd Floor|Princeton
126|Latentview Analytics Corporation|5 Independence Way|Suite 300 3rd Floor|Princeton
126|Axcend Technologies Inc|5 Independence Way|Suite 300, 3rd Floor|Princeton
126|EZEN Computer Services Inc|5 Independence Way|Suite 305|Princeton
126|E-Zen Computer Services Inc|5 Independence Way|Suite 305|Princeton
126|DoubleBridge Technologies Inc|5 Independence Way|Suite 310|Princeton
126|SOFTLAND SOLUTIONS LLC|5 Independence Way|Suite 320|Princeton
126|CREST Software Services Inc|5 Independence Way|Suite 320|Princeton
126|Latentview Analytics Corporation|5 Independence Way|Suite 418|Princeton
126|LatentView Analytics Corporation|5 Independence Way|Suite 418, Floor 4|Princeton
126|NATIONAL CONSULTING GROUP INC|5 Independence Way|Suite 434|Princeton
126|Super Soft Solutions Inc|5 Independence Way|Suite 435|Princeton
126|EDDA Technology Inc|5 Independence Way||Princeton
126|ALGOBRAINZ LLC|5 Independence way|STE 147|Princeton
126|Maveric NXT Inc|5 Independence way|Suit 300|Princeton
126|ALGOBRAINZ LLC|5 Independence way|Suite 147|Princeton
126|Datanormus LLC|5 Independence way|Suite 220|Princeton
126|KELITH GROUP|5 Independence way|Suite 300|Princeton
126|KELITH GROUP INC|5 Independence way|Suite 300|Princeton
126|Maveric NXT INC|5 Independence way|Suite 300|Princeton
126|Maveric NXT Inc|5 Independence way|Suite 300|Princeton
126|National Consulting Group Inc|5 independence way|Suite 300|Princeton
126|National Consulting Group Inc|5 independence way|Suite 434|Princeton
126|National Consulting Group Inc|5 independence way|Suite 434, NJ|Princeton
126|National Consulting Group Inc|5 independence way|Suite 434, Princeton NJ|Princeton
106|3EDGEUSA GROUP LLC|15 CORPORATE PLACE SOUTH|444|PISCATAWAY
106|SOFTWARE PROGRAMMING GROUP LLC|15 CORPORATE PLACE SOUTH|FLR. 421|PISCATAWAY
106|TEJASE TECHNOLOGIES INC|15 CORPORATE PLACE SOUTH|STE 216A|Piscataway
106|STARK ASSOCIATES LLC|15 CORPORATE PLACE SOUTH|STE 350|PISCATAWAY
106|Stark Associates LLC|15 CORPORATE PLACE SOUTH|STE 350|PISCATAWAY
106|SAMP ENGINEERING INC|15 CORPORATE PLACE SOUTH|STE 352|PISCATAWAY
106|OMSUM ENGINEERING LLC|15 CORPORATE PLACE SOUTH|SUITE 102|PISCATAWAY
106|CRAVE INFOTECH LLC|15 CORPORATE PLACE SOUTH|SUITE 104|PISCATAWAY
106|RENOTEK GROUP LLC|15 CORPORATE PLACE SOUTH|SUITE 124|PISCATAWAY
106|RENOTEK SOLUTIONS LLC|15 CORPORATE PLACE SOUTH|SUITE 124|PISCATAWAY
106|PROWISE SOLUTIONS INC|15 CORPORATE PLACE SOUTH|SUITE 135|PISCATAWAY
106|AMERITEK GLOBAL INC|15 CORPORATE PLACE SOUTH|SUITE 136|PISCATAWAY
106|SUNFIX TECHNOLOGIES INC|15 CORPORATE PLACE SOUTH|SUITE 140|PISCATAWAY
106|WIZARD TECH SOLUTIONS INC|15 CORPORATE PLACE SOUTH|SUITE 148|PISCATAWAY
106|HELISHORES INC|15 CORPORATE PLACE SOUTH|SUITE 207|PISCATAWAY
106|ELEMENT TECHNOLOGIES INC|15 CORPORATE PLACE SOUTH|SUITE 209|PISCATAWAY
106|ELEMENT TECHNOLOGIES INC|15 CORPORATE PLACE SOUTH|SUITE 209|PISCATWAY
106|GLOBAL DATA TEK INC|15 CORPORATE PLACE SOUTH|SUITE 210|PISCATAWAY
106|TECHNOLOGY SQUARE INC|15 CORPORATE PLACE SOUTH|SUITE 210|PISCATAWAY
106|6COM INC|15 CORPORATE PLACE SOUTH|SUITE 210|PISCATAWAY
106|HSK TECHNOLOGIES INC|15 CORPORATE PLACE SOUTH|SUITE 213 B|PISCATAWAY
106|BRIDGETOWN CONSULTING GROUP INC|15 CORPORATE PLACE SOUTH|SUITE 216|PISCATAWAY
106|TEJASE TECHNOLOGIES INC|15 CORPORATE PLACE SOUTH|SUITE 216 A|PISCATAWAY
106|TEJASE TECHNOLOGIES INC|15 CORPORATE PLACE SOUTH|SUITE 216A|PISCATAWAY
106|WIZARD TECH SOLUTIONS INC|15 CORPORATE PLACE SOUTH|SUITE 217|PISCATAWAY
106|SOFTOVAINC|15 CORPORATE PLACE SOUTH|SUITE 315|PISCATAWAY
106|SOFTOVA INC|15 CORPORATE PLACE SOUTH|SUITE 315|PISCATAWAY
106|3A SOFT INC|15 CORPORATE PLACE SOUTH|SUITE 319|PISCATAWAY
106|PY DATA SOLUTIONS INC|15 CORPORATE PLACE SOUTH|SUITE 320|PISCATAWAY
106|EXA DATA SOLUTIONS INC|15 CORPORATE PLACE SOUTH|SUITE 320|PISCATAWAY
106|SHAYAAN CORPORATION INC|15 CORPORATE PLACE SOUTH|SUITE 333|PISCATAWAY
106|SHAYAAN CORPORATION INC|15 CORPORATE PLACE SOUTH|SUITE 333F|PISCATAWAY
106|LEARNBEYOND CONSULTING LLC|15 CORPORATE PLACE SOUTH|SUITE 345|PISCATAWAY
106|Stark Associates LLC|15 CORPORATE PLACE SOUTH|SUITE 350|PISCATAWAY
106|STARK ASSOCIATES LLC|15 CORPORATE PLACE SOUTH|SUITE 350|PISCATAWAY
106|DATAMETRICS SOFTWARE SYSTEMS INC|15 CORPORATE PLACE SOUTH|SUITE 351|PISCATAWAY
106|SAMP ENGINEERING INC|15 CORPORATE PLACE SOUTH|SUITE 352|PISCATAWAY
106|M2M COMPUTING SOLUTIONS INC|15 CORPORATE PLACE SOUTH|SUITE 352 A|PISCATAWAY
106|M2M COMPUTING SOLUTIONS INC|15 CORPORATE PLACE SOUTH|SUITE 352A|PISCATAWAY
106|VIZPLUM CORPORATION|15 CORPORATE PLACE SOUTH|SUITE 354|PISCATAWAY
106|RANG TECHNOLOGIES INC|15 CORPORATE PLACE SOUTH|SUITE 356|PISCATAWAY
106|KVRA TECH INC|15 CORPORATE PLACE SOUTH|SUITE 369|PISCATAWAY
106|LORHAN IT SERVICES INC|15 CORPORATE PLACE SOUTH|SUITE 400|PISCATAWAY
106|PRIMESOFT INC|15 CORPORATE PLACE SOUTH|SUITE 416|PISCATAWAY
106|PROWISE SOLUTIONS INC|15 CORPORATE PLACE SOUTH|SUITE 419 D|SUITE  419 D
106|PROWISE SOLUTIONS INC|15 CORPORATE PLACE SOUTH|SUITE 419 D|PISCATAWAY
106|Salesforce Developer|15 CORPORATE PLACE SOUTH|SUITE 419 D|PISCATAWAY
106|DISCOVER TECHNOLOGIES INC|15 CORPORATE PLACE SOUTH|SUITE 419B|PISCATAWAY
106|ITGEEKS INC|15 CORPORATE PLACE SOUTH|SUITE 419B|PISCATAWAY
106|AGA FINCORP INC|15 CORPORATE PLACE SOUTH|SUITE 419C|PISCATAWAY
106|PROWISE SOLUTIONS INC|15 CORPORATE PLACE SOUTH|SUITE 419D|PISCATAWAY
106|ALPHA CLINICAL SYSTEMS INC|15 CORPORATE PLACE SOUTH|SUITE 420|PISCATAWAY
106|SOFTWARE PROGRAMMING GROUP LLC|15 CORPORATE PLACE SOUTH|SUITE 421|PISCATAWAY
106|GLOBAL IT INVESTORS INC|15 CORPORATE PLACE SOUTH|SUITE 421|PISCATAWAY
106|PRIMESOFT CONSULTING SERVICES INC|15 CORPORATE PLACE SOUTH|SUITE 424|PISCATAWAY
106|DATAWIN SYSTEMS INC|15 CORPORATE PLACE SOUTH|SUITE 425|PISCATAWAY
106|Sunmerge Systems Inc|15 CORPORATE PLACE SOUTH|SUITE 430|PISCATAWAY
106|3EDGEUSA GROUP LLC|15 CORPORATE PLACE SOUTH|SUITE 444|PISCATAWAY
106|INTELLYK INC|15 CORPORATE PLACE SOUTH|SUITE 450|PISCATAWAY
106|Stark Associates LLC|15 CORPORATE PLACE SOUTH|Ste 350|Piscataway
106|GLOBAL DATA TEK INC|15 CORPORATE PLACE SOUTH|Suite 120|Piscataway
106|GLOBAL DATA TEK INC|15 CORPORATE PLACE SOUTH|Suite 210|Piscataway
106|Alpha Clinical Systems Inc|15 CORPORATE PLACE SOUTH|Suite 420|Piscataway
106|3EDGEUSA GROUP LLC|15 CORPORATE PLACE SOUTH|Suite 444|PISCATAWAY
106|TEJASE TECHNOLOGIES INC|15 CORPORATE PLACE SOUTH||Piscataway
106|Primesoft Inc|15 Corporate Place South|416|Piscataway
106|PRIMESOFT INC|15 Corporate Place South|416|PISCATAWAY
106|Alpha Clinical Systems Inc|15 Corporate Place South|420|PISCATAWAY
106|IT Geeks Inc|15 Corporate Place South|STE 419B|Piscataway
106|HSK Technologies Inc|15 Corporate Place South|Ste 213B|Piscataway
106|Datawin Systems Inc|15 Corporate Place South|Ste 425|Piscataway
106|Sunmerge Systems INC|15 Corporate Place South|Ste 430|Piscataway
106|Crave InfoTech LLC|15 Corporate Place South|Suite 104|Piscataway
106|VEN SOFT LLC|15 Corporate Place South|Suite 135|Piscataway
106|MINDSPACE INC|15 Corporate Place South|Suite 138|Piscataway
106|SHARMA YASKHI & ASSOCIATES, LLP|15 Corporate Place South|Suite 150|Piscataway
106|Helishores Inc|15 Corporate Place South|Suite 207|Piscataway
106|Element Technologies Inc|15 Corporate Place South|Suite 209|Piscataway
106|GLOBAL DATA TEK INC|15 Corporate Place South|Suite 210|Piscataway
106|MINDSPACE INC|15 Corporate Place South|Suite 212|Piscataway
106|HSK Technologies Inc|15 Corporate Place South|Suite 213B|Piscataway
106|NOVELTEK SYSTEMS INC|15 Corporate Place South|Suite 234|Piscataway
106|NovelTek Systems Inc|15 Corporate Place South|Suite 234|Piscataway
106|Noveltek Systems Inc|15 Corporate Place South|Suite 234|Piscataway
106|NovelTek Syatems Inc|15 Corporate Place South|Suite 234|Piscataway
106|Alba Life Sciences Corp.|15 Corporate Place South|Suite 341A|Piscataway
106|Vistados Corp|15 Corporate Place South|Suite 343|Piscataway
106|Stark Associates LLC|15 Corporate Place South|Suite 350|Piscataway
106|Cognitive Technology Solutions Inc|15 Corporate Place South|Suite 400A|Piscataway
106|IT GATEWAY LLC|15 Corporate Place South|Suite 406|Piscataway
106|PRIMESOFT INC|15 Corporate Place South|Suite 416|PISCATAWAY
106|Primesoft Inc|15 Corporate Place South|Suite 416|piscataway
106|Primesoft Inc|15 Corporate Place South|Suite 416|Piscataway
106|Algorics Inc|15 Corporate Place South|Suite 420|Piscataway
106|Alpha Clinical Systems Inc|15 Corporate Place South|Suite 420|Piscataway
106|Alpha Clinical Systems Inc|15 Corporate Place South|Suite 420|PISCATAWAY
106|Datawin Systems Inc|15 Corporate Place South|Suite 425|Piscataway
106|Sunmerge Systems Inc|15 Corporate Place South|Suite 430|Piscataway
106|3EDGEUSA GROUP LLC|15 Corporate Place South|Suite 444|Piscataway
106|IT Gateway LLC|15 Corporate Place South||Piscataway
106|Alpha Clinical Systems Inc|15 Corporate Place south|Suite 420|Piscataway
106|Sunmerge Systems Inc|15 Corporate Place south|Suite 430|Piscataway
106|Sunmerge Systems Inc|15 Corporate Place south|suite 430|Piscataway
106|EXA DATA SOLUTIONS INC|15 Corporate place South|Suite 320|Piscataway
106|PY DATA SOLUTIONS INC|15 Corporate place South|Suite 320|Piscataway
106|PY DATA SOLUTIONS INC|15 Corporate place South||Piscataway
71|VIACORE TECHNOLOGIES INC|666 PLAINSBORO ROAD|STE 1018|PLAINSBORO
71|VIACORE TECHNOLOGIES INC|666 PLAINSBORO ROAD|STE 1018|PLAINSBORO TOWNSHIP
71|BI LABS INC|666 PLAINSBORO ROAD|SUITE 1000|PLAINSBORO
71|IM SOLUTIONS INC|666 PLAINSBORO ROAD|SUITE 1000|PLAINSBORO
71|DVG TECH SOLUTIONS LLC|666 PLAINSBORO ROAD|SUITE 1010|PLAINSBORO
71|BI LABS INC|666 PLAINSBORO ROAD|SUITE 1016|PLAINSBORO
71|VIACORE TECHNOLOGIES INC|666 PLAINSBORO ROAD|SUITE 1018|PLAINSBORO
71|ADVANCED TECHNOLOGY GROUP USA INC|666 PLAINSBORO ROAD|SUITE 1030|PLAINSBORO
71|TECHSMART GLOBAL INC|666 PLAINSBORO ROAD|SUITE 1116|PLAINSBORO
71|SUPERLOGIX INC|666 PLAINSBORO ROAD|SUITE 1126|PLAINSBORO
71|CARE IT SERVICES INC|666 PLAINSBORO ROAD|SUITE 1161|PLAINSBORO
71|TECHPRO SOLUTIONS INC|666 PLAINSBORO ROAD|SUITE 1175|PLAINSBORO
71|CARE IT SERVICES INC|666 PLAINSBORO ROAD|SUITE 1238 A|PLAINSBORO
71|NITYO INFOTECH CORP|666 PLAINSBORO ROAD|SUITE 1285|PLAINSBORO
71|NITYO INFOTECH CORPORATION|666 PLAINSBORO ROAD|SUITE 1285|PLAINSBORO
71|SARANSH INC|666 PLAINSBORO ROAD|SUITE 1335|PLAINSBORO
71|PRONIX INC|666 PLAINSBORO ROAD|SUITE 1361|PLAINSBORO
71|PRONIX INC|666 PLAINSBORO ROAD|SUITE 1361|PLAINSBORO TOWNSHIP
71|SALIGRAM SYSTEMS INC|666 PLAINSBORO ROAD|SUITE 1365|PLAINSBORO
71|ELITE IT PROFESSIONALS INC|666 PLAINSBORO ROAD|SUITE 1385|PLAINSBORO
71|AUROPRO SYSTEMS INC|666 PLAINSBORO ROAD|SUITE 220|PLAINSBORO
71|TEKNATIO INC|666 PLAINSBORO ROAD|SUITE 230|PLAINSBORO
71|ECHELON IT INC|666 PLAINSBORO ROAD|SUITE 435|PLAINSBORO
71|SWIZTECH INC|666 PLAINSBORO ROAD|SUITE 435|PLAINSBORO
71|SUMAS CORPORATION|666 PLAINSBORO ROAD|SUITE 435|PLAINSBORO
71|DATAFORMIX TECHNOLOGIES INC|666 PLAINSBORO ROAD|SUITE 445|PLAINSBORO
71|SUPERLOGIX INC|666 PLAINSBORO ROAD|SUITE 455|PLAINSBORO
71|SUMAS CORPORATION|666 PLAINSBORO ROAD|SUITE 545|PLAINSBORO
71|SUMAS CORPORATION|666 PLAINSBORO ROAD|SUITE 545|Plainsboro
71|COREMATIQ INC|666 PLAINSBORO ROAD|SUITE 545|PLAINSBORO
71|Sumas Corporation|666 PLAINSBORO ROAD|SUITE 545|PLAINSBORO
71|ECHELON IT INC|666 PLAINSBORO ROAD|SUITE 555|PLAINSBORO
71|QVALFOCUS INC|666 PLAINSBORO ROAD|SUITE 615|PLAINSBORO
71|QvalFocus Inc|666 PLAINSBORO ROAD|SUITE 615|PLAINSBORO
71|ENIN SYSTEMS INC|666 PLAINSBORO ROAD|SUITE 624|PLAINSBORO
71|QvalFocus Inc|666 PLAINSBORO ROAD|SUITE 632|PLAINSBORO
71|QVALFOCUS INC|666 PLAINSBORO ROAD|SUITE 632|PLAINSBORO
71|COREMATIQ INC|666 PLAINSBORO ROAD|SUITE 632|PLAINSBORO
71|Corematiq Inc|666 PLAINSBORO ROAD|SUITE 632|PLAINSBORO
71|SWIZTECH INC|666 PLAINSBORO ROAD|SUITE 640|PLAINSBORO
71|TECHMATRIX INC|666 PLAINSBORO ROAD|SUITE 648|PLAINSBORO
71|AK Systems Inc|666 PLAINSBORO ROAD|Suite 1171|PLAINSBORO
71|TEKNATIO INC|666 PLAINSBORO ROAD|Suite 230|PLAINSBORO
71|SAI IT CORP|666 PLAINSBORO ROAD|UNIT 1237|PLAINSBORO
71|CORE SOFTWARE TECHNOLOGIES INC|666 PLAINSBORO ROAD||PLAINSBORO
71|AK Systems Inc|666 Plainsboro ROAD|Suite 1171|Plainsboro
71|CYBER 1 ARMOR INC|666 Plainsboro Road|Building 600, Floor 1, Suite 691|Plainsboro
71|Viacore Technologies Inc|666 Plainsboro Road|STE 1018|Princeton
71|BI Labs Inc|666 Plainsboro Road|Ste 1000|Plainsboro
71|Go8 IT Inc|666 Plainsboro Road|Suite 1 J|Plainsboro
71|DVG Tech Solutions LLC|666 Plainsboro Road|Suite 1010|Plainsboro
71|BI LABS INC|666 Plainsboro Road|Suite 1016|Plainsboro
71|AK Systems Inc|666 Plainsboro Road|Suite 1171|Plainsboro
71|Techpro Solutions Inc|666 Plainsboro Road|Suite 1175|Plainsboro
71|SATHRAM CORPORATION|666 Plainsboro Road|Suite 1236|Plainsboro
71|Sathram Corporation|666 Plainsboro Road|Suite 1236|Plainsboro
71|Hermes Network Inc|666 Plainsboro Road|Suite 1281|Plainsboro
71|Nityo Infotech Corporation|666 Plainsboro Road|Suite 1285|Plainsboro
71|Government Systems Technology Inc|666 Plainsboro Road|Suite 1385|Plainsboro
71|Government Systems Technologies Inc|666 Plainsboro Road|Suite 1385|Plainsboro
71|Qugen Inc|666 Plainsboro Road|Suite 215|Plainsboro
71|Auropro Systems Inc|666 Plainsboro Road|Suite 220|Plainsboro
71|Securekloud Technologies Inc|666 Plainsboro Road|Suite 448|Plainsboro
71|Gemut Inc|666 Plainsboro Road|Suite 455|Plainsboro
71|Sumas Corporation|666 Plainsboro Road|Suite 545|Plainsboro
71|BIZINTEX INC|666 Plainsboro Road|Suite 605|Plainsboro
71|TECHMATRIX INC|666 Plainsboro Road|Suite 648|Plainsboro
71|TECH MATRIX INC|666 Plainsboro Road|Suite 648|NORTH BRUNSWICK
71|TECH MATRIX INC|666 Plainsboro Road|Suite 648|Plainsboro
71|ENIN SYSTEMS INC|666 Plainsboro road|Suite 624|Plainsboro
71|ENIN SYSTEMS INC|666 Plainsboro road|Suite 648|Plainsboro
62|INFORMATIC TECHNOLOGIES INC|825 GEORGES ROAD|2RD FLOOR, SUITE 4|NORTH BRUNSWICK
62|AITA CONSULTING SERVICES INC|825 GEORGES ROAD|3RD FLOOR|NORTH BRUNSWICK
62|Aita Consulting Services Inc|825 GEORGES ROAD|3RD FLOOR|NORTH BRUNSWICK
62|INFORMATIC TECHNOLOGIES INC|825 GEORGES ROAD|3RD FLOOR, SUITE 6|NORTH BRUNSWICK
62|TURING SYSTEMS INC|825 GEORGES ROAD|FLOOR 3|NORTH BRUNSWICK TOWNSHIP
62|TURING SYSTEMS INC|825 GEORGES ROAD|FLR. 3|NORTH BRUNSWICK TOWNSHIP
62|INFORMATIC TECHNOLOGIES INC|825 GEORGES ROAD|SECOND FLOOR, SUITE 4|NORTH BRUNSWICK
62|Aptiva Corp|825 GEORGES ROAD|SUITE 1|NORTH BRUNSWICK
62|APTIVA CORP|825 GEORGES ROAD|SUITE 1|NORTH BRUNSWICK
62|APTIVA CORP.|825 GEORGES ROAD|SUITE 1|NORTH BRUNSWICK
62|NEPHOS TECHNOLOGIES CORPORATION|825 GEORGES ROAD|SUITE 1|NORTH BRUNSWICK
62|NEPHOS TECHNOLOGIES|825 GEORGES ROAD|SUITE 1|NORTH BRUNSWICK
62|SATIN SOLUTIONS LLC|825 GEORGES ROAD|SUITE 1|NORTH BRUNSWICK
62|APTIVA, CORP.|825 GEORGES ROAD|SUITE 1|NORTH BRUNSWICK
62|GP TECHNOLOGIES LLC|825 GEORGES ROAD|SUITE 1 THIRD FLOOR|NORTH BRUNSWICK
62|PROMATRIX CORP|825 GEORGES ROAD|SUITE 1 THIRD FLOOR|NORTH BRUNSWICK
62|SATIN SOLUTIONS LLC|825 GEORGES ROAD|SUITE 1 THIRD FLOOR|NORTH BRUNSWICK
62|SKILLTUNE TECHNOLOGIES INC|825 GEORGES ROAD|SUITE 1, THIRD FLOOR|NORTH BRUNSWICK
62|PROMATRIX CORP|825 GEORGES ROAD|SUITE 1, THIRD FLOOR|NORTH BRUNSWICK
62|GP TECHNOLOGIES LLC|825 GEORGES ROAD|SUITE 1A|NORTH BRUNSWICK
62|SATIN SOLUTIONS LLC|825 GEORGES ROAD|SUITE 4|NORTH BRUNSWICK
62|SKILLTUNE TECHNOLOGIES INC|825 GEORGES ROAD|SUITE 4|NORTH BRUNSWICK
62|GP TECHNOLOGIES LLC|825 GEORGES ROAD|SUITE 4|NORTH BRUNSWICK
62|PROMATRIX CORP|825 GEORGES ROAD|SUITE 4|NORTH BRUNSWICK
62|APTIVA CORP|825 GEORGES ROAD|Suite 1|NORTH BRUNSWICK
62|IT Premia Group Inc|825 GEORGES ROAD||NORTH BRUNSWICK
62|GP TECHNOLOGIES LLC|825 GEORGES ROAD||NORTH BRUNSWICK
62|PROMATRIX CORP|825 GEORGES ROAD||NORTH BRUNSWICK
62|SKILLTUNE TECHNOLOGIES INC|825 GEORGES ROAD||NORTH BRUNSWICK
62|IT PREMIA GROUP INC|825 GEORGES ROAD||NORTH BRUNSWICK
62|Aita Consulting Service Inc|825 Georges Road|2nd Floor|North Brunswick
62|Aita Consulting Services Inc|825 Georges Road|2nd Floor|North Brunswick
62|Aita Consulting Services inc|825 Georges Road|2nd Floor|North Brunswick
62|Informatic Technologies Inc|825 Georges Road|2nd Floor, Suite No. 4|North Brunswick
62|Aita Consulting Services Inc|825 Georges Road|2nd Floore|North Brunswick
62|Aita Consulting Services Inc|825 Georges Road|3 Rd Floor|North Brunswick
62|AITA CONSULTING SERVICES INC|825 Georges Road|3 Rd Floor|North Brunswick
62|Aita Consulting Services Inc|825 Georges Road|3 rd Floor|North Brunswick
62|Aita Consulting Services Inc|825 Georges Road|3RD Floor|North Brunswick
62|Aita Consulting Services Inc|825 Georges Road|3Rd Floor|North Brunswick
62|Aita Consulting Services Inc|825 Georges Road|3rd FLoor|North Brunswick
62|Aita Consulting Service Inc|825 Georges Road|3rd Floor|North Brunswick
62|Aita Consulting Services|825 Georges Road|3rd Floor|North Brunswick
62|Aita Consulting Services Inc|825 Georges Road|3rd Floor|North Brunswick
62|Aita Consulting Services Inc|825 Georges Road|3rd Floor|North Brunswik
62|Aita Consulting Services Inc|825 Georges Road|3rd Floor|North Bruinswick
62|Informatic Technologies Inc|825 Georges Road|3rd Floor, Suite No. 6|North Brunswick
62|Aita Consulting Services Inc|825 Georges Road|3rd floor|North Brunswick
62|Aptiva Corp|825 Georges Road|SUITE 1|North Brunswick
62|APTIVA CORP|825 Georges Road|Suite 1|North Brunswick
62|NEPHOS TECHNOLOGIES|825 Georges Road|Suite 1|North Brunswick
62|Aptiva Corp|825 Georges Road|Suite 1|North Brunswick
62|Nephos Technologies|825 Georges Road|Suite 1|North Brunswick
62|Atrutec LLC|825 Georges Road|Suite 1, Third Floor|North Brunswick
62|Profusion Systems Inc|825 Georges Road|Suite 1A, Third Floor,|North Brunswick
62|Promatrix Corp.|825 Georges Road|Suite 4|North Brunswick
62|Profusion Systems Inc|825 Georges Road|Third Floor, , Suite 1A|North Brunswick
62|Profusion Systems Inc|825 Georges Road|Third Floor, Suite 1A,|North Brunswick
62|Nephos Technologies|825 Georges Road|suite 1|North Brunswick
62|IT PREMIA GROUP INC|825 Georges Road||North Brunswick Township
62|Triplecom Inc|825 Georges Road||North Brunswick
62|Aptiva Corp|825 Georges road|suite 1|North Brunswick
55|PANDYA KAPADIA BHATT & ASSOCIATES CPAs LLC|50 CRAGWOOD ROAD|STE 205|SOUTH PLAINFIELD
55|ASTIR IT SOLUTIONS INC|50 CRAGWOOD ROAD|STE 219|SOUTH PLAINFIELD
55|PALVAI GLOBAL SERVICES INC|50 CRAGWOOD ROAD|SUITE 102|SOUTH PLAINFIELD
55|RELIANCE GLOBAL SERVICES INC|50 CRAGWOOD ROAD|SUITE 102|SOUTH PLAINFIELD
55|CARNEGIE HEALTH & LIFE SCIENCES INC|50 CRAGWOOD ROAD|SUITE 115|SOUTH PLAINFIELD
55|MUTEX SYSTEMS INC|50 CRAGWOOD ROAD|SUITE 124|SOUTH PLAINFIELD
55|IOMEGA TECHNOLOGIES INC|50 CRAGWOOD ROAD|SUITE 126|SOUTH PLAINFIELD
55|SAVEN TECHNOLOGIES INC|50 CRAGWOOD ROAD|SUITE 132|SOUTH PLAINFIELD
55|STARK PHARMA TECHNOLOGY INC|50 CRAGWOOD ROAD|SUITE 132|SOUTH PLAINFIELD
55|ASTIR TECHNOLOGIES LLC|50 CRAGWOOD ROAD|SUITE 203|SOUTH PLAINFIELD
55|PANDYA KAPADIA BHATT & ASSOCIATES CPAS LLC|50 CRAGWOOD ROAD|SUITE 205|SOUTH PLAINFIELD
55|ITSPURS INC|50 CRAGWOOD ROAD|SUITE 216|SOUTH PLAINFIELD
55|SYSTECHCORP INC|50 CRAGWOOD ROAD|SUITE 216|SOUTH PLAINFIELD
55|SYSCONSULT LLC|50 CRAGWOOD ROAD|SUITE 216|SOUTH PLAINFIELD
55|CODE ACE SOLUTIONS INC|50 CRAGWOOD ROAD|SUITE 217|SOUTH PLAINFIELD
55|DIGITAL SCRIPTS INC|50 CRAGWOOD ROAD|SUITE 218|SOUTH PLAINFIELD
55|ASTIR SERVICES LLC|50 CRAGWOOD ROAD|SUITE 219|SOUTH PLAINFIELD
55|TEKRIDERS INC|50 CRAGWOOD ROAD|SUITE 222|SOUTH PLAINFIELD
55|P3 GEEKS INC|50 CRAGWOOD ROAD|SUITE 227|SOUTH PLAINFIELD
55|COGNITIVE ARTIFICIAL INTELLIGENCE INC|50 CRAGWOOD ROAD|SUITE 248|SOUTH PLAINFIELD
55|SUMMITWORKS TECHNOLOGIES INC|50 CRAGWOOD ROAD|SUITE 301|SOUTH PLAINFIELD
55|CALIBER BUSINESS SYSTEMS INC|50 CRAGWOOD ROAD|SUITE 303|SOUTH PLAINFIELD
55|SRI INFOTECH INC|50 CRAGWOOD ROAD|SUITE 305|SOUTH PLAINFIELD
55|GOLDENGATE IT SOLUTIONS LLC|50 CRAGWOOD ROAD|SUITE 305|SOUTH PLAINFIELD
55|CLOUDPROTEK LLC|50 CRAGWOOD ROAD|SUITE 311|SOUTH PLAINFIELD
55|CARNEGIE INFOTECH INC|50 CRAGWOOD ROAD|SUITE 311|South Plainfield
55|CARNEGIE INFOTECH INC|50 CRAGWOOD ROAD|SUITE 311|SOUTH PLAINFIELD
55|CARNEGIE HEALTH & LIFE SCIENCES INC|50 CRAGWOOD ROAD|SUITE 311|SOUTH PLAINFIELD
55|CARNEGIE HEALTH AND LIFE SCIENCES INC|50 CRAGWOOD ROAD|SUITE 311|SOUTH PLAINFIELD
55|LOGISOFT TECHNOLOGIES INC|50 CRAGWOOD ROAD|SUITE 315|SOUTH PLAINFIELD
55|LOGISOFT TECHNOLOGIES INC|50 CRAGWOOD ROAD|Suite 315|SOUTH PLAINFIELD
55|RELIANCE GLOBAL SERVICES INC|50 Cragwood Road|SUITE 102|South Plainfield
55|Digital Scripts Inc|50 Cragwood Road|Ste 218|South Plainfield
55|Avtech Technology Inc|50 Cragwood Road|Ste 350|South Plainfield
55|Law Office of Thomas V Allen PLLC|50 Cragwood Road|Suite 100|South Plainfield
55|Law Office of Thomas V. Allen, PLLC|50 Cragwood Road|Suite 100|South Plainfield
55|Creative Software Solution LLC|50 Cragwood Road|Suite 106|South Plainfield
55|Creative Software Solutions LLC|50 Cragwood Road|Suite 106|South Plainfield
55|Jalaram Production Inc|50 Cragwood Road|Suite 111|South Plainfield
55|Mutex Systems Inc|50 Cragwood Road|Suite 124|South Plainfield
55|Vultus Inc|50 Cragwood Road|Suite 126|South Plainfield
55|Saven Technologies Incorporated|50 Cragwood Road|Suite 132|South Plainfield
55|Stark Pharma Technology Inc|50 Cragwood Road|Suite 132|South Plainfield
55|Binary Computer Intl Corp|50 Cragwood Road|Suite 209|South Plainfield
55|Code Ace Solutions Inc|50 Cragwood Road|Suite 217|South Plainfield
55|Code Ace Solutions Inc|50 Cragwood Road|Suite 217|South plainfield
55|Code Ace Solutions Inc|50 Cragwood Road|Suite 217|S. Plainfield
55|Digital Scripts Ijc|50 Cragwood Road|Suite 218|South Plainfield
55|Digital Scripts Inc|50 Cragwood Road|Suite 218|South Plainfield
55|Rigas Technologies Inc|50 Cragwood Road|Suite 224|South Plainfield
55|Digital Scripts Inc|50 Cragwood Road|Suite 224|South Plainfield
55|CloudTron Corp|50 Cragwood Road|Suite 224|South Plainfield
55|P3 Geeks Inc|50 Cragwood Road|Suite 227|South Plainfield
55|ClifyX Inc|50 Cragwood Road|Suite 228|South Plainfield
55|Carnegie Infotech Inc|50 Cragwood Road|Suite 311|South Plainfield
49|ADROITENT INC|100 OVERLOOK CENTER|2ND FL|PRINCETON
49|BLUE5GREEN LLC|100 OVERLOOK CENTER|2ND FLOOR|PRINCETON
49|KSS USA LLC|100 OVERLOOK CENTER|2ND FLOOR|PRINCETON
49|STAFFLABS INC|100 OVERLOOK CENTER|2ND FLOOR|PRINCETON
49|BELLUS MANTRA INC|100 OVERLOOK CENTER|2ND FLOOR|PRINCETON
49|BEEJAUM TECHNOLOGY GROUP INC|100 OVERLOOK CENTER|2ND FLOOR|PRINCETON
49|WALL STREET CONSULTING SERVICES LLC|100 OVERLOOK CENTER|2ND FLOOR|PRINCETON
49|AYRAS TECHNOLOGIES LLC|100 OVERLOOK CENTER|2ND FLOOR|PRINCETON
49|PURSUIT SOFTWARE INC|100 OVERLOOK CENTER|2ND FLOOR|PRINCETON
49|MILLENNIUM CONSULTANTS INC|100 OVERLOOK CENTER|2ND FLOOR|PRINCETON
49|RAMCO SYSTEMS CORPORATION|100 OVERLOOK CENTER|2nd Floor|PRINCETON
49|Stafflabs Inc|100 OVERLOOK CENTER|2nd Floor|PRINCETON
49|STAFFLABS INC|100 OVERLOOK CENTER|2nd Floor|PRINCETON
49|CHAREN SOLUTIONS INC|100 OVERLOOK CENTER|FLOOR 2|PRINCETON
49|FIRST CLOUD TECH INC|100 OVERLOOK CENTER|FLOOR 2, SUITE 2020|PRINCETON
49|BLUE5GREEN LLC|100 OVERLOOK CENTER|FLR. 2|PRINCETON
49|SOFTWARE TECHNOLOGY INC|100 OVERLOOK CENTER|SUITE 200|PRINCETON
49|CLEYRA INC|100 OVERLOOK CENTER|SUITE 200|PRINCETON
49|Ramco Systems Corporation|100 OVERLOOK CENTER|SUITE 2008, 2ND FLOOR|Princeton
49|VASPIRE TECHNOLOGIES INC|100 OVERLOOK CENTER|SUITE 2084|PRINCETON
49|COMPUTOMIC SOFTWARE AND CONSULTING LLC|100 Overlook Center|2nd Floor|Princeton
49|beejAUM Technology Group Inc|100 Overlook Center|2nd Floor|Princeton
49|CloudFrame Inc|100 Overlook Center|2nd Floor|Princeton
49|KSP Consulting LLC|100 Overlook Center|2nd Floor|Princeton
49|Bowman Chauffeur Solutions LLC|100 Overlook Center|2nd Floor|Princeton
49|Best High Technologies LLC|100 Overlook Center|2nd Floor|Princeton
49|BEST HIGH TECHNOLOGIES LLC|100 Overlook Center|2nd Floor|Princeton
49|Digital Alpha Technologies Inc|100 Overlook Center|2nd Floor|Princeton
49|Frontier Works LLC|100 Overlook Center|2nd Floor|Princeton
49|Pursuit Software Inc|100 Overlook Center|2nd Floor|Princeton
49|Promag Systems Inc|100 Overlook Center|2nd Floor|Princeton
49|Technomax LLC|100 Overlook Center|2nd Floor, Suite 2059|Princeton
49|COMPUTOMIC SOFTWARE AND CONSULTING LLC|100 Overlook Center|2nd Floor, Suite 2146|Princeton
49|Risk And information Security Group LLC|100 Overlook Center|2nd Floor, Suite 2166|Princeton
49|PURSUIT SOFTWARE INC|100 Overlook Center|2nd floor|Princeton
49|Support Enigma LLC|100 Overlook Center|FL 2|Princeton
49|KSS USA LLC|100 Overlook Center|Floor 02|Princeton
49|Best High Technologies LLC|100 Overlook Center|Floor 2|Princeton
49|Symbol Software Services Inc|100 Overlook Center|Floor 2|Princeton
49|Technomax LLC|100 Overlook Center|Floor 2, Suite 2059|Princeton
49|PURSUIT SOFTWARE INC|100 Overlook Center|Floor 2nd|Princeton
49|Bowman Chauffeur Solutions LLC|100 Overlook Center|Ste 2020, 2nd Floor|Princeton
49|Software Technology Inc|100 Overlook Center|Suite 200|Princeton
49|Ramco Systems Corporation|100 Overlook Center|Suite 2008, 2nd Floor|Princeton
49|Adroitent Inc|100 Overlook Center|Suite 2025|Princeton
49|TECHNOMAX LLC|100 Overlook Center|Suite 2059|Princeton
49|Technomax LLC|100 Overlook Center|Suite 2059|Princeton
49|Technomax LLC|100 Overlook Center|Suite 2059 (2nd Floor)|Princeton
49|TECHNOMAX LLC|100 Overlook Center|Suite 2059 (2nd Floor)|Princeton
44|REQHIRE INC|33 WOOD AVENUE SOUTH|641|ISELIN
44|TEKBRAVO INC|33 WOOD AVENUE SOUTH|6TH FLOOR|ISELIN
44|BRAINHR IT SOLUTIONS INCORPORATION|33 WOOD AVENUE SOUTH|STE 600|ISELIN
44|BRAINHR IT SOLUTIONS INCORPORATION|33 WOOD AVENUE SOUTH|SUITE 100|ISELIN
44|BRAINHR IT SOLUTIONS INCORPORATION|33 WOOD AVENUE SOUTH|SUITE 414|ISELIN
44|AASRITA CONSULTING LLC|33 WOOD AVENUE SOUTH|SUITE 431|ISELIN
44|SQUAD SOFTWARE INC|33 WOOD AVENUE SOUTH|SUITE 600|ISELIN
44|AARAV SOLUTIONS INC|33 WOOD AVENUE SOUTH|SUITE 600|ISELIN
44|I2C BUSINESS SOLUTIONS INC|33 WOOD AVENUE SOUTH|SUITE 600|ISELIN
44|BRAINHR IT SOLUTIONS INCORPORATION|33 WOOD AVENUE SOUTH|SUITE 600|ISELIN
44|S4 TECHNOSOFT CORPORATION|33 WOOD AVENUE SOUTH|SUITE 600|ISELIN
44|CVSLOGIC.COM INC|33 WOOD AVENUE SOUTH|SUITE 600|ISELIN
44|TRIDENT SYSTEMS INTEGRATOR LLC|33 WOOD AVENUE SOUTH|SUITE 600|ISELIN
44|BRAINHR IT SOLUTIONS INCORPORATION|33 WOOD AVENUE SOUTH|SUITE 618|ISELIN
44|REQHIRE INC|33 WOOD AVENUE SOUTH|SUITE 641|ISELIN
44|CITADEL INFORMATION SERVICES INC|33 WOOD AVENUE SOUTH|SUITE 720|ISELIN
44|CITADEL PRECISION MEDICINE LLC|33 WOOD AVENUE SOUTH|SUITE 720|ISELIN
44|SQUAD SOFTWARE INC|33 WOOD AVENUE SOUTH|Suite 600|Iselin
44|CVSLOGIC.COM INC|33 WOOD AVENUE SOUTH||ISELIN
44|OBJECT DATA INC|33 Wood Avenue South|SUITE 600|ISELIN
44|QvalFocus Inc|33 Wood Avenue South|Ste 600|Iselin
44|Clin Fox International INC|33 Wood Avenue South|Ste 600|Iselin
44|Aarav Solutions Inc|33 Wood Avenue South|Suite 600|Iselin
44|Alexa Systems Inc|33 Wood Avenue South|Suite 600|Iselin
44|Cool Minds LLC|33 Wood Avenue South|Suite 600|Iselin
44|eG Innovations Inc|33 Wood Avenue South|Suite 600|Iselin
44|Ephicacy Consulting Group Inc|33 Wood Avenue South|Suite 600|Iselin
44|Ephicacy Consulting Group Inc|33 Wood Avenue South|Suite 600|ISELIN
44|Triveni Group, LLP|33 Wood Avenue South|Suite 600|Iselin
44|Ora Apps Inc|33 Wood Avenue South|Suite 600|Iselin
44|Cvslogic.com Inc|33 Wood Avenue South|Suite 600|Iselin
44|PIONEER DATA SYSTEMS INC|33 Wood Avenue South|Suite 600|Iselin
44|MAARGA SYSTEMS INC|33 Wood Avenue South|Suite 600|Iselin
44|JIVA Infotech Inc|33 Wood Avenue South|Suite 600|Iselin
44|Squad Software Inc|33 Wood Avenue South|Suite 600|Iselin
44|ZHOTON TECHNOLOGIES LLC|33 Wood Avenue South|Suite 600|Iselin
44|Celmac Technology Services LLC|33 Wood Avenue South|Suite 600|Iselin
44|Asamanta Technologies LLC|33 Wood Avenue South|Suite 600|Iselin
44|Intuitive Technology Partners Inc|33 Wood Avenue South|Suite 600|Iselin
44|MOYI INC|33 Wood Avenue South|Suite 600|Iselin
44|QvalFocus Inc|33 Wood Avenue South|Suite 600|Iselin
44|TRIDENT SYSTEMS INTEGRATOR LLC|33 Wood Avenue South|Suite 600|ISELIN
44|Trident Systems Integrator LLC|33 Wood Avenue South|Suite 600|Iselin
44|Ephicacy Consulting Group Inc|33 Wood Avenue South|Suite 609|Iselin
41|eMaestro Technologies Inc|141 New Road|Suite 205|Parsippany
41|eMaestro Technologies Inc|141 New Road|Suite 208|parsippany
41|emaestro Technologies inc|141 New Road|suite 205|parsippany
41|eMaestro Technologies Inc|141 New Road|suite 208|parsippany
41|emaestro technologies Inc|141 New Road|suite 208|parsippany
41|emaestro technologies Inc|141 New Road|suite 208|parsipany
41|eMaestro technologies Inc|141 New Road|suite 208|Parsippany
41|emaestro Technologies inc|141 New Road|suite 208|Parsippany
41|eMaesto Technologies Inc|141 New Road|suite 208|parsippany
41|emaestro Technologies Inc|141 New Road|suite 208|Parsippany
41|EMAESTRO TECHNOLOGIES Inc|141 New Road|suite 208|parsippany
41|eMaes54tro Technologies Inc|141 New Road|suite 208|Parsippany
41|eMaestro Technologies Inc|141 New Road|suite 208|Parsippany
41|emaestro Technologies Inc|141 New Road|suite 208|parsippany
41|eMaestro Tecnologies Inc|141 New Road|suite 208|parsippany
41|emaestro Technologies Inc|141 New Road|suite 208|parsipany
41|emaestro Technologies inc|141 New Road|suite 208|parsippany
41|emaetro Technologies Inc|141 New Road|suite 208|Parsippany
41|emaestro Technologies Inc|141 New Road|suite 208|Parsippaby
41|eMaestro technologies Inc|141 New Road|suite 208|parsippany
41|eMaestro Technologies Inc|141 New Road||Parsippany
41|eMaestro Technologies inc|141 New Road||Parsippany
41|emaestro Technologies inc|141 New road|208|parsippany
41|emaestro Technologies Inc|141 New road|208|parsippany
41|eMaestro Technologies Inc|141 New road|208|parsippany
41|eMaestro Technologies Inc|141 New road|SUIT 208|parsippany
41|emaestro Technologies Inc|141 New road|suite 205|parsippany
41|emaestro Technologies Inc|141 New road|suite 208|parsippany
41|eMaestro Technologies Inc|141 New road|suite 208|Parsippany
41|emaestro Technologies inc|141 New road|suite 208|parsippany
41|eMaestro Technologies Inc|141 New road|suite 208|parsippany
41|emaestro technologies Inc|141 New road|suite 208|parsippany
41|Emaestro Technologies Inc|141 New road|suite 208|parsippany
41|emaestro Technologies Inc 465498896|141 New road|suite 208|parsippany
41|eMaestro Technologies Inc|141 New road||parsippany
41|emaestro technologies Inc|141 New road||parsippany
41|emaestro Technologies Inc|141 New road||parsippany
41|emaestro Technologies Inc|141 new Road|208|parsippany
41|eMaestro Technologies Inc|141 new Road|suite 208|parsippany
41|eMaestro Technologies|141 new road|STE 208|Parsippany
41|eMaestro Technologies Inc|141 new road|suite 208|parsippany
35|DRUG DEVELOPMENT INFORMATICS LLC|1100 CORNWALL ROAD|STE 110|MONMOUTH JUNCTION
35|SIRI SOFTWARE SOLUTIONS LLC|1100 CORNWALL ROAD|STE 218|MONMOUTH JUNCTION
35|SPINO INC|1100 CORNWALL ROAD|SUITE 100|MONMOUTH JUNCTION
35|FIRST SOFT SOLUTIONS LLC|1100 CORNWALL ROAD|SUITE 101|MONMOUTH JUNCTION
35|RECRUITING MINDS INC|1100 CORNWALL ROAD|SUITE 112|MONMOUTH JUNCTION
35|ELEMENT TECHNOLOGIES INC|1100 CORNWALL ROAD|SUITE 113|MONMOUTH JUNCTION
35|THINKLUSIVE INC|1100 CORNWALL ROAD|SUITE 120|MONMOUTH JUNCTION
35|THINKLUSIVE INC|1100 CORNWALL ROAD|SUITE 120|MONMOUTH JUNTION
35|VP - PEOPLE OPERATIONS|1100 CORNWALL ROAD|SUITE 134|MONMOUTH JUNCTION
35|PRECISION TECHNOLOGIES CORP.|1100 CORNWALL ROAD|SUITE 134|MONMOUTH JUNCTION
35|PRECISION TECHNOLOGIES CORP.|1100 CORNWALL ROAD|SUITE 134|MONMOUTH JUNCTION N
35|PRECISION TECHNOLOGIES CORP|1100 CORNWALL ROAD|SUITE 134|MONMOUTH JUNCTION
35|E-BUSINESS INTERNATIONAL INC|1100 CORNWALL ROAD|SUITE 203|MONMOUTH JUNCTION
35|SPINO INC|1100 CORNWALL ROAD|SUITE 221|MONMOUTH JUNCTION
35|UNITED BUSINESS SOLUTIONS INC|1100 CORNWALL ROAD|SUITE 221|MONMOUTH JUNCTION
35|PRECISION TECHNOLOGIES CORP.|1100 CORNWALL ROAD||MONMOUTH JUNCTION N
35|Spino Inc|1100 Cornwall Road|SUITE 100|Monmouth Junction
35|United Business Solutions Inc|1100 Cornwall Road|SUITE 100|Monmouth Junction
35|United Business Solutions Inc|1100 Cornwall Road|SUITE 100|Monmouth Juction
35|ANG Infotech LLC|1100 Cornwall Road|SUITE 114|Monmouth Junction
35|Spino Inc|1100 Cornwall Road|SUITE 221|Monmouth Junction
35|United Business Solutions Inc|1100 Cornwall Road|SUITE 221|Monmouth Juction
35|United Business Solutions Inc|1100 Cornwall Road|SUITE 221|Monmouth Junction
35|United Business Solutions Inc|1100 Cornwall Road|Suite 100|Monmouth Junction
35|Cardinal Integrated Technologies Inc|1100 Cornwall Road|Suite 113|Monmouth Junction
35|Element Technologies Inc|1100 Cornwall Road|Suite 113|Monmouth Junction
35|Precision Technologies Corp.|1100 Cornwall Road|Suite 134|Monmouth Junction
35|TALENTECH CONSULTING LLC|1100 Cornwall Road|Suite 160|Monmouth Junction
35|Encora Digital LLC|1100 Cornwall Road|Suite 200|South Brunswick
35|Intellect Technologies Inc|1100 Cornwall Road|Suite 211|Monmouth Junction
35|Parabole Inc|1100 Cornwall Road|Suite 214|Monmouth Junction
35|Siri Software Solutions LLC|1100 Cornwall Road|Suite 218|Monmouth Junction
35|SIRI SOFTWARE SOLUTIONS LLC|1100 Cornwall Road|Suite 218|Monmouth Junction
35|SIRI SOFTWARE SOLUTIONS LLC|1100 Cornwall Road|Suite 218|NEW JERSEY
35|United Business Solutions Inc|1100 Cornwall Road|Suite 221|Monmouth Junction
34|LS ENGINEERING ASSOCIATES CORPORATION|150 RIVER ROAD|BUILDING E SUITE E2|MONTVILLE
34|LS ENGINEERING ASSOCIATES CORPORATION|150 RIVER ROAD|SUITE E2|MONTVILLE
34|eMeteors Technology Inc|150 River Road|G3b|Montville
34|LS Engineering Associates Corporation|150 River Road|Ste E2|Montville
34|emeteors Technology Inc|150 River Road|Suite G3B|MONTVILLE
34|eMeteors Technology Inc|150 River Road|Suite G3B|MONTVILLE
34|ITCaps LLC|150 River Road|Unit J3A|Montville
34|ITCAPS LLC|150 River Road|Unit J3A|Montville
34|eMeteors Technology Inc|150 River Road|bldg g3b|Montville
34|eMeteors Technology Inc|150 River Road|ste g3b|MONTVILLE
34|emeteors Technolgy Inc|150 River Road|ste g3b|MONTVILLE
34|eMeteors technology Inc|150 River Road|suite G3b|Montville
34|emeteors Technology Inc|150 River Road|suite g3b|Montville
34|emeteors Technolgy Inc|150 River Road|suite g3b|montville
34|Emeteors Technology Inc|150 River Road|suite g3b|Montville
34|emeteors Technology inc|150 River Road|suite g3b|montville
34|eMeteors Technology Inc|150 River Road|suite g3b|montville
34|eMeteors Technology Inc|150 River Road|suite g3b|Montville
34|emeteors Technology Inc|150 River Road|suite g3b|montville
34|ITCAPS LLC|150 River Road||Montville
34|ITCaps LLC|150 River Road||Montville
34|eMeteors Technology Inc|150 River Road||Montville
34|eMeteors Technology Inc|150 River road|G3b|montville
34|emeteors Technology Inc|150 River road|Suite g3b|Montville
34|emeteors Technology Inc|150 River road|suite g3b|montville
34|eMeteors Technology Inc|150 river Road|suite g3b|Montville
34|eMeteors Technology Inc|150 river road|G3b|Montville
34|emeteors Technology Inc|150 river road|G3b|montville
34|emeteors Technology Inc|150 river road|G3b|MONTVILLE
34|eMeteors Technologies Inc|150 river road|G3b|Select or enter
34|eMeteors Technology Inc|150 river road|G3b|montville
34|emeteors Technology Inc|150 river road|g3b|montville
34|eMeteors Technology Inc|150 river road|suite g3b|montville
34|eMeteors Technology Inc|150 river road|suite g3b|Montville
31|ABSOLUTE INFORMATION TECHNOLOGIES INC|116 VILLAGE BLVD|SUITE 200|PRINCETON
31|ABSOLUTE INFORMATION TECHNOLOGUES INC|116 VILLAGE BLVD|SUITE 200|PRINCETON
31|ABSOLUTING INFORMATION TECHNOLOGIES INC|116 VILLAGE BLVD|SUITE 200|PRINCETON
31|RUBICON IT SOLUTIONS LLC|116 VILLAGE BLVD|SUITE 200|PRINCETON
31|4AT Consulting LLC|116 VILLAGE BLVD|SUITE 200|PRINCETON
31|ABSOLUTE INFORMATION TECHNOLOGIES|116 VILLAGE BLVD|SUITE 200|PRINCETON
31|PROVANETICS SOLUTIONS LLC|116 VILLAGE BLVD|SUITE 200|PRINCETON
31|DATASYS CONSULTING AND SOFTWARE INC|116 VILLAGE BLVD|SUITE 240|PRINCETON
31|DILIGENT GLOBAL TECH INC|116 VILLAGE BLVD||PRINCETON
31|Cloudeation Technologies LLC|116 Village Blvd|200|Princeton
31|Kani Solutions, inc|116 Village Blvd|200|Princeton
31|MAKRO TECHNOLOGIES INC|116 Village Blvd|STE 200|Princeton
31|Princeton Pharmatech LLC|116 Village Blvd|STE 200|Princeton
31|SUNTEK CORPORATIONS INC|116 Village Blvd|SUITE 200|Princeton
31|GAVS Technologies N.A. Inc|116 Village Blvd|Suite 200|Princeton
31|Addiox Technologies LLC|116 Village Blvd|Suite 200|Princeton
31|Techylla LLC|116 Village Blvd|Suite 200|Princeton
31|Rubicon IT Solutions LLC|116 Village Blvd|Suite 200|Princeton
31|RUBICON IT SOLUTIONS LLC|116 Village Blvd|Suite 200|Princeton
31|Kani Solutions Inc|116 Village Blvd|Suite 200|Princeton
31|Cloudeation Technologies LLC|116 Village Blvd|Suite 200|Princeton
31|Cloudeation Technologies LLC|116 Village Blvd|Suite 200|Plainsboro
31|AH Infotech LLC|116 Village Blvd|Suite 200|Princeton
31|AK Global Solutions LLC|116 Village Blvd|Suite 200|Princeton
31|ERPVIZ LLC|116 Village Blvd|Suite 200|Princeton
31|Aroopa Inc|116 Village Blvd|Suite 200|Princeton
31|SysTech International Inc|116 Village Blvd|Suite 200|Princeton
31|KJ Tech Services LLC|116 Village Blvd|Suite 200|Princeton
31|NNIT Inc|116 Village Blvd|Suite 200 62|Princeton
31|Rubicon IT Solutions LLC|116 Village Blvd|Suite 204|Princeton
31|Kani Solutions Inc|116 Village Blvd|suite 200|Princeton
29|TESTING MAVENS LLC|371 HOES LANE|SUITE 200|PISCATAWAY
29|POZENT CORPORATION|371 HOES LANE|SUITE 200|PISCATAWAY
29|PROMINENCE CONSULTANTS LLC|371 HOES LANE|SUITE 200|PISCATAWAY
29|DM LOGIC ASSOCIATES CORP|371 HOES LANE|SUITE 200|PISCATAWAY
29|DM LOGIC ASSOCIATES CORP.|371 HOES LANE|SUITE 200|PISCATAWAY
29|DOTS TECHNOLOGIES INC|371 HOES LANE|SUITE 200|PISCATAWAY
29|STAR QUEST LIFE SCIENCE INC|371 HOES LANE|SUITE 200|PISCATAWAY
29|RUMISOFT INC|371 HOES LANE|SUITE 200|PISCATAWAY
29|SEERTEK SYSTEMS INC|371 HOES LANE|SUITE 200 225|PISCATAWAY
29|SIGNIN SOFT INC|371 HOES LANE|SUITE 200, E3|PISCATAWAY
29|TESTING MAVENS LLC|371 HOES LANE|SUITE 218|PISCATAWAY
29|FIRST TEK INC|371 Hoes Lane|STE 201|Piscataway,
29|First Tek Inc|371 Hoes Lane|STE 201|Piscataway
29|DOTS TECHNOLOGIES INC|371 Hoes Lane|SUITE 200|PISCATAWAY
29|Amplo Global Inc|371 Hoes Lane|Suite 200|Piscataway
29|IT4 BUSINESS SOLUTIONS INC|371 Hoes Lane|Suite 200|Piscataway
29|Geo-Enviro Consulting & Remediation LLC|371 Hoes Lane|Suite 200|Piscataway
29|IT4 Business Solutions Inc|371 Hoes Lane|Suite 200|Piscataway
29|RPNC Systems Inc|371 Hoes Lane|Suite 200|Piscataway
29|GENSECURE INC|371 Hoes Lane|Suite 200|Piscataway
29|AVKS CONSULTING INC|371 Hoes Lane|Suite 200|Piscataway
29|Everest Medics Staffing Inc|371 Hoes Lane|Suite 200 45|Piscataway
29|Millennium Softtech Inc|371 Hoes Lane|Suite 200 51|PISCATAWAY
29|Signin Soft Inc|371 Hoes Lane|Suite 200, E3|Piscataway
29|First Tek Inc|371 Hoes Lane|Suite 201|Piscataway
29|FIRST TEK INC|371 Hoes Lane|Suite 201|Piscataway,
29|BRAINCHILD UNLIMITED INC|371 Hoes Lane|Suite 201|Piscataway
29|NCS Technologies Inc|371 Hoes Lane||Piscataway
29|FIRST TEK INC|371 Hoes lane|Suite 201|Piscataway,
29|SPLN INTERNATIONAL LLC|591 SUMMIT AVE|524|JERSEY CITY
29|SRNL INTERNATIONAL INC|591 SUMMIT AVE|STE 525|JERSEY CITY
29|Sunsoft Services Inc|591 SUMMIT AVE|SUITE 400|JERSEY CITY
29|SUNSOFT SERVICES INC|591 SUMMIT AVE|SUITE 400|JERSEY CITY
29|Nile Tech Inc|591 SUMMIT AVE|SUITE 504|JERSEY CITY
29|JSMN INTERNATIONAL INC|591 SUMMIT AVE|SUITE 522|JERSEY CITY
29|SRNL INTERNATIONAL INC|591 SUMMIT AVE|SUITE 523|JERSEY CITY
29|Senior full stack developer|591 SUMMIT AVE|SUITE 524|JERSEY CITY
29|SPLN INTERNATIONAL INC|591 SUMMIT AVE|SUITE 524|JERSEY CITY
29|SPLN INTERNATIONAL LLC|591 SUMMIT AVE|SUITE 524|JERSEY CITY
29|BDSN INTERNATIONAL INC|591 SUMMIT AVE|SUITE 525|JERSEY CITY
29|BDSN INTERNATIONAL INC|591 SUMMIT AVE|SUITE 525|JERS
29|VSLN INTERNATIONAL INC|591 SUMMIT AVE|SUITE 526|JERSEY CITY
29|VSLN International Inc|591 SUMMIT AVE|SUITE 526|JERSEY CITY
29|SPLN INTERNATINAL LLC|591 SUMMIT AVE|Suite 524|JERSEY CITY
29|Sunsoft Services Inc|591 Summit Ave|Suite 400|Jersey City
29|JSMN International Inc|591 Summit Ave|Suite 522|Jersey City
29|JSMN INTERNATIONAL INC|591 Summit Ave|Suite 522|JERSEY CITY
29|JSMN INTERNATIONAL INC|591 Summit Ave|Suite 522|Jersey City
29|SRNL International Inc|591 Summit Ave|Suite 523|Jersey City
29|SPLN INTERNATIONAL LLC|591 Summit Ave|Suite 524|Jersey City
29|SPLN International LLC|591 Summit Ave|Suite 524|Jersey City
29|SPLN International LLC|591 Summit Ave|Suite 524|JERSEY CITY
29|BDSN INTERNATIONAL INC|591 Summit Ave|Suite 525|Jersey City
29|VSLN International Inc|591 Summit Ave|Suite 526|Jersey City
29|VSLN International Inc|591 Summit Ave|Suite 526|JERSEY CITY
29|VSLN International Inc|591 Summit Ave|suite 526|JERSEY CITY
29|VSLN International Inc|591 Summit ave|Suite 526|JERSEY CITY
29|VSLN International Inc|591 summit ave|suite 526|JERSEY CITY
28|AZHVAS INC|6 KILMER ROAD|STE A 11|EDISON
28|CLOUTICS CODERS INC|6 KILMER ROAD|STE A 11|EDISON
28|Verans Business solutions inc|6 KILMER ROAD|SUIT F|EDISON
28|AZHVAS INC|6 KILMER ROAD|SUITE A 11|EDISON
28|ATHREYA INC|6 KILMER ROAD|SUITE A11|EDISON
28|CLOUD INTEGRATION SERVICES LLC|6 KILMER ROAD|SUITE E|Edison
28|VERANS BUSINESS SOLUTIONS INC|6 KILMER ROAD|SUITE F|EDISON
28|VERANS BUSINESS SOLUTONS INC|6 KILMER ROAD|SUITE f|EDISON
28|PETABYTZ TECHNOLOGIES INC|6 Kilmer Road|B1|Edison
28|S4 TECHNOSOFT CORPORATION|6 Kilmer Road|Ste C|Edison
28|Axle IT Inc|6 Kilmer Road|Suite 8|Edison
28|Alex IT Inc|6 Kilmer Road|Suite 8|Edison
28|AXLE IT INC|6 Kilmer Road|Suite 8|Edison
28|Athreya Inc|6 Kilmer Road|Suite A11|Edison
28|CLARITECH CONSULTING INC|6 Kilmer Road|Suite B 10|Edison
28|Eagle IT Inc|6 Kilmer Road|Suite C|Edison
28|Verans Business Solutions Inc|6 Kilmer Road|Suite F|Edison
28|Axle IT Inc|6 Kilmer Road||Edison
28|BONbLOC Inc|6 Kilmer Road||Edison
28|Verans business Solutions,inc|6 Kilmer road|Suite F|Edison
28|Verans Business solutions inc|6 Kilmer road|Suite F|Edison
28|Verans Business solutions Inc|6 Kilmer road|Suite F|Edison
28|Verans business soluations Inc|6 Kilmer road|Suite F|Edison
28|Verans Business Solutions Inc|6 Kilmer road|Suite f|Edison
28|Verans Business Solutions Inc|6 kilmer Road|Suite F|Edison
28|Verans Business Solutions Inc|6 kilmer road|Suit F|Edison
28|Verans Business solutions inc|6 kilmer road|Suite F|Edison
28|Verans Business Soluations Inc|6 kilmer road|Suite f|Edison
27|ERPMARK INC|103 CARNEGIE CENTER|SUITE 300|PRINCETON
27|SENSEBRAIN TECHNOLOGY LIMITED LLC|103 CARNEGIE CENTER|SUITE 300|PRINCETON
27|BUSINESS TECHNOCRATS INC|103 CARNEGIE CENTER|SUITE 300|PRINCETON
27|I-EXCEED TECHNOLOGY SOLUTIONS INC|103 CARNEGIE CENTER|SUITE 300|PRINCETON
27|LAK SOFTWARE SOLUTIONS INC|103 CARNEGIE CENTER|SUITE 300|PRINCETON
27|SenseBrain Technology Limited LLC|103 CARNEGIE CENTER|SUITE 300|Princeton
27|SENSEBRAIN TECHNOLOGY LIMITED LLC|103 CARNEGIE CENTER|SUITE 300|Princeton
27|VSOFT INFOWARE INC|103 CARNEGIE CENTER|SUITE 300|PRINCETON
27|GM SOFTWARE CONSULTING INC|103 CARNEGIE CENTER|SUITE 300|PRINCETON
27|SEVEN HILLS GROUP TECHNOLOGIES INC|103 CARNEGIE CENTER|SUITE 300, OFFICE NUMBER 323|PRINCETON
27|SEVEN HILLS GROUP TECHNOLOGIES INC|103 CARNEGIE CENTER|SUITE 300, UNIT 325|PRINCETON
27|SEVEN HILLS GROUP TECHNOLOGIES INC|103 CARNEGIE CENTER|SUITE 300, UNIT 346|PRINCETON
27|InnCreTech LLC|103 Carnegie Center|Suite 103|Princeton
27|Araxis Systems Inc|103 Carnegie Center|Suite 300|Princeton
27|Azzur Group dba Azzur Princeton LLC|103 Carnegie Center|Suite 300|Princeton
27|GM SOFTWARE CONSULTING INC|103 Carnegie Center|Suite 300|Princeton
27|Galaxy International Group LLC|103 Carnegie Center|Suite 300|Princeton
27|Cloud Reboot Inc|103 Carnegie Center|Suite 300|Princeton
27|KIAN CORPORATION|103 Carnegie Center|Suite 300|Princeton
27|Narinder Alliance LLC|103 Carnegie Center|Suite 300|Princeton
27|Logicgate Technologies Inc|103 Carnegie Center|Suite 300|Princeton
27|ERPMARK INC|103 Carnegie Center|Suite 300|Princeton
27|ERPMARK Inc|103 Carnegie Center|Suite 300|Princeton
27|Azzur Group LLC|103 Carnegie Center|Suite 300|Princeton
27|XYLA Entertainments LLC|103 Carnegie Center|Suite 300|Princeton
27|ERPMark Inc|103 Carnegie Center|Suite 300|Princeton
27|i-Connectresources Inc|103 Carnegie Center|Suite 301|Princeton
27|IQUANTI INC|111 TOWN SQUARE PLACE|SUITE 1201|JERSEY CITY
27|XENETA LLC|111 TOWN SQUARE PLACE|SUITE 430|JERSEY CITY
27|INFOSENSEGLOBAL INC|111 TOWN SQUARE PLACE|SUITE 600|JERSEY CITY
27|Financial Sciences Corporation|111 Town Square Place|11th Floor|Jersey City
27|Financial Sciences Corporation|111 Town Square Place|12th Floor|Jersey City
27|Effectual Inc|111 Town Square Place|415 Suite|Jersey City
27|iQuanti Inc|111 Town Square Place|Suite 1201|Jersey City
27|SSOFT INC|111 Town Square Place|Suite 1201|Jersey City
27|Streamvector Inc|111 Town Square Place|Suite 1203|Jersey City
27|LogiNext Solutions Inc|111 Town Square Place|Suite 1203|Jersey City
27|Cygnus Compliance Consulting Inc|111 Town Square Place|Suite 1203|Jersey City
27|SiriusAI Inc|111 Town Square Place|Suite 1203|Jersey City
27|ezTaxReturn.com LLC|111 Town Square Place|Suite 1203|Jersey City
27|ElectrifAI OPCO LLC|111 Town Square Place|Suite 1203|Jersey City
27|DaiTRIX LLC|111 Town Square Place|Suite 1203|Jersey City
27|Clarity Solutions Group LLC|111 Town Square Place|Suite 1203|Jersey City
27|Electrifai LLC|111 Town Square Place|Suite 1203|Jersey City
27|EZTaxReturn LLC|111 Town Square Place|Suite 1203|Jersey City
27|AEBackoffice LLC|111 Town Square Place|Suite 1212|Jersey City
27|Fulcrum Digital  Inc|111 Town Square Place|Suite 1215|Jersey City
27|Financial Sciences Corporation|111 Town Square Place|Suite 1224|Jersey City
27|Premium Technology Inc|111 Town Square Place|Suite 1510|Jersey City
27|Effectual Inc|111 Town Square Place|Suite 415|Jersey City
27|iQuanti Inc|111 Town Square Place|Suite 510|Jersey City
27|Premium Technology Inc|111 Town Square Place|Suite 850|Jersey City
27|APCER Life Sciences Inc|111 Town Square Place|Suite 860|Jersey City
27|Effectual Inc|111 Town Square Place||Jersey City
27|HSK TECHNOLOGIES INC|15 CORPORATE PL S|STE 213 B|PISCATAWAY
27|KSB INFOTECH INC|15 CORPORATE PL S|STE 341A|PISCATAWAY
27|TROMINOSOFT LLC|15 CORPORATE PL S|SUITE 109|PISCATAWAY
27|4C PHARMA SOLUTIONS LLC|15 CORPORATE PL S|SUITE 110|PISCATAWAY
27|IQUBETECHNOLOGIES INC|15 CORPORATE PL S|SUITE 138|PISCATAWAY TOWNSHIP
27|IQUBETECHNOLOGIES INC|15 CORPORATE PL S|SUITE 353|PISCATAWAY TOWNSHIP
27|COMTEK GLOBAL INC|15 CORPORATE PL S|SUITE 402|PISCATAWAY
27|IOASIZ INC|15 CORPORATE PL S|SUITE 402|PISCATAWAY
27|IOASIZ INC|15 Corporate PL S|SUITE 402|Piscataway
27|COMTEK GLOBAL INC|15 Corporate PL S|SUITE 402|Piscataway
27|Reyogmar Technologies Inc|15 Corporate PL S|Ste 403|Piscataway
27|EZ Solutions Inc|15 Corporate PL S|Suite 344|Piscataway
27|American Professionals Inc|15 Corporate PL S|Suite 344|Piscataway
27|Hire IT people Inc|15 Corporate Pl S|STE 145|Piscataway
27|Hire IT Global Inc|15 Corporate Pl S|STE 145|Piscataway
27|Hire IT People Inc|15 Corporate Pl S|STE 145|Piscataway
27|IOASIZ INC|15 Corporate Pl S|SUITE 402|PISCATAWAY
27|COMTEK GLOBAL INC|15 Corporate Pl S|SUITE 402|PISCATAWAY
27|GARDEN STATE IT SOLUTIONS INC|15 Corporate Pl S|Ste 342|Piscataway
27|Reyogmar Technologies Inc|15 Corporate Pl S|Ste 403|Piscataway
27|The Rapids Group Inc|15 Corporate Pl S|Ste 419B|Piscataway
27|Vistados Corp|15 Corporate Pl S|Suite 343|Piscataway
27|American Professionals Inc|15 Corporate Pl S|Suite 344|Piscataway
27|Adoresoft Corporation|15 Corporate Pl S|Suite 344|Piscataway
27|EZ Solutions Inc|15 Corporate Pl S|Suite 344|Piscataway
27|The Rapids Group Inc|15 Corporate Pl S|Suite 4198|Piscataway
27|The Rapids Group Inc|15 Corporate Pl S|Suite 419B|Piscataway
27|CVSLOGIC.COM INC|200 CENTENNIAL AVENUE|LEVEL 1 ,SUITE 144|PISCATAWAY
27|CVSLOGIC.COM INC|200 CENTENNIAL AVENUE|LEVEL 1, SUITE 144|PISCATAWAY
27|IPOLARITY LLC|200 CENTENNIAL AVENUE|STE 204|PISCATAWAY
27|ACEQUEST CORPORATION|200 CENTENNIAL AVENUE|SUITE 123|PISCATAWAY
27|HERMITAGE INFO TECH LLC|200 CENTENNIAL AVENUE|SUITE 153|PISCATAWAY
27|HANCE INCORPORATED|200 CENTENNIAL AVENUE|SUITE 202|PISCATAWAY
27|FLEXASOFT LLC|200 CENTENNIAL AVENUE|SUITE 203|PISCATAWAY
27|IPOLARITY LLC|200 CENTENNIAL AVENUE|SUITE 204|PISCATAWAY
27|FLEXASOFT LLC|200 CENTENNIAL AVENUE|SUITE 204|PISCATAWAY
27|IPOLARITY LLC|200 CENTENNIAL AVENUE|SUITE 204|Piscataway
27|CSTS Technologies Inc|200 CENTENNIAL AVENUE|SUITE 205|PISCATAWAY
27|CSTS TECHNOLOGIES INC|200 CENTENNIAL AVENUE|SUITE 205|PISCATAWAY
27|GMA SOFT INC|200 CENTENNIAL AVENUE|SUITE 206|PISCATAWAY
27|ADVANCED KNOWLEDGE TECHNOLOGIES INC|200 CENTENNIAL AVENUE|SUITE 213|PISCATAWAY
27|CSTS TECHNOLOGIES INC|200 CENTENNIAL AVENUE|SUITE. 205|PISCATAWAY
27|IPOLARITY LLC|200 CENTENNIAL AVENUE|SUITE@204|PISCATAWAY
27|IPolarity LLC|200 Centennial Avenue|Auite 204|Piscataway
27|IPolarity LLC|200 Centennial Avenue|Suit 204|Piscataway
27|Pharmaron (US) Clinical Services Inc|200 Centennial Avenue|Suite 2|Piscataway
27|Flexasoft LLC|200 Centennial Avenue|Suite 203|Piscataway
27|IPOLARITY LLC|200 Centennial Avenue|Suite 204|Piscataway
27|IPolarity LLC|200 Centennial Avenue|Suite 204|Piscataway
27|GMA SOFT Inc|200 Centennial Avenue|Suite 206|PISCATAWAY
27|Pharmaron US Clinical Services Inc|200 Centennial Avenue|Suite 210|Piscataway
27|ZK Technology LLC|200 Centennial Avenue|Suite 211|Piscataway
27|Advanced Knowledge Technologies Inc|200 Centennial Avenue|Suite 213|Piscataway
27|IPolarity LLC|200 Centennial Avenue|Sutie 204|Piscataway
26|Expedent Corp|3 ETHEL ROAD|STE 304A|EDISON
26|EXPEDENT CORP|3 ETHEL ROAD|STE 304A|EDISON
26|Cloud5 Solutions Inc|3 ETHEL ROAD|STE 306|EDISON
26|AVERON SERVICES INC|3 ETHEL ROAD|STE 312|EDISON
26|SIRI INFOSOLUTIONS INC|3 ETHEL ROAD|SUITE 302|EDISON
26|FUSION PLUS SOLUTIONS INC|3 ETHEL ROAD|SUITE 303|EDISON
26|EXPEDENT CORP|3 ETHEL ROAD|SUITE 304A|EDISON
26|SUDHKO INC|3 ETHEL ROAD|SUITE 305|EDISON
26|i5 TECH INC|3 ETHEL ROAD|SUITE 306|EDISON
26|WAYNSYS INC|3 ETHEL ROAD|SUITE 307|EDISON
26|Waynsys Inc|3 ETHEL ROAD|SUITE 307|EDISON
26|CONGENSYS CORP.|3 ETHEL ROAD|SUITE 307A|EDISON
26|Congensys Corp.|3 ETHEL ROAD|SUITE 307A|EDISON
26|SUDHKO INC|3 ETHEL ROAD|SUITE 310|EDISON
26|TEKNOCOR INC|3 ETHEL ROAD|SUITE 320|EDISON
26|Waynsys Inc|3 Ethel Road|Ste 307|Edison
26|Albireo Energy LLC|3 Ethel Road|Suite 300|Edison
26|Centraprise Corp|3 Ethel Road|Suite 304|Edison
26|Expedent Corp|3 Ethel Road|Suite 304A|Edison
26|SUDHKO INC|3 Ethel Road|Suite 305|Edison
26|Waynsys Inc|3 Ethel Road|Suite 307|Edison
26|Congensys Corp.|3 Ethel Road|Suite 307A|Edison
26|SUDHKO INC|3 Ethel Road|Suite 310|Edison
26|Celesdata Inc|3 Ethel Road|Suite 311|Edison
26|CELESDATA INC|3 Ethel Road|Suite 311|Edison
26|Albireo Energy LLC|3 Ethel Road||Edison
26|GINE TECH LABS LLC|77 MILLTOWN ROAD|B 5|BRUNSWICK
26|PEBLO TECHNOLOGIES LLC|77 MILLTOWN ROAD|C 8|EAST BRUNSWICK
26|ADWAY SERVICES INC|77 MILLTOWN ROAD|STE C 5|EAST BRUNSWICK
26|GINE TECH LABS LLC|77 MILLTOWN ROAD|SUITE B 5|BRUNSWICK
26|SREEMEDHAS CONSULTINGCORPORATION|77 MILLTOWN ROAD|SUITE C2|East Brunswick
26|SREEMEDHAS CONSULTING CORPORATION|77 MILLTOWN ROAD|SUITE C2|East Brunswic
26|SREEMEDHAS CONSULTING CORPORATION|77 MILLTOWN ROAD|SUITE C2|East Brunswick
26|Gine Tech Labs LLC|77 Milltown Road|B 5|East Brunswick
26|Ginetech Labs LLC|77 Milltown Road|B 5|East Brunswick
26|Peblo Technologies LLC|77 Milltown Road|C 4|East Brunswick
26|Adway Services Inc|77 Milltown Road|C 5|East Brunswick
26|Peblo Technologies LLC|77 Milltown Road|C 8|East Brunswick
26|Adway Services Inc|77 Milltown Road|C5|East Brunswick
26|Tupoin Inc|77 Milltown Road|STE B1|East Brunswick
26|Enthsquare Inc|77 Milltown Road|STE B1|East Brunswick
26|ADWAY SERVICES INC|77 Milltown Road|STE C 5|EAST BRUNSWICK
26|Adway Services Inc|77 Milltown Road|STE C 5|East Brunswick
26|Adway Services Inc|77 Milltown Road|STE C 5|East brunswick
26|Gine Tech Labs LLC|77 Milltown Road|Suite 5B|East Brunswick
26|Tupoin Inc|77 Milltown Road|Suite B1|East Brunswick
26|Enthsquare Inc|77 Milltown Road|Suite B1|East Brunswick
26|Sunray Informatics Inc|77 Milltown Road|Suite C1|East Brunswick
26|Adway Services Inc|77 Milltown Road|Suite C5|East Brunswick
26|Gine Tech Labs LLC|77 Milltown Road|Suite C5|East Brunswick
26|Gine Tech Labs LLC|77 Milltown Road||East Brunswick
26|Ginetech Labs LLC|77 Milltown Road||East Brunswick Rd
25|PRN IT CORP INC|30 KNIGHTSBRIDGE ROAD|STE 525|PISCATAWAY
25|YANGTZE RIVER CONSULTING SERVICE LLC|30 KNIGHTSBRIDGE ROAD|SUITE 525|PISCATAWAY TOWNSHIP
25|LEADING EDGE SOLUTIONS LLC|30 KNIGHTSBRIDGE ROAD|SUITE 525|PISCATAWAY
25|ELEPHANT BYTES INC|30 KNIGHTSBRIDGE ROAD|SUITE 525|PISCATAWAY
25|PRN IT CORP|30 KNIGHTSBRIDGE ROAD|SUITE 525|PISCATWAY
25|PRN IT CORP|30 KNIGHTSBRIDGE ROAD|SUITE 525|PISCATAWAY
25|BIGD TECHNOLOGIES LLC|30 KNIGHTSBRIDGE ROAD|SUITE 525|PISCATAWAY
25|NEW JERSEY TECH SYSTEMS LLC|30 KNIGHTSBRIDGE ROAD|SUITE 525|PISCATAWAY
25|ZEMANTICS INC|30 KNIGHTSBRIDGE ROAD|SUITE 525|PISCATAWAY TOWNSHIP
25|ASSET CLASS TECHNOLOGIES LLC|30 KNIGHTSBRIDGE ROAD|SUITE 525|PISCATAWAY
25|STAXA TECHNOLOGIES LLC|30 KNIGHTSBRIDGE ROAD|SUITE 525|PISCATAWAY
25|YANGTZE RIVER CONSULTING SERVICE LLC|30 KNIGHTSBRIDGE ROAD|SUITE 525|PISCATAWAY
25|PRN IT Corp|30 Knightsbridge Road|STE 525|Piscataway
25|OM Group Inc|30 Knightsbridge Road|Suite 525|Piscataway
25|Like Minds Consulting Inc|30 Knightsbridge Road|Suite 525|Piscataway
25|PRN IT CORP INC|30 Knightsbridge Road|Suite 525|Piscataway
25|Syntech Soft Inc|30 Knightsbridge Road|Suite 525|Piscataway
25|QUADPRO IT INC|30 Knightsbridge Road|Suite 525|Piscataway
25|ASSET CLASS TECHNOLOGIES LLC|30 Knightsbridge Road|Suite 525|Piscataway
25|PRN IT Corp Inc|30 Knightsbridge Road|Suite 525|Piscataway
25|Asset Class Technologies LLC|30 Knightsbridge Road|Suite 525|Piscataway
25|Synkriom Inc|30 Knightsbridge Road|Suite 525|Piscataway
25|Empire Circuits LLC|30 Knightsbridge Road|Suite 525|Piscataway
25|Four Bends LLC|30 Knightsbridge Road|Suite 525|Piscataway
25|Huntler LLC|30 Knightsbridge Road|Suite 525|Piscataway
22|CAVALIER WORKFORCE INC|101 HUDSON STREET|2100|JERSEY CITY
22|CAVALIER WORFORCE INC|101 HUDSON STREET|SUITE 2100|JERSEY CITY
22|CAVALIER WORKFORCE INC|101 HUDSON STREET|SUITE 2100|JERSEY CITY
22|Threatmodeler Software Inc|101 HUDSON STREET|SUITE 2100|JERSEY CITY
22|THREATMODELER SOFTWARE INC|101 HUDSON STREET|SUITE 2100|JERSEY CITY
22|SAGESURE INSURANCE MANAGERS LLC|101 HUDSON STREET|SUITE 2700|JERSEY CITY
22|goTenna Inc|101 Hudson Street|17th Floor, Suite 1701|Jersey City
22|Darklight Tech Ltd.|101 Hudson Street|21st Floor|Jersey City
22|Incusol Inc|101 Hudson Street|21st Floor|Jersey City
22|Global IT Family LLC|101 Hudson Street|21st Floor, Suite 2180|Jersey City
22|KeyMe LLC|101 Hudson Street|23rd Floor|Jersey City
22|Apprentice FS Inc|101 Hudson Street|38th Floor|Jersey City
22|KeyMe LLC|101 Hudson Street|Floor 23|Jersey City
22|Bachi.Tech Corporation|101 Hudson Street|Floor 37|Jersey City
22|TO THE NEW INC|101 Hudson Street|Suite 2100|Jersey City
22|Stratacent Inc|101 Hudson Street|Suite 2100|Jersey City
22|Threatmodeler Software Inc|101 Hudson Street|Suite 2100|Jersey City
22|Prudentia Group LLC|101 Hudson Street|Suite 2101|Jersey City
22|SageSure Insurance Managers LLC|101 Hudson Street|Suite 2700|Jersey City
22|Silverside Advisory LLC|101 Hudson Street|Suite 3606|Jersey City
22|Ulfberht Labs Corp|101 Hudson Street|Suite 3705|Jersey City
22|Stratacent Inc|101 Hudson Street|Suite 3709|Jersey City
22|TECHNUMEN INC|242 OLD NEW BRUNSWICK ROAD|STE 310|PISCATAWAY
22|ACI INFOTECH INC|242 OLD NEW BRUNSWICK ROAD|SUITE 110|Piscataway
22|ACI INFOTECH INC|242 OLD NEW BRUNSWICK ROAD|SUITE 110|SUITE 110
22|ACI INFOTECH INC|242 OLD NEW BRUNSWICK ROAD|SUITE 110|PISCATAWAY
22|VERTIS GLOBAL INC|242 OLD NEW BRUNSWICK ROAD|SUITE 110|PISCATAWAY
22|ANVIM TECH INC|242 OLD NEW BRUNSWICK ROAD|SUITE 230 A|PISCATAWAY
22|ANVIM TECH INC|242 OLD NEW BRUNSWICK ROAD|SUITE 230A|PISCATAWAY
22|TECHNUMEN INC|242 OLD NEW BRUNSWICK ROAD|SUITE 310|PISCATAWAY
22|MPOWER LOGIC INC|242 OLD NEW BRUNSWICK ROAD|SUITE 360|PISCATAWAY
22|IOASIZ INC|242 OLD NEW BRUNSWICK ROAD|SUITE 457|PISCATAWAY
22|COMTEK GLOBAL INC|242 OLD NEW BRUNSWICK ROAD|SUITE 457|PISCATAWAY
22|SHEELA INC|242 Old New Brunswick Road|Ste 350|Piscataway
22|ACI INFOTECH INC|242 Old New Brunswick Road|Suite 110|PISCATAWAY
22|ACI INFOTECH INC|242 Old New Brunswick Road|Suite 110|Piscataway
22|ACI Infotech Inc|242 Old New Brunswick Road|Suite 110|Piscataway
22|Vertis Global Inc|242 Old New Brunswick Road|Suite 110|Piscataway
22|Avenir Associates Inc|242 Old New Brunswick Road|Suite 230 B|Piscataway
22|AVENIR ASSOCIATES INC|242 Old New Brunswick Road|Suite 230B|PISCATAWAY
22|TECHNUMEN INC|242 Old New Brunswick Road|Suite 310|PISCATAWAY
22|TECHNUMEN INC|242 Old New Brunswick Road|Suite 310|Piscataway
22|Technumen Inc|242 Old New Brunswick Road|Suite 310|Piscataway
22|Seva Engineering Services LLC|242 Old New Brunswick Road|Suite 370|Piscataway
22|ITSPURS INC|285 DURHAM AVENUE|SUITE 02|SOUTH PLAINFIELD
22|AYRAA LLC|285 DURHAM AVENUE|SUITE 05|SOUTH PLAINFIELD
22|ACCODIAN LLC|285 DURHAM AVENUE|SUITE 05|SOUTH PLAINFIELD
22|Cloud5 Solutions Inc|285 DURHAM AVENUE|SUITE 1|SOUTH PLAINFIELD
22|CLOUD5 SOLUTIONS INC|285 DURHAM AVENUE|SUITE 1|SOUTH PLAINFIELD
22|KARWELL TECHNOLOGIIES INC|285 DURHAM AVENUE|SUITE 11|SOUTH PLAINFIELD
22|Katalyst HealthCares & Life Sciences|285 DURHAM AVENUE|SUITE 12|SOUTH PLAINFIELD
22|KATALYST HEALTHCARES & LIFE SCIENCES INC|285 DURHAM AVENUE|SUITE 12|SOUTH PLAINFIELD
22|GEO LOGIC SYSTEMS CORP.|285 DURHAM AVENUE|SUITE 13|SOUTH PLAINFIELD
22|GEO LOGIC SYSTEMS CORP.|285 DURHAM AVENUE|SUITE 13|South Plainfield
22|ITSPURS INC|285 DURHAM AVENUE|SUITE 2|SOUTH PLAINFIELD
22|IM SOLUTIONS INC|285 DURHAM AVENUE|SUITE 33|SOUTH PLAINFIELD
22|AYRAA LLC|285 DURHAM AVENUE|SUITE 5|SOUTH PLAINFIELD
22|CORE ITS LIMITED LIABILITY COMPANY|285 DURHAM AVENUE|SUITE 7|SOUTH PLAINFIELD
22|PORTAL CONSULTING INC|285 DURHAM AVENUE|SUITE 8|SOUTH PLAINFIELD
22|Karwell Technologiies Inc,|285 Durham Avenue|Suite 11|South Plainfield
22|Karwell Technologiies Inc|285 Durham Avenue|Suite 11|South Plainfield
22|Katalyst HealthCares & Life Sciences Inc|285 Durham Avenue|Suite 12|South Plainfield
22|Geo Logic Systems Corp|285 Durham Avenue|Suite 13|South Plainfield
22|Geo Logic Systems Corp.|285 Durham Avenue|Suite 13|South Plainfield
22|Portal Consulting Inc|285 Durham Avenue|Suite 8|South Plainfield
22|Emonics LLC|285 Durham Avenue|Suite 9|South Plainfield
21|INFORMATION TECHNOLOGY AND MANAGEMENT CONSULTING INC|181 NEW ROAD|SUITE 304|PARSIPPANY
21|ARIVA INFOTECH LLC|181 NEW ROAD|SUITE 304|PARSIPPANY
21|Prabhav Services Inc|181 NEW ROAD|SUITE 304|Parsippany
21|INFORMATION TECHNOLOGY & MANAGEMENT CONSULTING INC|181 NEW ROAD|SUITE 304|PARSIPPANY
21|ARIVA INFOTECH LLC|181 NEW ROAD|SUITE 35|PARSIPPANY
21|Prabhav Services Inc|181 New Road|304|Parsippany
21|MICROTURN SYSTEM INC|181 New Road|SUITE 304|PARSIPPANY
21|GoJo Labs Inc|181 New Road|Ste 304|Parsippany
21|Prabhav Services Inc|181 New Road|Suite 302|Parsippany
21|Techly Skilled LLC|181 New Road|Suite 304|Parsippany
21|Prabhav Services Inc|181 New Road|Suite 304|Parsippany
21|Prabhav Services Inc|181 New Road|Suite 304|parsippany
21|Prabhav Services Inc|181 New Road|Suite 304|PineBrook
21|GoJo Labs Inc|181 New Road|Suite 304|Parsippany
21|Vertex ETS LLC|181 New Road|Suite 304|Parsippany
21|Pan86 LLC|181 New Road|Suite 304, Office 43|Parsippany
21|JN Data Resolution LLC|181 New Road|Suite 308|Parsippany-Troy Hills
21|Prabhav Services Inc|181 New Road|suite 304|Parsippany
21|Prabhav Services Inc|181 New Road||Parsippany
21|Prabhav Services Inc|181 New road|Suite 304|Parsippany
21|Prabhav Services Inc|181 New road|suite 304|Parsippany
20|L&T TECHNOLOGY SERVICES LLC|2035 LINCOLN HIGHWAY|EDISON SQUARE WEST, SUITE 3002|EDISON
20|L&T TECHNOLOGY SERVICES LIMITED|2035 LINCOLN HIGHWAY|EDISON SQUARE WEST, SUITE 3002|EDISON
20|LTIMINDTREE Limited|2035 LINCOLN HIGHWAY|STE 3004|EDISON
20|LTIMindtree Limited|2035 LINCOLN HIGHWAY|STE 3004|EDISON
20|LARSEN & TOUBRO INFOTECH LIMITED|2035 LINCOLN HIGHWAY|SUITE 3000|EDISON
20|LTIMINDTREE LTD|2035 LINCOLN HIGHWAY|SUITE 3000|EDISON
20|LARSEN & TOUBRO LTD|2035 LINCOLN HIGHWAY|SUITE 3000|EDISON
20|LTIMindtree Limited|2035 LINCOLN HIGHWAY|Suite 3004|EDISON
20|Lindgren Lindgren Oehm & You LLP|2035 Lincoln Highway|Ste 2170|Edison
20|L&T Technology Services Limited|2035 Lincoln Highway|Ste 3002|Edison
20|LTIMindtree Limited|2035 Lincoln Highway|Ste 3004|Edison
20|L&T Technology Services LLC|2035 Lincoln Highway|Suite 3002|Edison
20|L&T Technology Services Limited|2035 Lincoln Highway|Suite 3002|Edison
20|LTIMindtree Limited|2035 Lincoln Highway|Suite 3004|EDISON
20|LTIMINDTREE Limited|2035 Lincoln Highway|Suite 3004|Edison
20|LTIMindtree Limited|2035 Lincoln Highway|Suite 3004|Edison
20|LTIMINDTREE LIMITED|2035 Lincoln Highway|Suite 3004|Edison
20|LTIMINDTREE Limited|2035 Lincoln Highway|Suite 303006 00 1/2007/2170|Edison
20|LTIMINDTREE LIMITED|2035 Lincoln Highway||Edison
20|LTIMINDTREE Limited|2035 Lincoln Highway||Edison
20|EVEREST CONSULTING GROUP|3840 PARK AVENUE|STE 203|EDISON
20|EVEREST CONSULTING GROUP INC|3840 PARK AVENUE|STE.201|EDISON
20|EVEREST CONSULTING GROUP INC|3840 PARK AVENUE|STE.203|EDISON
20|EVEREST CONSULTIN G GROUP INC|3840 PARK AVENUE|STE.203|EDISON
20|EVEREST COSULTING GROUP INC|3840 PARK AVENUE|STE.203|EDISON
20|EVEREST COSNULTING GROUP INC|3840 PARK AVENUE|STE.203|EDISON
20|EVEREST CONSUTLING GROUP INC|3840 PARK AVENUE|STE.203|EDISON
20|EVEREST CONSULTING GROUP|3840 PARK AVENUE|STE.203|EDISON
20|EVEREST CONSULTING GROUP IN|3840 PARK AVENUE|STE.203|EDISON
20|EVERESTCONSULTING GROUP INC|3840 PARK AVENUE|STE.203|EDISON
20|EVEREST CONSULTING GROUP IN.|3840 PARK AVENUE|STE.203|EDISON
20|EVEREST CNSULTING GROUP INC|3840 PARK AVENUE|STE.203|EDISON
20|EVEREST CONSULTING GROUP INC|3840 PARK AVENUE|STE.204|EDISON
20|EVEREST CONSULTING GROUP INC|3840 PARK AVENUE|STE.230|EDISON
20|EVEREST CONSULTING GROUP INC|3840 PARK AVENUE|SUITE 203|EDISON
20|EVEREST CONSULTING GROUP INC|3840 PARK AVENUE|SUITE 204|EDISON
20|EVEREST CONSULTING GROUP INC|3840 PARK AVENUE||EDISON
20|Source Infotech Inc|3840 Park Avenue|Suite C 205|Edison
20|Source InfoTech Inc|3840 Park Avenue|Suite C 205|Edison
20|Sourceinfo Tech Inc|3840 Park Avenue|Suite C 205|Edison
19|ZAI GLOBAL INC|15 CORPORATE PLACE S|ST. 130|PISCATAWAY
19|ARCHIS PHARMA LLC|15 CORPORATE PLACE S|SUITE 108|PISCATAWAY
19|ZAI GLOBAL INC|15 CORPORATE PLACE S|SUITE 130|Piscataway
19|ZAI GLOBAL INC|15 CORPORATE PLACE S|SUITE 130|PISCATAWAY
19|6COM INC|15 CORPORATE PLACE S|SUITE 210|PISCATAWAY
19|STARK PHARMA SOLUTIONS INC|15 CORPORATE PLACE S|SUITE 333B|PISCATAWAY
19|VISTADOS CORP|15 CORPORATE PLACE S|SUITE 343|PISCATAWAY
19|STARK ASSOCIATES LLC|15 CORPORATE PLACE S|SUITE 350|PISCATAWAY
19|RANG TECHNOLOGIES INC|15 CORPORATE PLACE S|SUITE 356|PISCATAWAY
19|VAKULA TECHNOLOGIES INC|15 CORPORATE PLACE S|SUITE 427|PISCATAWAY
19|Vakula Technologies Inc|15 Corporate Place S|Ste 333B|Piscataway
19|Topnotch Technology Services Inc|15 Corporate Place S|Suite 213|Piscataway
19|Saiana Technologies Inc|15 Corporate Place S|Suite 333A|Piscataway
19|Stark Pharma Solutions Inc|15 Corporate Place S|Suite 333B|Piscataway
19|Vakula Technologies Inc|15 Corporate Place S|Suite 333B|Piscataway
19|Stark Associates LLC|15 Corporate Place S|Suite 333B|Piscataway
19|STARK PHARMA SOLUTIONS INC|15 Corporate Place S|Suite 333B|Piscataway
19|Vistados Corp|15 Corporate Place S|Suite 343|Piscataway
19|Stark Associates LLC|15 Corporate Place S|Suite 350|Piscataway
19|INTELI PLATFORMS INC|196 PRINCETON HIGHTSTOWN ROAD|BLDG 1B, SUITE 5|WEST WINDSOR TOWNSHIP
19|INTELI PLATFORMS INC|196 PRINCETON HIGHTSTOWN ROAD|BLDG. 1B, SUITE 5|WEST WINDSOR TOWNSHIP
19|ELITE MSO LLC|196 PRINCETON HIGHTSTOWN ROAD|BUILDING 1B, SUITE 14|WEST WINDSOR
19|ELITE MSO LLC|196 PRINCETON HIGHTSTOWN ROAD|BUILDING 1B, SUITE 15|WEST WINDSOR
19|IGEN SYSTEMS LLC|196 PRINCETON HIGHTSTOWN ROAD|SUITE 14 B|WEST WINDSOR
19|IGEN SYSTEMS LLC|196 PRINCETON HIGHTSTOWN ROAD|SUITE 14B|WEST WINDSOR
19|QUANTUM INTEGRATORS GROUP LLC|196 PRINCETON HIGHTSTOWN ROAD|SUITE 1B 7|WEST WINDSOR
19|Quantum Integrators Group LLC|196 Princeton Hightstown Road|1B7|West Windsor
19|ELITE MSO LLC|196 Princeton Hightstown Road|BUILDING 1B, SUITE 15|West Windsor
19|Cloud88 Inc|196 Princeton Hightstown Road|Building 1A, Ste 3|West Windsor Township
19|Cloud88 Inc|196 Princeton Hightstown Road|Building 1A, Suite 3|West Windsor Township
19|ELITE MSO LLC|196 Princeton Hightstown Road|Building 1B , Suite 14|West Windsor
19|ELITE MSO LLC|196 Princeton Hightstown Road|Building 1B, Suite 14|West Windsor
19|TK-Chain LLC|196 Princeton Hightstown Road|Building 1B, Suite 14|West Windsor
19|ELITE MSO LLC|196 Princeton Hightstown Road|Building 1B, Suite 14|WEST WINDSOR
19|ELITE MSO LLC|196 Princeton Hightstown Road|Building 1B, Suite 15|West Windsor
19|Elite MSO LLC|196 Princeton Hightstown Road|Building 1B, Suite 15|West Windsor
19|Quantum Integrators Group LLC|196 Princeton Hightstown Road|Suite 1B 7|West Windsor
19|CLOUD360 INC|196 Princeton Hightstown Road|Suite16, Building 2, Second Floor|West Windsor Township
19|KELLTON TECH SOLUTIONS INC|3 INDEPENDENCE WAY|STE 209|PRINCETON
19|PROSOFT TECHNOLOGY GROUP INC|3 INDEPENDENCE WAY|STE 209|PRINCETON
19|SLIQ INFORMATION TECHNOLOGIES INC|3 INDEPENDENCE WAY|STE 403|PRINCETON
19|IT ECHELON CORPORATION|3 INDEPENDENCE WAY|SUITE 108|PRINCETON
19|INFOLOGITECH INC|3 INDEPENDENCE WAY|SUITE 117|PRINCETON
19|KELLTON TECH INC|3 INDEPENDENCE WAY|SUITE 209|PRINCETON
19|EVANTAGE SOLUTIONS INC|3 INDEPENDENCE WAY|SUITE 209|PRINCETON
19|KELLTON TECH SOLUTIONS INC|3 INDEPENDENCE WAY|SUITE 209|PRINCETON
19|Prosoft Technology Group Inc|3 INDEPENDENCE WAY|SUITE 209|PRINCETON
19|KELLTON TECH INC|3 Independence Way|Ste 209|Princeton
19|Kellton Tech Solutions Inc|3 Independence Way|Ste 209|Princeton
19|InfoLogitech Inc|3 Independence Way|Suite 117|Princeton
19|eVantage Solutions Inc|3 Independence Way|Suite 209|8540
19|PROSOFT TECHNOLOGY GROUP INC|3 Independence Way|Suite 209|Princeton
19|Kellton Tech Solutions Inc|3 Independence Way|Suite 209|Princeton
19|APCER Life Sciences Inc|3 Independence Way|Suite 300|Princeton
19|Serviont Global Solutions Inc|3 Independence Way|Suite 304|Princeton
19|Servion Global Solutions Inc|3 Independence Way|Suite 304|Princeton
19|Infologitech Inc|3 Independence way|suite 117|Princeton
19|UNICON PHARMA INC|51 CRAGWOOD ROAD|SUITE 101|SOUTH PLAINFIELD
19|SVK TECHNOLOGY SOLUTIONS INC|51 CRAGWOOD ROAD|SUITE 301|SOUTH PLAINFIELD
19|IKCON TECHNOLOGIES INC|51 CRAGWOOD ROAD|SUITE 302|SOUTH PLAINFIELD
19|GLOBEX IT SOLUTIONS INC|51 CRAGWOOD ROAD|SUITE 304|SOUTH PLAINFIELD
19|Symantrix Inc|51 CRAGWOOD ROAD|SUITE 304|SOUTH PLAINFIELD
19|IKCON PHARMA INC|51 Cragwood Road|302|South Plainfield
19|Unicon Pharma Inc|51 Cragwood Road|Suite 101|South Plainfield
19|UNICON SCIENCES INC|51 Cragwood Road|Suite 106|South Plainfield
19|Ikcon Pharma Inc|51 Cragwood Road|Suite 302|South Plainfield
19|IKCON PHARMA INC|51 Cragwood Road|Suite 302|South Plainfield
19|IKCON TECHNOLOGIES INC|51 Cragwood Road|Suite 302|South Plainfi eld
19|IKCON TECHNOLOGIES INC|51 Cragwood Road|Suite 302|South Plainfield
19|SYMANTRIX INC|51 Cragwood Road|Suite 304|South Plainfield
19|GLOBEX IT SOLUTIONS INC|51 Cragwood Road|Suite 304|South Plainfield
19|Symantrix Inc|51 Cragwood Road|Suite 304|South Plainfield
19|Communication Experts Inc|51 Cragwood Road|Suite 304|South Plainfield
19|Zenith Lifescience LLC|51 Cragwood Road|Suite 306|South Plainfield
19|Zenith LifeScience LLC|51 Cragwood Road|Suite 306|South Plainfield
19|Symantrix Inc|51 Cragwood Road||South Plainfield
18|CAREER SOFT SOLUTIONS INC|145 TALMADGE ROAD|SUITE 12|EDISON
18|IP HEIGHTS LLC|145 TALMADGE ROAD|SUITE 18|EDISON
18|EALEARN INC|145 TALMADGE ROAD|SUITE 23|EDISON
18|ECONTENTI INC|145 TALMADGE ROAD|SUITE 9|Edison
18|ECONTENTI INC|145 TALMADGE ROAD|SUITE 9|EDISON
18|ECONTENTI INC|145 TALMADGE ROAD||EDISON
18|Career Soft Solutions Inc|145 Talmadge Road|STE 12|Edison
18|EALEARN INC|145 Talmadge Road|SUITE 23|Edison
18|EALEARN INC|145 Talmadge Road|SUITE 23|EDISON
18|Career Soft Solutions INC|145 Talmadge Road|Suite 12|Edsion
18|Career Soft Solution Inc|145 Talmadge Road|Suite 12|Edison
18|Career Soft Solutions Inc|145 Talmadge Road|Suite 12|Edison
18|Career Soft Solutions Inc|145 Talmadge Road|Suite 12|EDISON
18|Career Soft Solutions INC|145 Talmadge Road|Suite 12|Edison
18|Career Soft Sloutions Inc|145 Talmadge Road|Suite 12|Edison
18|Career Soft Solutions Inc,|145 Talmadge Road|Suite 12|Edison
18|IP HEIGHTS LLC|145 Talmadge Road|Suite 18|Edison
18|EA Learn Inc|145 Talmadge Road|Suite 23|Edison
18|CITIUSTECH INC|2 RESEARCH WAY|2ND FLOOR|PRINCETON
18|PAMTEN INC|2 RESEARCH WAY||PRINCETON
18|SMAC APPS LLC|2 RESEARCH WAY||PRINCETON
18|DBCOM CONSULTING INC|2 RESEARCH WAY||PRINCETON
18|Gramener Inc|2 Research Way|1st Floor|Princeton
18|CitiusTech Inc|2 Research Way|2nd Fl|Princeton
18|CitiusTech Inc|2 Research Way|2nd Floor|PRINCETON
18|CitiusTech Inc|2 Research Way|2nd Floor|Princeton
18|BrainScale Inc|2 Research Way|Floor 3|Princeton
18|FluidEdge Consulting LLC|2 Research Way|Flr. 2|Princeton
18|CitiusTech Inc|2 Research Way|Flr. 2|Princeton
18|Accelerated Technologies Inc|2 Research Way|Second Floor|Princeton
18|PamTen Inc|2 Research Way|Suite 204|Princeton
18|PamTen Inc|2 Research Way||Princeton
18|PAMTEN INC|2 Research Way||PRINCETON
18|Accelerated Technologies Inc|2 Research Way||Princeton
18|Gramener Inc|2 Research Way||Princeton
18|CitiusTech Inc|2 Research way|2nd Floor|Princeton
18|CLOUD ONE INC|295 DURHAM AVENUE|STE 212|SOUTH PLAINFIELD
18|CLOUD5 SOLUTIONS INC|295 DURHAM AVENUE|SUITE 1|SOUTH PLAINFIELD
18|Cloud5 Solutions Inc|295 DURHAM AVENUE|SUITE 102|SOUTH PLAINFIELD
18|CLOUD5 SOLUTIONS INC|295 DURHAM AVENUE|SUITE 102|SOUTH PLAINFIELD
18|ALLIED BUSINESS CONSULTING INC|295 DURHAM AVENUE|SUITE 102|SOUTH PLAINFIELD
18|SOURCE MANTRA INC|295 DURHAM AVENUE|SUITE 201|SOUTH PLAINFIELD
18|I2C BUSINESS SOLUTIONS INC|295 DURHAM AVENUE|SUITE 203|SOUTH PLAINFIELD
18|SSGC TECHNOLOGIES LLC|295 DURHAM AVENUE|SUITE 207|SOUTH PLAINFIELD
18|CLOUD ONE INC|295 DURHAM AVENUE|SUITE 212|SOUTH PLAINFIELD
18|ALPHOSOFT INC|295 DURHAM AVENUE|SUITE 212A|SOUTH PLAINFIELD
18|SAT SOLUTIONS LLC|295 DURHAM AVENUE|SUITE C|SOUTH PLAINFIELD
18|HeMast Technologies Inc|295 Durham Avenue|Suite 100|South Plainfield
18|Aries Computer Systems Inc|295 Durham Avenue|Suite 105|South Plainfield
18|Aries Computer Systems Inc|295 Durham Avenue|Suite 105, Building 7|South Plainfield
18|Source Mantra Inc|295 Durham Avenue|Suite 201|South Plainfield
18|AM Logic Corporation|295 Durham Avenue|Suite 205|SOUTH PALINFIELD
18|Strategy Soft LLC|295 Durham Avenue|Suite 205|South Plainfield
18|Strategy Soft LLC|295 Durham Avenue|Suite C|South Plainfield
16|Baanyan Software Services Inc|100 METROPLEX DRIVE|SUITE 100|EDISON
16|BAANYAN SOFTWARE SERVIES INC|100 METROPLEX DRIVE|SUITE 100|EDISON
16|BAANYAN SOFTWARE SERVICES INC|100 METROPLEX DRIVE|SUITE 100|EDISON
16|BAANYAN SOFTWARE SERVCES INC|100 METROPLEX DRIVE|SUITE 100, FIRST FLOOR|EDISON
16|EALEARN INC|100 METROPLEX DRIVE|SUITE 103|EDISON
16|Baanyan Software Services Inc,|100 METROPLEX DRIVE|Suite 100|EDISON
16|EALEARN INC|100 METROPLEX DRIVE||EDISON
16|Baanyan Software Services Inc|100 Metroplex Drive|First Floor Suite 100|Edison
16|Baanyan Software Service Inc|100 Metroplex Drive|Suite 100|Edison
16|Bannyan software Services Inc,|100 Metroplex Drive|Suite 100|Edison
16|Baanyan software services Inc|100 Metroplex Drive|Suite 100|Edison
16|Baanyan software Services Inc|100 Metroplex Drive|Suite 100|Edison
16|Baanyan Software Services inc|100 Metroplex Drive|Suite 100|Edison
16|Baanyan Software Services Inc|100 Metroplex Drive|Suite 100|Edison
16|IT AMERICA INC|100 Metroplex Drive|Suite 207|Edison
16|IT America Inc|100 Metroplex Drive|Suite 207|Edison
16|AVERON SERVICES INC|2025 LINCOLN HWY|STE 100|EDISON
16|AVERON SERVICES INC|2025 LINCOLN HWY|STE 100 B|EDISON
16|DIMENSION CONSULTING INC|2025 LINCOLN HWY|STE 140|EDISON
16|Aekya Inc|2025 LINCOLN HWY|SUITE 100|EDISON
16|Aekya Inc|2025 LINCOLN HWY|SUITE 100 A|EDISON
16|DIMENSION CONSULTING INC|2025 LINCOLN HWY|SUITE 100 D|EDISON
16|DIMENSION CONSULTING|2025 LINCOLN HWY|SUITE 100 D|EDISON
16|Dimension Consulting INC|2025 LINCOLN HWY|SUITE 100 D|EDISON
16|Dimension Consulting INC|2025 LINCOLN HWY|Ste 100 D|Edison,
16|AVERON SERVICES INC|2025 Lincoln Hwy|STE 100 B|EDISON
16|AVERON SOLUTIONS INC|2025 Lincoln Hwy|SUITE 100  C|EDISON
16|AVERON SOLUTIONS INC|2025 Lincoln Hwy|SUITE 100 C|EDISON
16|Dimension Consulting INC|2025 Lincoln Hwy|SUITE 100 D|EDISON
16|Dimension Consulting INC|2025 Lincoln Hwy|SUITE 140|EDISON
16|AVERON SERVICES INC|2025 Lincoln Hwy|Ste 100 B|EDISON
16|AVERON SOLUTIONS INC|2025 Lincoln Hwy|Street  100 C|EDISON
16|AVYA SOLUTIONS INC|220 DAVIDSON AVENUE|3RD FLOOR, SUITE 338|SOMERSET
16|ORGSPIRE INC|220 DAVIDSON AVENUE|SUITE 111|SOMERSET
16|ADVANCED TECHNOLOGY GROUP USA INC|220 DAVIDSON AVENUE|SUITE 125|SOMERSET
16|DeltaMed Solutions Inc|220 DAVIDSON AVENUE|SUITE 201|SOMERSET
16|SMART IT FRAME LLC|220 DAVIDSON AVENUE|SUITE 313|SOMERSET
16|FIERCE SOLUTION LLC|220 DAVIDSON AVENUE|SUITE 316|SOMERSET
16|FIERCE SOLUTION LLC .|220 DAVIDSON AVENUE|SUITE 316|SOMERSET
16|SP SOFTWARE SOLUTIONS LLC|220 DAVIDSON AVENUE|SUITE 407C|SOMERSET
16|VERGLAS TECHNOLOGIES INC|220 DAVIDSON AVENUE||SOMERSET
16|Orgspire Inc|220 Davidson Avenue|Suite 111|Somerset
16|DeltaMed Solutions Inc|220 Davidson Avenue|Suite 201|Somerset
16|Avesta Computer Services Ltd.|220 Davidson Avenue|Suite 202F|Somerset
16|VERTIS GLOBAL INC|220 Davidson Avenue|Suite 209, 2nd Floor|Somerset
16|ACI INFOTECH INC|220 Davidson Avenue|Suite 209, 2nd Floor|Somerset
16|Tech Brains Solutions Inc|220 Davidson Avenue|Suite 303, Third Floor|Somerset
16|Sequent Inc|220 Davidson Avenue|Suite 308|Somerset
16|Kennedy International Software Inc|9 Bridge Street|Bidg  C|Metuchen
16|Kennedy International Software Inc|9 Bridge Street|Bldg  C|Metuchen
16|Kennedy International Software Inc|9 Bridge Street|Bldg A|METUCHEN
16|Shoolin Inc|9 Bridge Street|Bldg A|Metuchen
16|Kennedy International Software Inc|9 Bridge Street|Bldg C|METUCHEN
16|Kennedy International software Inc|9 Bridge Street|Bldg C|Metuchen
16|Kennedy International Software Inc|9 Bridge Street|Bldg C|Iselin
16|Kennedy International Software Inc|9 Bridge Street|Bldg C|Metuchen
16|Kennedy International Sofware Inc|9 Bridge Street|Bldg C|Metuchen
16|Kennedy International Software Inc|9 Bridge Street|Bldg C|Metcuchen
16|Kennedy International Software Inc|9 Bridge Street|Bldg C|Metchen
16|KENNEDY INTERNATIONAL SOFTWARE INC|9 Bridge Street|Bldg C|Metuchen
16|Kennedy International Software Inc|9 Bridge Street|Building  C|Metuchen
16|Kennedy International Software Inc|9 Bridge Street|Building A|Metuchen
16|Kennedy International Software Inc|9 Bridge Street|Building C|METUCHEN
16|Kennedy International Software Inc|9 Bridge Street|Building C|Metuchen
16|Eon Labs Inc|ONE HEALTH PLAZA||EAST HANOVER
16|Novartis Services Inc|ONE HEALTH PLAZA||EAST HANOVER
16|NOVARTIS PHARMACEUTICALS CORPORATION|ONE HEALTH PLAZA||EAST HANOVER
16|Eon Labs|ONE HEALTH PLAZA||EAST HANOVER
16|Novartis Institutes for BioMedical Research Inc|ONE HEALTH PLAZA||EAST HANOVER
16|Novartis Services Inc|One HEALTH PLAZA||EAST HANOVER
16|Eon Labs Inc|One Health Plaza|433/01|East Hanover
16|Novartis Institutes for BioMedical Research Inc|One Health Plaza||East HANOVER
16|Novartis Institutes for BioMedical Research Inc|One Health Plaza||EAST HANOVER
16|NOVARTIS PHARMACEUTICALS CORPORATION|One Health Plaza||EAST HANOVER
16|Eon Labs Inc|One Health Plaza||East Hanover
16|Novartis Services Inc|One Health Plaza||EAST HANOVER
16|Novartis Services Inc|One Health Plaza||East Hanover
16|Novartis Pharmaceuticals Corporation|One Health Plaza||East Hanover
16|NOVARTIS PHARMACEUTICALS CORPORATION|One Health Plaza||East Hanover
16|Novartis Institutes for BioMedical Research Inc|One Health Plaza||East Hanover
15|ORTUS AFFILIATES INC|22 MERIDIAN ROAD|SUITE 11|EDISON
15|SMALLARC INC|22 MERIDIAN ROAD|SUITE 19|EDISON
15|LONG FINCH TECHNOLOGIES LLC|22 MERIDIAN ROAD|SUITE 19|EDISON
15|ADVANTECS GROUP INC|22 MERIDIAN ROAD|SUITE 4|EDISON
15|PRIMETECH SOFTWARE SERVICES LLC|22 MERIDIAN ROAD|SUITE 9|EDISON
15|MARS TECH SOLUTIONS LLC|22 MERIDIAN ROAD|UNIT 12|EDISON
15|NEW DOVER TECH LLC|22 MERIDIAN ROAD|UNIT 12 E|EDISON
15|Technovista Inc|22 Meridian Road|Suite 18|Edison
15|Long Finch Technologies LLC|22 Meridian Road|Suite 19|Edison
15|UVN TECHNOLOGIES INC|22 Meridian Road|Suite 4A|Edison
15|MARS TECH SOLUTIONS LLC|22 Meridian Road|UNIT 12|EDISON
15|NEW DOVER TECH LLC|22 Meridian Road|UNIT 12 E|EDISON
15|Mars Tech Solutions LLC|22 Meridian Road|Unit 12|Edison
15|New Dover Tech LLC|22 Meridian Road|Unit 12 E|Edison
15|Quantum AI Global LLC|22 Meridian Road|Unit 14|Edison
15|KHAYAINFOTECH LLC|220 DAVIDSON AVE|STE 317|SOMERSET
15|VIRTUAL REALITY KINGDOM TECHNOLOGIES LLC|220 DAVIDSON AVE|STE 325, 326|SOMERSET
15|HIGH TECH CONSULTING INC|220 DAVIDSON AVE|SUITE 100|SOMERSET
15|ASIUS LLC|220 DAVIDSON AVE|SUITE 200N|SOMERSET
15|VIRTUAL REALITY KINGDOM TECHNOLOGIES|220 DAVIDSON AVE|SUITE 325 & 326|SOMERSET
15|VIRTUAL REALITY KINGDOM TECHNOLOGIES LLC|220 DAVIDSON AVE|SUITE 325 & 326|SOMERSET
15|DeltaMed Solutions Inc|220 DAVIDSON AVE|Suite 201|Somerset
15|Whizdotai Inc|220 Davidson Ave|Suite 105|Somerset
15|Para Group LLC|220 Davidson Ave|Suite 202 J|Somerset
15|XYLA Entertainments LLC|220 Davidson Ave|Suite 325|Somerset
15|Virtual Reality Kingdom Technologies LLC|220 Davidson Ave|Suite 325 & 326|Somerset
15|Ascon Soft Inc|220 Davidson Ave|Suite 333|Somerset
15|Vortalsoft Inc|220 Davidson Ave|Suite 3A|Somerset
15|ACEOLUTION INC|220 Davidson Ave|Suite 406|Somerset
15|Para Group LLC|220 Davidson Ave||Somerset
15|ABAL Technologies Inc|3525 QUAKERBRIDGE ROAD|SUITE 1100|HAMILTON
15|ABAL TECHNOLOGIES INC|3525 QUAKERBRIDGE ROAD|SUITE 1100|HAMILTON
15|ILOGIC INC|3525 QUAKERBRIDGE ROAD|SUITE 1400|HAMILTON
15|ABAL Technologies Inc|3525 Quakerbridge Road|SUITE 1100|HAMILTON
15|ARC SOLUTIONS USA INC|3525 Quakerbridge Road|SUITE 1300|Hamilton
15|ARC SOLUTIONS USA INC|3525 Quakerbridge Road|SUITE 6350|Hamilton
15|ABAL Technologies Inc|3525 Quakerbridge Road|Ste 1100|Hamilton
15|ABAL TECHNOLOGIES INC|3525 Quakerbridge Road|Suite 1100|Hamilton
15|ABAL Technologies Inc|3525 Quakerbridge Road|Suite 1100|Hamilton
15|ARC Solutions USA Inc|3525 Quakerbridge Road|Suite 1300|Hamilton
15|ILogic Inc|3525 Quakerbridge Road|Suite 1400|Hamilton
15|Advanced Database & IT Solutions Inc|3525 Quakerbridge Road|Suite 4000|Hamilton Township
15|Tricon Solutions LLC|3525 Quakerbridge Road|Suite 6250|Hamilton
15|ARC Solutions USA Inc|3525 Quakerbridge Road|Suite 6350|Hamilton
15|ABAL Technologies Inc|3525 Quakerbridge Road|suite 1100|Hamilton
15|CLOUD INVENTIONS INC|475 WALL STREET|SUITE 259|PRINCETON
15|VITALMINDS INC|475 WALL STREET||PRINCETON
15|LOTUSDATA, LLP.|475 WALL STREET||PRINCETON
15|BRUNSWICK IT SOLUTIONS INC|475 WALL STREET||PRINCETON
15|LOTUSDATA, LLP|475 WALL STREET||PRINCETON
15|LOTUSDATA LLP|475 WALL STREET||PRINCETON
15|CLOUD INVENTIONS INC|475 WALL STREET||PRINCETON
15|BRUNSWICK IT SOLUTIONS|475 WALL STREET||PRINCETON
15|Brunswick IT Solutions Inc|475 Wall Street||Princeton
15|Techulent Solutions Inc|475 Wall Street||Princeton
15|IPSS Corp|475 Wall Street||Princeton
15|IPSS Corp.|475 Wall Street||Princeton
15|Softcom Systems Inc|475 Wall Street||Princeton
15|Support Enigma LLC|475 Wall Street||Princeton
15|LotusData LLP|475 Wall Street||Princeton
14|Novartis Services Inc|1 HEALTH PLAZA|Suite 433/01|EAST HANOVER
14|Novartis Pharmaceutical Corporation|1 HEALTH PLAZA||EAST HANOVER
14|Novartis Services Inc|1 HEALTH PLAZA||EAST HANOVER
14|Novartis Institutes for BioMedical Research Inc|1 HEALTH PLAZA||EAST HANOVER
14|NOVARTIS PHARMACEUTICALS CORPORATION|1 HEALTH PLAZA||EAST HANOVER
14|Eon Labs Inc|1 HEALTH PLAZA||EAST HANOVER
14|Novartis Latin America Services Inc|1 HEALTH PLAZA||EAST HANOVER
14|Novartis Pharmaceuticals Corporation|1 HEALTH PLAZA||EAST HANOVER
14|Novartis Pharmaceuticals Corporation|1 Health Plaza||EAST HANOVER
14|Novartis Services Inc|1 Health Plaza||East Hanover
14|Sandoz Inc|1 Health Plaza||East Hanover
14|Novartis Institutes for BioMedical Research Inc|1 Health Plaza||East HANOVER
14|Novartis Institutes for BioMedical Research Inc|1 Health Plaza||East Hanover
14|Novartis Pharmaceuticals Corporation|1 Health Plaza||East Hanover
14|BDSN INTERNATIONAL INC|1 INTERNATIONAL BLVD|400|MAHWAH
14|BDSN International Corporation|1 INTERNATIONAL BLVD|SUITE 400|Mahwah
14|BDSN International Inc|1 INTERNATIONAL BLVD|SUITE 400|MAHWAH
14|BDSN INSTERNATIONAL INC|1 INTERNATIONAL BLVD|SUITE 400|MAHWAH
14|BDSN INTENATIONAL INC|1 INTERNATIONAL BLVD|SUITE 400|MAHWAH
14|BDSN INTERNATIONAL INC|1 INTERNATIONAL BLVD|SUITE 400|MAHWAH
14|BDSN INTERNATIONAL INC|1 INTERNATIONAL BLVD|SUITE 400|Mahwah
14|BDSN INTERNATIONAL INC|1 INTERNATIONAL BLVD|Suite 400|Mahwah
14|BDSN International Inc|1 INTERNATIONAL BLVD|Suite 400|Mahwah
14|BDSN International Inc|1 INTERNATIONAL BLVD|Suite 400|MAHWAH
14|BDSN INTERNATIONAL INC|1 INTERNATIONAL BLVD|Suite 400|MAHWAH
14|KIK IT Inc|1 International Blvd|Suite 400|Mahwah
14|BDSN International Inc|1 International Blvd|Suite 400|Mahwah
14|BDSN INTERNATIONAL INC|1 International Blvd|Suite 400|Mahwah
14|SIEMENS FINANCIAL SERVICES INC|170 WOOD AVENUE SOUTH|N/A|ISELIN
14|INCEDO INC|170 WOOD AVENUE SOUTH||Iselin
14|INCEDO INC|170 WOOD AVENUE SOUTH||ISELIN
14|Incedo Inc|170 WOOD AVENUE SOUTH||Iselin
14|FAST|170 Wood Avenue South|4 Floor|Iselin
14|RCG Global Services Inc|170 Wood Avenue South|4th Floor|Iselin
14|Flexible Architecture and Simplified Technology Inc (d/b/a FAST)|170 Wood Avenue South|4th Floor|Iselin
14|FAST|170 Wood Avenue South|4th Floor|Iselin
14|RCG Global Services Inc|170 Wood Avenue South|Floor 4|Iselin
14|FAST|170 Wood Avenue South|Floor 4|Iselin
14|FAST|170 Wood Avenue South|Floor 4th|Iselin
14|INCEDO INC|170 Wood Avenue South||ISELIN
14|Incedo Inc|170 Wood Avenue South||Iselin
14|INCEDO INC|170 Wood Avenue South||Iselin
14|HANCE INCORPORATED|200 CENTENNIAL AVE|STE 202|PISCATAWAY
14|ACEQUEST CORPORATION|200 CENTENNIAL AVE|SUITE 123|PISCATAWAY
14|HANCE INCORPORATED|200 CENTENNIAL AVE|SUITE 202|PISCATAWAY
14|FLEXASOFT LLC|200 CENTENNIAL AVE|SUITE 203|PISCATAWAY
14|Flexasoft LLC|200 CENTENNIAL AVE|SUITE 203|PISCATAWAY
14|IPOLARITY LLC|200 CENTENNIAL AVE|SUITE 204|PISCATAWAY
14|CSTS TECHNOLOGIES INC|200 CENTENNIAL AVE|SUITE 205|PISCATAWAY
14|Hermitage Infotech LLC|200 Centennial Ave|Suite 153|Piscataway
14|Flexasoft LLC|200 Centennial Ave|Suite 203|Piscataway
14|IPOLARITY LLC|200 Centennial Ave|Suite 204|Piscataway
14|IPolarity LLC|200 Centennial Ave|Suite 204|Piscataway
14|CSTS Technologies Inc|200 Centennial Ave|Suite 205|PISCATAWAY
14|Techno-Comp Inc|200 Centennial Ave|Suite 207|Piscataway
14|Pharmaron (US) Clinical Services Inc|200 Centennial Ave|Suite 210|Piscataway
14|CLOUD INVENTIONS INC|300 CARNEGIE CENTER|SUITE 150|PRINCETON
14|ECLOUDOPTIMUM CORP.|300 CARNEGIE CENTER|SUITE 150|PRINCETON
14|SIAL TECHNOLOGY PARTNERS LLC|300 CARNEGIE CENTER|SUITE 150|PRINCETON
14|ECLOUDOPTIMUM CORP|300 CARNEGIE CENTER|SUITE 150|PRINCETON
14|MALBEC SOLUTIONS INC|300 CARNEGIE CENTER|SUITE 210|PRINCETON
14|UDI Systems LLC|300 Carnegie Center|STE 150|Princeton
14|ECLOUDOPTIMUM CORP.|300 Carnegie Center|Ste 150|Princeton
14|DreamWeaver LLC|300 Carnegie Center|Suite 150|Princeton
14|Aperto Solutions LLC|300 Carnegie Center|Suite 150|Princeton
14|ECLOUDOPTIMUM CORP|300 Carnegie Center|Suite 150|Princeton
14|Entityrisk Inc|300 Carnegie Center|Suite 150|Princeton
14|Siuvo Inc|300 Carnegie Center|Suite 150|PRINCETON
14|Malbec Solutions Inc|300 Carnegie Center|Suite 210|Princeton
14|Acunor Infotech LLC|300 Carnegie Center||Princeton
13|Colliers Engineering & Design Inc|101 Crawfords Corner Road|3400|Holmdel
13|Optessa USA Inc|101 Crawfords Corner Road|Suite 2221|Holmdel
13|WorkWave LLC|101 Crawfords Corner Road|Suite 2511|Holmdel
13|iCims Inc|101 Crawfords Corner Road|Suite 3 100|Holmdel
13|Colliers Engineering & Design Inc|101 Crawfords Corner Road|Suite 3400|Holmdel
13|Colliers Engineering & Design, Architecture, Landscape Architecture, Surveying, CT P.C.|101 Crawfords Corner Road|Suite 3400|Holmdel
13|Colliers Engineering & Design, Architecture, Landscape Architecture, Surveying, CTP.C.|101 Crawfords Corner Road|Suite 3400|Holmdel
13|HYPR Corp|101 Crawfords Corner Road|Suite 4 116|Holmdel
13|McCann Systems LLC|101 Crawfords Corner Road|Suite 4 201|Holmdel
13|Azurite Consulting LLC|101 Crawfords Corner Road|Suite 4116|Holmdel
13|ASC Americas Inc|101 Crawfords Corner Road|Suite 4126|Holmdel
13|Vydia Inc|101 Crawfords Corner Road|Suite 4204|Holmdel
13|Flexible Architecture and Simplified Technology Inc|101 Crawfords Corner Road||Holmdel
13|Oracle Financial Services Software Inc|399 THORNALL STREET|6TH FLOOR|EDISON
13|Oracle Financial Services Software Inc|399 THORNALL STREET|6th floor|EDISON
13|ORACLE FINANCIAL SERVICES SOFTWARE INC|399 THORNALL STREET||EDISON
13|Brillio LLC|399 Thornall Street|1st Floor|Edison
13|Birlasoft Solutions Inc|399 Thornall Street|8th Floor|Edison
13|Birlasoft Consulting Inc|399 Thornall Street|8th Floor|Edison
13|Birlasoft Computer Corporation|399 Thornall Street|8th Floor|Edison
13|Intuitive Technology Partners Inc|399 Thornall Street|8th Floor|Edison
13|Birlasoft Inc|399 Thornall Street|8th Floor|Edison
13|Birlasoft Inc|399 Thornall Street|8th Floor|8th Floor
13|Brillio LLC|399 Thornall Street|Flr. 1st|Edison
13|Birlasoft Inc|399 Thornall Street|Suite 8th Floor|Edison
13|Birlasoft Solutions Inc|399 Thornall Street||Edison
13|PRECESS MEDICAL DERIVATIVES|404 WHITE OAK RIDGE ROAD||Short Hills
13|Precess Medical Derivatives|404 WHITE OAK RIDGE ROAD||SHORT HILLS
13|Precess Medical Derivatives|404 WHITE OAK RIDGE ROAD||short hills
13|PRECESS MEDICAL DERIVATIVES|404 WHITE OAK RIDGE ROAD||SHORT HILLS
13|Precess Medical Derivatives Inc|404 White Oak Ridge Road||Short Hills
13|precess medical derivatives|404 white oak ridge road|404 white oak ridge road|short hills
13|precess medical drivativess|404 white oak ridge road||Short Hills
13|precess medical derivatives|404 white oak ridge road||short hills
13|precess medical derivatives|404 white oak ridge road||Short Hills
13|precess medical derivatives|404 white oak ridge road||SHORT HILLS
13|Precess Medical Derivatives|404 white oak ridge road||short hills
13|Helical Physics & Dosimetry|404 white oak ridge road||short hills
13|medical physicist|404 white oak ridge road||Short Hills
12|ITVORKS INC|101 COLLEGE ROAD EAST|SUITE 302|PRINCETON
12|INTELLILINK TECHNOLOGIES INC|101 COLLEGE ROAD EAST|SUITE 303|PRINCETON
12|Semandex Networks Inc|101 College Road East|2nd Floor|Princeton
12|EDETEK Inc|101 College Road East|2nd Floor|Princeton
12|Edetek Inc|101 College Road East|2nd Floor|Princeton
12|Aplomb Technologies Inc|101 College Road East|3rd Floor Suite 301|Princeton
12|Aplomb Technologies Inc|101 College Road East|3rd Floor Suite Ste 301|Princeton
12|Aplomb Technologies Inc|101 College Road East|3rd Floor Suite301|Princeton
12|Aplomb Technologies Inc|101 College Road East|3rd Floor, Suite 301|Princeton
12|Intellilink Technologies Inc|101 College Road East|Suite 303|Princeton
12|Techsol Corporation d/b/a Techsol Life Sciences|101 College Road East||Princeton
12|Techsol Corporation|101 College Road East||Princeton
12|MRL San Francisco LLC|126 E. Lincoln Avenue|Mailstop RY86 2011C|Rahway
12|Merck Sharp & Dohme LLC|126 E. Lincoln Avenue|Mailstop RY86 2011C|Rahway
12|Merck Research Laboratories Massachusetts LLC|126 E. Lincoln Avenue|Mailstop RY86 2011C|Rahway
12|Merck Sharp & Dohme LLC|126 E. Lincoln Avenue|RY86 2011C|Rahway
12|Merck Research Laboratories Massachusetts LLC|126 E. Lincoln Avenue|RY86 2011C|Rahway
12|Merck Sharp &Dohme LLC|126 E. Lincoln Avenue||Rahway
12|MRL San Francisco LLC|126 E. Lincoln Avenue||Rahway
12|MERCK TEKNIKA LLC|126 E. Lincoln Avenue||Rahway
12|MERCK SHARP & DOHME LLC|126 E. Lincoln Avenue||Rahway
12|Intervet Inc|126 E. Lincoln Avenue||Rahway
12|Merck Sharp & Dohme LLC|126 E. Lincoln Avenue||Rahway
12|Merck Research Laboratories Massachusetts LLC|126 E. Lincoln Avenue||Rahway
12|ZAI GLOBAL INC|15 CORPORATE PLACE S.|SUITE 130|PISCATAWAY
12|6COM INC|15 CORPORATE PLACE S.|SUITE 210|PISCATAWAY
12|BRIDGETOWN CONSULTING GROUP INC|15 CORPORATE PLACE S.|SUITE 216|PISCATAWAY
12|VAKULA TECHNOLOGIES INC|15 CORPORATE PLACE S.|SUITE 333B|PISCATAWAY
12|Vakula Technologies Inc|15 CORPORATE PLACE S.|SUITE 333b|PISCATAWAY
12|STARK ASSOCIATES LLC|15 CORPORATE PLACE S.|SUITE 350|PISCATAWAY
12|RANG TECHNOLOGIES INC|15 CORPORATE PLACE S.|SUITE 356|PISCATAWAY
12|VAKULA TECHNOLOGIES INC|15 CORPORATE PLACE S.|SUITE 427|PISCATAWAY
12|Stark Pharma Solutions Inc|15 Corporate Place S.|Ste 333B|Piscataway
12|Stark Pharma Solutions Inc|15 Corporate Place S.|Suite 333B|Piscataway
12|STARK PHARMA SOLUTIONS INC|15 Corporate Place S.|Suite 333B|Piscataway
12|Stark Associates LLC|15 Corporate Place S.|Suite 350|Piscataway
12|Larsen & Toubro Infotech Limited|2035 Lincoln Highway, Edison Square West|Suite 3000|Edison
12|LTIMINDTREE Limited|2035 Lincoln Highway, Edison Square West|Suite 3000|Edison
12|LTIMINDTREE LIMITED|2035 Lincoln Highway, Edison Square West|Suite 3000|Edison
12|LTI Mindtree Limited|2035 Lincoln Highway, Edison Square West|Suite 3000|Edison
12|LTIMindtree Limited|2035 Lincoln Highway, Edison Square West|Suite 3000|Edison
12|L&T Technology Services LLCavee|2035 Lincoln Highway, Edison Square West|Suite 3002|Edison
12|LARSEN & TOUBRO LIMITED|2035 Lincoln Highway, Edison Square West|Suite 3002|Edison
12|L&T Technology Services Limited|2035 Lincoln Highway, Edison Square West|Suite 3002|Edison
12|L&T Technology Services LLC|2035 Lincoln Highway, Edison Square West|Suite 3002|Edison
12|Larsen & Toubro Infotech Limited|2035 Lincoln Highway, Edison Square West|Suite. 3000|Edison
12|Larsen & Toubro Infotech Limited|2035 Lincoln Highway, Edison Square West||Edison
12|LTIMINDTREE Limited|2035 Lincoln Highway, Edison Square West||Edison
12|ACTIMIZE INC|221 RIVER STREET|10TH FLOOR|HOBOKEN
12|ACTIMIZE INC|221 RIVER STREET|10th FLOOR|HOBOKEN
12|Actimize Inc|221 River Street|10th Floor|Hoboken
12|Actimize Inc|221 River Street|10th Floor|New Jersey
12|Actimize INC|221 River Street|10th Floor|Hoboken
12|Tricon Infotech LLC|221 River Street|9th Floor|Hoboken
12|PRUCORE LLC|221 River Street|9th Floor|Hoboken
12|TRICON INFOTECH LLC|221 River Street|9th floor|Hoboken
12|TechSemble Inc|221 River Street|Floor 9|Hoboken
12|Attentive Mobile Inc|221 River Street|Ste 9047|Hoboken
12|ATTENTIVE MOBILE INC|221 River Street|Ste 9047|Hoboken
12|Attentive Mobile Inc|221 River Street|Suite 9047|Hoboken
12|SIRI SOFTWARE SOLUTIONS LLC|53 KNIGHTSBRIDGE ROAD|STE 211|PISCATAWAY
12|GOMIAPP LLC|53 KNIGHTSBRIDGE ROAD|STE 222|PISCATAWAY
12|GOMIAPP LLC|53 KNIGHTSBRIDGE ROAD|SUITE 222|PISCATAWAY
12|Pike Solutions Inc|53 KNIGHTSBRIDGE ROAD|SUITE 299|PISCATAWAY
12|PIKE SOLUTIONS INC|53 KNIGHTSBRIDGE ROAD|SUITE 299|PISCATAWAY
12|GOMIAPP LLC|53 Knightsbridge Road|STE 222|Piscataway
12|Management & Technology Consulting Group Inc|53 Knightsbridge Road|Suite 216|Piscataway
12|Softions Consulting Inc|53 Knightsbridge Road|Suite 245|Piscataway
12|Ventechsoft Inc|53 Knightsbridge Road|Suite 277|Piscataway
12|Pike Solutions Inc|53 Knightsbridge Road|Suite 299|New Jersey
12|Pike Solutions Inc|53 Knightsbridge Road|Suite 299|Piscataway
12|PIKE SOLUTIONS INC|53 Knightsbridge Road|Suite 299|Piscataway
12|CLIENTSERVER TECHNOLOGY SOLUTIONS LLC|555 US HIGHWAY 1 SOUTH|STE 220|ISELIN
12|ClientServer Technology Solutions LLC|555 US HIGHWAY 1 SOUTH|STE 220|Iselin
12|CLIENTSERVER TECHNOLOGY SOLUTIONS LLC|555 US HIGHWAY 1 SOUTH|SUITE 220|ISELIN
12|ClientServer Technology Solutions LLC|555 US HIGHWAY 1 SOUTH|SUITE 220|Iselin
12|PRUTECH SOLUTIONS INC|555 US HIGHWAY 1 SOUTH|SUITE 230|ISELIN
12|E PRO TECHNOLOGIES LLC|555 US HIGHWAY 1 SOUTH|SUITE 330|ISELIN
12|SENSIPLE INC|555 US HIGHWAY 1 SOUTH|SUITE 400|ISELIN
12|SENSIPLE INC|555 US HIGHWAY 1 SOUTH|SUITE 430|EDISON
12|E PRO TECHNOLOGIES LLC|555 US HIGHWAY 1 SOUTH|SUITE 430|ISELIN
12|EPRO TECHNOLOGIES LLC|555 US HIGHWAY 1 SOUTH|SUITE 430|ISELIN
12|ERRO TECHNOLOGIES LLC|555 US HIGHWAY 1 SOUTH|SUITE 430|ISELIN
12|ClientServer Technology Solutions LLC|555 US Highway 1 South|Suite 220|Iselin
12|KEYPIXEL SOFTWARE SOLUTIONS LLC|777 WASHINGTON ROAD|SUITE 1|PARLIN New Jersey 08859
12|KEYPIXEL SOFTWARE SOLUTIONS LLC|777 WASHINGTON ROAD|SUITE 1|Parlin
12|KEYPIXEL SOFTWARE SOLUTIONS LLC|777 WASHINGTON ROAD|SUITE 1|PARLIN
12|KEYPIXEL SOFTWARE SOULTIONS LLC|777 WASHINGTON ROAD|SUITE 1|PARLIN
12|Keypixel Software Solutions LLC|777 WASHINGTON ROAD|SUITE 1|PARLIN
12|KEYPIXEL SOFTWARE SOLUTIONS LLC|777 WASHINGTON ROAD|SUITE 1,|PARLIN
12|STRATEGIC RESOURCES INTERNATIONAL INC|777 WASHINGTON ROAD|SUITE 2|PARLIN
12|KEYPIXEL SOFTWARE SOLUTIONS LLC|777 WASHINGTON ROAD|Suite 1|PARLIN
12|Strategic Resources International Inc|777 Washington Road|2|Parlin
12|Strategic Resources International Inc|777 Washington Road|2|Parling
12|Keypixel Software Solutions LLC|777 Washington Road|Suite 1|Parlin
12|KEYPIXEL SOFTWARE SOLUTIONS LLC|777 Washington Road|Suite 1|Parlin
11|OJUS LLC|1 ROSSMOOR DR|SUITE 023|MONROE TOWNSHIP
11|RMATRIX LLC|1 ROSSMOOR DR|SUITE 201H|MONROE
11|RMATRIX LLC|1 ROSSMOOR DR|SUITE 212|MONROE
11|Spera Solutions LLC|1 Rossmoor Dr|Suite 004|Monroe Township
11|JSM CONSULTING INC|1 Rossmoor Dr|Suite 203|Monroe Township
11|VAKTECH CORPORATION LLC|1 Rossmoor Dr|Suite 21|Monroe TWP
11|Bluestone IT Solutions Inc|1 Rossmoor Dr|Suite 210|Monroe Township
11|JSM CONSULTING INC|1 Rossmoor Dr|Suite 213|Monroe Township
11|Spera Solutions LLC|1 Rossmoor Dr|Suite 4|Monroe Township
11|Spera Solutions LLC|1 Rossmoor Dr|Suite 404|Monroe Township
11|SAAS Technologies Inc|1 Rossmoor Dr|Suite 8|Monroe TWP
11|UST Contineo Health Inc|103 CARNEGIE CENTER DRIVE|SUITE 300|PRINCETON
11|ZEETO TECHNOLOGIES INC|103 CARNEGIE CENTER DRIVE|SUITE 300|PRINCETON
11|UST Contineo Health Inc (formerly Fulcrum Consulting Inc )|103 CARNEGIE CENTER DRIVE|SUITE 300|Princeton
11|UST Contineo Health Inc (formerly Fulcrum Consulting Inc )|103 CARNEGIE CENTER DRIVE|SUITE 300|PRINCETON
11|FULCRUM CONSULTING INC|103 CARNEGIE CENTER DRIVE|SUITE 300|PRINCETON
11|APPEX INNOVATION SOLUTIONS LLC|103 CARNEGIE CENTER DRIVE|SUITE 300|PRINCETON
11|QORDATA INC|103 CARNEGIE CENTER DRIVE|SUITE 300|PRINCETON
11|NITEOSOFT INC|103 CARNEGIE CENTER DRIVE|SUITE 300|PRINCETON
11|Atlas Systems Inc|103 Carnegie Center Drive|Suite 300|Princeton
11|Appex Innovation Solutions LLC|103 Carnegie Center Drive|Suite 300|Princeton
11|ERPMARK Inc|103 Carnegie Center Drive|Suite 300|Princeton
11|MERCK SHARP & DOHME CORP.|2000 GALLOPING HILL ROAD|MAILSTOP K1 3017|KENILWORTH
11|Merck Sharp & Dohme Corp.|2000 GALLOPING HILL ROAD||KENILWORTH
11|Merck Sharp & Dohme Corp.|2000 Galloping Hill Road|Mailstop K1 3017|Kenilworth
11|Merck Sharp & Dohme LLC|2000 Galloping Hill Road|Mailstop K1 3017|Kenilworth
11|Merck, Sharp & Dohme Corp.|2000 Galloping Hill Road|Mailstop K1 3017|Kenilworth
11|Merck Research Laboratories Massachusetts LLC|2000 Galloping Hill Road||Kenilworth
11|Intervet Inc|2000 Galloping Hill Road||Kenilworth
11|Merck Sharp & Dohme Corp.|2000 Galloping Hill Road||Kenilworth
11|MERCK SHARP & DOHME CORP.|2000 Galloping Hill Road||Kenilworth
11|MRL San Francisco LLC|2000 Galloping Hill Road||Kenilworth
11|Merck Sharp & Dohme Corp|2000 Galloping Hill Road||Kenilworth
11|CLOUTICS CODERS INC|2015 LINCOLN HIGHWAY|STE 140|EDISON
11|CLOUTICS CODERS INC|2015 LINCOLN HIGHWAY|SUITE 140|EDISON
11|ATHREYA INC|2015 LINCOLN HIGHWAY|SUITE 140B|EDISON
11|MINTEX TECH INC|2015 LINCOLN HIGHWAY|SUITE 180|EDISON
11|USR systems LLC|2015 LINCOLN HIGHWAY|SUITE 210|EDISON
11|USR SYSTEMS LLC|2015 LINCOLN HIGHWAY|SUITE 210|EDISON
11|USR SYSTEMS LLC|2015 LINCOLN HIGHWAY|Suite 210|Edison
11|Athreya Inc|2015 Lincoln Highway|Suite 140B|Edison
11|USR Systems LLC|2015 Lincoln Highway|Suite 210|Edison
11|USR SYSTEMS LLC|2015 Lincoln Highway|Suite 210|Edison
11|USR Systems LLC|2015 Lincoln Highway|Suite No 210|Edison
11|OPELSOFT LLC|255 OLD NEW BRUNSWICK ROAD|SUITE N210|PISCATAWAY
11|DOT IT SOLUTIONS INC|255 OLD NEW BRUNSWICK ROAD|SUITE N222|PISCATAWAY
11|AVENIR ASSOCIATES INC|255 OLD NEW BRUNSWICK ROAD|SUITE N270|PISCATAWAY
11|NATIONAL COMPUTER SYSTEMS INC|255 OLD NEW BRUNSWICK ROAD|SUITE N320|PISCATAWAY
11|NATIONAL COMPUTER SYSTEMS|255 OLD NEW BRUNSWICK ROAD|SUITE N320|PISCATAWAY
11|INTERNATION INFO TECH INC|255 OLD NEW BRUNSWICK ROAD|SUITE N320|PISCATAWAY
11|DOT IT SOLUTIONS INC|255 OLD NEW BRUNSWICK ROAD||PISCATAWAY
11|Technoid LLC|255 Old New Brunswick Road|Suite N 220|Piscataway
11|OPELSOFT LLC|255 Old New Brunswick Road|Suite N210|Piscataway
11|OPELLSOFT LLC|255 Old New Brunswick Road|Suite N210|Piscataway
11|Senon Associates Inc|255 Old New Brunswick Road|Suite N360|Piscataway
11|CHIRU CONSULTING LLC|3000 ATRIUM WAY|2ND FLOOR, SUITE 230|MOUNT LAUREL
11|AFC Digital LLC|3000 Atrium Way|Ste 200|Mount Laurel
11|Crux Digital Inc|3000 Atrium Way|Ste 200|Mount Laurel
11|Winlen Technologies Inc|3000 Atrium Way|Ste 200|Mount Laurel
11|Crux Digital|3000 Atrium Way|Ste 200|Mount Laurel
11|WEBIMOTECH LLC|3000 Atrium Way|Ste 200, Box 308|Mt Laurel
11|Crux Digital Inc|3000 Atrium Way|Suite 200|Mount Laurel
11|Alpha 3 Consulting LLC|3000 Atrium Way|Suite 200|Mount Laurel
11|Alpha 3 Consulting LLC|3000 Atrium Way|Suite 200|Mt. Laurel
11|ASCON SOFT INC|3000 Atrium Way|Suite 200|Mount Laurel
11|WEBIMOTECH LLC|3000 Atrium Way|Suite 200 Box 308|Mt Laurel
11|PIONEER CONSULTING SERVICES LLC|3490 US HIGHWAY 1|BUILDING 10|PRINCETON
11|PIONEER CONSULTING SERVICES LLC|3490 US HIGHWAY 1|BUILDING 10|PRICETON
11|SCADEA SOLUTIONS INC|3490 US HIGHWAY 1|STE 11|PRINCETON
11|SCADEA SOLUTIONS INC|3490 US HIGHWAY 1|SUITE 11|PRINCETON
11|FORTE CONSULTING LLC|3490 US HIGHWAY 1|SUITE 19C|PRINCETON
11|CYGNUS PROFESSIONALS INC|3490 US Highway 1|Bldg. 4|Princeton
11|Pioneer Consulting Services LLC|3490 US Highway 1|Building 10|Princeton
11|TK-Chain LLC|3490 US Highway 1|Building 14, Suite 101B|Princeton
11|AWNSolution LLC|3490 US Highway 1|Suite 109|Princeton
11|Scadea Solutions Inc|3490 US Highway 1|Suite 11|Princeton
11|Scadea Solutions Inc|3490 US Highway 1|Suite 11|PRINCETON
11|Shoolin Inc|47 Bridge Street|Bldg A|METUCHEN
11|Shoolin Inc|47 Bridge Street|Bldg A|Metuchen
11|Shoolin Inc|47 Bridge Street|Bldg C|Metuchen
11|Shoolin Inc|47 Bridge Street|Buildig A|Metuchen
11|Shoolin Inc|47 Bridge Street|Building 1|Metuchen
11|Shoolon Inc|47 Bridge Street|Building A|Metuchen
11|Shoolin Inc|47 Bridge Street|Building A|Metuchen
11|SHOOLIN INC|47 Bridge Street|Building A|METUCHEN
11|Shoolin Inc|47 Bridge Street|Building A|METUCHEN
11|Shoolin Inc|47 Bridge Street|Buildng A|Metuchen
11|Shoolin Inc|47 Bridge Street|Builiding A|METUCHEN
11|APEX IT SERVICES LLC|500 ALEXANDER PARK DR|SUITE 102|PRINCETON
11|APEX IT SERVICESLLC|500 ALEXANDER PARK DR|SUITE 102|PRINCETON
11|TAKE ENTERPRISE SERVICES INC|500 ALEXANDER PARK DR|SUITE 102|PRINCETON
11|TAKE ENTERPRISE SERVIES INC|500 ALEXANDER PARK DR|SUITE 102|PRINCETON
11|TESI INC|500 ALEXANDER PARK DR|SUITE 102|PRINCETON
11|TESI INC (f.k.a TAKE ENTERPRISE SERVICES LLC)|500 ALEXANDER PARK DR|SUITE 102|PRINCETON
11|TESI INC (f/k/a TAKE ENTERPRISE SERVIES INC)|500 ALEXANDER PARK DR|SUITE 102|PRINCETON
11|TESI INC (f.k.a. TAKE ENTERPRISE SERVICES INC)|500 ALEXANDER PARK DR|SUITE 102|PRINCETON
11|Apex IT Services LLC|500 ALEXANDER PARK DR|SUITE 102|PRINCETON
11|Apex IT Services|500 Alexander Park Dr|Suite 102|Princeton
11|Apex IT Services LLC|500 Alexander Park Dr|Suite 102|Princeton
11|NALASHAA LLC|510 THORNALL STREET|SUITE 210|EDISON
11|Avaap USA LLC|510 THORNALL STREET|SUITE 250|EDISON
11|HP INFOSYSTEM LLC|510 THORNALL STREET|SUITE 320|EDISON
11|HP INFOSYSTEMS LLC|510 THORNALL STREET|SUITE 320|EDISON
11|DATA INC|510 THORNALL STREET|SUITE 370|EDISON
11|Maxis Clinical Sciences LLC|510 Thornall Street|STE 180|Edison
11|XDuce Corporation|510 Thornall Street|SUITE 375|Edison
11|Nalashaa LLC|510 Thornall Street|Suite 210|Edison
11|Nalashaa LLC|510 Thornall Street|Suite 210|New Jersey
11|Xduce Corporation|510 Thornall Street|Suite 375|Edison
11|XDuce Corporation|510 Thornall Street|Suite 375|Edison
10|IPG GIS US INC|10 EXCHANGE PLACE|10TH FLOOR|JERSEY CITY
10|US TECH SOLUTIONS INC|10 EXCHANGE PLACE|SUITE 1105|JERSEY CITY
10|US TECH SOLUTIONS INC|10 EXCHANGE PLACE|SUITE 1705|JERSEY CITY
10|US TECH SOLUTIONS iNC|10 EXCHANGE PLACE|SUITE 1710|JERSEY CITY
10|US TECH SOLUTIONS INC|10 EXCHANGE PLACE|SUITE 1710|JERSEY CITY
10|IPG GIS US INC|10 Exchange Place|10th Floor|Jersey City, NJ
10|Chain IQ US Inc|10 Exchange Place|21st Floor|Jersey City
10|Jackson Hewitt Tax Service Inc|10 Exchange Place|27th Floor|Jersey City
10|ADVANCED TECHNOLOGY CONSULTING SERVICE INC|10 Exchange Place|Suite 1730|Jersey City
10|IPG GIS US Inc|10 Exchange Place||Jersey City
10|DATAEDGE CONSULTING INC|101 MORGAN LANE|SUITE 203B|PLAINSBORO
10|LORVEN TECHNOLOGIES INC|101 MORGAN LANE|SUITE 209|PLAINSBORO
10|TECHMINDS GROUP LLC|101 MORGAN LANE|SUITE 210|PLAINSBORO
10|BLUE5GREEN LLC|101 MORGAN LANE|SUITE 356|PLAINSBORO
10|Accelerated Technologies Inc|101 Morgan Lane|Ste 205|Plainsboro
10|Millennium Info Tech Inc|101 Morgan Lane|Suite 188|Plainsboro
10|PRINCETON ENGINEERING SERVICES|101 Morgan Lane|Suite 202|PLAINSBORO
10|Accelerated Technologies Inc|101 Morgan Lane|Suite 205|Plainsboro
10|Lorven Technologies Inc|101 Morgan Lane|Suite 209|Plainsboro
10|Wizsolution LLC|101 Morgan Lane|Suite 302|Plainsboro
10|MINDLANCE INC|1095 MORRIS AVENUE|SUITE 101 A|Union
10|MINDLANCE INC|1095 MORRIS AVENUE|SUITE 101 A|UNION
10|MINDLANCE INC|1095 MORRIS AVENUE|SUITE 101A|Union
10|MINDLANCE INC|1095 MORRIS AVENUE|SUITE 101A|UNION
10|Mindlance Inc|1095 Morris Avenue|Suite 101 A|Union
10|Mindlance Inc|1095 Morris Avenue|Suite 101 A|UNION
10|Mindlance Inc|1095 Morris Avenue|Suite 101A|UNION
10|Mindlance Inc|1095 Morris Avenue|Suite 101A|Union
10|Cientra LLC|1095 Morris Avenue|Unit 101B|Union
10|Mindlance Inc|1095 Morris Avenue||Union
10|SUVIP SOLUTIONS INC|155 Village Blvd|Suite 202|Princeton
10|Kani Solutions Inc|155 Village Blvd|Suite 205|Princeton
10|Neurealm|155 Village Blvd|Suite 300|Princeton
10|Gavs Technologies N.A. Inc|155 Village Blvd|Suite 300|Princeton
10|GAVS Technologies NA Inc|155 Village Blvd|Suite 300|Princeton
10|Long 80 LLC|155 Village Blvd|Suite 300|Princeton
10|GAVS Technologies N.A. Inc|155 Village Blvd|Suite 300|Princeton
10|Neurealm Inc|155 Village Blvd|Suite 300|Princeton
10|Great Software Laboratory Inc|155 Village Blvd|Suite 300|Princeton
10|NEUREALM PRIVATE LIMITED|155 Village Blvd|Suite 300|Princeton
10|XENON INFOTEK INC|2 KILMER ROAD|SUITE B|EDISON
10|XENONINFOTEK INC|2 KILMER ROAD|SUITE B|EDISON
10|EATEAM INC|2 KILMER ROAD|SUITE D|NEW JERSEY
10|EATEAM INC|2 KILMER ROAD|SUITE D|EDISON
10|IP HEIGHTS LLC|2 KILMER ROAD||EDISON
10|XENONINFOTEK INC|2 KILMER ROAD||EDISON
10|EATEAM INC|2 KILMER ROAD||EDISON
10|GARDEN STATE IT SOLUTIONS INC|2 Kilmer Road|Suite D1|Edison
10|Eateam Inc|2 Kilmer Road||Edison
10|IP HEIGHTS LLC|2 Kilmer Road||Edison
10|ETEAM INC|285 DAVIDSON AVENUE|SUITE 406|SOMERSET
10|SYNERGY GLOBAL TECHNOLOGIES INC|285 DAVIDSON AVENUE|SUITE 501|SOMERSET
10|CORE ITS LIMITED LIABILITY COMPANY|285 DURHAM AVE|STE 7|SOUTH PLAINFIELD
10|ACCODIAN LLC|285 DURHAM AVE|SUITE 05|SOUTH PLAINFIELD
10|KAMBCON INC|285 DURHAM AVE|SUITE 10|S PLAINFIELD
10|BROADRANGE TECHNOLOGIES INC|285 DURHAM AVE|SUITE 2|SOUTH PLAINFIELD
10|CORE ITS LIMITED LIABILITY COMPANY|285 DURHAM AVE|SUITE 7|SOUTH PLAINFIELD
10|BROADRANGE TECHNOLOGIES INC|285 DURHAM AVE||SOUTH PLAINFIELD
10|Synergy Global Technologies Inc|285 Davidson AVenue|Suite 501|Somerset
10|The CARIAN Group Corporation|285 Davidson Avenue|Suite 204|Somerset
10|CARIAN Group|285 Davidson Avenue|Suite 304|Somerset
10|The CARIAN Group Corporation|285 Davidson Avenue|Suite 304|Somerset
10|CIMS Global LLC|285 Davidson Avenue|Suite 305|Somerset
10|SYNERGY GLOBAL TECHNOLOGIES INC|285 Davidson Avenue|Suite 501|Somerset
10|CIMS Global LLC|285 Davidson Avenue|Suite 504|Somerset
10|Employvision Inc|285 Davidson Avenue||Somerset
10|PORTAL CONSULTING INC|285 Durham Ave|Ste 8|South Plainfield
10|i5 TECH INC|285 Durham Ave|Suite 102|South Plainfield
10|Karwell Technologiies Inc|285 Durham Ave|Suite 11|South Plainfield
10|i5 TECH INC|285 Durham Ave|Suite 2|South Plainfield
10|TWIG INTERNATIONAL LLC|317 GEORGE STREET|SUITE 320|RARITAN
10|G-INFOTECH INC|317 GEORGE STREET|SUITE 320|NEW BRUNSWICK
10|VARS CONSULTING INC|317 GEORGE STREET|SUITE 320|NEW BRUNSWICK
10|WITH LLC|317 GEORGE STREET|SUITE 320|NEW BRUNSWICK
10|WITHLLC|317 GEORGE STREET|SUITE 320|NEW BRUNSWICK
10|Slyon Technologies LLC|317 George Street|Suite 320|New Brunswick
10|TechCoreGlobal LLC|317 George Street|Suite 320|New Brunswick
10|G-INFOTECH INC|317 George Street|Suite 320|New Brunswick
10|AdvanceInnovative LLC|317 George Street|Suite 320, 3rd floor plaza II|New Brunswick
10|ADVANCEINNOVATIVE LLC|317 George Street|Suite 320, 3rd floor plaza II|New Brunswick
10|ITCONNECTUS INC|345 PLAINFIELD AVE|103|EDISON
10|AZURE CONSULTING SERVICES LLC|345 PLAINFIELD AVE|SUITE 205|EDISON
10|DVR SOFTEK INC|345 PLAINFIELD AVE|SUITE 301|EDISON
10|RAYVEN IT SOLUTIONS LLC|345 PLAINFIELD AVE|SUITE 303|EDISON
10|GURUS IT SERVICES LLC|345 PLAINFIELD AVE|SUITE 304 305|EDISON
10|GURUS IT SERVICES LLC|345 PLAINFIELD AVE|Suite 304 305|EDISON
10|Tetraforzasoft Inc|345 Plainfield Ave|Suite 102|Edison
10|ITCONNECTUS INC|345 Plainfield Ave|Suite 103|Edison
10|Millennium Softtech Inc|345 Plainfield Ave|Suite 204|Edison
10|Millennium Softech Inc|345 Plainfield Ave|Suite 204|Edison
10|I3INFOTEK INC|379 THORNALL STREET|9TH FLOOR|EDISON
10|KENSINGTON INFORMATION GROUP INC|379 THORNALL STREET|9TH FLOOR|EDISON
10|MSR TECHNOLOGY GROUP LLC|379 THORNALL STREET|FLOOR 9|EDISON
10|KENSINGTON INFORMATION GROUP INC|379 THORNALL STREET|FLOOR 9|EDISON
10|I3 INFOTEK INC|379 THORNALL STREET|FLOOR 9|EDISON
10|Birlasoft Inc|379 Thornall Street|12th Floor|Edison
10|Birlasoft Consulting Inc|379 Thornall Street|12th Floor|Edison
10|Birlasoft Solutions Inc|379 Thornall Street|12th Floor|Edison
10|Birlasoft Computer Corporation|379 Thornall Street|12th Floor|Edison
10|Kensington Information Group Inc|379 Thornall Street|9th Floor|Edison
10|ESYSTEMS INC|4250 US ROUTE 1|SUITE 105|MONMOUTH JUNCTION
10|ESYSTEMS INC|4250 US ROUTE 1|SUITE 105|MONMOUNTH JUNCTION
10|eSystems Inc|4250 US ROUTE 1|SUITE 105|MONMOUTH JUNCTION
10|ESYSTEMS INC|4250 US ROUTE 1|SUITE 105|Monmouth Junction
10|ESYSTEMS INC|4250 US ROUTE 1|Suite 105|MONMOUTH JUNCTION
10|eSystems Inc|4250 US ROUTE 1|Suite 105|Monmouth Junction
10|eSystems Inc|4250 US Route 1|Suite 105|Monmouth Junction
10|DIGITRAN TECH SOLUTIONS INC|4250 US Route 1|Suite 109|Monmouth Junction
10|Synbio Technologies|4250 US Route 1|Suite 3|Monmouth Junction
10|Synbio Technologies LLC|4250 US Route 1|Suite 3|Monmouth Junction
10|Tech Mahindra Technologies Inc|500 HILLS DRIVE|SUITE 200A|BEDMINSTER
10|TECH MAHINDRA TECHNOLOGIES INC|500 HILLS DRIVE|SUITE 200A|BEDMINSTER
10|TECH MAHINDRA (AMERICAS) INC|500 HILLS DRIVE|SUITE 200A|BEDMINSTER
10|TECH MAHINDRA TECHNOLOGY INC|500 HILLS DRIVE|SUITE.200A|BEDMINSTER
10|Tech Mahindra (Americas) Inc|500 Hills Drive|Suite 200A|Bedminster
10|Tech Mahindra Technologies Inc|500 Hills Drive|Suite 200A|Bedminster
10|Tech Mahindra (America) Inc|500 Hills Drive|Suite 200A|Bedminster
10|TECH MAHINDRA (AMERICAS) INC|500 Hills Drive|Suite 200A|Bedminster
10|Tech Mahindra Technologies Inc|500 Hills Drive|Suite 200a|Bedminster
10|Tech Mahindra (Americas) Inc|500 Hills Drive||Bedminster
10|VISIONSOFT INC|742 ALEXANDER ROAD|105|PRINCETON
10|FRIENDLY CONSULTANTS INC|742 ALEXANDER ROAD|SUITE 104|PRINCETON
10|VISIONSOFT INC|742 ALEXANDER ROAD|SUITE 105|PRINCETON
10|WIZCOM CORPORATION|742 ALEXANDER ROAD|SUITE 301|PRINCETON
10|Visionsoft Inc|742 Alexander Road|Ste 105|Princeton
10|WIZCOM CORPORATION|742 Alexander Road|Ste 301|Princeton
10|WIZCOM CORPORATION|742 Alexander Road|Ste 301|PRINCETON
10|Friendly Consultants Inc|742 Alexander Road|Suite 104|Princeton
10|FRIENDLY CONSULTANTS INC|742 Alexander Road|Suite 104|Princeton
10|Visionsoft Inc|742 Alexander Road|Suite 105|Princeton
10|Janssen Scientific Affairs LLC|One Johnson & Johnson Plaza||New Brunswick
10|Johnson & Johnson Consumer Inc|One Johnson & Johnson Plaza||New Brunswick
10|Janssen Pharmaceuticals Inc|One Johnson & Johnson Plaza||New Brunswick
10|Janssen Biopharma Inc|One Johnson & Johnson Plaza||New Brunswick
10|Janssen R&D LLC|One Johnson & Johnson Plaza||New Brunswick
10|Janssen BioPharma Inc|One Johnson & Johnson Plaza||New Brunswick
10|Janssen Research and Development LLC|One Johnson & Johnson Plaza||New Brunswick
10|Janssen Global Services LLC|One Johnson & Johnson Plaza||New Brunswick
10|Johnson & Johnson Services Inc|One Johnson & Johnson Plaza||New Brunswick
10|Janssen Research & Development LLC|One Johnson & Johnson Plaza||New Brunswick
9|SRNL International Inc|1 BRIDGE PLAZA NORTH|SUITE 275|Fort Lee
9|SRNL INTERNATIONAL INC|1 BRIDGE PLAZA NORTH|SUITE 275|FORT LEE
9|SRNL INTERNATIONAL INC|1 BRIDGE PLAZA NORTH|SUITE 275|Fort Lee
9|SRNL International Inc|1 BRIDGE PLAZA NORTH|SUITE 275|FORT LEE
9|VICHARA TECHNOLOGIES INC|1 BRIDGE PLAZA NORTH|SUITE 675|FORT LEE
9|Bridge Solutions Group Inc|1 Bridge Plaza North|Ste 275|Fort Lee
9|SRNL International Inc|1 Bridge Plaza North|Suite 275|FORT LEE
9|SRNL INTERNATIONAL INC|1 Bridge Plaza North|Suite 275|Fort Lee
9|RYU LAW FIRM LLC|1 Bridge Plaza North|Suite 830|Fort Lee
9|New York Technology Partners Inc|120 WOOD AVENUE S|SUITE 504|Iselin
9|SHOOLIN INC|120 WOOD AVENUE S|SUITE 611|ISELIN
9|Shoolin Inc|120 Wood Avenue S|611|ISELIN
9|Shoolin Inc|120 Wood Avenue S|611|Iselin
9|New York Technology Partners Inc|120 Wood Avenue S|Suite 500|Iselin
9|New York Technology Partners Inc|120 Wood Avenue S|Suite 504|Iselin
9|Shoolin Inc|120 Wood Avenue S|Suite 611|Iselin
9|New York Technology Partners Inc|120 Wood Avenue S|suite 504|Iselin
9|Shoolin Inc|120 wood Avenue S|611|Iselin
9|INTERNATIONAL SYSTEMS TECHNOLOGIES INC|1249 SOUTH RIVER ROAD|SUITE 205|CRANBURY
9|International Systems Technologies Inc|1249 SOUTH RIVER ROAD|SUITE 205|CRANBURY
9|MANASI INFORMATION TECHNOLOGIES INC|1249 SOUTH RIVER ROAD|SUITE 207|CRANBURY
9|PALAYEKAR COMPANIES INC|1249 SOUTH RIVER ROAD|SUITE 209|CRANBURY
9|HGS EBOS LLC|1249 SOUTH RIVER ROAD|SUITE 302|CRANBURY
9|International Systems Technologies Inc|1249 South River Road|Suite 205|Cranbury
9|Manasi Information Technologies Inc|1249 South River Road|Suite 207|Cranbury
9|Palayekar Companies Inc|1249 South River Road|Suite 209|Cranbury
9|Advantage Engineering Associates, PC|1249 South River Road|Suite 303|Cranbury
9|AXIAS NY LLC|197 ROUTE 18 SOUTH|SUITE 200|EAST BRUNSWICK
9|AXIAS NY LLC|197 ROUTE 18 SOUTH|SUITE 3000|EAST BRUNSWICK
9|FAQ SYSTEMS INC|197 Route 18 South|Ste 3000|East Brunswick
9|Pilot Technologies LLC|197 Route 18 South|Suite 3000|East Brunswick
9|Novus Global Solutions LLC|197 Route 18 South|Suite 3000|East Brunswick
9|Pilot Technologies LLC|197 Route 18 South|Suite 3000|East  Brunswick
9|FAQ Systems Inc|197 Route 18 South|Suite 3000 South Tower|East Brunswick
9|Pilot Technologies LLC|197 Route 18 South|Suite 3000 South Wing|East Brunswick
9|FAQ Systems Inc|197 Route 18 South|Suite 3000, South Tower|East Brunswick
9|NOUS INFOSYSTEMS PVT. LTD.|200 METROPLEX DRIVE|200 METROPLEX DRIVE, SUITE 302|EDISON
9|IRIS SOFTWARE INC|200 METROPLEX DRIVE|SUITE 300|Edison
9|NOUS INFOSYSTEMS INC|200 METROPLEX DRIVE|SUITE 302|EDISON
9|NAIK CONSULTING GROUP, P.C.|200 METROPLEX DRIVE|SUITE 403|EDISON
9|Iris Software Inc|200 Metroplex Drive|Suite 300|EDISON
9|IRIS SOFTWARE INC|200 Metroplex Drive|Suite 300|EDISON
9|Iris Software Inc|200 Metroplex Drive|Suite 300|Edison
9|IRIS SOFTWARE INC|200 Metroplex Drive|Suite 300|Edison
9|SecurView Inc|200 Metroplex Drive|Suite 301|Edison
9|GLOBAL PHARMATEK LLC|2025 LINCOLN HIGHWAY|SUITE 225A|EDISON
9|Futran Solutions Inc|2025 Lincoln Highway|Suite 110|Edison
9|SG Healthcare and Pharma Tech Inc|2025 Lincoln Highway|Suite 120|Edison
9|Firefly Pros Inc|2025 Lincoln Highway|Suite 120|Edison
9|VSQUARE INFOTECH INC|2025 Lincoln Highway|Suite 120|Edison
9|Dimension Consulting Inc|2025 Lincoln Highway|Suite 140|Edison
9|Global Pharmatek LLC|2025 Lincoln Highway|Suite 225A|Edison
9|Global PharmaTek LLC|2025 Lincoln Highway|Suite 225A|Edison
9|Green PharmaTek Inc|2025 Lincoln Highway|Suite 225B|Edison
9|INCORPORAN INC|239 NEW ROAD|SUITE B 206|PARSIPPANY
9|MEDLEY NETWORKS INC|239 NEW ROAD|SUITE B202|PARSIPPANY
9|MEDLEY NETWORKS INC|239 NEW ROAD|SUITE B317|PARSIPPANY
9|YOTTA SYSTEMS INC|239 NEW ROAD|SUITE C 102|PARSIPPANY
9|Yotta Systems Inc|239 NEW ROAD|SUITE C102|PARSIPPANY
9|Urjha QuesTech Inc|239 New Road|Building B, Ste 107|Parsippany
9|Cynosoft Solutions Inc|239 New Road|Suite A105|Parsippany
9|CANUS TECH INC|239 New Road|Suite A320|Parsippany
9|Yotta Systems Inc|239 New Road|Suite C102|Parsippany
9|LTIMINDTREE Limited|25 INDEPENDENCE BLVD|SUITE 401|Warren
9|LTIMINDTREE Limited|25 INDEPENDENCE BLVD|SUITE 401|WARREN
9|LTIMINDTREE Limited|25 INDEPENDENCE BLVD|SUITE 401|WARREN,
9|LTIMINDTREE Limited|25 INDEPENDENCE BLVD|SUITE 401|warren
9|MINDTREE LIMITED|25 INDEPENDENCE BLVD||WARREN
9|LTIMINDTREE Limited|25 INDEPENDENCE BLVD||Warren
9|Mindtree Limited|25 Independence Blvd|Suite 401|Warren
9|LTIMindtree Limited|25 Independence Blvd|Suite 401|Warren
9|LTIMINDTREE LIMITED|25 Independence Blvd|Suite 401|Warren
9|GLOBAL DATA MART INC|2650 ROUTE 130|SUITE E|CRANBURY
9|MAHAUGHA LLC|2650 ROUTE 130|SUITE K|Cranbury
9|Mahaugha LLC|2650 ROUTE 130|SUITE K|CRANBURY
9|MANDALA|2650 ROUTE 130|SUITE K|CRANBURY
9|MAHAUGHA LLC|2650 ROUTE 130|SUITE K|CRANBURY
9|MAHAUGHA LLC|2650 ROUTE 130|SUITE K & H|CRANBURY
9|MAHAUGHA LLC|2650 Route 130|Suite K|Cranbury
9|Mahaugha LLC|2650 Route 130|Suite K|Cranbury
9|MAHAUGHA LLC|2650 Route 130|Suite K & H|Cranbury
9|AASRITA CONSULTING LLC|33 WOOD AVE SOUTH|SUITE 431|ISELIN
9|DRC SYSTEMS USA LLC|33 WOOD AVE SOUTH|SUITE 600|Iselin
9|SOFTTECHNO CORPORATION|33 WOOD AVE SOUTH|SUITE 600|ISELIN
9|HORIZON ADVANCED SYSTEMS INC|33 WOOD AVE SOUTH|SUITE 600|ISELIN
9|DRC SYSTEMS USA LLC|33 WOOD AVE SOUTH|Ste 600|Iselin
9|Horizon Advanced Systems Inc|33 Wood Ave South|Suite 600|Iselin
9|AB Infotek LLC|33 Wood Ave South|Suite 600|Iselin
9|PRAXIS CONSULTANTS INC|33 Wood Ave South|Suite 600|Iselin
9|Intuitive Technology Partners Inc|33 Wood Ave South|Suite 600|Iselin
9|RAYONSOFT TECHNOLOGIES INC|505 THORNALL STREET|SUITE 207|EDISON
9|BERDYEV LAW, P.C.|505 THORNALL STREET|SUITE 301|EDISON
9|AKVARR INC|505 THORNALL STREET|Suite 406|EDISON
9|GLOBAL DATA MANAGEMENT INC|505 Thornall Street|Suite 202|Edison
9|RAPS Consulting Inc|505 Thornall Street|Suite 202|Edison
9|RAPS Consulting Inc|505 Thornall Street|Suite 205|Edison
9|Berdyev Law, P.C.|505 Thornall Street|Suite 301|Edison
9|BERDYEV LAW, P.C.|505 Thornall Street|Suite 301|Edison
9|AKVARR INC|505 Thornall Street|Suite 406|Edison
9|VERTICAL RELEVANCE INC|51 JFK PARKWAY|1ST FLOOR WEST|SHORT HILLS
9|Endeavour Software Technologies Inc|51 JFK Parkway|1st Floor West, Suite 129|Short Hills
9|Jawood Business Process Solutions LLC|51 JFK Parkway|1st Floor West, Suite 129|Short Hills
9|BARKAWI MANAGEMENT CONSULTANTS LP|51 JFK Parkway|1st Floor West, Suite 129|Short Hills
9|Genpact LLC|51 JFK Parkway|1st Floor West, Suite 129|Short Hills
9|Headstrong Services LLC|51 JFK Parkway|1st Floor West, Suite 129|Short Hills
9|Rightpoint Consulting LLC|51 JFK Parkway|1st Floor, Suite 129|Short Hills
9|Pharmalink Consulting Inc|51 JFK Parkway|1st Floor, Suite 129|Short Hills
9|Razor Talent LLC|51 JFK Parkway|First Floor|Short Hills
9|TECH MATRIX INC|622 GEORGES ROAD|SUITE 102|NORTH BRUNSWICK
9|TECHMATRIX INC|622 GEORGES ROAD|SUITE 102|NORTH BRUNSWICK
9|Questpay Inc|622 Georges Road|Ste 203|North Brunswick
9|Techmatrix Inc|622 Georges Road|Suite 102|North Brunswick
9|Smart Source Technologies Inc|622 Georges Road|Suite 104|North Brunswick
9|Questpay Inc DBA V2 Technologies Inc|622 Georges Road|Suite 203|North Brunswick
9|Questpay Inc dba V2 Technologies Inc|622 Georges Road|Suite 203|North Brunswick
9|Questpay Inc d.b.a. V2 Technologies Inc|622 Georges Road|Suite 203|North Brunswick
9|Questpay Inc|622 Georges Road|Suite 203|North Brunswick
9|LIONOBYTES LLC|707 Alexander Road|STE 302|Princeton
9|CARDINAL INTEGRATED TECHNOLOGIES INC|707 Alexander Road|St 202|Princeton
9|Cardinal Technology Solutions Inc|707 Alexander Road|Ste 202|Princeton
9|Cardinal Integrated Technologies Inc|707 Alexander Road|Ste 202|Princeton
9|Corporate America Business Solutions Inc|707 Alexander Road|Ste 208 Bldg 2|PRINCETON
9|Corporate America Business Solutions Inc|707 Alexander Road|Ste 208 Bldg 2|Princeton
9|Elixir Technical Consulting LLC|707 Alexander Road|Suite 208|Princeton
9|iSpace Inc|707 Alexander Road|Suite 208|Princeton
9|LIONOBYTES LLC|707 Alexander Road|Suite 302|Princeton
8|SICL AMERICA INC|101 ROUTE 130 S|SUITE 411|CINNAMINSON
8|SICL AMERICA|101 Route 130 S|STE 411|Cinnaminson
8|SICL AMERICA INC|101 Route 130 S|STE 411|Cinnaminson
8|YES TECHNOLOGIES LLC|101 Route 130 S|Ste 456|RIVERTON
8|yes technologies llc|101 Route 130 S|Ste 456|Riverton
8|YES TECHNOLOGIES LLC|101 Route 130 S|Ste 456|Riverton
8|yes technologies llc|101 Route 130 S|Ste 456/8|Riverton
8|SICL AMERICA INC|101 Route 130 S|Suite 411|CINNAMINSON
8|Collabera Inc|110 Allen Road|1st Floor|Basking Ridge
8|Collabera Inc|110 Allen Road|N/A|Basking Ridge
8|Cliksource LLC|110 Allen Road||Basking Ridge
8|Ascendion Inc (formerly known as Collabera Inc)|110 Allen Road||Basking Ridge
8|Ascendion Inc (Formerly known as Collabera Inc)|110 Allen Road||Basking Ridge
8|Collabera LLC|110 Allen Road||Basking Ridge
8|Collabera Inc|110 Allen Road||Basking Ridge
8|Cognixia LLC|110 Allen Road||Basking Ridge
8|UNITED PHARMA TECHNOLOGIES INC|120 WOOD AVENUE SOUTH|SUITE 406|ISELIN
8|Shoolin Inc|120 Wood Avenue South|611|ISELIN
8|Shoolin Inc|120 Wood Avenue South|611|Iselin
8|UNITED PHARMA TECHNOLOGIES INC|120 Wood Avenue South|SUITE 406|Iselin
8|Fintech Consulting LLC|120 Wood Avenue South|Suite 300|Iselin
8|UNITED PHARMA TECHNOLOGIES INC|120 Wood Avenue South|Suite 406|Iselin
8|TechnoLogic Solutions LLC|120 Wood Avenue South|Suite 509 and 515|Iselin
8|Shoolin Inc|120 Wood Avenue South|Suite 611|Iselin
8|Ibase of Fairfield County LLC (d/b/a QualiTest Group)|1200 US RT-22|12|Bridgewater
8|Ibase of Fairfield County LLC (d/b/a Qualitest Group)|1200 US RT-22|12|Bridgewater
8|IBASE OF FAIRFIELD COUNTY LLC|1200 US RT-22|SUITE 12|BRIDGEWATER
8|Ibase Consulting of Fairfield County LLC|1200 US RT-22|Suite 12|Bridgewater
8|Ibase of Fairfield County LLC|1200 US RT-22|Suite 12|Bridgewater
8|Ibase of Fairfield County LLC (d/b/a QualiTest Group)|1200 US RT-22|Suite 12|Bridgewater
8|IBASE OF FAIRFIELD COUNTY LLC|1200 US RT-22|Suite 12|Bridgewater
8|IBase Consulting of Fairfield County LLC|1200 US RT-22|Suite 12|Bridgewater
8|OXYA CORPORATION|15 EXCHANGE PLACE|SUITE 1103|JERSEY CITY
8|OXYA CORPORATION|15 EXCHANGE PLACE|SUITE 620|JERSEY CITY
8|Bachi.Tech Corporation|15 Exchange Place|Floor 11|Jersey City
8|Bachi. Tech Corporation|15 Exchange Place|STE 1110|JERSEY CITY
8|Bachi.Tech Corporation|15 Exchange Place|STE 1110|Jersey City
8|Bachi. Tech Corporation|15 Exchange Place|STE 1110|Jersey City
8|oXya Corporation|15 Exchange Place|Suite 620|Jersey City
8|Prescient Healthcare Group Inc|15 Exchange Place|Suite 730|Jersey City
8|INDEGENE INC|150 COLLEGE ROAD WEST|SUITE 104|PRINCETON
8|FREYR INC|150 COLLEGE ROAD WEST|Suite 102|PRINCETON
8|Freyr Inc|150 College Road West|Suite 102|Princeton
8|Freyr Inc|150 College Road west|Suite 102|Princeton
8|Freyr INC|150 college Road West|Suite 102|Princeton
8|Freyr INC|150 college Road west|Suite 102|Princeton
8|Freyr INC|150 college road west|Suite 102|Princeton
8|Freyr Inc|150 college road west|Suite 102|Princeton
8|IFLOWSOFT SOLUTIONS INC|200 MIDDLESEX ESSEX TPKE|STE 203 A|ISELIN
8|IFLOWSOFT SOLUTIONS INC|200 MIDDLESEX ESSEX TPKE|STE 203A|ISELIN
8|IFLOWSOFT SOLUTIONS INC|200 MIDDLESEX ESSEX TPKE|STE 203A|Iselin
8|VST CONSULTING INC|200 MIDDLESEX ESSEX TPKE|SUITE 201|ISELIN
8|Globaltek Systems LLC|200 MIDDLESEX ESSEX TPKE|SUITE 201A|Iselin
8|GLOBALTEK SYSTEMS LLC|200 MIDDLESEX ESSEX TPKE|SUITE 201A|ISELIN
8|IFLOWSOFT SOLUTIONS INC|200 MIDDLESEX ESSEX TPKE|SUITE 203A|ISELIN
8|I28 TECHNOLOGIES CORPORATION|200 MIDDLESEX ESSEX TPKE|SUITE 210|ISELIN
8|INFOVILLE INC|2162 ROUTE 206|2ND FLOOR|MONTGOMERY
8|INFOVILLE INC|2162 ROUTE 206|2ND FLOOR|MONTGOMERY TOWNSHIP
8|Infoville Inc|2162 Route 206|2nd Flr, Suite 2|Belle Mead
8|Infoville Inc|2162 Route 206|2nd floor|Belle Mead
8|Infoville Inc|2162 Route 206|2nd floor|Montgomery
8|Innovatech Solutions Inc|2162 Route 206|2nd floor, Suite 8|Belle Mead
8|Infoville Inc|2162 Route 206|Flr 2|Belle Mead
8|Infoville Inc|2162 Route 206|Flr 2, Suite 2|Belle Mead
8|PCB APPS LLC|265 DAVIDSON AVENUE|SUITE 215|SOMERSET
8|TCG DIGITAL SOLUTIONS LLC|265 DAVIDSON AVENUE|SUITE 220|SOMERSET
8|LabVantage Solutions Inc|265 Davidson Avenue|STE 220|Somerset
8|Crete PA Holdco LLC|265 Davidson Avenue|Suite 210|Somerset
8|Crete PA HoldCo LLC|265 Davidson Avenue|Suite 210|Somerset
8|Pharmaron (US) Clinical Services Inc|265 Davidson Avenue|Suite 219|Somerset
8|TCG Digital Solutions LLC|265 Davidson Avenue|Suite 220|Somerset
8|LabVantage Solutions Inc|265 Davidson Avenue|Suite 220|Somerset
8|TEKGENTE SOLUTIONS INC|295 DURHAM AVE|STE A|SOUTH PLAINFIELD
8|I2C BUSINESS SOLUTIONS INC|295 DURHAM AVE|SUITE 203|SOUTH PLAINFIELD
8|CLOUD ONE INC|295 DURHAM AVE|SUITE 212|SOUTH PLAINFIELD
8|Source Mantra Inc|295 Durham Ave|STE 201,|South Plainfield
8|Axle IT Inc|295 Durham Ave|Ste  209|South Plainfield
8|Cloud5 Solutions Inc|295 Durham Ave|Ste 102|South Plainfield
8|Cloud5 Solutions Inc|295 Durham Ave|Suite 102|South Plainfield
8|Axle IT Inc|295 Durham Ave|Suite 209|South Plainfield
8|Exzac|3 2nd Street|802 Suite|Jersey City
8|Exzac Inc dba Matrix-IFS|3 2nd Street|802 Suite|Jersey City
8|Exzac Inc|3 2nd Street|802 Suite|Jersey City
8|UnionPay International (USA) LLC|3 2nd Street|Suite 208|Jersey City
8|Exzac Inc|3 2nd Street|Suite 802|Jersey City
8|Exzac Inc dba Matrix-IFS|3 2nd Street|Suite 802|Jersey City
8|EXZAC INC|3 2nd Street|Suite 802|Jersey City
8|Exzac|3 2nd Street|Suite 802|Jersey City
8|Langan Engineering and Environmental Services LLC|300 Kimball Drive|4th Floor|Parsippany
8|Langan Engineering and Environmental Services LLC|300 Kimball Drive|4th Floor|Parsipppany
8|Langan Engineering & Environmental Services LLC|300 Kimball Drive|4th Floor|Parsippany
8|Langan Engineering and Environmental Services Inc|300 Kimball Drive|4th Floor|Parsippany
8|Langan Engineering and Environmental Services LLC|300 Kimball Drive|Floor 4|Parsippany-Troy Hills
8|Langan Engineering and Environmental Services LLC|300 Kimball Drive|Floor 4|Parsippany
8|Langan Engineering and Environmental Services LLC|300 Kimball Drive||Parsippany
8|Langan Engineering and Environmental Services Inc|300 Kimball Drive||Parsippany
8|TEKNOZION INC|33 S WOOD AVE|STE 449|ISELIN
8|TEKNOZION INC|33 S WOOD AVE||ISELIN
8|AdvanceIT Technologies LLC|33 S Wood Ave|STE 600|Iselin
8|Squad Software Inc|33 S Wood Ave|SUITE 600|ISELIN
8|SQUAD SOFTWARE INC|33 S Wood Ave|SUITE 600|ISELIN
8|Squad Software Inc|33 S Wood Ave|Suite 600|Iselin
8|Squad Software Inc,|33 S Wood Ave|Suite 600|Iselin
8|Opelsoft|33 S Wood Ave|Suite 600|Iselin
8|SAAN INTERNATIONAL LLC|33 WOOD AVE S|SUITE 600|ISELIN
8|SAAN INTERNATIONAL|33 WOOD AVE S|SUITE 600|ISELIN
8|Ephicacy Consulting Group Inc|33 WOOD AVE S|Suite 600|ISELIN
8|Congensys Corp.|33 Wood Ave S|SUITE 646|Iselin
8|MARGIN5 SOLUTIONS INC|33 Wood Ave S|SUITE 710|Iselin
8|Solytics Partners LLC|33 Wood Ave S|Suite 430|Iselin
8|MOYI INC|33 Wood Ave S|Suite 600|Iselin
8|ARROSOFT SOLUTIONS LLC|33 Wood Ave S|Suite 665, 667|Iselin
8|TROVETECHS INC|390 AMWELL ROAD|SUITE 313|HILLSBOROUGH
8|DATAMART SYSTEMS INC|390 AMWELL ROAD|SUITE 314|HILLSBOROUGH
8|ACCODIAN LLC|390 AMWELL ROAD|SUITE 328|HILLSBOROUGH
8|Datamart Systems Inc|390 AMWELL ROAD|Suite 314|HILLSBOROUGH
8|SBS Info Systems LLC|390 Amwell Road|314|Hillsborough
8|Sumptuous Data Sciences LLC|390 Amwell Road|Suite 311|Hillsborough
8|Trovetechs Inc|390 Amwell Road|Suite 313|Hillsborough
8|Datamart Systems Inc|390 Amwell Road|Suite 314|HILLSBOROUGH
8|PHARMALINE TECHNOLOGIES INC|40 BRUNSWICK AVE|STE 206|EDISON
8|VYSoft Solutions Inc|40 BRUNSWICK AVE|SUITE 205|EDISON
8|ANJS Technologies LLC|40 Brunswick Ave|SUITE 203|EDISON
8|REALTECH SERVICES LLC|40 Brunswick Ave|Suite 100|EDISON
8|G3 Soft Inc|40 Brunswick Ave|Suite 100B|Edison
8|Bright Bird Technologies Inc|40 Brunswick Ave|Suite 203|Edison
8|Bright Bird Technologies Inc|40 Brunswick Ave|Suite 204|Edison
8|Techno9 Solutions Inc|40 Brunswick Ave|Suite 205|Edison
8|WERUM IT SOLUTIONS AMERICA INC|5 SYLVAN WAY|Suite 200|PARSIPPANY
8|Werum IT Solutions America Inc|5 Sylvan Way|200|Parsippany
8|Werum IT Solutions America Inc|5 Sylvan Way|Suite 200|Parsippany
8|Körber Pharma Software Inc|5 Sylvan Way|Suite 200|Parsippany
8|KÃ¶rber Pharma Software Inc|5 Sylvan Way|Suite 200|Parsippany
8|Koerber Pharma Software Inc|5 Sylvan Way|Suite 200|Parsippany
8|Werum IT Solutions America Inc|5 Sylvan Way||Parsippany
8|FCBCure LLC|5 Sylvan Way||Parsippany
8|TK-CHAIN LLC|500 COLLEGE ROAD EAST|STE 202|PRINCETON
8|TK-CHAIN LLC|500 COLLEGE ROAD EAST|SUITE 202|PRINCETON
8|PAMTEN INC|500 COLLEGE ROAD EAST|SUITE 234|PRINCETON
8|Innoveo LLC|500 College Road East|Ste 250|Princeton
8|Innoveo Inc|500 College Road East|Ste 250|Princeton
8|TK-Chain LLC|500 College Road East|Suite 202|Princeton
8|PamTen Inc|500 College Road East|Suite 234|Princeton
8|RXLOGIX CORPORATION|500 College Road East|Suite 410|Princeton
8|Coforge Limited f/k/a NIIT TechnologiesLimited|502 Carnegie Center Drive|Suite 301|Princeton
8|Coforge DPA NA Inc|502 Carnegie Center Drive|Suite 301|Princeton
8|Coforge Limited|502 Carnegie Center Drive|Suite 301|Princeton
8|Coforge Inc f/k/a NIIT Technologies Inc|502 Carnegie Center Drive|Suite 301|Princeton
8|Coforge Inc|502 Carnegie Center Drive|Suite 301|Princeton
8|Coforge Limited f/k/a NIIT Technologies Limited|502 Carnegie Center Drive|Suite 301|Princeton
8|Coforge DPA NA Inc f/k/a Incessant Technologies NA Inc|502 Carnegie Center Drive|Suite 301|Princeton
8|Coforge Limited|502 Carnegie Center Drive||Princeton
8|WithumSmith & Brown, PC|506 Carnegie Center|Suite 400|Princeton
8|WithumSmithBrown|506 Carnegie Center|Suite 400|Princeton
8|WithumSmith Brown, P.C.|506 Carnegie Center|Suite 400|Princeton
8|MSG Global Solutions Inc/;|506 Carnegie Center|Suite 401|Princeton
8|MSG Global Solutions Inc|506 Carnegie Center|Suite 401|Princeton
8|msg global solutions, inc|506 Carnegie Center|Suite 401|Princeton
8|msg Global Solutions Inc|506 Carnegie Center|Suite 401|Princeton
8|msg global, inc|506 Carnegie Center|Suite 401|Princeton
8|CONSIGA TECHNOLOGIES INC|591 SUMMIT AVENUE|STE 505|JERSEY CITY
8|CONSIGA TECHNOLOGIES INC|591 SUMMIT AVENUE|STE 505|Jersey City
8|CONSIGA TECHNOLOGIES INC|591 SUMMIT AVENUE|SUITE 505|JERSEY CITY
8|CONSIGA TECHNOLOGIES INC|591 SUMMIT AVENUE|Suite 505|JERSEY CITY
8|ALTERNATIVE HEALTHCARE VENTURES IN AMERICA STAFFING SOLUTIONS LLC|591 Summit Avenue|Suite 413|Jersey City
8|NILE TECH INC|591 Summit Avenue|Suite 504|Jersey City
8|NILE TECH INC|591 Summit Avenue|Suite 504|New Jersey
8|CONSIGA TECHNOLOGIES INC|591 Summit Avenue|Suite 505|Jersey City
8|MTSS Group Inc|593 Stelton Road||PISCATAWAY
8|MTSS Inc|593 Stelton Road||Piscataway
8|MTSS Group Inc|593 Stelton Road||Piscataway
8|MTSS|593 Stelton Road||Piscataway
8|MedTech Staffing & Solutions Inc|593 Stelton Road||Piscataway
8|MTSS Group|593 Stelton Road||Piscataway
8|MTSS GROUP INC|593 Stelton Road||PISCATAWAY
8|MedTech Staffing and Solutions Inc|593 Stelton Road||Piscataway
8|CHARLES KOMAR & SONS INC|90 HUDSON STREET||Jersey City
8|Lord, Abbett & Co. LLC|90 Hudson Street|11th Floor|Jersey City
8|Lord, Abbett & Co. LLC|90 Hudson Street|Floor 11|Jersey City
8|Lord, Abbett & Co. LLC|90 Hudson Street|Floor 12|Jersey City
8|Lord Abbett & Co. LLC|90 Hudson Street|Floor 12|Jersey City
8|Lord Abbett & Co.|90 Hudson Street|Floor 12|Jersey City
8|Lord, Abbett & Co. LLC|90 Hudson Street|Lord, Abbett & Co. LLC|Jersey City
8|Lord, Abbett & Co. LLC|90 Hudson Street||Jersey City
8|TECHNOID9 LLC|ONE GATEWAY CENTER|SUITE 2600|NEWARK
8|Leeds LLC|One Gateway Center|Suite 2310|Newark
8|Tecnhoid9 LLC|One Gateway Center|Suite 2600|Newark
8|TechnoLogic Solutions LLC|One Gateway Center|Suite 2600|Newark
8|Technoid9 LLC|One Gateway Center|Suite 2600|Kearny
8|Technoid9 LLC|One Gateway Center|Suite 2600|Newark
8|EACH Engineering LLC|One Gateway Center|Suite 2600|Newark
8|Gibbons, P.C.|One Gateway Center||Newark
7|NEO TECH SOLUTIONS INC|1 CRAGWOOD ROAD|SUITE 301|SOUTH PLAINFIELD
7|Global Information Technology Inc|1 Cragwood Road|Suite 101|South Plainfield
7|Aliron International Inc,|1 Cragwood Road|Suite 101|South Plainfield
7|The CARIAN Group Corporation|1 Cragwood Road|Suite 300|South Plainfield
7|The Carian Group Corporation|1 Cragwood Road|Suite 300|South Plainfield
7|Virtual Reality Kingdom Technologies LLC|1 Cragwood Road|Suite 301|South Plainfield
7|Virtual Reality Kingdom Technologies LLC|1 Cragwood Road||South Plainfield
7|AVERON SERVICES INC|1 ETHEL ROAD|STE 102 D 1|EDISON
7|CAERUSGLOBAL INC|1 ETHEL ROAD|SUITE 102 C|EDISON
7|ENIAC SYSTEMS INC|1 ETHEL ROAD|SUITE 102 D 2|EDISON
7|AVERON SOLUTIONS INC|1 ETHEL ROAD|SUITE 102 D1|EDISON
7|CAERUSGLOBAL INC|1 ETHEL ROAD|SUITE 103 B 2|EDISON
7|i5 TECH INC|1 ETHEL ROAD|SUITE 103B|EDISON
7|CAERUSGLOBAL INC|1 ETHEL ROAD|Suite 103B 2|EDISON
7|GLOBAL APPLICATIONS SOLUTIONS LLC|1 MEADOWLANDS PLAZA|SUITE 202|EAST RUTHERFORD
7|Global Applications Solution LLC|1 MEADOWLANDS PLAZA|SUITE 216|EAST RUTHERFORD
7|GLOBAL APPLICATIONS SOLUTIONS LLC|1 MEADOWLANDS PLAZA|SUITE 216|EAST RUTHERFORD
7|NEURASOL INC|1 MEADOWLANDS PLAZA|SUITE 243|EAST RUTHERFORD
7|NEURASOL INC|1 MEADOWLANDS PLAZA|SUITE 243|RUTHERFORD
7|Desh Law Amit Deshmukh Esquire|1 Meadowlands Plaza|Suite 200|East Rutherford
7|Maes Solutions INC|1 Meadowlands Plaza|Suite 200|East Rutherford
7|INCEDO INC|100 Campus Drive|4th Floor, Suite 420|Florham Park
7|Incedo Inc|100 Campus Drive|4th Floor, Suite 420|Florham Park
7|The Weisscomm Group LTD|100 Campus Drive|Suite 300|Florham Park
7|Wiss and Company, LLP|100 Campus Drive|Suite 400|Florham Park
7|Wiss & Company, LLP|100 Campus Drive|Suite 400|Florham Park
7|Wiss & Company, LLP|100 Campus Drive|Suite 400|FLORHAM PARK
7|INCEDO INC|100 Campus Drive|Suite 420|Florham Park
7|AVANCE TECHNOLOGY SERVICES INC|100 Franklin Sq Drive|Suit 209|somerset
7|AVANCE TECHNOLOGY SERVICES INC|100 Franklin Sq Drive|Suit 209|SOMERSET
7|Avance Technology Services Inc|100 Franklin Sq Drive|Suite 209|somerset
7|Avance Technology Services Inc|100 Franklin Sq Drive|Suite 209|SOMERSET
7|Avance Technology Services Inc|100 Franklin Sq Drive|Suite 209|Somerset
7|AVANCE TECHNOLOGY SERVICES INC|100 Franklin Sq Drive|Suite 209|somerset
7|AVANCE TECHNOLOGY SERVICES INC|100 Franklin Sq Drive|suit 209|somerset
7|Persistent Systems Inc|100 Somerset Corporate Blvd|5th Floor|Bridgewater
7|Alacriti Payments LLC|100 Somerset Corporate Blvd|Floor 2|Bridgewater
7|Alacriti Inc|100 Somerset Corporate Blvd|Floor 2|Bridgewater
7|Alacriti Payments Inc|100 Somerset Corporate Blvd|Floor 2|Bridgewater
7|Brightech International LLC|100 Somerset Corporate Blvd|Ste 3001|Bridgewater
7|ORACLE AMERICA INC|100 Somerset Corporate Blvd|Suite 300|Bridgewater
7|ORACLE FINANCIAL SERVICES SOFTWARE INC|100 Somerset Corporate Blvd|Suite 300|Bridgewater
7|NB Ventures Inc|100 Walnut Avenue|3 Floor|Clark
7|NB Ventures Inc dba GEP|100 Walnut Avenue|3 Floor|Clark
7|NB Ventures Inc|100 Walnut Avenue|3rd Floor|Clark
7|NB Ventures Inc|100 Walnut Avenue|Floor 3|Clark
7|Nb Ventures Inc|100 Walnut Avenue|Floor 3|Clark
7|CONTRIVA INC|100 Walnut Avenue|Suite 210|Clark
7|NB Ventures Inc|100 Walnut Avenue||Clark
7|DATAEDGE CONSULTING INC|101 MORGAN LN|STE 203B|PLAINSBORO
7|DataEdge Consulting Inc|101 MORGAN LN|SUITE 203B|Plainsboro
7|DATAEDGE CONSULTING INC|101 MORGAN LN|SUITE 203B|PLAINSBORO
7|DataEdge Consulting Inc|101 Morgan Ln|Suite 203B|Plainsboro
7|DataEdge Consulting|101 Morgan Ln|Suite 203B|Plainsboro
7|0 0 DataEdge Consulting Inc|101 Morgan Ln|Suite 203B|Plainsboro
7|K3-Innovations Inc|101 Morgan Ln|Suite 206|Plainsboro
7|COMPUNNEL SOFTWARE GROUP INC|103 MORGAN LANE|SUITE 102|PLAINSBORO
7|Atlas Communication Technology Inc|103 Morgan Lane|Suite 101|Plainsboro
7|Atlas Smart IMS LLC|103 Morgan Lane|Suite 101|Plainsboro
7|Smart Information Management Systems Inc|103 Morgan Lane|Suite 104|Plainsboro
7|ConnX Inc|103 Morgan Lane|Suite 104|Lawrence Township
7|ConnX Inc|103 Morgan Lane|Suite 104|Plainsboro
7|ConnX Inc|103 Morgan Lane||Plainsboro
7|DATASYS CONSULTING & SOFTWARE INC|116 VILLAGE BLVD.|SUITE 240|PRINCETON
7|Addiox Technologies LLC|116 Village Blvd.|Ste 200|Princeton
7|Verneek Inc|116 Village Blvd.|Suite 200|Princeton
7|ERPVIZ LLC|116 Village Blvd.|Suite 200|Princeton
7|Carnegie Software Corporation|116 Village Blvd.|Suite 200|Princeton
7|Addiox Technologies LLC|116 Village Blvd.|Suite 200|Princeton
7|OpenRisk Technologies Inc|116 Village Blvd.|Suite 200|Princeton
7|RED SALSA TECHNOLOGIES INC|12 ROSZEL ROAD|SUITE A 204|PRINCETON
7|FORTUNE ADVANCED TECHNOLOGIES LLC|12 ROSZEL ROAD|SUITE C103|PRINCETON
7|YANGTZE RIVER CONSULTING SERVICE LLC|12 ROSZEL ROAD|SUITE C103|PRINCETON
7|BEST HIGH TECHNOLOGIES LLC|12 ROSZEL ROAD|SUITE C103|PRINCETON
7|NEA CONSULTING INC|12 Roszel Road|Suite 204C|Princeton
7|Inderjit K. Sidhu, ESQ. LLC|12 Roszel Road|Suite A203|PRINCETON
7|Clinpharma Consulting Global Group LLC|12 Roszel Road|Suite C103|Princeton
7|SHOOLIN INC|120 WOOD AVENUE S.|SUITE 611|ISELIN
7|Shoolin Inc|120 Wood Avenue S.|611|Old Bridge
7|Shoolin Inc|120 Wood Avenue S.|611|Iselin
7|New York Technology Partners Inc|120 Wood Avenue S.|Suite 504|Iselin
7|New York Technology Partners Inc|120 Wood Avenue S.|Suite504|Iselin
7|New York Technology Partners, inc.|120 Wood Avenue S.|suite 504|Iselin
7|New York Technology Partners Inc|120 Wood Avenue S.|suite 504|Iselin
7|Amistad Technologies Inc|1200 US HIGHWAY 22 E|STE 2000|BRIDGEWATER
7|Satya Soft Solutions LLC|1200 US HIGHWAY 22 E|SUITE 2000|BRIDGEWATER
7|LEDGER HUB INC|1200 US HIGHWAY 22 E|SUITE 2000|BRIDGEWATER
7|LedgerHub Inc|1200 US Highway 22 E|SUITE 2000|BRIDGEWATER
7|LedgerHub Inc|1200 US Highway 22 E|Suite 2000|Bridgewater
7|Ledger Hub Inc|1200 US Highway 22 E|Suite 2000|Bridgewater
7|LedgeHub Inc|1200 US Highway 22 E|Suite 2000|Bridgewater
7|CYGNET INFOTECH LLC|125 VILLAGE BLVD|STE 315|PRINCETON
7|REAL SOFT INC|125 VILLAGE BLVD|SUITE 200|PRINCETON
7|Data Glove Inc|125 Village Blvd|Suite 125|Princeton
7|Data Glove Inc|125 Village Blvd|Suite 270|Princeton
7|Atyeti Inc|125 Village Blvd|Suite 320|Princeton
7|Codesmart Inc|125 Village Blvd||Plainsboro
7|Data Glove Inc|125 Village blvd|Suite 270|Princeton
7|Lemongrass Consulting US Inc|180 TALMADGE ROAD|IGO BLDG, SUITE 798|EDISON
7|DHIBYTE LLC|180 TALMADGE ROAD|SUITE 1|EDISON
7|FIUNEX INC|180 TALMADGE ROAD|SUITE 546|EDISON
7|FiunEx Inc|180 TALMADGE ROAD|SUITE 546|Edison
7|FiunEx Inc|180 TALMADGE ROAD|SUITE 548|Edison
7|Lemongrass Consulting US Inc|180 Talmadge Road|IGO Bldg, Suite 798|Edison
7|S V R CONSULTANCY|180 Talmadge Road|N/A|Edison
7|TRIUNITY SOFTWARE INC|200 MIDDLESEX ESSEX TURNPIKE|SUITE 100|ISELIN
7|VST CONSULTING INC|200 MIDDLESEX ESSEX TURNPIKE|SUITE 201|ISELIN
7|GLOBALTEK SYSTEMS LLC|200 MIDDLESEX ESSEX TURNPIKE|SUITE 201A|ISELIN
7|I28 TECHNOLOGIES CORPORATION|200 MIDDLESEX ESSEX TURNPIKE|SUITE 210|ISELIN
7|CODINIX INC|200 MIDDLESEX ESSEX TURNPIKE|SUITE 306E|ISELIN
7|Globaltek Systems LLC|200 Middlesex Essex Turnpike|Suite  201A|Iselin
7|Human Resource and Knowledge Inc|200 Middlesex Essex Turnpike|Suite 306H|Iselin
7|MFXchange US Inc|201 Littleton Road|250|Morris Plains
7|MFXchange US Inc|201 Littleton Road|STE 220|Morris Plains
7|MFXchange US Inc|201 Littleton Road|STE 250|Morris Plains
7|MFXchange US Inc|201 Littleton Road|SUITE 220|Morris Plains
7|MFXchange US Inc|201 Littleton Road|Ste 250|Morris Plains
7|MFXchange US Inc|201 Littleton Road|Suite 250|Morris Plains
7|MFXCHANGE US INC|201 Littleton Road||Morris Plains
7|ITON INC|204 ARK ROAD|SUITE 208 O|MOUNT LAUREL
7|GAR Technologies Inc|204 Ark Road|208E|Mount Laurel
7|GAR Technologies Inc|204 Ark Road|Suite 208 E|Mount Laurel
7|GAR TECHNOLOGIES INC|204 Ark Road|Suite 208 E|Mount Laurel
7|Iton INC|204 Ark Road|Suite 208 O|Mount Laurel
7|GAR Technologies Inc|204 Ark Road|Suite 208E|Chesterfield
7|GAR Technologies Inc|204 Ark Road|Suite 208E|Mount Laurel
7|ValueMomentum Inc|220 OLD NEW BRUNSWICK ROAD|1ST FLOOR|PISCATAWAY
7|VALUEMOMENTUM INC|220 OLD NEW BRUNSWICK ROAD||PISCATAWAY
7|Value Momentum Inc|220 Old New Brunswick Road|1st Floor|Piscataway
7|ValueMomentum Inc|220 Old New Brunswick Road|1st Floor|Piscataway
7|Value Momentum Inc|220 Old New Brunswick Road||Piscataway
7|ValueMomentum Inc|220 Old New Brunswick Road||Piscataway
7|VALUEMOMENTUM INC|220 Old New Brunswick Road||Piscataway
7|WAILEA SYSTEMS LLC|2525 ROUTE 130|BLDG. E, SUITE 102|CRANBURY
7|WAILEA SYSTEMS LLC|2525 ROUTE 130|BUILDING E, SUITE 102|CRANBURY
7|NOVAMEGHA LLC|2525 ROUTE 130|BUILDING E, SUITE 104|CRANBURY
7|Masterex Technologies Inc|2525 ROUTE 130|Suite E|CRANBURY
7|WAILEA SYSTEMS LLC|2525 Route 130|Building E, Suite 102|CRANBURY
7|Euclid Technologies LLC|2525 Route 130||Cranbury
7|Masterex Technologies Inc|2525 Route 130||Cranbury
7|GalaxE.Solutions Inc|270 DAVIDSON AVENUE||Somerset
7|GalaxE.Solutions Inc|270 DAVIDSON AVENUE||SOMERSET
7|TK-Chain LLC|270 Davidson Avenue|1st Floor, Suite 111|Somerset
7|DataSycle LLC|270 Davidson Avenue|1st Floor, Suite 115|Somerset
7|BinaryITech LLC|270 Davidson Avenue|Suite 305|Somerset
7|GalaxE Solutions Inc|270 Davidson Avenue||Somerset
7|GalaxE.Solutions Inc|270 Davidson Avenue||Somerset
7|Chenoa Information Services Inc|300 CONNELL DRIVE|SUITE 1000|Berkeley Heights
7|AXTRIA INC|300 Connell Drive|5th Floor|Berkeley Heights
7|Stonewain Systems Inc|300 Connell Drive|SUITE 3200|Berkeley Heights
7|Axis Group LLC|300 Connell Drive|Suite 3000|Berkeley Heights
7|Axis Analytics LLC|300 Connell Drive|Suite 3000|Berkeley Heights
7|Axis Analytics LLC d.b.a. Axis Group|300 Connell Drive|Suite 3000|Berkeley Heights
7|Chugai Pharma USA Inc|300 Connell Drive|Suite 3100|Berkeley Heights
7|ADVANCEINNOVATIVE LLC|317 GEORGE ST|STE 320, 3RD FLOOR PLAZA II|NEW BRUNSWICK
7|ADVANCEINNOVATIVE LLC|317 GEORGE ST|STE 320, 3rd floor plaza II|NEW BRUNSWICK
7|ADVANCEINNOVATIVE LLC|317 GEORGE ST|STE 320. 3rd floor plaza II|NEW BRUNSWICK
7|ADVANCEINNOVATIVE LLC|317 GEORGE ST|Suite 320, 3rd floor plaza II|NEW BRUNSWICK
7|Advanceinnovative|317 George St|3rd Floor|New Brunswick
7|Advanceinnovative|317 George St|3rd floor|New Brunswick
7|Saduptech Inc|317 George St|Suite 320|New Bruinswick
7|ARIVA INFOTECH LLC|330 CHANGEBRIDGE ROAD|SUITE 101|PINE BROOK
7|AZZO USA LLC|330 CHANGEBRIDGE ROAD|SUITE 101|PINE BROOK
7|Easy Access USA Inc|330 Changebridge ROAD|Ste 101|Pine Brook
7|Azzo USA LLC|330 Changebridge Road|101|Pine Brook
7|Easy Access USA|330 Changebridge Road|Ste 101|Pine Brook
7|Easy Access USA Inc|330 Changebridge Road|Ste 101|Pine Brook
7|Easy Access USA Inc|330 Changebridge Road|Suite 101|Pine Brook
7|DIVERSANT LLC|331 NEWMAN SPRINGS ROAD|BUILDING 3, 2ND FLOOR, SUITE 350|RED BANK
7|Diversant LLC|331 NEWMAN SPRINGS ROAD|Building 3, 2nd Floor Suite 350|Red Bank
7|INTERNATIONAL INFORMATION TECHNOLOGY TEAM INC|331 NEWMAN SPRINGS ROAD|SUITE 143, BLDG. 1|RED BANK
7|INTERNATIONAL INFORMATION TECHNOLOGY TEAM INC|331 NEWMAN SPRINGS ROAD|SUITE 143, BLDG. 1, 4th FLOOR|RED BANK
7|Diversant LLC|331 Newman Springs Road|Building 3, 2nd Floor, Suite 350|Red Bank
7|Colliers Engineering & Design Inc|331 Newman Springs Road|Suite 203|Red Bank
7|Colliers Engineering & Design INC|331 Newman Springs Road|Suite 203|Red Bank
7|SCADEA SOLUTIONS INC|3490 US HWY 1|STE 11|PRINCETON
7|SCADEA SOLUTIONS INC|3490 US HWY 1|SUITE 11|PRINCETON
7|SCADEA SOFTWARE SOLUTIONS INC|3490 US HWY 1|SUITE 11|PRINCETON
7|Scadea Solutions Inc|3490 US HWY 1|SUITE 11|Princeton
7|Scadea Software Solutions Inc|3490 US HWY 1|Suite 11|Princeton
7|SCADEA SOLUTIONS INC|3490 US HWY 1||PRINCETON
7|Scadea Software Solutions Inc|3490 US Hwy 1|Suite 11|Princeton
7|Allied I.T. Consultancy LLC|35 JOURNAL SQUARE|STE 628|JERSEY CITY
7|ARISTON TEK INC|35 JOURNAL SQUARE|STE 805|JERSEY CITY
7|DSSC CONSULTING LLC|35 JOURNAL SQUARE|SUITE 207|JERSEY CITY
7|Spica Computers LLC|35 Journal Square|4th Floor, Number 483|Jersey City
7|OM Consulting Engineers Group LLC|35 Journal Square|8th Floor, Suite 807|Jersey City
7|OM Consulting Engineers Group LLC|35 Journal Square|8th Floor, Suite 816|Jersey City
7|DSSC CONSULTING LLC|35 Journal Square|Suite 207|Jersey City
7|Isite Technologies Inc|379 PRINCETON HIGHTSTOWN ROAD|BUILDING 3 SECOND FLOOR|EAST WINDSOR
7|Isite Technologies Inc|379 PRINCETON HIGHTSTOWN ROAD|BUILDING 3 SECOND FLOOR STE 3203|EAST WINDSOR
7|Malvi Systems LLC|379 Princeton Hightstown Road|Bldg 2 Fl 2|East Windsor
7|Malvi Systems LLC|379 Princeton Hightstown Road|Bldg 2 Flr 2|East Windsor
7|Rayex Inc|379 Princeton Hightstown Road|Building 2 Second Floor|East WIndsor
7|V Group Inc|379 Princeton Hightstown Road|Building 3, Suite 2A|Cranbury
7|SLV TECHNOLOGIES INC|379 Princeton Hightstown Road|Suite 1107|East Windsor
7|Visionet Systems Inc|4 Cedarbrook Drive|Building B|Cranbury
7|Visionet Systems Inc.|4 Cedarbrook Drive|Building B|Cranbury
7|PartnerLinQ|4 Cedarbrook Drive|Building B|Cranbury
7|PartnerlinQ|4 Cedarbrook Drive|Building B|Cranbury
7|Visionet System Inc|4 Cedarbrook Drive|Building B|Cranbury
7|Visionet Systems Inc|4 Cedarbrook Drive|Building B|CRANBURY
7|Visionet Systems Inc|4 Cedarbrook drive|Building B|Cranbury
7|REALTECH SERVICES LLC|40 BRUNSWICK AVENUE|SUITE 100|EDISON
7|RADON INFORMATION TECHNOLOGY SERVICES LLC|40 BRUNSWICK AVENUE|SUITE 100 2|EDISON
7|JM INFORMATION SYSTEMS LLC|40 BRUNSWICK AVENUE|SUITE 203|EDISON
7|VYSOFT SOLUTIONS INC|40 BRUNSWICK AVENUE|SUITE 205|EDISON
7|VYSoft Solutions Inc|40 Brunswick Avenue|Ste 205|Edison
7|JM Informations Systems LLC|40 Brunswick Avenue|Suite 200|Edison
7|JM Informations Systems LLC|40 Brunswick Avenue||Edison
7|FINACLE SOFT INC|4365 US ROUTE 1|STE 203|PRINCETON
7|MP INFOTECH CORP.|4365 US ROUTE 1|SUITE 202|PRINCETON
7|FINACLE SOFT INC|4365 US ROUTE 1|SUITE 203|PRINCETON
7|Finacle Soft Inc|4365 US Route 1|STE 203|Princeton
7|MP INFOTECH CORP|4365 US Route 1|Suite 202|PRINCETON
7|Finacle Soft Inc|4365 US Route 1|Suite 203|Princeton
7|Zenith Services Inc|4365 US Route 1|Suite 210|Princeton
7|STONEGATE TECHNOLOGIES LLC|4400 ROUTE 9 SOUTH|SUITE 1000|FREEHOLD
7|OBJECT DATA INC|4400 ROUTE 9 SOUTH|SUITE 1000|FREEHOLD
7|ENNUVIZ LLC|4400 ROUTE 9 SOUTH|SUITE 1000|FREEHOLD
7|BNH TECHNOLOGIES INC|4400 ROUTE 9 SOUTH|SUITE 1000|FREEHOLD
7|FAQ SYSTEMS INC|4400 Route 9 South|Ste 1000|Freehold
7|Stonegate Technologies LLC|4400 Route 9 South|Suite 1000|Freehold
7|Metafindsolutins Inc|4400 Route 9 south|Suite 1000|Freehold
7|ERPMARK INC|4478 ROUTE 27|SUITE 102|KINGSTON
7|PIORION SOLUTIONS INC|4478 ROUTE 27|SUITE 201 A|KINGSTON
7|ERPMARK INC|4478 Route 27|Suite 102|Kingston
7|Linq Global Group LLC|4478 Route 27|Suite 201|KINGSTON
7|Humetis Technologies Inc|4478 Route 27|Suite 201 B|Kingston
7|Humetis Technologies Inc|4478 Route 27|Suite 201 B|KINGSTON
7|Piorion Solutions Inc|4478 Route 27|Suite 201A|Kingston
7|FATHOM LIFE SCIENCES AND TECHNOLOGY SOLUTIONS LLC|50 DIVISION STREET|SUITE 501|SOMERVILLE
7|Ciberspring International LLC|50 Division Street|STE 305|Somerville
7|Astralinx Inc|50 Division Street|Ste 501,|Somerville
7|Tekiq LLC|50 Division Street|Suite 501|Somerville
7|Northridge Insight Inc|50 Division Street|Suite 501|Somerville
7|Neutrinos Inc|50 Division Street|Suite 501|Somerville
7|TEKIQ LLC|50 Division Street|Suite 501|Somerville
7|THOUGHT BYTE INC|510 FRANKLIN AVENUE|SUITE 2 & 3|NUTLEY
7|SWANKTEK INC|510 FRANKLIN AVENUE|SUITE 6,7 & 8|NUTLEY
7|TOP EDGE TECHNOLOGY INC|510 Franklin Avenue|SUITE 1|NUTLEY
7|Successful Capital Ventures LLC|510 Franklin Avenue|Suite 1|Nutley
7|VIDLEXINFO LLC|510 Franklin Avenue|Suite 4|Nutley
7|AMP Solutions LLC|510 Franklin Avenue|Suite 5|Nutley
7|VIABOUND LLC|510 Franklin Avenue|Suite 8|Nutley
7|SECUREAPP TECHNOLOGIES|510 THORNALL ST|343|EDISON
7|IT TRAILBLAZERS LLC|510 THORNALL ST|SUITE 306|EDISON
7|SECUREAPP TECHNOLOGIES|510 THORNALL ST|SUITE 343|EDISON
7|ANJANEYAP INC|510 Thornall St|SUITE 135|Edison
7|MAXISIT INC|510 Thornall St|Ste 180|Edison
7|IT CORPZ INC|510 Thornall St|Suite 135|Edison
7|MaxisIT Inc|510 Thornall St|Suite 180|Edison
7|INTELLECTT INC|517 ROUTE 1 S|SUITE 1115|ISELIN
7|BI LABS INC|517 ROUTE 1 S|SUITE 1116|ISELIN
7|Priamba Soft LLC|517 ROUTE 1 S|SUITE 1193|ISELIN
7|Priamba Soft LLC|517 ROUTE 1 S|SUITE1193|ISELIN
7|INTELLECTT INC|517 ROUTE 1 SOUTH|1115|ISELIN
7|DATANORMUS LLC|517 ROUTE 1 SOUTH|SUITE 1020|ISELIN
7|INTELLECTT INC|517 ROUTE 1 SOUTH|SUITE 1115|ISELIN
7|Priamba Soft LLC|517 Route 1 S|SUITE 1193|ISELIN
7|Intellectt Inc|517 Route 1 S|SUITE 2103|Iselin
7|Intellectt Inc|517 Route 1 S|Suite 2103|Iselin
7|Intellectt Inc|517 Route 1 South|1115|Iselin
7|Intellectt Inc|517 Route 1 South|2103|Iselin
7|Datanormus LLC|517 Route 1 South|Suite 1020|Iselin
7|BERKOWER LLC|517 Route 1 South|Suite 4103|Iselin
7|MENTOUR CORPORATION|55 CARTER DRIVE|SUITE L2|EDISON
7|MENTOUR CORPORATION|55 CARTER DRIVE||EDISON
7|SmartWorks LLC|55 Carter Drive|107|Edison
7|SmartWorks LLC|55 Carter Drive|Suite 107|Edison
7|Smartworks LLC|55 Carter Drive|Suite 107|Edison
7|SmartWorks LLC|55 Carter Drive|Suite 107  2nd Floor|Edison
7|Comprehensive Healthcare Systems Inc|55 Carter Drive|Suite 210|Edison
7|MCKINSOL CONSULTING INC|6 MOYSE PLACE|SUITE 101|EDISON
7|INTELLICEPT CORPORATION|6 MOYSE PLACE|SUITE 102|EDISON
7|KAIZEN TECHNOLOGIES INC|6 MOYSE PLACE|SUITE 201|EDISON
7|RICHMOND GREEN INC|6 MOYSE PLACE|SUITE 302|EDISON
7|KAIZEN TECHNOLOGIES INC|6 Moyse Place|Suite 201|Edison
7|RICHMOND GREEN INC|6 Moyse Place|Suite 302|Edison
7|RICHMOND GREEN INC|6 Moyse Place|Suite 302|Edison,
7|Triple Point Technology LLC|70 Hudson Street|5 Floor|Jersey City
7|Fidessa Corporation|70 Hudson Street|5 Floor|Jersey City
7|Dash Financial Technologies LLC|70 Hudson Street|5th Floor|Jersey City
7|ION Trading Inc|70 Hudson Street|5th Floor|Jersey City
7|Dash Regulatory Technologies LLC|70 Hudson Street|5th Floor|Jersey City
7|Triple Point Technology LLC|70 Hudson Street|Floor 5|Jersey City
7|Fidessa Corporation|70 Hudson Street|Floor 5|Jersey City
7|STELLAR IT SOLUTIONS LLC|812 STATE ROAD|SUITE 230|PRINCETON
7|Stellar IT Solutions LLC|812 State ROAD|STE 230|Princeton
7|Stellar IT Solutions LLC|812 State ROAD|STE 230|Prnceton
7|Stellar IT Solutions LLC|812 State ROAD|Suite 230|Princeton
7|Stellar IT Solutions LLC|812 State Road|STE 230|Princeton
7|MU Health Inc|812 State Road|Suite 101|Princeton
7|Stellar IT Solutions LLC|812 State Road|Suite 230|Princeton
7|DICE IT SOLUTIONS LLC|850 CAROLIER LANE|1ST FLOOR|NORTH BRUNSWICK
7|GLOBALPOINT INC|850 CAROLIER LANE|301|NORTH BRUNSWICK
7|DICE IT SOLUTIONS LLC|850 CAROLIER LANE|SUITE 102 1ST FLOOR|NORTH BRUNSWICK
7|DICE IT SOLUTIONS LLC|850 CAROLIER LANE|SUITE 102, 1ST FLOOR|NORTH BRUNSWICK
7|GLOBALPOINT INC|850 CAROLIER LANE|SUITE 301|NORTH BRUNSWICK
7|GLOBALPOINT INC|850 CAROLIER LANE|THIRD FLOOR|NORTH BRUNSWICK
7|Dice IT Solutions LLC d/b/a TechProjects|850 Carolier Lane|1st Floor|North Brunswick
7|TATVA TEK INC|90 E HALSEY ROAD|STE 112|PARISPPANY
7|TATVA TEK INC|90 E HALSEY ROAD|STE 202B|PARISPPANY
7|ASIGNET USA INC|90 E HALSEY ROAD|STE 377|PARSIPPANY
7|PARKINSYS INC|90 E HALSEY ROAD|SUITE 307|PARSIPPANY
7|The Dietz Partnership LLC|90 E Halsey Road|Suite 201|Parsippany
7|Amartyaaya LLC|90 E Halsey Road|Suite 330|Parsippany-Troy Hills
7|MB IT Associates LLC|90 E Halsey Road|Suite 360|Parsippany
7|Bright Vision Technologies|991 US HIGHWAY 22 WEST|SUITE 200|BRIDGEWATER
7|BRIGHT VISION TECHNOLOGIES|991 US HIGHWAY 22 WEST|SUITE 200|BRIDGEWATER
7|Bright Vision Technologies LLC|991 US Highway 22 West|Ste 200|Bridgewater
7|BRIGHT VISION TECHNOLOGIES LLC|991 US Highway 22 West|Suite 200|Bridgewater
7|Allteczit Inc|991 US Highway 22 West|Suite 200|Bridgewater
7|Bright Vision Technologies|991 US Highway 22 West|Suite 200|Bridgewater
7|Allteczit inc|991 US Highway 22 West|Suite 200|Bridgewater
6|ECLATPRIME DIGITAL INC|1 AUER CT|2ND FLOOR|EAST BRUNSWICK
6|ECLATPRIME DIGITAL INC|1 AUER CT|2ND FLOOR|8816
6|SAI CPA SERVICES|1 AUER CT||EAST BRUNSWICK
6|YEXLE DIGITAL SERVICES INC|1 AUER Ct|SUITE A, Room 1|EAST BRUNSWICK
6|SAI CPA SERVICES LLC|1 Auer CT|2nd Floor|East Brunswick
6|SAI CPA SERVICES|1 Auer CT||East Brunswick
6|Marlabs LLC|1 CORPORATE PLACE SOUTH|3RD FLOOR|PISCATAWAY
6|Marlabs LLC|1 CORPORATE PLACE SOUTH|STE 200|PISCATAWAY
6|Marlabs LLC|1 CORPORATE PLACE SOUTH|Suite 200|PISCATAWAY
6|Marlabs LLC|1 CORPORATE PLACE SOUTH||PISCATAWAY
6|CommVault Systems Inc|1 CommVault Way||Tinton Falls
6|CommVault Systems Inc|1 CommVault Way||Tinton Falls NJ
6|Commvault Systems Inc|1 CommVault Way||Tinton Falls
6|Commvault Systems Inc|1 Commvault Way|N/A|Tinton Falls
6|Commvault Systems Inc|1 Commvault Way||Tinton Falls
6|Commvault Systems Inc|1 Commvault way||Tinton City
6|TechDemocracy LLC|1 Corporate Place South|Suite 110|Piscataway
6|ASHRA TECH INC|1 Corporate Place South|Suite 120|Piscataway
6|BYTEQUEST LOGICS INC|100 MATAWAN ROAD|SUITE 325|MATAWAN
6|VECTOR SYSTEMS INC|100 MATAWAN ROAD|SUITE 325|MATAWAN
6|KAYTECH INFORMATION SOLUTIONS INC|100 MATAWAN ROAD|SUITE 325|MATAWAN
6|BAANYAN SOFTWARE SERVICES INC|100 METROPLEX DR|SUITE 100|EDISON
6|GEEKSOFT LLC|100 METROPLEX DR|SUITE 304|EDISON
6|AVLINO INC|100 Matawan Road|Suite 310|Matawan
6|Datatusk Inc|100 Matawan Road|Suite 325|Matawan
6|High IT Solutions LLC|100 Matawan Road|Suite 325 1082|Matawan
6|Baanyan Software Services Inc|100 Metroplex Dr|Suite 100|Edison
6|Xenon Inc of NJ|100 Metroplex Dr|Suite 203|Edison
6|Baanyan Software Services Inc|100 Metroplex Dr|suite 100|Edsion
6|HAN IT STAFFING INC|100 WOOD AVENUE SOUTH|SUITE 102|ISELIN
6|ADROIT ASSOCIATES INC|100 WOOD AVENUE SOUTH|SUITE 108|ISELIN
6|RELIANT VISION GROUP INC|100 WOOD AVENUE SOUTH|SUITE 120|ISELIN
6|SAVANTIS SOLUTIONS LLC|100 WOOD AVENUE SOUTH|SUITE 200|ISELIN
6|NUWARE TECH CORP|100 WOOD AVENUE SOUTH|Suite 105|Iselin
6|Adroit Associates Inc|100 Wood Avenue South|Suite 108|Iselin
6|Baanyan Software Services Inc|100 metroplex Dr|Suite 100|Edison
6|APLOMB TECHNOLOGIES INC|101 COLLEGE ROAD E|SUITE 301|PRINCETON
6|Aplomb Technologies Inc|101 College Road E|3rd floor, Suite 301|Princeton
6|ITvorks Inc|101 College Road E|Ste 302|Princeton
6|Aplomb Technologies Inc|101 College Road E|Suite 301|Princeton
6|Hexaware Technologies Inc|101 Wood Avenue South|600|Iselin
6|Hexaware Technologies Inc|101 Wood Avenue South|Ste 600|Iselin
6|Lucosky Brookman LLP|101 Wood Avenue South|Suite 502|Woodbridge
6|Mobiquity Inc|101 Wood Avenue South|Suite 600|Iselin
6|Hexaware Technologies Inc|101 Wood Avenue South|Suite 600|Iselin
6|Hexaware Technologies Inc|101 Wood Avenue South||Iselin
6|M Digital|101 college Road E|Suite 303 3rd floor|Princeton
6|M Digital|101 college Road E|Suite 303, 3rd floor|Princeton
6|Pure Power Engineering Inc|111 River Street|1110 Suite|Hoboken
6|Pure Power Engineering Inc|111 River Street|Suite 110|Hoboken
6|Pure Power Engineering Inc|111 River Street|Suite 1110|Hoboken
6|Genesis Research LLC|111 River Street|Suite 1120|Hoboken
6|SKIM ANALYTICAL INC|111 River Street|Suite 1200|Hoboken
6|Epion Health Inc|111 River Street|Suite 1230|Hoboken
6|VSQUARE INFOTECH INC|1235 US Highway 1|STE 1100|Edison
6|VSQUARE INFOTECH INC|1235 US Highway 1|STE 1100|EDISON
6|Firefly Pros Inc|1235 US Highway 1|Suite 1020|Edison
6|SG Healthcare and Pharma Tech Inc|1235 US Highway 1|Suite 2020|Edison
6|EZJOBS INC|1235 US Highway 1|Suite 2100|Edison
6|EZJOBS INC|1235 US Highway 1||Edison
6|SYSTEMART LLC|140 LITTLETON ROAD|SUITE 303|PARSIPPANY
6|INSYST INC|140 LITTLETON ROAD|SUITE 303|PARSIPPANY
6|RR SOLUTIONS INC|140 LITTLETON ROAD|SUITE 310|PARSIPPANY
6|RR SOLUTIONS LLC|140 LITTLETON ROAD|SUITE 310|PARSIPPANY
6|WizData Systems Inc|140 Littleton Road|Suite 220|Parsippany
6|Techly Skilled LLC|140 Littleton Road|Suite 310B|Parsippany
6|Maersk Warehousing & Distribution Services USA LLC|180 Park Avenue|Building 105|Florham Park
6|Maersk Logistics and Services USA Inc|180 Park Avenue||Florham Park
6|Maersk Logistics & Services USA Inc|180 Park Avenue||Florham Park
6|Maersk Warehousing & Distribution Services USA LLC|180 Park Avenue||Florham Park
6|Damco USA Inc|180 Park Avenue||Florham Park
6|MAERSK LOGISTICS & SERVICES USA INC|180 Park Avenue||Florham Park
6|Wipro Appirio INC|2 TOWER CENTER BLVD|SUITE 2200|EAST BRUNSWICK
6|WIPRO LIMITED|2 TOWER CENTER BLVD|SUITE 2200|EAST BRUNSWICK
6|Cronus Pharma LLC|2 Tower Center BLVD|Suite 1101A|East Brunswick
6|Sonata Software North America Inc|2 Tower Center Blvd|16th Floor, Suite 1603|East Brunswick
6|Axletree Solutions Inc|2 Tower Center Blvd|Floor 20|East Brunswick
6|Securekloud Technologies Inc|2 Tower Center Blvd|Floor 8|East Brunswick
6|ARMSTRONG TECHNOLOGIES INC|200 CRAIG ROAD|SUITE 101, 1ST FLOOR|MANALAPAN
6|ARMSTRONG TECHNOLOGIES INC|200 CRAIG ROAD|SUITE 103|MANALAPAN
6|ARMSTRONG TECHNOLOGIES INC|200 CRAIG ROAD|SUITE 103, 1ST FLOOR|MANALAPAN
6|Mutex Systems Inc|200 Craig Road|Suite 107|Manalapan
6|Stark Pharma Technology Inc|200 Craig Road|Suite 107|Manalapan
6|Saven Technologies Incorporated|200 Craig Road|Suite 107|Manalapan
6|Synchronoss Technologies Inc|200 Crossing Boulevard|3 Floor|Bridgewater
6|Synchronoss Technologies Inc|200 Crossing Boulevard|3rd Floor|Bridgewater
6|Synchronoss Technologies Inc|200 Crossing Boulevard|8th Floor|Bridgewater
6|Synchronoss Technologies Inc|200 Crossing Boulevard|8th floor|Bridgewater
6|Synchronoss Technologies Inc|200 Crossing Boulevard|Floor 3|Bridgewater
6|Synchronoss Technologies Inc|200 Crossing Boulevard|Floor 8|Bridgewater
6|INVICTUS INFOTECH LLC|200 MIDDLESEX ESSEX TPK|STE 306C|ISELIN
6|IFLWOSOFT SOLUTIONS INC|200 MIDDLESEX ESSEX TPK|SUITE 203A|ISELIN
6|IFLOWSOFT SOLUTIONS INC|200 MIDDLESEX ESSEX TPK|SUITE 203A|ISELIN
6|Param Healthcare & IT services Inc|200 Middlesex Essex Tpk|Suite 105|Iselin
6|Param Consulting Services Inc|200 Middlesex Essex Tpk|Suite 110|Iselin
6|Param Consulting Services Inc|200 Middlesex Essex Tpk||Iselin
6|ADBAKX LLC|2088 US HIGHWAY 130|SUITE 204|MONMOUTH JUNCTION
6|Emage Software Services LLC|2088 US Highway 130|Suite 116|Monmouth Junction
6|AdbaKx LLC|2088 US Highway 130|Suite 204|Monmouth Junction
6|Adbakx LLC|2088 US Highway 130|Suite 204|Monmouth Junction
6|Adbakx LLC|2088 US highway 130|Suite 204|Monmouth Junction
6|Apple Inc|2088 US highway 130|Suite 204|Monmouth Junction
6|ADMARU NETWORK LLC|2125 CENTER AVENUE|STE 412|FORT LEE
6|Ekait LLC|2125 Center Avenue|Suite 300|Fort Lee
6|Objecutive Inc|2125 Center Avenue|Suite 411|Fort Lee
6|PITERION North America Inc|2125 Center Avenue|Suite 507|Fort Lee
6|Sergei Orel, Esq., P.C.|2125 Center Avenue|Suite 608|Fort Lee
6|Ekait LLC|2125 Center Avenue|Suite 618|Fort Lee
6|QUICKLERT INC|252 NASSAU STREET|2ND FLOOR|PRINCETON
6|Offchain Labs Inc|252 Nassau Street|2nd Floor|Princeton
6|CoreBytes LLC|252 Nassau Street|2nd Floor|Princeton
6|Arable Labs Inc|252 Nassau Street|2nd Floor|Princeton
6|Arable Labs Inc|252 Nassau Street|2nd floor|Princeton
6|Offchain Labs Inc|252 Nassau Street|4th Floor|Princeton
6|MOBIREY LLC|2525 US HIGHWAY 130|BLDG C, SUITE 4|Cranbury
6|AVANSA GLOBAL SYSTEMS LLC|2525 US HIGHWAY 130|BLDG. C, SUITE 4A|CRANBURY
6|NAM INFO INC|2525 US HIGHWAY 130|BLDG. D, SUITE 2|CRANBURY
6|AVANSA IT SOLUTIONS LLC|2525 US HIGHWAY 130|BUILDING C, SUITE 1A|CRANBURY
6|DATAGLIDES LLC (aka VISHKAVI IT SERVICES LLC)|2525 US HIGHWAY 130|SUITE 103|CRANBURY
6|Inamalab Inc|2525 US Highway 130|Building E Suite|Cranbury
6|A4 SOFTECH LLC|255 BALDWIN ROAD|SUITE 205|PARSIPPANY
6|EPEOPLE TECHNOLOGIES INC|255 BALDWIN ROAD|SUITE 205|PARSIPPANY
6|A4SOFTECH LLC|255 Baldwin Road|SUITE 205|Parsippany
6|ePeople Technologies Inc|255 Baldwin Road|Ste 205|Parsippany
6|ePeople Technologies Inc|255 Baldwin Road|Suite 205|Parsippany
6|A4Softech LLC|255 Baldwin Road|Suite 206|Parsippany
6|DATAQUEST CORP.|3322 US HIGHWAY 22|SUITE 1001|BRANCHBURG
6|DATAQUEST CORP|3322 US HIGHWAY 22|SUITE 1001|BRANCHBURG
6|DATAQUEST CORP. INC|3322 US HIGHWAY 22|SUITE 1001|BRANCHBURG
6|DATASSAY INC|3322 US HIGHWAY 22|SUITE 429|BRANCHBURG,
6|DATASSAY INC|3322 US HIGHWAY 22|SUITE 429|BRANCHBURG
6|Dataquest Corp|3322 US Highway 22|Suite 1001|Branchburg
6|TETRAFORZASOFT INC|345 PLAINFIELD AVENUE|SUITE 102|EDISON
6|DVR SOFTEK INC|345 PLAINFIELD AVENUE|SUITE 301|EDISON
6|SUCCESS RATE INC|345 PLAINFIELD AVENUE|SUITE 302|EDISON
6|RAYVEN IT SOLUTIONS LLC|345 PLAINFIELD AVENUE|SUITE 303|EDISON
6|DVR Softek Inc|345 Plainfield Avenue|Suite 301|Edison
6|RAYVEN IT Solutions LLC|345 Plainfield Avenue|Suite 303|Edison
6|XYLO CONSULTING LLC|3600 ROUTE 66|SUITE 150|NEPTUNE
6|DLB Associates Consulting Engineers, PC|3600 Route 66|150 5981|Neptune
6|Xylo Consulting LLC|3600 Route 66|STE 150|Neptune
6|Xylo Consulting LLC|3600 Route 66|Ste 150|Neptune
6|Xylo Consulting LLC|3600 Route 66|Suite 150|Neptune
6|AVSI SYSTEMS LLC|3600 Route 66|Suite 150|Neptune
6|KAPSTONE TECHNOLOGIES LLC|370 CAMPUS DRIVE|SUITE 108|SOMERSET
6|Eminence Technology Solutions LLC|370 Campus Drive|Ste 138A|Somerset
6|Kapstone Technologies Inc|370 Campus Drive|Suite 108|Somerset
6|Sequent Global Technologies Inc|370 Campus Drive|Suite 130|Somerset
6|Eminence Technology Solutions LLC|370 Campus Drive|Suite 138A|Somerset
6|Innovateclin Solutions Inc|370 Campus Drive|Suite 139|Somerset
6|INRIKA INC|3759 US HIGHWAY 1|SUITE 103|MONMOUTH JUNCTION
6|Epickx Inc|3759 US HIGHWAY 1|SUITE 103|MONMOUTH JUNCTION
6|Inrika Inc|3759 US Highway 1|Suite 103|Monmouth Junction
6|Epickx Inc|3759 US Highway 1|Suite 103|Monmouth Junction
6|Inrika Inc|3759 US highway 1|Suite 103|Monmouth Junction
6|Inrika Inc|3759 US highway 1|Suite 103|monmouth Junction
6|COMPUTER MANAGEMENT AND INFORMATION SOLUTIONS INC|397 RIDGE ROAD|SUITE 4|DAYTON
6|AMERICAN IT MINDS INC|397 RIDGE ROAD|SUITE 6A|DAYTON
6|American IT Minds Inc|397 Ridge Road|Suite 6A|DAYTON
6|American IT Minds Inc|397 Ridge Road|Suite 6A|Dayton
6|Kansara Systems Inc|397 Ridge Road|Suite 6B|Dayton
6|American IT Minds Inc|397 Ridge Road||Suite 6A
6|SONG LAW FIRM LLC|400 KELBY STREET|19TH FLOOR|FORT LEE
6|What If Holdings LLC|400 Kelby Street|12th Floor|Fort Lee
6|Nano-X AI Inc|400 Kelby Street|7th Floor|Fort Lee
6|What If Media Group|400 Kelby Street|Suite 1200|Fort Lee
6|What If Media Group LLC|400 Kelby Street|Suite 1200|Fort Lee
6|Xscape Photonics Inc|400 Kelby Street|Suite 1611|Fort Lee
6|LORHAN CORPORATION INC|400 SOUTH AVENUE|STE 9|MIDDLESEX
6|LORHAN CORPORATION INC|400 SOUTH AVENUE|SUITE 09|MIDDLESEX
6|AGILETAL TECHNOLOGIES INC|400 SOUTH AVENUE|SUITE 8|MIDDLESEX
6|LORHAN CORPORATION INC|400 SOUTH AVENUE|SUITE 9|MIDDLESEX
6|KollaSoft Inc|400 South Avenue|7|Middlesex
6|Lorhan Corporation Inc|400 South Avenue|Ste 9|Middlesex
6|IPIVOT LLC|405 RIDGE ROAD||DAYTON
6|IPivot LLC|405 RIDGE ROAD||DAYTON
6|IPIVOT LLC|405 RIDGE ROAD||Dayton
6|iPivot LLC|405 RIDGE ROAD||DAYTON
6|iPivot LLC|405 Ridge Road||Dayton
6|Ipivot LLC|405 Ridge Road||Dayton
6|COMPUGRA SYSTEMS INC|4105 US HIGHWAY 1|STE 11|MONMOUTH JCT
6|COMPUGRA SYSTEMS INC|4105 US HIGHWAY 1|SUITE 11|MONMOUTH JUNCTION
6|COMPUGRA SYSTEMS INC|4105 US HIGHWAY 1|SUITE 11|MONMOUTH JCT
6|NInfo Systems Inc|4105 US Highway 1|Suite 14|Monmouth Junction
6|AROHAK INC|4105 US Highway 1|Suite 16|Monmouth Junction
6|Arohak Inc|4105 US Highway 1|Suite 16|Monmouth Junction
6|O3 TECHNOLOGY SOLUTIONS LLC|4365 ROUTE 1 SOUTH|STE 207|PRINCETON
6|APPLAB SYSTEMS INC|4365 ROUTE 1 SOUTH|SUITE 105|PRINCETON
6|E-BUSINESS INTERNATIONAL INC|4365 ROUTE 1 SOUTH|SUITE 212|PRINCETON
6|O3 Technology Solutions LLC|4365 Route 1 South|STE 207|Princeton
6|Sri Pharmatech Inc|4365 Route 1 South|Suite 208|Princeton
6|E-Business International Inc|4365 Route 1 South|Suite 212|Princeton
6|VIACORE TECHNOLOGIES INC|4525 ROUTE 27||PRINCETON
6|LOGIC PLANET INC|4525 ROUTE 27||PRINCETON
6|IMR SOFT LLC|4525 ROUTE 27||Princeton
6|IMR SOFT LLC|4525 ROUTE 27||PRINCETON
6|IMR Soft LLC|4525 Route 27||Princeton
6|Logic Planet Inc|4525 Route 27||Princeton
6|TEKALLIANZ CORPORATION|499 ERNSTON ROAD|SUITE A11|PARLIN
6|Ctekkies LLC|499 ERNSTON ROAD|SUITE A6|PARLIN
6|CTEKKIES LLC|499 ERNSTON ROAD|SUITE A6|PARLIN
6|RD TECH SYSTEMS INC|499 ERNSTON ROAD|SUITE A6|PARLIN
6|TekAllianz Corporation|499 Ernston Road|SUITE A 11|PARLIN
6|TekAllianz Corporation|499 Ernston Road|Suite A11|Parlin
6|FORGE TECHNOLOGIES INC|515 PLAINFIELD AVENUE|SUITE 102|EDISON
6|EONE INFOTECH LLC|515 PLAINFIELD AVENUE|SUITE 203|EDISON
6|E-GIANTS TECHNOLOGIES LLC|515 PLAINFIELD AVENUE|SUITE 204|EDISON
6|NEO TECH SOLUTIONS INC|515 PLAINFIELD AVENUE|SUITE 204|EDISON
6|Forge Technologies Inc|515 Plainfield Avenue|Suite 102|Edison
6|Mejenta Systems Inc|515 Plainfield Avenue|Suite 201A|Edison
6|Stratus Technology Services LLC|740 Broad Street|Ste 1|Shrewsbury
6|Stratus Technology services LLC|740 Broad Street|Ste 1|Shrewbury
6|Stratus Technology Services LLC|740 Broad Street|Suite 1|Shrewbury
6|Stratus Technology services LLC|740 Broad Street|Suite 1|Shrewsbury
6|Stratus Technology Services LLC|740 Broad Street|Suite 1|Shrewsbury
6|Test Stratus Technology Services LLC|740 Broad Street|Suite 1|Shrewsbury
6|GLOBAL INFORMATION TECHNOLOGY INC|ONE CRAGWOOD ROAD|SUITE 101|SOUTH PLAINFIELD
6|GLOBAL INFORMATION TECHNOLOGY INC|ONE CRAGWOOD ROAD|SUITE 101, SOUTHFIELD CENTER|SOUTH PLAINFIELD
6|USR SYSTEMS LLC|ONE CRAGWOOD ROAD|SUITE 104|SOUTH PLAINFIELD
6|NEO TECH SOLUTIONS INC|ONE CRAGWOOD ROAD|SUITE 301|SOUTH PLAINFIELD
6|Global Information Technology Inc|One Cragwood Road|101|South Plainfield
6|Global Information Technology Inc|One Cragwood Road|Suite 101|South Plainfield
5|VERACITY SOFTWARE INC|1 AUSTIN AVE|1ST FLOOR|ISELIN
5|SYNERZY SOFTWARE SOLUTIONS INC|1 AUSTIN AVE|2ND FLOOR|ISELIN
5|SYNERZY SOFTWARE SOLUTIONS INC|1 AUSTIN AVE|2nd FLOOR|ISELIN
5|Synerzy Software Solutions Inc|1 Austin Ave|2nd Floor|Iselin
5|SYNERZY SOFTWARE SOLUTIONS INC|1 Austin Ave|2nd floor|Iselin
5|REVISION TECHNOLOGIES INC|10 STATION PLACE|SUITE 12|METUCHEN
5|Revision Technologies inc|10 Station Place|Ste 12|Metuchen
5|Revision Technologies Inc|10 Station Place|Ste 12|Metuchen
5|Revision Technologies inc|10 Station place|Suite 12|Metuchen
5|Revision Technologies inc|10 station Place|suite 12|Metuchen
5|CLASSIC COMPUTERS CORORATION|100 FRANKLIN SQUARE DRIVE|SUITE 207|SOMERSET
5|AVYA SOLUTIONS INC|100 FRANKLIN SQUARE DRIVE|SUITE 471|SOMERSET
5|Empower Professionals Inc|100 Franklin Square Drive|Ste 104|Somerset
5|Bluesoft Solutions LLC|100 Franklin Square Drive|Suite 107|Somerset
5|Tigermed-BDM Inc|100 Franklin Square Drive|Suite 305|Somerset
5|GLOBALPOINT INC|101 MORGAN LN.|SUITE 307|PLAINSBORO
5|MINDSYS INC|101 MORGAN LN.|SUITE 307|PLAINSBORO TOWNSHIP
5|BLUE5GREEN LLC|101 MORGAN LN.|SUITE 356|PLAINSBORO
5|K3-Innovations Inc|101 Morgan Ln.|Ste 206|Plainsboro
5|K3-Innovations Inc|101 Morgan Ln.|Suite 206|Plainsboro
5|SANTECH SOLUTIONS INC|105 COLLEGE ROAD EAST|1ST FLOOR|PRINCETON
5|SANTECH SOLUTIONS INC|105 COLLEGE ROAD EAST||PRINCETON
5|Santech Solutions Inc|105 College Road East|1st Floor|Princeton
5|Pionex Investments Inc|105 College Road East|Suite 200|Princeton
5|Xybion Corporation|105 College Road East||Princeton
5|SYMBASTECH CORP.|1075 EASTON AVENUE|TOWER 2, STD 6|SOMERSET
5|MENZO TECHNOLOGIES CORP.|1075 EASTON AVENUE|TOWER 2, SUITE 8D|SOMERSET
5|Comptech Associates Inc|1075 Easton Avenue|Tower 1, Suite 4|Somerset
5|TruMinds Technologies Inc|1075 Easton Avenue|Tower 3, Suite 2|Somerset
5|TruMinds Technologies Inc|1075 Easton Avenue||Somerset
5|SG SYSTEMS LLC|110 FIELDCREST AVENUE|FLR. 3RD|EDISON
5|3i INFOTECH INC|110 FIELDCREST AVENUE|SUITE 22|EDISON
5|3i INFOTECH INC|110 FIELDCREST AVENUE|SUITE 25|EDISON
5|Comrise Technology Inc|110 Fieldcrest Avenue|3rd Floor|Edison
5|Course5 Intelligence Inc|110 Fieldcrest Avenue|Mailbox 27|Edison
5|EZTaxReturn LLC|111 Town Square Pl|Ste 1203|Jersey City
5|ezTaxReturn.com, L.L.C|111 Town Square Pl|Ste 1203|Jersey City
5|Vantage Transition LLC|111 Town Square Pl|Ste 1238 PMB 51818|Jersey City
5|Brown LLC|111 Town Square Pl|Ste 400|Jersey City
5|STREAMVECTOR INC|111 Town Square Pl|Suite 1203|Jersey City
5|KESSLER FOUNDATION|120 EAGLE ROCK AVENUE|SUITE 100|EAST HANOVER
5|Kessler Foundation Inc|120 Eagle Rock Avenue|STE 100|East Hanover
5|Kessler Foundation Inc|120 Eagle Rock Avenue|Suite 100|East Hanover
5|Kessler Foundation|120 Eagle Rock Avenue|Suite 100|East Hanover
5|SWK Technologies Inc|120 Eagle Rock Avenue|Suite 330|East Hanover
5|ZEALOGICS LLC|1200 US HIGHWAY 22 EAST|SUITE 2000|BRIDGEWATER
5|ZEALOGICS INC|1200 US HIGHWAY 22 EAST|SUITE 2000|BRIDGEWATER
5|Avalon Biosciences Inc|1200 US Highway 22 East|Suite 2000|Bridgewater
5|IMPAQTIVE US CORP|1200 US Highway 22 East||Bridgewater
5|Impaqtive US Corp|1200 US Highway 22 East||Bridgewater
5|Astrix Technology LLC|125 Half Mile Road|Ste 200|Red Bank
5|Asrtrix Technology LLC|125 Half Mile Road|Suite 200|Red Bank
5|SysCloud Inc|125 Half Mile Road|Suite 200|Red Bank
5|Astrix Technology LLC|125 Half Mile Road|Suite 200|Red Bank
5|Alpha Business Solutions|125 Half Mile Road|Suite 200|Red Bank
5|IVYNOVA SOLUTIONS INC|1346 HOW LANE|SUITE 201|NORTH BRUNSWICK
5|METIER ENTERPRISE LLC|1346 HOW LANE|SUITE 202|North Brunswick
5|METIER ENTERPRISE LLC|1346 HOW LANE|SUITE 202|NORTH BRUNSWICK
5|Metier Enterprise LLC|1346 How Lane|Suite 202|North Brunswick
5|Avira Digital LLC|1346 How Lane|Suite 210|New Brunswick
5|Neurealm Inc|155 Village Blvd,|Suite 300|Princeton
5|Neurealm Inc (Formerly known as GAVS Technologies N.A. Inc)|155 Village Blvd,|Suite 300|Princeton
5|GAVS Technologies N.A. Inc|155 Village Blvd,|Suite 300|Princeton
5|GAVS Technologies N.A. Inc|155 Village Blvd,|Suite 300,|Princeton
5|KMC Consulting Solutions Inc|155 Village Blvd,|Suite 310|Princeton
5|TEKINSPIRE LLC|1581 RT 27|SUITE 101|Edison
5|TEKINSPIRE LLC|1581 RT 27|SUITE 101|FRANKLIN
5|TEKINSPIRE LLC|1581 RT 27|SUITE 101|EDISON
5|TekInspire LLC|1581 Rt 27|Suite 101|Edison
5|TEKINSPIRE LLC|1581 Rt 27|Suite 101|Edison
5|LedgerHub Inc|1681 NJ-27|SUITE 201|EDISON
5|LEDGER HUB INC|1681 NJ-27|SUITE 201|EDISON
5|LEDGERHUB INC|1681 NJ-27|SUITE 201|EDISON
5|Ledger Hub Inc|1681 NJ-27|SUITE 201|EDISON
5|LedgerHub Inc|1681 NJ-27|Suite 201|Edison
5|SOFT 2001 INC|1816 SPRINGDALE ROAD|SUITE 7|CHERRY HILL
5|FOURTH TECHNOLOGIES INC|1816 SPRINGDALE ROAD||CHERRY HILL
5|Soft 2001 Inc|1816 Springdale Road|Suite 7|Cherry Hill
5|Fourth Technologies|1816 Springdale Road||Cherry Hill
5|Fourth Technologies Inc|1816 Springdale Road||Cherry Hill
5|Securekloud Technologies Inc|2 Tower Center Boulevard|8th Floor|East Brunswick
5|Blockedge Technologies Inc|2 Tower Center Boulevard|8th Floor|East Brunswick
5|Securekloud Technologies Inc|2 Tower Center Boulevard|Floor 8|EAST BRUNSWICK
5|SecureKloud Technologies Inc|2 Tower Center Boulevard|Floor 8|East Brunswick
5|Securekloud Technologies Inc|2 Tower Center Boulevard|Floor 8|East Brunswick
5|Ernst & Young U.S. LLP|200 Plaza Drive|Suite 2222|Secaucus
5|Ernst & Young US LLP|200 Plaza Drive||Secaucus
5|Ernst & Young Infrastructure Advisors LLC|200 Plaza Drive||Secaucus
5|Ernst & Young U.S. LLP|200 Plaza Drive||Secaucus
5|EY Government Services LLC|200 Plaza Drive||Secaucus
5|ADMARU NETWORK LLC|2125 CENTER AVE|STE 602|FORT LEE
5|ADMARU NETWORK LLC|2125 CENTER AVE|SUITE 602|FORT LEE
5|Erdos Technologies Inc|2125 CENTER AVE|Suite 400|Fort Lee
5|Ramsey Theory Capital LLC|2125 Center Ave|Suite 400|Fort Lee
5|Sustainable Engineering Services PC|2125 Center Ave|Suite 505|Fort Lee
5|FIRST CONSULTING CORPORATION|230 DAVIDSON AVE||SOMERSET
5|QUANTUM SYSTEMS GROUP INC|230 DAVIDSON AVE||SOMERSET
5|FIRST CONSULTING CORPORATION INC|230 DAVIDSON AVE||SOMERSET
5|PACIFIC CONTROLS INC|230 Davidson Ave||Somerset
5|Quantum Systems Group Inc|230 Davidson Ave||Somerset
5|PRECISION MANAGEMENT GROUP INC|233 MT AIRY ROAD|SUITE 100|BASKING RIDGE
5|PRECISION SYSTEM DESIGN INC|233 MT AIRY ROAD|SUITE 100|BASKING RIDGE
5|Katal Tech INC|233 MT AIRY ROAD||BASKING RIDGE
5|DUALITYBIO INC|233 MT. AIRY ROAD|STE 182|BASKING RIDGE
5|PRECISION MANAGEMENT GROUP INC|233 MT. AIRY ROAD|SUITE 100|BASKING RIDGE
5|Katal Tech Inc|233 Mt Airy Road|Ste 144|Basking Ridge
5|Katal Tech Inc|233 Mt Airy Road|Suite 114|Basking Ridge
5|DUALITYBIO INC|233 Mt. Airy Road|STE 182|Basking Ridge
5|Hopkins Medtech Group LLC|233 Mt. Airy Road|Suite 100|Basking Ridge
5|Precision Management Group Inc|233 Mt. Airy Road|Suite 100|Basking Ridge
5|Technumen Inc|242 OLD NEWBRUNSWICK ROAD|SUITE 310|Piscataway
5|Technumen Inc|242 OLD NEWBRUNSWICK ROAD|SUITE 310|PISCATAWAY
5|TECHNUMEN INC|242 OLD NEWBRUNSWICK ROAD|SUITE 310|PISCATAWAY
5|Gilead Sciences Inc|242 OLD NEWBRUNSWICK ROAD|SUITE 310|Piscataway
5|Technumen Inc|242 Old Newbrunswick Road|Suite 310|Piscataway
5|MINDTREE LIMITED|25 INDEPENDENCE BLVD.|SUITE 401|WARREN
5|LTIMindtree Limited|25 Independence Blvd.|Suite 401|Warren
5|LTIMINDTREE Limited|25 Independence Blvd.|Suite 401|Warren
5|Mindtree Limited|25 Independence Blvd.|Suite 401|Warren
5|Mindtree Limited|25 Independence Blvd.||Warren
5|SOIMEX DENIMAGIC INC|250 PEHLE AVENUE|SUITE 200|SADDLE BROOK
5|DTG CONSULTING SOLUTIONS INC|250 PEHLE AVENUE|SUITE 211|SADDLE BROOK
5|Pavane Solutions Inc|250 Pehle Avenue|Plaza II, Suite 200|Saddle Brook
5|Soimex Denimagic Inc|250 Pehle Avenue|Suite 200|Saddle Brook
5|Q-PERIOR INC|250 Pehle Avenue|Suite 702|Saddle River
5|Accurant Biotech Inc|259 Prospect Plains Road|Bldg H|Cranbury
5|Primera Analytical Solutions Corporation|259 Prospect Plains Road|Building E 1|Cranbury
5|Accurant Biotech Inc|259 Prospect Plains Road|Building H, Suite 168|Cranbury
5|Primera Analytical Solutions Corp|259 Prospect Plains Road|Suite E1|Cranbury
5|Primera Analytical Solutions Corp.|259 Prospect Plains Road|Suite E1|Cranbury
5|SYSTEMS ANALYST|27 WORLDS FAIR DR||SOMERSET
5|NATSOFT CORPORATION|27 WORLDS FAIR DR||8873
5|NATSOFT CORPORATION|27 WORLDS FAIR DR||SOMERSET
5|SOFTWARE ENGINEER|27 WORLDS FAIR DR||SOMERSET
5|NATSOFT CORPORATION|27 WORLDS FAIR DR||SOMESET
5|PRN IT CORP INC|30 KNIGHTS BRIDGE ROAD|SUITE 525|PISCATAWAY
5|PRN IT CORP INC|30 Knights Bridge Road|Ste 525|Piscataway
5|PRN IT CORP|30 Knights Bridge Road|Ste 525|Piscataway
5|PRN IT CORP INC|30 Knights Bridge Road|Ste 525|Ste 525
5|NGENIOUS SOLUTIONS INC|30 Knights Bridge Road|Suite 525|Piscataway
5|SAKSOFT INC|30 MONTGOMERY STREET|STE 1240|JERSEY CITY
5|SAKSOFT INC|30 MONTGOMERY STREET|SUITE 1240|JERSEY CITY
5|Saksoft Inc|30 Montgomery Street|Suite 1240|Jersey City
5|Ana-Data Consulting Inc|30 Montgomery Street|Suite 1245|Jersey city
5|Xignite Inc|30 Montgomery Street|Suite 620|Jersey City
5|I2C BUSINESS SOLUTIONS INC|33 S WOOD AVENUE|SUITE 600|ISELIN
5|US SOFTWARE GROUP INC|33 S Wood Avenue|SUITE 600|Iselin
5|Centraprise Corp|33 S Wood Avenue|Suite 600|Iselin
5|Shriyan Software LLC|33 S Wood Avenue|Suite 600|Iselin
5|Volmatica Inc|33 S Wood Avenue|Suite 600|Iselin
5|SITA HEALTH AND LIFE SCIENCES INC|347 ELIZABETH AVENUE|100|SOMERSET
5|SITA HEALTH AND LIFE SCIENCES INC|347 ELIZABETH AVENUE|200|SOMERSET
5|SITA CORP|347 ELIZABETH AVENUE|SUITE 100|SOMERSET
5|SITA CORP.|347 ELIZABETH AVENUE|SUITE 200|SOMERSET
5|SITA CORP|347 ELIZABETH AVENUE|SUITE 200|SOMERSET
5|G-INFOTECH INC|347 PLAINFIELD AVE|SUITE 104|EDISON
5|CERTIDE INC|347 PLAINFIELD AVENUE|STE 107|Edison
5|UNITED STAFFING - ASSOCIATES INC|347 PLAINFIELD AVENUE|SUITE 104|EDISON
5|CLYROX INC|347 PLAINFIELD AVENUE|SUITE 104|EDISON
5|CERTIDE INC|347 PLAINFIELD AVENUE|SUITE 107|EDISON
5|CERTIDE INC|347 Plainfield Ave|STE 107|Edison
5|ITCONNECTUS INC|347 Plainfield Ave|Ste 108|Edison
5|Everest Medics Staffing Inc|347 Plainfield Ave|Suite 102|Edison
5|ITCONNECTUS INC|347 Plainfield Ave|Suite 108|Edison
5|G-INFOTECH INC|347 Plainfield Avenue|SUITE 104|EDISON
5|161 Dev Inc|35 Journal Square Plaza|SUITE 203|Jersey City
5|Tekraft Solutions Inc|35 Journal Square Plaza|SUITE 805|Jersey City
5|Medna Soft Inc|35 Journal Square Plaza|SUITE 805|Jersey City
5|Militz Consulting Inc|35 Journal Square Plaza|Suite 1001|Jersey City
5|SUPERRENT INC|35 Journal Square Plaza|Suite 221|Jersey City
5|SKYSOL LLC|371 HOES LN|SUITE 200|PISCATAWAY
5|SKY TECH SERVICES INC|371 HOES LN|SUITE 200, A5|PISCATAWAY
5|Advanced Knowledge technologies Inc|371 Hoes Ln|STE 200|Piscataway
5|Apton Inc|371 Hoes Ln|Suite 200|Piscataway
5|Codex Software Solutions Inc|371 Hoes Ln|Suite 200|Piscataway
5|EVEREST CONSULTING GROUP INC|3840 PARK AVE|STE 203|EDISON
5|EVERESTCONSULTING GROUP INC|3840 PARK AVE|STE.203|EDISON
5|EVEREST CONSULTING GROUP INC|3840 PARK AVE|STE.203|EDISON
5|EVEREST CONSULTING GROUP INC|3840 PARK AVE|Suite 203|EDISON
5|EVEREST CONSULTING GROUPINC|3840 PARK AVE|Suite 203|EDISON
5|Viisonet Systems Inc|4 Cedarbrook Dr|Building B|Cranbury
5|Visionet Systems Inc|4 Cedarbrook Dr|Building B|Cranbury
5|Visionet Systems Inc|4 Cedarbrook Dr|Building B|Dayton
5|Visionet Systems Inc|4 Cedarbrook Dr|Building B|8512
5|Visionet Systems Inc|4 Cedarbrook dr|Building B|Cranbury
5|DRUG DEVELOPMENT INFORMATICS LLC|4 INDEPENDENCE WAY|STE 110|PRINCETON
5|MAKRO TECHNOLOGIES INC|4 INDEPENDENCE WAY|SUITE 110|PRINCETON
5|NEC LABORATORIES AMERICA INC|4 INDEPENDENCE WAY|SUITE 200|PRINCETON
5|NEC Laboratories America Inc|4 Independence Way|Suite 200|Princeton
5|NEC Laboratories America Inc|4 Independence way|Suite 200|Princeton
5|Swaratech Inc|411 Hackensack Avenue|2nd Floor|Hackensack
5|ISQUAREINFO LLC|411 Hackensack Avenue|SUITE 200|Hackensack
5|ISQUAREINFO LLC|411 Hackensack Avenue|Suite 200|Hackensack
5|Swaratech Inc|411 Hackensack Avenue|Suite 200|Hackensack
5|Isquareinfo LLC|411 Hackensack Avenue|Suite 200|Hackensack
5|INGENWORKS LLC|4390 US HIGHWAY 1|SUITE 305|PRINCETON
5|STELLENT PROFESSIONALS LLC|4390 US HIGHWAY 1|Suite 234|Princeton
5|Ingenworks LLC|4390 US Highway 1|STE 305|Princeton
5|Infer Solutions Inc|4390 US Highway 1|Ste 302|Princeton
5|Millennium Info Tech Inc|4390 US Highway 1|Suite 121|Princeton
5|ZENITH SERVICES INC|4390 US ROUTE ONE|SUITE 312|PRINCETON
5|Zenith Services Inc|4390 US Route One|STE 312|Princeton
5|ZENITH SERVICES INC|4390 US Route One|Suit 312|Princeton
5|Zenith Services Inc|4390 US Route One|Suite 312|Princeton
5|Zenith Services Inc|4390 US route One|STE 312|PRINCETON
5|Merit SI Technologies LLC|46 East Main Street|Suite 301|Somerville
5|Merit SI Technologies LLC d.b.a. Merit Controls|46 East Main Street|Suite 302|Somerville
5|Merit SI Technologies LLC (dba Merit Controls)|46 East Main Street|Suite 302|Somerville
5|Merit SI Technologies LLC|46 East Main Street|Suite 302|Somerville
5|FINPRO FINANCIAL SERVICES INC|46 East Main Street|Suite 303|Somerville
5|BEACONFIRE SOLUTION INC|50 MILLSTONE ROAD|BLDG. 300, SUITE 120|EAST WINDSOR
5|INVICTECH INC|50 MILLSTONE ROAD|BLDG. 400, SUITE 200|EAST WINDSOR
5|SpectraMD USA Inc|50 Millstone Road|Building 200, Suite 140|East Windsor
5|CloudRay Inc|50 Millstone Road|Building 200, Suite 240|East Windsor
5|SpectraMD USA Inc|50 Millstone Road|Building 400, Suite 110|East Windsor
5|DIASPARK INC|515 PLAINFIELD AVE|SUITE 1|EDISON
5|STAFFWORXS LLC|515 PLAINFIELD AVE|SUITE 201|EDISON
5|Diaspark Inc|515 Plainfield Ave|Suite 1|Edison
5|Data S Solutions LLC|515 Plainfield Ave|Suite 104|Edison
5|NEO TECH SOLUTIONS INC|515 Plainfield Ave|Suite 204|Edison
5|INOSSEM INC|525 WASHINGTON BLVD|SUITE 2600|JERSEY CITY
5|CCA Construction Inc|525 Washington Blvd|31st Floor|Jersey City
5|CCA Construction Inc|525 Washington Blvd|31st Floor|New Jersey
5|Inossem Inc|525 Washington Blvd|STE 307|Jersey City
5|Inossem Inc|525 Washington Blvd|Ste 2600|Jersey City
5|Dyania Health Inc|525 Washington Blvd.|Suite 300|Jersey City
5|Digtinctive LLC|525 Washington Blvd.|Suite 353|Jersey City
5|Digtinctive Inc|525 Washington Blvd.|Suite 353|Jersey City
5|Digtinctive Inc|525 Washington Blvd.|Suite 86|Jersey City
5|Digtinctive Inc|525 Washington Blvd.|Suite 87|Jersey City
5|Ventechsoft Inc|53 Knights Bridge Road|Suite 277|Piscataway
5|VENTECHSOFT INC|53 Knights bridge Road|Suite 277|Piscataway
5|VENTECHSOFT Inc|53 Knights bridge Road|Suite 277|Piscataway
5|VENTECHSOFT INC|53 knights bridge Road|Suite 277|Piscataway
5|Ventechsoft Inc|53 knights bridge Road|Suite 277|Piscataway
5|Hire IT people Inc|6 Auer Ct|Suite G|East Brunswick
5|HIRE IT PEOPLE INC|6 Auer Ct|Suite G|East Brunswick
5|Hire IT People Inc|6 Auer Ct|Suite G|Easr Brunswick
5|Hire IT People Inc|6 Auer Ct|Suite G|East Brunswick
5|Hire IT Global Inc|6 Auer Ct|Suite G|East Brunswick
5|INGLESE ARCHITECTURE & ENGINEERING LLC|632 POMPTON AVENUE||CEDAR GROVE
5|INGLESE ARCHITECTURE & ENGINEERING LLC|632 Pompton Avenue||Cedar Grove
5|INGLESE ARCHITECTURE and ENGINEERING LLC|632 Pompton Avenue||Cedar Grove
5|INGLESE ARCHITECTURE AND ENGINEERING LLC|632 Pompton Avenue||Cedar Grove
5|Inglese Architecture and Engineering L.L.C.|632 Pompton Avenue||Cedar Grove
5|DECOFRUT INC2|701 NORTH BROADWAY, BUILDING 18||GLOUCESTER CITY
5|DECOFRUT INC|701 NORTH BROADWAY, BUILDING 18||GLOUSCESTERR CITY
5|DECOFRUT INC|701 NORTH BROADWAY, BUILDING 18||GLOUCESTER
5|DECOFRUT INC|701 NORTH BROADWAY, BUILDING 18||GLOUCESTER CITY
5|DECOFRUT INC|701 NORTH BROADWAY, BUILDING 18||GLOUSCESTER CITY
5|AVVENTIS INC|90 WASHINGTON VALLEY ROAD|SUITE 13|BEDMINSTER
5|Avventis Inc|90 Washington Valley Road|Suite 13|Bedminster
5|Avventis Inc|90 Washington Valley Road|Suite 13,|Bedminster
5|NNIT INC|90 Washington Valley Road||Bedminster
5|Golden Eagle CPAs LLC|90 Washington Valley Road||Bedminster
5|TRADWEB MARKETS LLC|HARBORSIDE 5, 185 HUDSON STREET|SUITE 2200|JERSEY CITY
5|TRADEWEB MARKETS LLC|HARBORSIDE 5, 185 HUDSON STREET|SUITE 2200|JERSEY CITY
5|TRADEWEB MARKETS LLC|Harborside 5, 185 Hudson Street|Suite 2200|Jersey City
5|Tradeweb Markets LLC|Harborside 5, 185 Hudson Street|Suite 2200|Jersey City
5|TRADEWEB MARKETS LLC|Harborside 5, 185 Hudson Street|Suite 2200,|Jersey City
4|KAIZEN TECHNOLOGIES INC|1 LINCOLN HIGHWAY|SUITE 10|EDISON
4|KAIZEN TECHNOLOGIES INC|1 Lincoln Highway|Suite 10|EDISON
4|KAIZEN TECHNOLOGIES INC|1 Lincoln Highway|Suite 10|Edison
4|KAIZEN TEHCNOLOGIES INC|1 Lincoln Highway|Suite 10|Edison
4|Maestro Technologies Inc|1 WEST STATE STREET|2nd Floor|TRENTON
4|Maestro Technologies Inc|1 West State Street|2nd Floor|TRENTON
4|Maestro Technologies Inc|1 West State Street|2nd Floor|Trenton
4|Orison Solutions LLC|1 West State Street|STE 306|Trenton
4|SUMAS CORPORATION|100 CANAL POINTE BLVD.|SUITE 204|PRINCETON
4|SPi Global US Inc|100 Canal Pointe Blvd.|Suite 123|Princeton
4|LearningMate Solutions Inc|100 Canal Pointe Blvd.|Suite 123|Princeton
4|Singularity Systems Inc|100 Canal Pointe Blvd.|Suite 209|Princeton
4|PROCOM INC|100 FRANKLIN SQUARE DR|SUITE 400|SOMERSET
4|PROCOM INC|100 FRANKLIN SQUARE DR|SUITE 444|FRANKLIN TOWNSHIP
4|DESIGN LEAF TECHNOLOGIES INC|100 FRANKLIN SQUARE DR|SUITE 447|SOMERSET
4|DESIGN LEAF TECHNOLOGIES INC|100 FRANKLIN SQUARE DR|SUITE 447|FRANKLIN TOWNSHIP
4|STAFFLABS INC|100 OVERLOOK CENTER, 2ND FLOOR||PRINCETON
4|STAFFLABS INC|100 OVERLOOK CENTER, 2nd Floor||PRINCETON
4|PharmaACE LLC|100 Overlook Center, 2nd Floor||Princeton
4|STAFFLABS INC|100 Overlook Center, 2nd Floor||Princeton
4|Medtrix Healthcare LLC|100 Somerset Corporate Boulevard|2nd Floor, Suite 130|Bridgewater
4|Everest Clinical Research Corp|100 Somerset Corporate Boulevard|3001|Bridgewater
4|Everest Clinical Research Corporation|100 Somerset Corporate Boulevard|Suite 3001|Bridgewater
4|Everest Clinical Research Corp|100 Somerset Corporate Boulevard|Suite 3001|Bridgewater
4|SATYA MARG SOLUTIONS INC|100 WOOD AVE S|Suite 202|ISELIN
4|RELIANT VISION GROUP INC|100 WOOD AVE S,|SUITE 120|ISELIN
4|RELIANT VISION GROUP INC|100 WOOD AVE S,|SUITE 120,|ISELIN
4|Redeemsoft LLC|100 Wood Ave S|107|Iselin
4|Optimal Infosystems Inc|100 Wood Ave S|Ste 112|Iselin
4|HAN IT Staffing Inc|100 Wood Ave S|Suite 102|Iselin
4|Satya Marg Solutions Inc|100 wood ave s,|Suite 202|Iselin
4|Satya Marg Solutions Inc|100 wood ave s,|suite 202|Iselin
4|Bachi.Tech Corporation|101 Hudson St|FL 37|Jersey City
4|Bachi.Tech Corporation|101 Hudson St|Floor 37|Jersey City
4|Bachi.Tech Corporation|101 Hudson St|STE 3703|Jersey City
4|Bachi. Tech Corporation|101 Hudson St|STE 3703|Jersey City
4|BENECIAS LLC|101 INTERCHANGE PLAZA|SUITE 102A|CRANBURY
4|AVANCER CORPORATION|101 INTERCHANGE PLAZA|SUITE 201|CRANBURY
4|Kani Solutions Inc|101 Interchange Plaza|Suite 201|Cranbury
4|Avancer Corporation|101 Interchange Plaza|Suite 201|Cranbury
4|NITEOSOFT INC|103 CARNEGIE CENTER DR|SUITE 300|PRINCETON
4|IH ENGINEERS, P.C|103 COLLEGE ROAD EAST|1ST FLOOR|PRINCETON
4|Narinder Alliance LLC|103 Carnegie Center Dr|Suite 300|Princeton
4|Niteosoft Inc|103 Carnegie Center Dr|Suite 300|Princeton
4|INFOSOL SOLUTIONS LLC|103 Carnegie Center Dr|Suite 300|Princeton
4|IH Engineers, PC|103 College Road East|1st Floor|Princeton
4|Siaraa Technologies Inc|103 College Road East|Level 2|Princeton
4|Siaraa Technologies Inc|103 College Road East||Princeton
4|CLOUDRAY INC|104 INTERCHANGE PLAZA|SUITE 100|MONROE
4|VKAN TECH SOLUTIONS INC|104 INTERCHANGE PLAZA|SUITE 104|MONROE TOWNSHIP
4|CloudRay Inc|104 Interchange Plaza|Ste 100|Monroe
4|CloudRay Inc|104 Interchange Plaza|Suite 100|Monroe
4|Sunray IT Inc|11 Schalks Crossing Road|STE 620|Plainsboro
4|SUNRAY INFOSYS INCORPORATION|11 Schalks Crossing Road|Suite 620|Plainsboro
4|Sunray IT Inc|11 Schalks Crossing Road|Suite 620|Plainsboro
4|Sunray Infosys Incorporation|11 Schalks Crossing Road|Suite 620|Plainsboro
4|NAMO TECHNOLOGIES LLC|110 Fieldcrest Ave|3rd Floor|Edison
4|Aspyr Services Inc|110 Fieldcrest Ave|3rd Floor|Edison
4|Syntax Systems Ltd. LLC|110 Fieldcrest Ave|Suite 18, 4th Floor|Edison
4|Isazi USA Inc|110 Fieldcrest Ave|Suite 337|Edison
4|ALBANESE SOLUTIONS|111 ACKERSON ROAD||BLAIRSTOWN
4|ALBANESE SOLUTIONS LLC|111 ACKERSON ROAD||BLAIRSTOWN
4|Albanese Solutions LLC|111 Ackerson Road||Blairstown
4|Albanese Solutions|111 Ackerson Road||Blairstown
4|Sattrix Information Security Inc|116 Village Boulevard|Ste 200|Princeton
4|Aroopa Inc|116 Village Boulevard|Ste 200|Princeton
4|NNIT INC|116 Village Boulevard|Suite 200 61|Princeton
4|Datasys Consulting & Software Inc|116 Village Boulevard|Suite 240|Princeton
4|SUNUS LLC|118 TAMARACK CIRCLE||SKILLMAN
4|ASPYRANT LLC|118 TAMARACK CIRCLE||SKILLMAN
4|Bhavisoft LLC|118 TAMARACK CIRCLE||SKILLMAN
4|SUNUS LLC|118 Tamarack Circle||Skillman
4|Shoolin Inc|120 Woods AVenue S|Suit 611|Iselin
4|Shoolin Inc|120 Woods Avenue S|Ste 611|Iselin
4|Shoolin Inc|120 Woods Avenue S|Suite 611|Iselin
4|Shoolin Inc|120 woods Avenue S|611|Iselin
4|MINDSYS INC|1249 S. RIVER ROAD|SUITE 102|CRANBURY
4|NUVENTO INC|1249 S. RIVER ROAD|SUITE 203|CRANBURY
4|Nuvento Inc|1249 S. River Road|Suite 203|Cranbury
4|AmSpec LLC|1249 S. River Road|Suite 204|Cranbury
4|BEST HIGH TECHNOLOGIES LLC|13 ROSZEL ROAD|SUITE C103|PRINCETON
4|BEST HIGH TECHNOLOGIES LLC|13 ROSZEL ROAD|SUITE C204B|PRINCETON
4|BEST HIGH TECHNOLOGIES LLC|13 Roszel Road|STE C204B|Princeton
4|Best High Technologies LLC|13 Roszel Road|Suite C204B|Princeton
4|I BRAIN SOLUTIONS LLC|1340 STELTON ROAD|1ST FLOOR|PISCATAWAY TOWNSHIP
4|I BRAIN SOLUTIONS LLC|1340 STELTON ROAD|1ST FLOOR|PISCATAWAY
4|I BRAIN SOLUTIONS LLC|1340 Stelton Road||PISCATAWAY
4|I Brain Solutions LLC|1340 Stelton Road||Piscataway
4|SDG Consulting US Inc|135 Route 202/206|Suite 1|Bedminster
4|Macrosoft Inc|135 Route 202/206|Suite 9|Bedminster
4|Macrosoft Topco Inc and Subs|135 Route 202/206|Suite 9|Bedminster
4|SDG Consulting US Inc|135 Route 202/206||Bedminster
4|HSK Technologies Inc|15 Corporate Place South, Suite 213B||Piscataway
4|HSK Technologies Inc|15 Corporate Place South, suite 213B||Piscataway
4|HSK Technologies Inc|15 Corporate Place south, Suite 213B||Piscataway
4|HSK Technologies Inc|15 Corporate place South, Suite 213B||Piscataway
4|Indus Group Inc|15 WARREN STREET|SUITE 31|Hackensack
4|INDUS GROUP INC|15 WARREN STREET|SUITE 31|Hackensack
4|INDUS GROUP INC|15 WARREN STREET|SUITE 31|HACKENSACK
4|INDUS GROUP INC|15 WARREN STREET|Suite 31|HACKENSACK
4|NGA GROUP INC|1588 US HIGHWAY 130|SUITE D|NORTH BRUNSWICK
4|NGA Group Inc|1588 US Highway 130|Suite D|North Brunswick
4|Intelycore LLC|1588 US Highway 130|Suite E|North Brunswick
4|Precision Global Solutions Inc|1588 US Highway 130||North Brunswick
4|NGA GROUP INC|1596 US HIGHWAY 130||NORTH BRUNSWICK
4|NGA Group Inc|1596 US HIGHWAY 130||NORTH BRUNSWICK
4|NGA GROUP INC|1596 US Highway 130||NORTH BRUNSWICK
4|NGA Group Inc|1596 US Highway 130||North Brunswick
4|MASTER COMPLIANCE INC|186 PRINCETON HIGHTSTOWN ROAD|BUILDING 3A, SUITE 7|WEST WINDSOR TOWNSHIP
4|Y-AXIS INC|186 PRINCETON HIGHTSTOWN ROAD|BUILDING 4A SECOND FLOOR|WEST WINDSOR
4|MIDDLELINK TECHNOLOGIES LLC|186 PRINCETON HIGHTSTOWN ROAD|BUILDING 4B|PRINCETON JUNCTION
4|Cloud88 Inc|186 Princeton Hightstown Road|Building 3B, Suite 12|West Windsor
4|PRIME CONSULTING LLC|1870 ROUTE 27|SUITE B5|EDISON
4|Prime Consulting LLC|1870 ROUTE 27|SUITE B5|EDISON
4|Prime Consulting LLC|1870 Route 27|Suite B5|Edison
4|Prime Consulting LLC|1870 route 27|suite B5|Edison
4|Doyen Square Technologies Inc|197 ROUTE 18|STE 308|E BRUNSWICK
4|KAVYOS CONSULTING INC|197 Route 18|Suite 210N|East Brunswick
4|Pilot Technologies LLC|197 Route 18|Suite 3000|East Brunswick
4|Neppalli Financial Services LLC|197 Route 18|Suite 305N|East Brunswick
4|GEEKSOFT LLC|2 Ethel Road|SUITE 202B/9|EDISON
4|GEEKSOFT LLC|2 Ethel Road|SUITE 202B_9|EDISON
4|ANJS Technologies LLC|2 Ethel Road|Suite 202B|EDISON
4|GEEKSOFT LLC|2 Ethel Road|Suite 202B_9|EDISON
4|KS Engineers, PC|2 Riverfront Plaza|3rd Floor|Newark
4|KS ENGINEERS, P.C.|2 Riverfront Plaza|3rd Floor|Newark
4|KS Engineers PC|2 Riverfront Plaza|3rd Floor|Newark
4|KS Engineers PC.|2 Riverfront Plaza|3rd floor, Panasonic Building|Newark
4|RIZING LLC|2 Tower Center Blvd Suite 2200||EAST BRUNSWICK
4|Rizing Consulting USA Inc|2 Tower Center Blvd Suite 2200||East Brunswick
4|Rizing Geospatial LLC|2 Tower Center Blvd Suite 2200||East Brunswick
4|Rizing Geospatial LLC|2 Tower Center Blvd Suite 2200||EAST BRUNSWICK
4|INTELLECT DESIGN ARENA INC|20 CORPORATE PLACE SOUTH||PISCATAWAY
4|VIRTUSA CONSULTING SERVICES PVT., LTD|20 CORPORATE PLACE SOUTH||PISCATAWAY
4|ExterNetworks Inc|20 Corporate Place South||Piscataway
4|Intellect Design Arena Inc|20 Corporate Place South||Piscataway
4|LAW OFFICES OF L. NAGANANDA LLC|200 MIDDLESEX-ESSEX TURNPIKE|SUITE 103|ISELIN
4|DIAMONDPICK INC|200 MIDDLESEX-ESSEX TURNPIKE|SUITE 204|ISELIN
4|ANLITIKS INC|200 MIDDLESEX-ESSEX TURNPIKE|SUITE 204|ISELIN
4|VVV CPA PC|200 MIDDLESEX-ESSEX TURNPIKE|SUITE 302|ISELIN
4|Larsen & Toubro Infotech Limited|2035 Lincoln Hwy, Edison Square West|Suite 3000|Edison
4|LTIMINDTREE Limited|2035 Lincoln Hwy, Edison Square West|Suite 3000|Edison
4|LTIMindtree Limited|2035 Lincoln Hwy, Edison Square West|Suite 3000|Edison
4|Larsen & Toubro Infotech Limited|2035 Lincoln Hwy, Edison Square West||Edison
4|SRI TECHNOLOGY SERVICES INC|21 Torbet ROAD||Hillsborough
4|Sri Innovation Services Inc|21 Torbet Road||Hillsborough
4|SRI INNOVATION SERVICES INC|21 Torbet Road||Hillsborough
4|SRI TECHNOLOGY SERVICES INC|21 Torbet Road||Hillsborough
4|Ground Management Holdings LLC|210 Route 4 East|Suite 209|Paramus
4|ORISSA Holdings LLC|210 Route 4 East|Suite 209|Paramus
4|ORISSA Holdings LLC|210 Route 4 East|Suite 211|Paramus
4|ORISSA Holdings LLC|210 Route 4 East||Paramus
4|PREMIER LIFE SCIENCES|2110 MAPLE AVENUE|STE B2|SOUTH PLAINFIELD
4|NOVOZEN HEALTHCARE LLC|2110 MAPLE AVENUE|SUITE B1|SOUTH PLAINFIELD
4|PREMIER LIFE SCIENCES|2110 MAPLE AVENUE|SUITE B2|SOUTH PLAINFIELD
4|Novozen Healthcare LLC|2110 Maple Avenue|STE B1|South Plainfield
4|Sapphire Pharma Inc|216 Stelton Road|Suite A 1|Piscataway
4|LOGISTIC SOLUTIONS INC|216 Stelton Road|Suite C2|Piscataway
4|Logistic Solutions Inc|216 Stelton Road|Suite C2|Piscataway
4|Logistic Solution Inc|216 Stelton Road|Suite C2|Piscataway
4|SUNTEK CORPORATIONS INC|230 DAVIDSON AVENUE|SUITE 207|SOMERSET
4|FIRST CONSULTING CORPORATION INC|230 DAVIDSON AVENUE||SOMERSET
4|PHOENIX TECHNOLOGIES LLC|230 DAVIDSON AVENUE||SOMERSET
4|QUANTUM SYSTEMS GROUP INC|230 DAVIDSON AVENUE||SOMERSET
4|PRECISION MANAGEMENT GROUP INC|233 MOUNT AIRY ROAD|STE 100|BASKING RIDGE
4|DUALITYBIO INC|233 MOUNT AIRY ROAD|STE 182|BASKING RIDGE
4|Agma Systems LLC|233 Mount Airy Road|Suite 100|Bridgewater
4|Agma Systems LLC|233 Mount Airy Road|Suite 100|Basking Ridge
4|Infinien Consulting Inc|250 Moonachie Road|Suite 101|Moonachie
4|Sterling Medical Devices|250 Moonachie Road|Suite 400|Moonachie
4|Sterlingtech Inc|250 Moonachie Road|Suite 400|Moonachie
4|Sterling Medical Devices LLC|250 Moonachie Road|Suite 400|Moonachie
4|DSM Nutritional Products LLC|250 Plainsboro Road||Plainsboro Township
4|DSM Food Specialties USA Inc|250 Plainsboro Road||Plainsboro Township
4|DSM North America Inc|250 Plainsboro Road||Plainsboro Township
4|DSM Food Specialties USA Inc|250 Plainsboro Road||Plainsboro
4|WAILEA SYSTEMS LLC|2525 ROUTE 130 BUILDING E|SUITE 102|CRANBURY
4|NOVAMEGHA LLC|2525 ROUTE 130 BUILDING E|SUITE 104|Cranbury
4|NOVAMEGHA LLC|2525 ROUTE 130 BUILDING E|SUITE 104|CRANBURY
4|Wailea Systems LLC|2525 Route 130 Building E|STE 102|Cranbury
4|IPC Systems Inc|3 Second Street|15th Floor|Jersey City
4|IPC Systems Inc|3 Second Street|Floor 15|Jersey City
4|Leap Group Holdings Inc|3 Second Street|Suite 501|Jersey City
4|Prescient Healthcare Group Inc|3 Second Street|Suite 801|Jersey City
4|PRN IT CORP|30 KNIGHTBRIDGE ROAD|SUITE 525|PISCATAWAY
4|BIGD TECHNOLOGIES LLC|30 KNIGHTSBRIDGE ROAD, SUITE 525||PISCATAWAY
4|PRN IT Corp|30 Knightbridge Road|STE 525|Piscataway
4|PRN IT CORP|30 Knightbridge Road|STE 525|Piscataway
4|PRN IT Corp.|30 Knightbridge Road|Suite 525|Piscataway
4|TEK ROCKS IT SERVICES LLC|30 Knightsbridge Road, Suite 525||PISCATAWAY
4|Likeminds Consulting Inc|30 Knightsbridge Road, Suite 525||Piscataway
4|Tek Rocks IT Services LLC|30 Knightsbridge Road, Suite 525||Piscataway
4|JNIT Technologies Inc|3145 Bordentown Ave|Suite D1|Parlin
4|JNIT TECHNOLOGIES INC|3145 Bordentown Ave|Suite D1|PARLLIN
4|JNIT Technologies Inc|3145 Bordentown Ave|Suite D1|PARLIN
4|SygnTech Systems Inc|3145 Bordentown Ave|Suite D2|Parlin
4|OPULENTSOFT LLC|3525 QUAKER BRIDGE ROAD|SUITE 3600|HAMILTON
4|OPULENT SOFT LLC|3525 QUAKER BRIDGE ROAD|SUITE 3600|HAMILTON
4|USHIREPRO LLC|3525 QUAKER BRIDGE ROAD|SUITE 4500|HAMILTON
4|Analytiq Techno Soft LLC|3525 Quaker Bridge Road|Suite 4300|Hamilton
4|GOVERNMENT SYSTEMS TECHNOLOGIES INC|370 Richard Mine Road|101|Wharton
4|Government Systems Technology Inc|370 Richard Mine Road|Suite 101|Wharton
4|Government Systems Technologies Inc|370 Richard Mine Road|Suite 101|Wharton
4|Government Systems Technologies Inc|370 Richard Mine Road||Wharton
4|MP ENGINEERS P.C.|3700 ROUTE 27|SUITE 101|PRINCETON
4|SJH ENGINEERING, P.C.|3700 ROUTE 27|SUITE 201|PRINCETON
4|SJH Engineering, PC|3700 Route 27|Suite 201|Princeton
4|SJH Engineering, P.C.|3700 Route 27|Suite 201|Princeton
4|ORIEN SOLUTIONS INC|3830 PARK AVENUE|SUITE 109|EDISON
4|AM Logic Corporation|3830 Park Avenue|207|EDISON
4|Orien Solutions Inc|3830 Park Avenue|Suite 109|Edison
4|AM Logic Corporation Inc|3830 Park Avenue|Suite 207|Edison
4|IT CATS LLC|388 WASHINGTON ROAD|SUITE A|Sayreville
4|IT CATS LLC DBA|388 WASHINGTON ROAD|SUITE A|SAYREVILLE
4|IT CATS LLC|388 WASHINGTON ROAD|SUITE A|SAYREVILLE
4|IT CATS LLC|388 Washington Road|Suite A|Sayreville
4|METASENSE INC|403 COMMERCE LANE|SUITE 5|WEST BERLIN
4|METASENSE INC|403 COMMERCE LANE||WEST BERLIN
4|MetaSense Inc|403 Commerce Lane|Suite 5|West Berlin
4|Metasense Inc|403 Commerce Lane|Suite 5|West Berlin
4|APPLAB SYSTEMS INC|4041A HADLEY ROAD||SOUTH PLAINFIELD
4|APPLABSYSYTEMS INC|4041A HADLEY ROAD||SOUTHPLAINFIELD
4|APPLABSYSTEMS INC|4041A HADLEY ROAD||SOUTHPLAINFIELD
4|APPLAB SYSTEMS INC|4041A HADLEY ROAD||SOUTHPLAINFIELD
4|ALPHA IT CONSULTING CORPORATION|4250 ROUTE 1|SUITE 103|SOUTH BRUNSWICK TOWNSHIP
4|DIGITRAN TECH SOLUTIONS INC|4250 Route 1|Ste 109|Monmouth Junction
4|ETOC CORPORATION|4250 Route 1|Suite 101|Monmouth Junction
4|DSBridge Corp.|4250 Route 1|Suite 150|Monmouth Junction
4|FINACLE SOFT INC|4365 US HIGHWAY 1|SUITE 203|PRINCETON
4|ZENITH SERVICES INC|4365 US HIGHWAY 1|SUITE 210|PRINCETON
4|Zenith Services Inc|4365 US Highway 1|STE 210|Princeton
4|Zenith Services Inc|4365 US Highway 1|Suite 210|Princeton
4|COMPUNNEL SOFTWARE GROUP INC|4390 ROUTE 1 NORTH|SUITE 302|PRINCETON
4|COMPUNNEL SOFTWARE GROUP INC|4390 ROUTE 1 NORTH|SUITE 302|PRINECTON
4|COMPUNNEL SOFTWARE GROUP INC|4390 Route 1 North|Suite 302|Princeton
4|Technovators INC|4390 Route 1 North|Suite 310|Princeton
4|Hanu Software Solutions Inc|4390 US Route 1|STE 200|Princeton
4|Zenith Services Inc|4390 US Route 1|STE 312|Princeton
4|Hanu Software Solutions Inc|4390 US Route 1|Suite 200|Princeton
4|Zenith Services Inc|4390 US Route 1|Suite 312|Princeton
4|APEX TECHNOLOGY GROUP INC|499 PLAINFIELD AVENUE|SUITE 1|EDISON
4|Apex Technology Group Inc|499 Plainfield Avenue|Suite 1, 2nd Floor|Edison
4|Apex Technology Group Inc|499 Plainfield Avenue|Suite 2A|Edison
4|Apex Technology Group Inc|499 Plainfield Avenue|Suite 2A, 2nd Floor|Edison
4|ADEPT AI SOLUTIONS LLC|5 INDEPENDENCE WAY,|SUITE 300|PRINCETON
4|NATIONAL CONSULTING GROUP INC|5 Independence Way,|Suite 300|Princeton
4|NATIONAL CONSULTING GROUP INC|5 Independence Way,|Suite 434|Princeton
4|Datanormus LLC|5 Independence way,|Suite 220|Princeton
4|Militz Consulting Inc|50 Harrison Street|Suite 114|Hoboken
4|Chimp&z US LLC|50 Harrison Street|Suite 206 POD 10|Hoboken
4|Lahita Engineering LLC|50 Harrison Street|Suite 317|Hoboken
4|Zebedee LLC|50 Harrison Street|Suite 472|Hoboken
4|PRINCETON IT SERVICES INC|500 ALEXANDER PARK|SUITE 301|PRINCETON
4|SILICON STAFF IT SERVICES INC,|500 ALEXANDER PARK DRIVE|SUITE 102|PRINCETON
4|SILICON STAFF IT SERVICES INC|500 ALEXANDER PARK DRIVE|SUITE 102|PRINCETON
4|Phenom Technology Solutions|500 Alexander Park|Ste 301|Princeton
4|Phenom Technology Solutions LLC|500 Alexander Park|Ste 301|Princeton
4|Phenom Technology Solutions LLC|500 Alexander Park|Suite 301|Princeton
4|Apex IT Services LLC|500 Alexander Park Drive|Suite 102|Princeton
4|Take Enterprise Services Inc|500 Alexander Park Drive|Suite 102|Princeton
4|DATAGAMA INC|500 COLLEGE ROAD E|2ND FLOOR SUITE 205|PRINCETON
4|TK-CHAIN LLC|500 COLLEGE ROAD E|STE 202|PRINCETON
4|PamTen Inc|500 College Road E|STE 234|Princeton
4|Accurant Biotech Inc|500 College Road E||Princeton
4|Priamba Soft LLC|517 RT 1 SOUTH|SUITE1193|ISELIN
4|Intellectt Inc|517 Rt 1 South|1115|Iselin
4|Priamba Soft LLC|517 Rt 1 South|SUITE 1193|ISELIN
4|Intellectt Inc|517 Rt 1 South|Suite 1115|Iselin
4|AARKAY CONSULTING INC|52 BRUNSWICK WOODS DR||EAST BRUNSWICK
4|ProDes E & T Inc|52 Brunswick Woods Dr||East Brunswick
4|ProDes E&T Inc|52 Brunswick Woods Dr||East Brunswick
4|ProDes E& T Inc|52 Brunswick Woods Dr||East Brunswick
4|Xactware Solutions Inc|545 Washington Boulevard||Jersey City
4|Lead Intelligence Inc|545 Washington Boulevard||Jersey City
4|ISO Claims Services Inc|545 Washington Boulevard||Jersey City
4|Insurance Services Office Inc|545 Washington Boulevard||Jersey City
4|VSLN International Inc|591 Summit Ave,|Suite 524|JERSEY CITY
4|VSLN International Inc|591 Summit Ave,|Suite 526|JERSEY CITY
4|VSLN International Inc|591 summit ave,|Suite 526|JERSEY CITY
4|SPLN INTERNATIONAL LLC|591 summit ave,|suite 524|JERSEY CITY
4|SEJONG LLP|65 CHALLENGER ROAD|SUITE 250|RIDGEFIELD PARK
4|EUSU LOGISTICS INC|65 Challenger Road|Suite 120|Ridgefield Park
4|SEJONG LLP|65 Challenger Road|Suite 250|Ridgefield Park
4|Sejong LLP|65 Challenger Road|Suite 250|Ridgefield Park
4|ZETTALOGIX INC|66 MIDDLESEX AVE|STE 309|ISELIN
4|Zettalogix Inc|66 Middlesex Ave|Ste 309|ISELIN
4|Zettalogix Inc|66 Middlesex Ave|Ste 309|Iselin
4|Helenzys Inc|66 Middlesex Ave|Suite 302|Iselin
4|Mark Magrann Associates Inc|701 East Gate Drive|Suite 100|Mount Laurel
4|Mark MaGrann Associates Inc|701 East Gate Drive|Suite 100|Mount Laurel
4|Mark Magrann Associates Inc|701 East Gate Drive||Mount Laurel
4|Mark MaGrann Associates Inc|701 East Gate Drive||Mount Laurel
4|GENSCRIPT USA INC|860 CENTENNIAL AVENUE||PISCATAWAY
4|GenScript ProBio USA Inc|860 Centennial Avenue||Piscataway
4|Genscript USA Inc|860 Centennial Avenue||Piscataway
4|GenScript USA Inc|860 Centennial Avenue||Piscataway
4|FLYSOFT INC|9 DAVISON AVE|SUITE 11|JAMESBURG
4|INVOTECK INC|9 DAVISON AVE|SUITE 5|JAMESBURG
4|FLYSOFT INC|9 DAVISON AVENUE|SUITE 11|JAMESBURG
4|GRAPH SOFT INC|9 DAVISON AVENUE|SUITE 15|JAMESBURG
4|GRAPHSOFT INC|9 DAVISON AVENUE|SUITE 15|JAMESBURG
4|INVOTECK INC|9 DAVISON AVENUE|SUITE 5|JAMESBURG
4|RELYCOM INC|9 Davison Ave|Suite 15|Jamesburg
4|RELYCOM INC|9 Davison Ave|Suite 6|Jamesburg
4|Tanisha Systems Inc|99 WOOD AVENUE SOUTH|Suite 308|ISELIN
4|RCG Global Services Inc|99 Wood Avenue South|9th Floor|Iselin
4|RCG Global Services Inc|99 Wood Avenue South|Floor 9|Iselin
4|RCG Global Services Inc|99 Wood Avenue South|Floor 9th|Iselin
3|IT ECHELON CORPORATION.|03 INDEPENDENCE WAY|SUITE 108|PRINCETON
3|INFOSPAN TECHNOLOGIES INC|03 INDEPENDENCE WAY|SUITE 108|PRINCETON
3|INFOLOGITECH INC|03 INDEPENDENCE WAY|SUITE 117|PRINCETON
3|NOVARTIS PHARMACEUTICALS CORPORATION|1  Health Plaza||East Hanover
3|Novartis Pharmaceuticals Corporation|1  Health Plaza||East Hanover
3|Sandoz Inc|1  Health Plaza||East Hanover
3|COESYS SOLUTIONS INC|1 BRIDGE PLAZA|2ND Floor|FORT LEE
3|NRM Holdings Inc|1 Bridge Plaza|Suite 672|Fort Lee
3|The Vets Holding Inc|1 Bridge Plaza|Suite 675|Fort Lee
3|Latent AI Inc|1 Independence Way|Suite 301|Princeton
3|Trimble Maps Inc|1 Independence Way|Suite 400|Princeton
3|Trimble MAPS Inc|1 Independence Way|Suite 400|Princeton
3|METRIXLAB US INC|1 MAIN STREET|SUITE 205|CHATHAM
3|Metrixlab US Inc|1 MAIN STREET|SUITE 205|CHATHAM
3|MetrixLab US Inc|1 Main Street|Suite 205|Chatham
3|OJUS LLC|1 ROSSMOOR DR.|SUITE 023|MONROE TOWNSHIP
3|SAMSON SOFTWARE SOLUTIONS INC|1 ROSSMOOR DR.|SUITE 140|MONROE TOWNSHIP
3|OJUS LLC|1 ROSSMOOR DR.|SUITE 203|MONROE TOWNSHIP
3|MAESTRO TECHNOLOGIES INC|1 W STATE STREET|2ND FLOOR|TRENTON
3|Maestro Technologies Inc|1 W State Street|Floor 2|Trenton
3|Orison Solutions LLC|1 W State Street|STE 306|Trenton
3|Intone Networks  Inc|10 Austin Avenue||Iselin
3|Intone Networks Inc|10 Austin Avenue||Iselin
3|Intone Networks Inc d/b/a Intone|10 Austin Avenue||Iselin
3|EZ Solutions Inc|10 Lake Dr|Suite 101|East Windsor
3|American Professionals Inc|10 Lake Dr|Suite 102|East Windsor
3|Adoresoft Corporation|10 Lake Dr|Suite 103|East Windsor
3|BresMed America Inc|10 North Park Place|Suite 201|Morristown
3|Lumanity Market Access LLC|10 North Park Place|Suite 201|Morristown
3|Lumanity Creative Strategy and Engagement Inc|10 North Park Place|Suite 201|Morristown
3|I-EXCEED TECHNOLOGY SOLUTIONS INC|100 CANAL POINTE BLVD|SUITE 115|PRINCETON
3|INCEDO INC|100 Campus Drive,|4th Floor, Suite 420,|Florham Park,
3|Incedo Inc|100 Campus Drive,|4th Floor, Suite 420,|Florham Park,
3|INCEDO INC|100 Campus Drive,|4th Floor, Suite 420,|Florham Park
3|LearningMate Solutions Inc|100 Canal Pointe Blvd|Ste 123|Princeton
3|LearningMate Solutions Inc|100 Canal Pointe Blvd|Suite 123|Princeton
3|Scherer Design Group LLC|100 Corporate Drive|Suite 202|Lebanon
3|iTKG Law LLC|100 Corporate Drive|Suite 302|Lebanon
3|iTKG Law LLC|100 Corporate Drive||Lebanon
3|IFUSION INC|100 HORIZON CENTER BLVD|SUITE 201|HAMILTON
3|Viswam LLC|100 Horizon Center Blvd|1st Floor|Hamilton Township
3|Vai Consultancy Services LLC|100 Horizon Center Blvd||Hamilton Township
3|CINERGY TECHNOLOGY INC|100 PLAINFIELD AVENUE|SUITE 7|EDISON
3|Sevenhills IT Solutions LLC|100 Plainfield Avenue|STE B3|Edison
3|Cinergy Technology Inc|100 Plainfield Avenue|Suite 7|Edison
3|NB Ventures Inc|100 Walnut Ave|Floor 3|Clark
3|CONTRIVA INC|100 Walnut Ave|Suite 210|Clark
3|NB Ventures Inc|100 Walnut Ave||Clark
3|APPISOFT INC|100 Wood Avenue S|Suite 116|Iselin
3|Appisoft Inc|100 Wood Avenue S|Suite 116|Iselin
3|APPISOFT INC|100 Wood Avenue S|suite 116|Iselin
3|M2 Resources Inc|1000 WHITE HORSE ROAD|STE 404|VOORHEES
3|M2 Resources Inc|1000 WHITE HORSE ROAD|Ste 404|VOORHEES
3|M2 Resources Inc|1000 White Horse Road|Suite 404|Voorhees
3|DATA WAREHOUSE LABS INC|1001 DURHAM AVENUE|SUITE 306|SOUTH PLAINFIELD
3|CORE ITS LIMITED LIABILITY COMPANY|1001 DURHAM AVENUE|SUITE 321|SOUTH PLAINFIELD
3|Enterprise Software Solutions Inc|1001 Durham Avenue|Suite 204|South Plainfield
3|TekAllianz Corporation|1008 RT 34|Suite 6|MATAWAN
3|TekAllianz Corporation|1008 RT 34|UNIT 6|MATAWAN
3|TekAllianz Corporation|1008 RT 34|Unit 6|MATAWAN
3|APLOMB TECHNOLOGIES INC|101 College Road E, 3rd Floor|STE 301|Princeton
3|IntelliLink Technologies Inc|101 College Road E, 3rd Floor|Suite 303|Princeton
3|Ebon Technology LLC|101 Eisenhower Parkway|STE 300|Roseland
3|Convergent Law LLC|101 Eisenhower Parkway|Suite 101|Roseland
3|VinSek AI LLC|101 Eisenhower Parkway|Suite 300  4016|Roseland
3|SageSure Insurance Managers LLC|101 Hudson St.|2700|Jersey City
3|Prudentia Group LLC|101 Hudson St.|Suite 1203|Jersey City
3|SageSure Insurance Managers LLC|101 Hudson St.|Suite 2700|Jersey City
3|Lucosky Brookman LLP|101 Wood Avenue S.|5th Floor|Iselin
3|Lucosky Brookman LLP|101 Wood Avenue S.|Floor 5|Iselin
3|Hexaware Technologies Inc|101 Wood Avenue S.|Suite 600|Iselin
3|M Digital LLC|101 college Road E, 3rd floor|Suite 303|Princeton
3|SENSEBRAIN TECHNOLOGY LIMITED LLC|103 CARNEGIE CENTER, SUITE 300||Princeton
3|Fulcrum Consulting Inc|103 CARNEGIE DRIVE|SUITE 300|PRINCETON
3|FULCRUM CONSULTING INC|103 CARNEGIE DRIVE|SUITE 300|PRINCETON
3|Contineo Health Inc|103 CARNEGIE DRIVE|SUITE 300|PRINCETON
3|VSOFT INFOWARE INC|103 Carnegie Center, Suite 300||PRINCETON
3|V SOFT INFOWARE INC|103 Carnegie Center, Suite 300||PRINCETON
3|IB SYSTEMS INC|1030 STELTON ROAD, SUITE 203|N/A|PISCATAWAY
3|United IT Inc|1030 Stelton Road, Suite 203|N/A|Piscataway
3|United IT Inc|1030 Stelton Road, Suite 203||Piscataway
3|eRay Technologies LLC|1031 US Route 22|Suite 105|BRIDGEWATER
3|eRay Technologies LLC|1031 US Route 22|Suite 105|Bridgewater
3|eRay Technologies LLC|1031 US Route 22|Suite 105|Bridge Water
3|CDM PRINCETON LLC|104 Carnegie Center|300|Princeton
3|Currie & Brown Inc|104 Carnegie Center|SUITE 208|PRINCETON
3|Currie & Brown Inc|104 Carnegie Center|Suite 208|Princeton
3|HTL Biotechnology Innovation|111 Ideation Way|Suite 100|Nutley
3|Modern Meadow Inc|111 Ideation Way|Suite 100|Nutley
3|HTL Biotechnology Innovation|111 Ideation Way|Suite 300|Nutley
3|GIIR AMERICA INC|111 SYLVAN AVENUE|2ND FL SOUTH BLDG|ENGLEWOOD CLIFFS
3|GIIR AMERICA INC|111 SYLVAN AVENUE|2ND FLOOR SOUTH BLDG|ENGLEWOOD CLIFFS
3|LG CNS America Inc|111 Sylvan Avenue||Englewood Cliffs
3|Firefly Pros Inc|113 Jeff St|Suite 1020|Edison
3|Firefly Pros Inc|113 Jeff St|Suite 2010|Edison
3|SG Healthcare and Pharma Tech Inc|113 Jeff St|Suite 2020|Edison
3|Honeywell Safety Products USA Inc|115 Tabor Road||Morris Plains
3|Solstice Advanced Materials US Inc|115 Tabor Road||Morris Plains
3|Honeywell Electronic Chemicals LLC|115 Tabor Road||Morris Plains
3|NJS ASSOCIATES COMPANY|1170 US HIGHWAY 22|SUITE 209|BRIDGEWATER
3|URL Systems Inc|1170 US Highway 22|Suite 100|BRIDGEWATER
3|Softsensor AI LLC|1170 US Highway 22|Suite 307|Bridgewater
3|SHOOLIN INC|120 S WOOD AVE|STE 611|ISELIN
3|SHOOLIN INC|120 S WOOD AVE|SUITE 611|ISELIN
3|SHOOLIN INC|120 S WOOD AVE||SUITE 611
3|TECHNOVIQ CONSULTING SERVICES LLC|1200 ROUTE 22 EAST|SUITE 2000|BRIDGEWATER
3|161 Dev Inc|1200 ROUTE 22 EAST|SUITE 2000|BRIDGEWATER
3|New Datatech LLC|1200 Route 22 East|Suite 2000|Bridgewater
3|Amistad Technologies Inc|1200 US HIGHWAY 22|STE 2000|BRIDGEWATER
3|AMISTAD TECHNOLOGIES INC|1200 US HIGHWAY 22|SUITE 2000|BRIDGEWATER
3|STARFISH ASSOCIATES LLC|1200 US HIGHWAY 22|Suite 8|BRIDGEWATER
3|Informetric Systems Inc|121 CHANLON ROAD|Suite 320|NEW PROVIDENCE
3|Informetric Systems Inc|121 Chanlon Road|SUITE 320|New Providence
3|Informetric Systems Inc|121 Chanlon Road|Suite 320|New Providence
3|THE DIGITAL GROUP OF COMPANIES INC|121 VILLAGE BOULEVAROAD|N/A|PRINCETON
3|THE DIGITAL GROUP OF COMPANIES INC|121 VILLAGE BOULEVAROAD|NA|Princeton
3|THE DIGITAL GROUP OF COMPANIES INC|121 VILLAGE BOULEVAROAD||PRINCETON
3|MERCK SHARP & DOHME LLC|126 E Lincoln Avenue|MAILSTOP RY86 2011C|Rahway
3|MERCK SHARP & DOHME CORP.|126 E Lincoln Avenue|MAILSTOP RY86 2011C|Rahway
3|MERCK SHARP & DOHME LLC|126 E Lincoln Avenue||Rahway
3|Jason C. Tarantino Associates Inc|1321 BRUNSWICK AVENUE||LAWRENCE TWP
3|Jason C. Tarantino Associates Inc|1321 Brunswick Avenue||Lawrence Township
3|Jason C. Tarantino Associates Inc|1321 Brunswick Avenue||Lawrence Twp
3|FRIENDLY CONSULTANTS INC|14 WASHINGTON ROAD|BUILDING 6, SUITE 623|PRINCETON JUNCTION
3|MERITEK INC|14 WASHINGTON ROAD|SUITE 520|PRINCETON JUNCTION
3|Talent Minds LLC|14 Walsh Drive|Suite 200,|Parsippany,
3|Doceree Inc|14 Walsh Drive|Suite 302|Parsippany
3|Vistaar Technologies Inc|14 Walsh Drive|Suite 303|Parsippany
3|Dextro Software Systems Inc|14 Washington Road|Suite 501|Princeton Junction
3|PINTEGRA LLC|140 E Ridgewood Ave|STE 409|Paramus
3|PIntegra LLC|140 E Ridgewood Ave|Suite 415|Paramus
3|Futuremindz LLC|140 E Ridgewood Ave|Suite 415|Paramus
3|Futuremindz LLC|140 E Ridgewood Avenue|Suite 415|Paramus
3|OWMN LTD|140 E Ridgewood Avenue|Suite 415 South Tower|Paramus
3|OWMN, Ltd.|140 E Ridgewood Avenue|Suite 415 South Tower|Paramus
3|ALQUIEM INC|140 E. RIDGEWOOD AVENUE|SUITE 415, SOUTH TOWER|PARAMUS
3|PINTEGRA LLC|140 E. Ridgewood Avenue|Suite 415, South Tower|Paramus
3|Connexions Data Inc|140 E. Ridgewood Avenue|Suite 415, South Tower|Paramus
3|Nettlinx Inc|1400 Kennedy Blvd.|STE 1|Union City
3|NETTLINX INC|1400 Kennedy Blvd.|Ste 1|Union City
3|NETTLINX INC|1400 Kennedy Blvd.||Union City
3|NS IT SOLUTIONS LLC|1405 ROUTE 18|SUITE 106|OLD BRIDGE
3|NS IT Solutions LLC|1405 Route 18|Suite 101|Old Bridge
3|NS IT Solutions LLC|1405 Route 18|Suite 106|Old Bridge
3|Evidn LLC|1420 Meetinghouse Road|Suite 4|Sea Girt
3|Evind LLC|1420 Meetinghouse Road|Suite 4|Sea Girt
3|Evidn LLC|1420 Meetinghouse Road||Sea Girt
3|MARINE DESIGN & OPERATIONS INC|15 PROSPECT LANE|SUITE 2 AB|COLONIA
3|Marine Design and Operations Inc|15 PROSPECT LANE|SUITE 2 AB|COLONIA
3|MARINE DESIGN & OPERATIONS INC|15 PROSPECT LANE|SUITE 2AB|COLONIA
3|Tech Wizard Inc|150 Boulevard|Ste 4B|Washington
3|Tech Wizard Inc|150 Boulevard|Suite 4B|Washington
3|ICON TECHNICAL GROUP INC|150 Boulevard|Suite 4D|Washington
3|Lumanity Market Access LLC|151 Forest Street|Suite E|Montclair
3|Lumanity Inc|151 Forest Street|Suite E|Montclair
3|Cyan Health LLC|151 Forest Street|Suite E.|Montclair
3|Tech Pundits Inc|1592 Route 130, Suite 310|N/A|North Brunswick
3|TECHPUNDITS INC|1592 Route 130, Suite 310||NORTH BRUNSWICK
3|Tech Pundits Inc|1592 Route 130, Suite 310||North Brunswick
3|ITECHSTACK INC|1648 ROUTE 130|2ND FLOOR|NORTH BRUNSWICK
3|iTechStack Inc|1648 Route 130|2nd Floor|North Brunswick
3|iTechstack Inc|1648 Route 130|2nd Floor|North Brunswick
3|SIRI HEIGHTS LLC|17 S MAIN ST||MARLBORO
3|Synerzy Software Solutions Inc|17 S Main St||Marlboro
3|SYNERZY SOFTWARE SOLUTIONS INC|17 S Main St||Marlboro
3|Synerzy Software Solutions Inc|17 S Main Street||Marlboro
3|SYNERZY SOFTWARE SOLUTIONS INC|17 S Main Street||Marlboro
3|SIRI HEIGHTS LLC|17 S Main Street||Marlboro
3|QCWORLDFRUIT LIMITED LIABILITY COMPANY|18 BROMLEY DRIVE|N/A|SICKLERVILLE
3|QCWORLDFRUIT LIMITED LIABILITY COMPANY|18 BROMLEY DRIVE||SICKLERVILLE
3|QCWORLDFRUIT LIMITED LIABILITY COMPANY|18 Bromley Drive||SICKLERVILLE
3|VASPIRE TECHNOLOGIES INC|180 TICES LANE|SUITE 205, BUILDING A|EAST BRUNSWICK
3|VASPIRE TECHNOLOGIES INC|180 TICES LANE|SUITE 205, BUILDING A,|EAST BRUNSWICK
3|VASPIRE TECHNOLOGIES INC|180 TICES LANE|SUITE 205, BUILDING A.|EAST BRUNSWICK
3|TUNZA TULLE LLC|1880 MORRIS AVENUE||UNION
3|Tunzatulle LLC|1880 Morris Avenue||UNION
3|Tunza Tulle LLC|1880 Morris Avenue||UNION
3|WIZCOM CORPORATION|19 WASHINGTON ROAD|N/A|PRINCETON JUNCTION
3|WIZCOM CORPORATION|19 WASHINGTON ROAD||PRINCETON JUNCTION
3|Dextro Software Systems Inc|19 Washington Road|N/A|Princeton Junction
3|Greycell Labs Inc|190 Lincoln Hwy|STE 200|Edison
3|Greycell Labs Inc|190 Lincoln Hwy|SUITE 200|Edison
3|Greycell Labs Inc|190 Lincoln Hwy|SUITE 200|edison
3|ITS ANALYTICS INC|190 TAMARACK CIRCLE||SKILLMAN
3|INTERNATIONAL TECHNOLOGY SOLUTIONS INC|190 TAMARACK CIRCLE||SKILLMAN
3|International Technology Solutions Inc|190 Tamarack Circle||SKILLMAN
3|Quality Fruit Surveys Inc|1916 Wayne Ave|S 1|HADDON HEIGHTS
3|Quality Fruit Surveys lnc|1916 Wayne Ave|S1|HADDON HEIGHTS
3|quality Fruit Surveys Inc|1916 Wayne Ave|S1|HADDON HEIGHTS
3|TECHNOVISION SOLUTION LLC|196 Princeton-Hightstown Road|Suite 14A, Building 2A Second Floor|West Windsor Township
3|TECHNOVISION SOLUTION LLC|196 Princeton-Hightstown Road|Suite 14A, Building 2A, Second Floor|West Windsor Township
3|INFOSYSNOW INC|196 Princeton-Hightstown Road|Suite 16 Building 2A Second Floor|West Windsor Township
3|MOKSA TECHNOLOGIES INC|197 STATE ROUTE 18 SOUTH|SUITE 3000, SOUTH WING|EAST BRUNSWICK
3|mokSa Technologies Inc|197 State Route 18 South|STE 3000, South Wing|East Brunswick
3|FinTek Solutions LLC|197 State Route 18 South|Suite 3000 South Wing|East Brunswick
3|Unisoft Solutions LLC|1N JOHNSTON AVE|SUITE D201|HAMILTON
3|DATACLOUD TECHNOLOGIES LLC|1N Johnston Ave|Suite C219 I|Hamilton
3|DATACLOUD TECHNOLOGIES LLC|1N Johnston Ave|Suite C219 I&j|Hamilton
3|ACCODIAN LLC|2 CLERICO LANE|SUITE 207|HILLSBOROUGH
3|JPC Logistics LLC|2 Clerico Lane|Bldg. 1|Hillsborough
3|JPC LOGISTICS LLC|2 Clerico Lane|N/A|HILLSBOROUGH
3|Flow Commerce Inc|2 Hudson Place|7th Floor|Hoboken
3|Day & Associates LLC|2 Hudson Place|Suite 303|Hoboken
3|OneMarketData LLC|2 Hudson Place|Suite 625|Hoboken
3|EcoTerra Consulting LLC|2 Lakeview Avenue|Ste 1C|Piscataway
3|EcoTerra Consulting LLC|2 Lakeview Avenue|Suite 1C|Piscataway
3|Anagh Technologies Inc|2 Lakeview Avenue|Suite 310|Picataway
3|MACROSOFT INC|2 SYLVAN WAY||PARSIPPANY
3|Ereteam Analytics USA Corp|2 Sylvan Way|Suite 104|Parsippany
3|Macrosoft Inc|2 Sylvan Way||Parsippany
3|PEER CONSULTING RESOURCES|20 JEFFERSON PLAZA||SOUTH BRUNSWICK
3|DAMA ENTERPRISES LIMITED LIABILITY COMPANY|20 Jefferson Plaza||Princeton
3|Peer Consulting Resources Inc|20 Jefferson Plaza||Princeton
3|OGI Shared Service Center-Advertising LLC|200 Hudson Street, 3rd Floor|Harborside Financial Center 2|Jersey City
3|OGI Shared Service Center - Advertising LLC|200 Hudson Street, 3rd floor|Harborside Financial Center 2|Jersey City
3|OGI SHARED SERVICE CENTER-ADVERTISING LLC|200 Hudson Street, 3rd floor|Harborside Financial Center 2|Jersey City
3|BOOLEAN SYSTEMS INC|200 W STATE ST|SUITE 4A|TRENTON
3|Boolean Systems INC|200 W State St|Suite 4A|Trenton
3|BOOLEAN SYSTEMS INC|200 W State St|Suite 4A|Trenton
3|Invidi Technologies Corporation|202 Carnegie Center|Suite 204|Princeton
3|Y-mAbs Therapeutics Inc|202 Carnegie Center|Suite 301|Princeton
3|Tsumura USA Inc|202 Carnegie Center|Suite 306|Princeton
3|AVERON SERVICES INC|2025 LINCOLN HWY.|SUITE 100|EDISON
3|AVERON SOLUTIONS INC|2025 LINCOLN HWY.|SUITE 100C|EDISON
3|DIMENSION CONSULTING INC|2025 LINCOLN HWY.|SUITE 140|EDISON
3|Global Pharmatek LLC|2025 Lincoln Highway, Suite 225A||EDISON
3|Global Pharma Tek|2025 Lincoln Highway, Suite 225A||Edison
3|Global Pharmatek LLC|2025 Lincoln Highway, Suite 225A||Edison
3|LTIMINDTREE Limited|2035 LINCOLN HIGHWAY,|STE 3004|EDISON
3|LTIMINDTREE Limited|2035 LINCOLN HIGHWAY,|STE 3004|EDISON,
3|LTIMINDTREE Limited|2035 LINCOLN HIGHWAY,|STE 3004|Edison
3|LabCorp Drug Development|206  Carnegie Center||Princeton
3|LabCorp Drug Development Inc|206  Carnegie Center||Princeton
3|Labcorp Bioanalytical Services LLC|206  Carnegie Center||Princeton
3|ALPHADATUM|211 WARREN STREET||NEWARK
3|ALPHADATUM LLC|211 WARREN STREET||NEWARK
3|New Jersey Innovation Institute|211 Warren Street||Newark
3|HANSOL CPAS LLP|222 BRUCE REYNOLDS BLVD|SUITE 310|FORT LEE
3|SEIL LLP|222 Bruce Reynolds Blvd|Ste 300|Fort Lee
3|Seil LLP|222 Bruce Reynolds Blvd|Suite 300|Fort Lee
3|AIT GLOBAL INC|228 ROUTE 34|SUITE 205|MATAWAN
3|AIT GLOBAL INC|228 ROUTE 34|SUITE A|MATAWAN
3|AIT GLOBAL INC|228 ROUTE 34||MATAWAN
3|FASTECH CONSULTING LLC|235 MOORE STREET|SUITE 103|HACKENSACK
3|Fastech Consulting LLC|235 Moore Street|Suite 103|Hackensack
3|Fastech Consulting LLC|235 Moore Street||Hackensack
3|WAILEA SYSTEMS LLC|2525 ROUTE 130, BUILDING E|SUITE 102|CRANBURY
3|Novamegha LLC|2525 ROUTE 130, BUILDING E|SUITE 104|CRANBURY
3|NOVAMEGHA LLC|2525 ROUTE 130, BUILDING E|SUITE 104|CRANBURY
3|Ekodus Inc|2525 Route 130 South|Building C, Suite 1A|Cranbury
3|EKODUS INC|2525 Route 130 South|Building C, Suite 2A|Cranbury
3|EKODUS INC|2525 Route 130 South|Suite 1, Building C|Cranbury
3|AVANSA IT SOLUTIONS LLC|2525 US 130|BUILDING C SUITE 1A|CRANBURY
3|AVANSA IT SOLUTIONS LLC|2525 US 130|BUILDING C, SUITE 1A|CRANBURY
3|Keane Systems LLC|2525 US 130|Bldg. C, Suite 02|Cranbury
3|App Dynamic Systems LLC|2525 US 130 Bldg E|Ste 103|Cranbury
3|App Dynamic Systems LLC|2525 US 130 Bldg E|Suite 103|Cranbury
3|App Dynamics Systems LLC|2525 US 130 Bldg E|Suite 103|Cranbury
3|Euclid Technologies LLC|2525 US Route 130|Building D|Cranbury
3|Euclid Technologies LLC|2525 US Route 130||Cranbury
3|Masterex Technologies Inc|2525 US Route 130||Cranbury
3|TWINTRON DATA SYSTEMS INC|26 WOODBROOK ROAD||VOORHEES
3|Twintron Data Systems lnc.|26 Woodbrook Road||VOORHEES
3|Twintron Data Systems Inc|26 Woodbrook Road||Voorhees
3|TCG DIGITAL SOLUTIONS LLC|265 DAVIDSON AVE|SUITE 220|SOMERSET
3|Sphere Management Inc|265 Davidson Ave|Suite 110|Somerset
3|PCB APPS LLC|265 Davidson Ave|Suite 215|SOMERSET
3|NARTAL SYSTEMS INC|2650 US 130|SUITE E|CRANBURY
3|I28 TECHNOLOGIES CORPORATION|2650 US 130|SUITE E|CRANBURY
3|i28 TECHNOLOGIES CORPORATION|2650 US 130|SUITE E|CRANBURY
3|Techno-Comp Inc|270 Davidson Ave|Suite 111|Somerset
3|Design Resources Group Architects AIA Inc|270 Davidson Ave|Suite 303|Somerset
3|GalaxE.Solutions Inc|270 Davidson Ave||Somerset
3|IPC Systems Inc|3 Second Street, Harborside Fin. Ctr.|15th Floor|Jersey City
3|IPC Systems Inc|3 Second Street, Harborside Fin. Ctr.|15th floor|Jersey City
3|IPC Systems Inc|3 Second Street, Harborside Fin. Ctr.|Floor 15|Jersey City
3|Lord, Abbett & Co. LLC|30 Hudson Street|Floor 39|Jersey City
3|Lord, Abbett & Co. LLC|30 Hudson Street||Jersey City
3|Lord Abbett & Co.|30 Hudson Street||Jersey City
3|Tek Rocks IT Services LLC|30 Knightsbridge Road  525||Piscataway
3|Tek rocks it services llc|30 Knightsbridge Road  525||Piscataway
3|Brownloop Inc|30 Knightsbridge Road  525||Piscataway
3|AVANCER CORPORATION|30 N MAIN STREET|SUITE 201|CRANBURY
3|Avancer Corporation|30 N Main Street|Ste 201|Cranbury
3|Avancer Corporation|30 N Main Street|Suite 201|Cranbury
3|DIGITAL DHARA LLC|300 CARNEGIE CTR|SUITE 150|PRINCETON
3|Groupsoft US Inc|300 Carnegie Ctr|Ste 150|Princeton
3|Digital Dhara LLC|300 Carnegie Ctr|Suite 150|Princeton
3|Collaborative Solutions LLC|300 Frank W. Burr Blvd.|Suite 36, 6th Fl.|Teaneck
3|Collaborative Solutions LLC|300 Frank W. Burr Blvd.|Suite 36, 6th Floor|Teaneck
3|Collaborative Solutions LLC|300 Frank W. Burr Blvd.||Teaneck
3|CRC Associates Inc|300 MAPLE AVENUE|SUITE 101|SOUTH PLAINFIELD
3|CRC ASSOCIATES INC|300 MAPLE AVENUE|SUITE 101|SOUTH PLAINFIELD
3|Clearlite Inc|300 Maple Avenue|Suite 205|South Plainfield
3|CoreBytes LLC|300 Witherspoon Street|Suite 201|Princeton
3|Ashenfelter & Ashmore, LLP|300 Witherspoon Street|Suite 201|Princeton
3|Tech Torque Inc|300 Witherspoon Street|Suites 201 / 202|Princeton
3|SIUVO INC|301 CARNEGIE CENTER|SUITE 100|PRINCETON
3|EMX Digital Inc|301 Carnegie Center|Suite 301|Princeton
3|Slayback Pharma LLC|301 Carnegie Center|Suite 303|Princeton
3|Capo Solutions Inc|309 Fellowship Road|Suite 200|Mt. Laurel
3|340B Technologies Inc|309 Fellowship Road|Suite 200|Mt. Laurel
3|RV INFORMATION TECHNOLOGY INC|309 Fellowship Road|Suite 200|Mount Laurel
3|JN Data Resolution LLC|30B Vreeland Road|B 304|Florham Park
3|JN Data Resolution LLC|30B Vreeland Road|Suite 304|Florham Park
3|JN Data Resolution LLC|30B Vreeland Road|Suite B 304|Florham Park
3|Gennao Bio Inc|311 Pennington Rocky Hill Road|Bldg 21|Pennington
3|ProBio Inc|311 Pennington Rocky Hill Road|Bldg 9|Pennington
3|ProBio Inc|311 Pennington Rocky Hill Road|Building 9|Pennington
3|R3 TECHNOLOGY INC|324 COURTYAROAD DRIVE|SUITE A|HILLSBOROUGH
3|ALLAGI TECHNOLOGIES INC|324 COURTYAROAD DRIVE|SUITE B|HILLSBOROUGH
3|PROCAL TECHNOLOGIES INC|324 COURTYAROAD DRIVE|SUITE B|HILLSBOROUGH
3|CONGENSYS CORP.|33 WOOD AVENUE S|SUITE 646|ISELIN
3|CONGENSYS CORP.|33 WOOD AVENUE S.|SUITE 646|ISELIN
3|EXPLEO SOLUTIONS INC|33 WOOD AVENUE SOUTH, SUITE 600||ISELIN
3|Ora Apps Inc|33 Wood Avenue S|Suite 600|Iselin
3|RAPS Consulting Inc|33 Wood Avenue S|Suite 623|Iselin
3|Ephicacy Consulting Group Inc|33 Wood Avenue S.|Suite 600|Iselin
3|Reqhire Inc|33 Wood Avenue S.|Suite 641|Iselin
3|mokSa Technologies Inc|33 Wood Avenue South, Suite 600|No. 654, Iselin Metropark|Iselin
3|Asamanta Technologies LLC|33 Wood Avenue South, Suite 600||Iselin
3|RAM Software Solutions Inc|333 Littleton ROAD|STE 302|Parsippany
3|RAM Software Solutions Inc|333 Littleton ROAD|ste 302|Parsippany
3|Ram Software Solutions Inc|333 Littleton Road|Suite 302|Parsippany
3|BCT CONSULTING INC|333 THORNALL STREET|1ST FLOOR|EDISON
3|BCT CONSULTING INC|333 THORNALL STREET|FLR. 1ST|EDISON
3|Orion Systems Integrators LLC|333 Thornall Street|Suite 703|Edison
3|SUPER TECHNOLOGY SOLUTIONS INC|34 RIDGE ROAD||GREEN BROOK
3|Super Technology Solutions Inc|34 Ridge Road||Green Brook
3|Super technology Solutions Inc|34 Ridge Road||Green Brook
3|MSPC Certified Public Accountants and Advisors, P.C.|340 North Avenue East|3rd Floor|Cranford
3|MSPC Certified Public Accountants and Advisors, P.C.|340 North Avenue East||Cranford
3|MSPC Certified Public Accountants and Advisors, PC|340 North Avenue East||Cranford
3|Infotech Global Inc|343 Thornall Street|Suite 630|Edison
3|HealthEC LLC|343 Thornall Street|Suite 630|Edison
3|OPTIKS SOLUTIONS INC|343 Thornall Street|Suite 660|Edison
3|MCKINSOL CONSULTING INC|35-37 PROGRESS ST|STE B1|EDISON
3|TRIUM AI SOLUTIONS INC|35-37 PROGRESS ST|UNIT A4|EDISON
3|Trium AI Solutions Inc|35-37 Progress St|Unit A4|Edison
3|ARTECH LLC|360 MT. KEMBLE AVENUE|SUITE 2000|MORRISTOWN
3|Artech LLC|360 MT. KEMBLE AVENUE|SUITE 2000|MORRISTOWN
3|Artech LLC|360 Mt. Kemble Avenue|Suite 2000|Morristown
3|Encora Technologies LLC|365 W. Passaic Street|Suite 580|Rochelle Park
3|Encora Technologies Inc|365 W. Passaic Street|Suite 580|Rochelle Park
3|Encora Digital LLC|365 W. Passaic Street|Suite 580|Rochelle Park
3|GLOBAL TECHNICAL SOFTWARE SERVICES INC|3705 QUAKERBRIDGE ROAD|SUITE 212|TRENTON
3|SRM Tech Inc|3705 Quakerbridge Road|Suite 211|Hamilton
3|Global Technical Software Services Inc|3705 Quakerbridge Road|Suite 212|Hamilton
3|IT4 BUSINESS SOLUTIONS INC|371 HOES LN.|SUITE 200|PISCATAWAY
3|TECH DELEGATES INC|371 HOES LN.|SUITE 200|PISCATAWAY
3|MCMINDS IT SOLUTIONS INC|371 HOES LN.||PISCATAWAY
3|Invenio Digital Inc|39 DELWICK LN||Short Hills
3|INVENIO Digital Inc|39 DELWICK LN||Short Hills
3|Intstrux LLC|39 Delwick Ln||Short Hills
3|Resource Logistics inc|39 Milltown Road|Floor 2|East Brunswick
3|Resource Logistics Inc|39 Milltown Road|Floor 2|East Brunswick
3|Resource Logistics Inc|39 Milltown Road||East Brunswick
3|SIEMENS PROCESS SYSTEMS ENGINEERING INC|4 Century Drive|SUITE 130|Parsippany
3|Siemens Process Systems Engineering Inc|4 Century Drive|Suite 130|Parsippany
3|Aleon Pharma International Inc|4 Century Drive|Suite 255|Parsippany
3|SONG LAW FIRM LLC|400 KELBY ST|19 FL|FORT LEE
3|SONG LAW FIRM LLC|400 KELBY ST|STE 1900|FORT LEE
3|EKCL LLC|400 Kelby St|Suite 1002|Fort Lee
3|Lorhan Corporation Inc|400 South Ave|STE 9|MIDDLESEX
3|Kollasoft Inc|400 South Ave|Suite 7|Middlesex
3|Agiletal Technologies Inc|400 South Ave|Suite 8|Middlesex
3|VensIT Corp|4000 Bordentown Ave|Ste 36|Sayreville
3|VensIT Corp|4000 Bordentown Ave|Ste 36|sayreville
3|DATAMETRICS SOFTWARE SYSTEMS INC|4000 Bordentown Ave|Suite 36|Sayreville
3|MCUBE SOFT LLC|410 PRINCETON HIGHTSTOWN ROAD||WEST WINDSOR TOWNSHIP
3|MCUBESOFT LLC|410 PRINCETON HIGHTSTOWN ROAD||WEST WINDSOR TOWNSHIP
3|MCUBESOFT LLC|410 PRINCETON HIGHTSTOWN ROAD||WEST WINDSOR
3|DISTINCT ENGINEERING SOLUTIONS INC|425 OLD GEORGES ROAD|N/A|NORTH BRUNSWICK
3|Distinct Engineering Solutions Inc|425 Old Georges Road||North Brunswick
3|Distinct Engineering Solutions Inc, P.C. in NY & PA|425 Old Georges Road||North Brunswick
3|QSI SERVICES INC|450 AMWELL ROAD|SECOND FLOOR, SUITE 5|HILLSBOROUGH
3|QSI Services Inc|450 Amwell Road|Second Floor Suite 5|Hillsborough
3|QSI Services Inc|450 Amwell Road|Second Floor, Suite 5|Hillsborough
3|3B Staffing LLC|485B US Highway 1 South|STE 300|Iselin
3|3B Staffing LLC|485B US Highway 1 South|Suite 300|ISELIN
3|3B Staffing LLC|485B US Highway 1 South|Suite 300|Iselin
3|GalaxE.Solutions LLC|5 HILLTOP ROAD||MENDHAM BOROUGH
3|GalaxE.Solutions LLC|5 Hilltop Road||Mendham Borough
3|Endava Solutions LLC|5 Hilltop Road||Mendham Borough
3|VERTIV INC|5 Vaughn Drive|SUITE 307|PRINCETON
3|Groupsoft US Inc|5 Vaughn Drive|Suite 150|Princeton
3|Business Intelligence Solutions Inc|5 Vaughn Drive|Suite 307|Princeton
3|Beaconfire Solution Inc|50 Millstone Road, Building 300|Suite 120|EAST WINDSOR
3|Beaconfire Solution Inc|50 Millstone Road, Building 300|Suite 120|East Windsor
3|BeaconFire Solution Inc|50 Millstone Road, Building 300|Suite 120|East Windsor
3|GLOBAL DATA MART INC|5001 HADLEY ROAD|SUITE 205|SOUTH PLAINFIELD
3|FRANKLIN INFOTECH INC|5001 HADLEY ROAD|SUITE 205|SOUTH PLAINFIELD
3|TRISYNC TECHNOLOGIES INC|5001 HADLEY ROAD|SUITE 205A|SOUTH PLAINFIELD
3|Enquero Inc|51 JFK Parkway, 1st Floor West|Suite 129|Short Hills
3|Genpact LLC|51 JFK Parkway, 1st floor West|Suite 129|Short Hills
3|Headstrong Services LLC|51 JFK Parkway, 1st floor West|Suite 129|Short Hills
3|Ana-Data Consulting Inc|515 Jefferson St|1st Floor|Hoboken
3|Ana-Data Consulting Inc|515 Jefferson St|FL 1|Hoboken
3|Ana-Data Consulting Inc|515 Jefferson St|Suite 101|Hoboken
3|INTELLECTT INC|517 ROUTE 1 S.|SUITE 1115|ISELIN
3|BI LABS INC|517 ROUTE 1 S.|SUITE 1116|ISELIN
3|INTELLECTT INC|517 ROUTE 1 S.|SUITE 2103|ISELIN
3|Priamba Soft LLC|517 RT 1 S|SUIOTE 1193|ISELIN
3|Priamba Soft LLC|517 RT 1 S|SUITE 1193|ISELIN
3|PRIAMBA SOFT LLC|517 RT 1 S|SUITE 1193|ISELIN
3|PRIAMBA SOFT LLC|517 US HWY 1 S|SUITE 1193|ISELIN
3|Priamba Soft LLC|517 US HWY 1 S|SUITE 1193|ISELIN
3|PRIAMBA SOFT LLC|517 US HWY 1 S|SUITE1193|ISELIN
3|SMAC Consultancy LLC|53 Frontage Road|1st Floor|Hampton
3|Pinking Consulting Inc|53 Frontage Road|1st Floor|Hampton
3|Celldex Therapeutics|53 Frontage Road|Suite 220|Hampton
3|Flexible Architecture & Simplified Technology Inc|545 Washington Blvd||Jersey City
3|Flexible Architecture and Simplified Technology Inc|545 Washington Blvd||Jersey City
3|Insurance Services Office Inc|545 Washington Blvd||Jersey City
3|CB Neptune Holdings LLC|545 Washington Blvd.|8th Floor|Jersey City
3|Insurance Services Office Inc|545 Washington Blvd.||Jersey City
3|Flexible Architecture & Simplified Technology Inc|545 Washington Blvd.||Jersey City
3|Entegration Inc|55 Madison Ave|Suite 400|Morristown
3|Pioneers Technology LLC|55 Madison Ave|Suite 400|Morristown
3|Mindsprint Inc|55 Madison Ave|Suite 400|Morristown
3|Peri Software Solutions Inc|550 Broad Street|Suite 602|Newark
3|Vandoo LLC|550 Broad Street|Suite 602|Newark
3|Peri Software Solutions Inc|550 Broad Street||Newark
3|LAKSAN TECHNOLOGIES LLC|6 BRIDGE STREET|BLDG. C|METUCHEN
3|Laksan Technologies LLC|6 Bridge Street|Bldg. C|Metuchen
3|Laksan Technologies LLC|6 Bridge Street|Building C|Metuchen
3|TMP Direct LLC|600 International Dr||Budd Lake
3|AMA Global Technology Inc|600 International Dr||Budd Lake
3|Ama Global Technology Inc|600 International Dr||Budd Lake
3|LUCID TECHNOLOGIES LLC|7 BRIAROADALE CT||PLAINSBORO
3|LUCID TECHNOLOGIES|7 BRIAROADALE CT||PLAINSBORO
3|Lucid Technologies LLC|7 BRIAROADALE CT||Plainsboro
3|BINARYQUEST INC|7 LINCOLN HIGHWAY|SUITE 227B|EDISON
3|BINARYQUEST INC|7 LINCOLN HIGHWAY,|SUITE 227B|EDISON
3|BINARYQUEST INC|7 LINCOLN HIGHWAY,|SUITE 227B,|EDISON
3|BINARYQUEST INC|7 LINCOLN HIGHWAY,|SUITE 227B,|EDISON,
3|Diligence Systems Inc|7 Lincoln Highway|Suite 200|Edison
3|Avventis Inc|7 Lincoln Highway|Suite 210B|Edison
3|GLOBE 2 TECHNOLOGIES INC|704 GINESI DRIVE|SUITE 29|MORGANVILLE
3|Globe 2 Technologies Inc|704 Ginesi Drive|STE 29|Morganville
3|Globe 2 Technologies Inc|704 Ginesi Drive|Suite 29|Morganville
3|INCIPIENT CORPORATION|71 UNION AVENUE|SUITE 109|RUTHERFORD
3|Triveni Group LLP|71 Union Avenue|Suite 208|Rutherford
3|Triveni Group, LLP|71 Union Avenue|Suite 208|Rutherford
3|QUALITY ASSURED PRODUCE INSPECTIONS|73 Stockington Road|N/A|SICKLERVILLE
3|Quality Assured Produce Inspection East LLC|73 Stockington Road||Woodstown
3|Quality Assured Produce Inspection|73 Stockington Road||Woodstown
3|Genmab US Inc|777 Scudders Mill Road|Bldg 2, 4th Floor|Plainsboro
3|Genmab US Inc|777 Scudders Mill Road|Bldg. 2, 4th Floor|Plainsboro
3|Genmab US Inc|777 Scudders Mill Road|Bldg. 2, 4th Floor|Princeton
3|KEYPIXEL SOFTWARE SOLUTIONS LLC|777 WASHINGTON ROAD,|SUITE 1|PARLIN
3|KEYPIXEL SOFTWARE SOLUTIONS LLC|777 WASHINGTON ROAD,|SUITE 1,|PARLIN
3|Strategic Resources International Inc|777 Washington Road,|Suite 2|Parlin
3|ULTIMATE TECHNOLOGY SOLUTIONS INC|8 CAMPUS DR|STE 105|PARSIPPANY
3|BinTech Group LLC|8 Campus Dr|Suite 105|Parsippany
3|BinTech Group LLC|8 Campus Dr|Suite 105|PARSIPPANY
3|Accutar Biotechnology INC|8 Clarke Drive|Suite 4|Cranbury
3|Accutar Biotechnology Inc|8 Clarke Drive|Suite 4|Cranbury
3|Iris ID Systems Inc|8 Clarke Drive||Cranbury
3|Currie & Brown Inc|821 ALEXANDER ROAD|SUITE 206|PRINCETON
3|WONDERBOTZ LLC|821 ALEXANDER ROAD|SUITE 206|PRINCETON
3|WonderBotz LLC|821 Alexander Road|Suite 206|Princeton
3|Triplecom Inc|825 Georges Road, Floor 2|Suite 3|North Brunswick
3|DATAMETRICS SOFTWARE SYSTEMS INC|825 Georges Road, Floor 2|Suite 3|North Brunswick
3|VENSIT CORP|825 Georges Road, Floor 2|Suite 3|North Brunswick
3|DICE IT SOLUTIONS LLC|850 CAROLIER LN.|1ST FLOOR|NORTH BRUNSWICK
3|BABATEK INC|850 CAROLIER LN.|1ST FLOOR, SUITE 103|NORTH BRUNSWICK
3|BABATEK INC|850 CAROLIER LN.|SUITE 103, 1ST FLOOR|NORTH BRUNSWICK
3|SEDNA CONSULTING GROUP INC|860 ROUTE 1 NORTH|SUITE 101|EDISON
3|SEDNA CONSULTING GROUP INC|860 ROUTE 1 NORTH|SUITE 102|EDISON
3|Bara Consulting Inc|860 Route 1 North|Suite 102|Edison
3|Med-Metrix LLC|9 Entin Road|3rd Floor|Parsippany
3|Med-Metrix LLC|9 Entin Road|Suite 300|Parsippany
3|Med-Metrix LLC|9 Entin Road||Parsippany
3|UNITED PHARMA TECHNOLOGIES INC|908 OAK TREE AVENUE|SUITE A|SOUTH PLAINFIELD
3|United Pharma Technologies Inc|908 Oak Tree Avenue|Suite A|South Plainfield
3|United Pharma Technologies inc|908 Oak Tree Avenue|Suite A|South Plainfield
3|SPL TECHNOLOGIES LLC|91 MARCY STREET||SOMERSET
3|S P L TECHNOLOGIES LLC|91 MARCY STREET||SOMERSET
3|SPL Technologies LLC|91 Marcy Street||Somerset
3|PROCAL TECHNOLOGIES INC|92 EAST MAIN STREET|SUITE 405|SOMERVILLE
3|Asentech LLC|92 East Main Street|Suite 401|Somerville
3|Procal Technologies Inc|92 East Main Street|Suite 405|Somerville
3|MALHOTRA & PATEL LLC|960 HOLMDEL ROAD|BLDG 2|HOLMDEL
3|MALHOTRA & PATEL LLC|960 HOLMDEL ROAD|SUITE 202|HOLMDEL
3|Index Engines Inc|960 Holmdel Road||Holmdel
3|NNIT INC|ONE CROSSROADS DRIVE|SUITE 301B|BEDMINSTER
3|NNIT Inc|One Crossroads Drive|Suite 301B|Bedminster
3|NNIT INC|One Crossroads Drive|Suite 301B|Bedminster
2|XL IMPEX INC|1 CLYDE ROAD|SUITE 201|SOMERSET
2|XL Impex Inc|1 Clyde Road|Suite 201|Somerset
2|Advanced Infrastructure Design Inc|1 Crossroads Drive||Hamilton
2|Advanced Infrastructure Design INC|1 Crossroads Drive||Hamilton
2|Orthobond Corporation|1 Deerpark Drive|Suite A|Monmouth Junction
2|Kanvas Biosciences Inc|1 Deerpark Drive|Suite G5|Monmouth Junction
2|INSTITUTE FOR ADVANCED STUDY|1 EINSTEIN DRIVE||PRINCETON
2|Institute for Advanced Study|1 Einstein Drive||Princeton
2|Atlanta Trading & Engineering Consulting LLC|1 Gatehall Drive|Suite 202|Parsippany
2|Atlanta Trading & Engineering Consulting LLC|1 Gatehall Drive|Suite 306|Parsippany
2|Massive Dynamics LLC|1 Palmer Square|STE 530|Princeton
2|Axiom Healthcare Strategies LLC|1 Palmer Square|Suite 515|Princeton
2|Global Systems Search Inc|1 Pin Oak Road||Caldwell
2|Global Systems Search Inc|1 Pin Oak Road||West Caldwell
2|Naustone LLC|1 Primrose Ln|2E Apartment|Fords
2|Naustone LLC|1 Primrose Ln|Apartment 2E|Fords
2|CLIECON SOLUTIONS INC|1 ROSSMOOR DRIVE|SUITE 180|MONROE TOWNSHIP
2|HITECK SOLUTION INC|1 ROSSMOOR DRIVE|SUITE 206|MONROE TOWNSHIP
2|Sys-Tech Solutions Inc|1 Research Way||Princeton
2|PMV Pharmaceuticals|1 Research Way||Princeton
2|ACS Scientific Inc|1 Russo Place|STE 4|Berkeley Heights
2|ACS scientific Inc|1 Russo Place|Suite 4|Berkeley Heights
2|Avsi Systems LLC|1 Segal Drive||Freehold
2|AVSI Systems LLC|1 Segal Drive||Freehold
2|APICORE LLC|1 TOWER CENTER  BLVD|2301|EAST BRUNSWICK
2|APICORE LLC|1 TOWER CENTER  BLVD|FLOOR 23|EAST BRUNSWICK
2|FINANCEBOX INC|1 TOWER CENTER BLVD|SUITE 1510 7|EAST BRUNSWICK
2|Data Cloud Technologies LLC|1 Tower Center Blvd|Suite 1510 06|East Brunswick
2|Orion Resolution and Resources LLC|1 Tower Center Blvd,|Suite 1510|East Brunswick
2|DATACLOUD TECHNOLOGIES LLC|1 Tower Center Blvd,|Suite 1510 06|East Brunswick,
2|Maxnet Technologies LCC|1 UNIVERSITY PLZ|STE 624|HACKENSACK
2|223757237|1 UNIVERSITY PLZ|STE 624|HACKENSACK
2|MEDOCITY INC|1 UPPER POND ROAD, BLDG. D|3RD FLOOR|PARSIPPANY
2|Medocity Inc|1 Upper Pond Road, Bldg. D|3rd Floor|Parsippany
2|S & S Consultancy LLC|1 Westmont Dr||Medford
2|Santhi & Sunil Consultancy LLC|1 Westmont Dr||Medford
2|RADCOM Inc|10 Forest Avenue|Suite 304|Paramus
2|RADCOM|10 Forest Avenue|Suite 304|Paramus
2|SpaceAge Consulting Corp|10 Huron Avenue|Suite 1N|Jersey City
2|SpaceAge Consulting Corp.|10 Huron Avenue|Suite 1N|Jersey City
2|COALESCENT SYSTEMS LLC|10 STUYVESANT AVENUE||LYNDHURST
2|Coalescent Systems LLC|10 Stuyvesant Avenue||Lyndhurst
2|Bobst North America|10 Waterview Blvd.|Suite 100|Parsippany
2|Bobst North America Inc|10 Waterview Blvd.|Suite 100|Parsippany
2|Knack Systems LLC|10 Woodbridge Center Drive|Suite 425|Woodbridge
2|Knack BPO LLC|10 Woodbridge Center Drive|Suite 425|Woodbridge
2|Incedo Inc|100 Campus Drive, 4th Floor|Suite 420|Florham Park
2|INCEDO INC|100 Campus Drive, 4th floor|Suite 420|Florham Park
2|Bavelle Technologies Group LLC|100 Eagle Rock Avenue|Ste 301|East Hanover
2|Bavelle Technologies Group LLC|100 Eagle Rock Avenue||East Hanover
2|Serimatrix Inc|100 Franklin Square Dr, Suite 469|N/A|Somerset
2|Serimatrix Inc|100 Franklin Square Dr, Suite 469||Somerset
2|MCMINDS IT SOLUTIONS INC|100 HORIZON CENTER BLVD.|1ST AND 2ND FLOORS, SUITE 222|HAMILTON
2|IFUSION INC|100 HORIZON CENTER BLVD.|SUITE 201|HAMILTON
2|Prospecta Software LLC|100 Horizon Center Boulevard|1st & 2nd Floors|Hamilton
2|Prospecta Software LLC|100 Horizon Center Boulevard|1st and 2nd Floors|Hamilton
2|STAFFLABS INC|100 OVERLOOK CENTER, 2ND FL||PRINCETON
2|Stafflabs Inc|100 Overlook center, 2nd Fl||Princeton
2|Celltein LLC|100 Randolph Road||Somerset
2|CellTein LLC|100 Randolph Road||Somerset
2|PORZIO, BROMBERG & NEWMAN, P.C.|100 SOUTHGATE PARKWAY||MORRISTOWN
2|Porzio, Bromberg & Newman, P.C.|100 Southgate Parkway|PO Box 1997|Morristown
2|TECHNIQORE SOLUTIONS INC|1000 Route 34|Suite 305|Matawan
2|Techniqore Solutions Inc|1000 Route 34|Suite 305|Matawan
2|PVH Corp|1001 Frontier Road||Bridgewater
2|PVH Corp.|1001 Frontier Road||Bridgewater
2|AZURITE CONSULTING LLC|101 CRAWFOROADS CORNER ROAD|SUITE 4116|HOLMDEL
2|iCims Inc|101 CRAWFOROADS CORNER ROAD|Suite 3 100|Holmdel
2|MERKSCORP INC|101 EISENHOWER PKWY|SUITE 300|ROSELAND
2|ORICELL THERAPEUTICS INC|101 Eisenhower Pkwy|Suite 300, Room 327|Roseland
2|SICL AMERICA INC|101 ROUTE 130S|SUITE 411|CINNAMINSON
2|Yes Technologies LLC|101 Route 130S|Suite 456|Riverton
2|Mobiquity Inc|101 Wood Ave S|Ste 600|Iselin
2|Mobiquity Inc|101 Wood Ave S|Suite 600|Iselin
2|Feinberg & Associates, PC|1010 Haddonfield-Berlin Road|Suite 411|Voorhees
2|KMA Consulting Engineers Inc|1010 Haddonfield-Berlin Road||Cherry Hill
2|FUTURE TECHNOLOGIES INC|1010 PARK AVENUE||PLAINFIELD
2|Future Technologies Inc|1010 Park Avenue||Plainfield
2|ECLOUD LABS INC|1030 SAINT GEORGES AVENUE|SUITE 204|AVENEL
2|ASTOGRAPH INC|1030 SAINT GEORGES AVENUE|SUITE 204A|AVENEL
2|Vantez Systems Inc|1030 Stelton Road, Suite 202|N/A|Piscataway
2|Vantez Systems Inc|1030 Stelton Road, Suite 202||Piscataway
2|Eisenberg, Gold & Agrawal, P.C.|1040 Kings Highway N|Ste 200|Cherry Hill
2|Eisenberg, Gold & Agarwal, P.C.|1040 Kings Highway N|Ste 200|Cherry Hill
2|NeenOpal Inc|105 Lock Street|Suite 219|Newark
2|BCT Partners LLC|105 Lock Street|Suite 311|Newark
2|T.M. Kilduff Consulting Inc|106 Apple Street|Ste 101A|Tinton Falls
2|T.M. Kilduff Consulting Inc|106 Apple Street|Suite 101A|Tinton Falls
2|CONEXUS SOLUTIONS INC|1060 State Road|Suite 102|Princeton
2|CONEXUS SOLUTIONS INC|1060 State Road||Princeton
2|CYGNET TECHNOLOGIES INC|107 CEDAR GROVE LANE|STE 103H|SOMERSET
2|Cygnet Technologies Inc|107 Cedar Grove Lane|Suite 103H|Somerset
2|WuXi AppTec Sales LLC|107 Morgan Lane||Plainsboro
2|XenoBiotic Laboratories Inc, a div. of WuXi|107 Morgan Lane||Plainsboro Township
2|NEXZENTEK SOLUTIONS INC|1070 STATE ROUTE 18|SUITE 3A|EAST BRUNSWICK
2|NEXTZENTEK SOLUTIONS INC|1070 STATE ROUTE 18|SUITE 3A|EAST BRUNSWICK
2|Menzo Technologies Corp|1075 Easton Ave, Tower 2|Suite 8D|Somerset
2|Menzo Technologies Corp|1075 Easton Ave, Tower 2|Suite 8D & 9|Somerset
2|MIRACLE SOLUTIONS LLC|108 LONGVIEW AVENUE|SUITE 200|HACKENSACK
2|TALENTS R US LLC|108 LONGVIEW AVENUE|SUITE 220|HACKENSACK
2|Workmate Inc|109 White Oak Ln|Suite 200 O|Old Bridge
2|Workmate Inc|109 White Oak Ln|Suite 200O|Old Bridge
2|MINDLANCE INC|1095 MORRIS AVE|SUITE 101 A|UNION
2|Mindlance Inc|1095 Morris Ave|Suite 101A|Union
2|BRAINWAVE LABS LLC|11 BRIDGE STREET|BLDG C|METUCHEN
2|S CUBE SOFT INC|11 BRIDGE STREET|BLDG.C|METUCHEN
2|SUVIP SOLUTIONS INC|11 COMMERCE DRIVE|SUITE 202|CRANFORD
2|DROPP LOGISTICS LLC|11 CORN ROAD|STE B|DAYTON
2|DROPP LOGISTICS LLC|11 CORN ROAD|SUITE B|DAYTON
2|Topche & Company LLC|11 Commerce Drive||Cranford
2|T&M Associates|11 Tindall Road|N/A|Middletown
2|T&M Associates|11 Tindall Road||Middletown
2|FIRST SOFT SOUTIONS LLC|1100 Cornwall Road,|Ste 101|Monmouth Junction
2|FIRST SOFT SOUTIONS LLC|1100 Cornwall Road,|Ste 101|Monmouth Juntion
2|LG CNS AMERICA INC|111 SYLVAN AVENUE South Building L2||ENGLEWOOD CLIFFS
2|LG CNS America Inc|111 Sylvan Avenue South Building L2||Englewood Cliffs
2|Streamvector Inc|111 Town Square Pl.|Suite 1203|Jersey City
2|Beyond Technologies Consulting (USA) Inc|111 Town Square Pl.|Suite 1203|Jersey City
2|VISION FINANCIAL GROUP CPAS|1131 CAMPUS DRIVE W||MORGANVILLE
2|VISION FINANCIAL GROUP CPAS|1131 Campus Drive W||Morganville
2|SPRUCE TECHNOLOGY INC|1149 BLOOMFIELD AVENUE|SUITE G|CLIFTON
2|Spruce Technology Inc|1149 Bloomfield Avenue|Suite G|Clifton
2|GENEWIZ LLC|115 Corporate Boulevard||South Plainfield
2|Azenta Inc|115 Corporate Boulevard||South Plainfield
2|SONY ELECTRONICS INC|115 WEST CENTURY ROAD|Suite 250|PARAMUS
2|Piazza Consulting Group LLC|115 West Century Road|Suite 115|Paramus
2|VILWAA LLC|116 VILLAGE BLVD STE 200||PRINCETON
2|Addteq Inc|116 Village Blvd Ste 200||Princeton
2|Nextrove LLC|116 Village Boulevard, Princeton Forrestal Village|Suite 200|Princeton
2|Nextrove LLC|116 Village Boulevard, Princeton Forrestal Village|Suite 208|Princeton
2|AGILE SQUAD INC|117 KINDERKAMACK ROAD|SUITE 107|RIVER EDGE
2|Agile Squad Inc|117 Kinderkamack ROAD|Suite 107|River Edge
2|URL Systems Inc|1170 US  HIGHWAY 22 E|SUITE 100|BRIDGEWATER
2|URL Systems Inc|1170 US  Highway 22 E|Suite 100|Bridgewater
2|ONCORRE INC|1170 US HWY 22 EAST|SUITE 307|BRIDGEWATER
2|MML Consulting LLC|1170 US Hwy 22 East|Suite 307|Bridgewater
2|IPKEYS POWER PARTNERS INC|12 CHRISTOPHER WAY|SUITE 301|EATONTOWN
2|Canonical USA Inc|12 Christopher Way|Suite 102|Eatontown
2|Advaana Inc|12 Daniel Road|Suite 314|FAIRFIELD
2|Advaana Inc|12 Daniel Road|Suite 314|Fairfield
2|TRIKA TECHNOLOGIES INC|12 JENNIFER LANE||WARREN
2|Trika Technologies Inc|12 Jennifer Lane||Warren
2|Kessler Foundation Inc|120 Eagle Rock Aveue|STE 100|East Hanover
2|Kessler Foundation|120 Eagle Rock Aveue|Suite 100|East Hanover
2|CLASSIC COMPUTERS CORPORATION|120 Old Camplain Road|Ste 2A|Hillsborough
2|Radus Tek Services Inc|120 Old Camplain Road|Suite 2D|Hillsborough
2|MAGTECH CONSULTING AND SOLUTIONS DEVELOPMENT CORPORATION|120 SOUTH WHITE HORSE PIKE|SUITE B3|HAMMONTON
2|MAGTECH CONSULTING AND SOLUTIONS DEVELOPMENT CORPORATION|120 SOUTH WHITE HORSE PIKE|SUITE B3,|HAMMONTON
2|HESHU NUTRITION USA CORP|120 Schor Ave|2nd Floor|Leonia
2|Heshu Nutrition USA Corporation|120 Schor Ave|2nd Floor|Leonia
2|Shoolin Inc|120 Woods Avenue South|611|Iselin
2|Shoolin Inc|120 Woods Avenue South|Suite 611|Iselin
2|RESEARCH INSTITUTE FORFRAGRANCE MATERIALS INC|1200 MacArthur Blvd.|Ste 306|Mahwah
2|RESEARCH INSTITUTE FOR FRAGRANCE MATERIALS INC|1200 MacArthur Blvd.|Suite 306|Mahwah
2|Metsera Inc|1200 Morris Turnpike|Suite 3005|Short Hills
2|Cranium AI Inc|1200 Morris Turnpike|Suite 3005|Short Hills
2|eRay Technologies LLC|1200 Route 22, Suite   2000||Bridgewater,
2|eRay Technologies LLC|1200 Route 22, Suite   2000||Bridgewater
2|ZEALOGICS INC|1200 US HIGHWAY 22E|SUITE 2000|BRIDGEWATER
2|ZEALOGICS INC|1200 US HIGHWAY 22E.|SUITE 2000|BRIDGEWATER
2|ZEALOGICS LLC|1200 US HIGHWAY 22E.|SUITE 2000|BRIDGEWATER
2|LedgerHub Inc|1200 US Highway 22E|Suite 2000|Bridgewater
2|Navtech Solutions Inc|1200 US-22|Ste 2000|Bridgewater
2|Navtech Solutions Inc|1200 US-22||Bridgewater
2|Primetech Software Services LLC|1208 HOGAN DRIVE||SOUTH PLAINFIELD
2|PRIMETECH SOFTWARE SERVICES LLC|1208 HOGAN DRIVE||SOUTH PLAINFIELD
2|MARCHETTO HIGGINS STIEVE, PC|1225 WILLOW AVENUE||HOBOKEN
2|MARCHETTO HIGGINS STIEVE PC|1225 WILLOW AVENUE||HOBOKEN
2|Confinet Solution Inc|1226 US Highway 130|N/A|Robbinsville
2|Xpedite Technologies Inc|1226 US Highway 130|N/A|Robbinsville
2|VECTOR SYSTEMS INC|1238 ROUTE 34 SOUTH||ABERDEEN
2|KAYTECH INFORMATION SOLUTIONS INC|1238 ROUTE 34 SOUTH||ABERDEEN
2|MINDSYS INC|1249 S RIVER ROAD|SUITE 102|CRANBURY
2|NUVENTO INC|1249 S RIVER ROAD|SUITE 203|CRANBURY
2|WONDERBOTZ LLC|125 VILLAGE BLVD.|SUITE 302|PRINCETON
2|Global Resource Management Inc|125 Village Blvd.|Suite 270|Princeton
2|Merck Sharp & Dohme LLC|126 East Lincoln Avenue|P.O. Box 2000|Rahway
2|Merck Sharp & Dohme LLC|126 East Lincoln Avenue||Rahway
2|NBS Consult Inc|13 Lakeside Drive North|Suite 101|Piscataway
2|Anestis IT Inc|13 Lakeside Drive North|Suite 101|Piscataway
2|MARYADA TECHNOLOGY GROUP|1320 DURHAM AVENUE||SOUTH PLAINFIELD
2|MARYADA TECHNOLOGY GROUP INC|1320 DURHAM AVENUE||SOUTH PLAINFIELD
2|OPTIMA GLOBAL SOLUTIONS INC|133 FRANKLIN CORNER ROAD|2ND FLOOR|LAWRENCEVILLE
2|OPTIMA GLOBAL SOLUTIONS  INC|133 FRANKLIN CORNER ROAD|2ND FLOOR|LAWRENCEVILLE
2|Titan Engineers, P.C.|1331 Stuyvesant Avenue||Union
2|Titan Engineers PC|1331 Stuyvesant Avenue||Union
2|Avira Digital LLC|1346 How Lane, Suite 210||North Brunswick
2|Avira Digital LLC|1346 How Lane, Suite 210||New Brunswick
2|Rains Consulting Inc|139 South Street|Suite 101|New Providence
2|Rains Consulting Inc|139 South Street||New Providence
2|Ardena|14 Schoolhouse Road||Somerset
2|Catalent Pharma Solutions|14 Schoolhouse Road||Somerset
2|ACRONOTICS INC|140 OLD SHORT HILLS ROAD||SHORT HILLS
2|ACRONOTICS INC|140 Old Short Hills Road||Short Hills
2|SUSASH CONSULTING SERVICES LLC|1445 US HWY 130|N/A|NORTH BRUNSWICK
2|SUSASH CONSULTING SERVICES LLC|1445 US HWY 130||NORTH BRUNSWICK
2|SENSIPLE INC|1460 US HIGHWAY 9 NORTH|SUITE 303|WOODBRIDGE
2|E PRO TECHNOLOGIES LLC|1460 US HIGHWAY 9 NORTH|SUITE 303|WOODBRIDGE
2|FINDPRO GROUP INC|15 CORPORATE PL. S.|SUITE 148|PISCATAWAY
2|FINDPRO GROUP INC|15 CORPORATE PL. S.|SUITE 400B|PISCATAWAY
2|Intellyk Inc|15 CORPORATE PLACE S., SUITE 450||PISCATAWAY
2|INTELLYK INC|15 CORPORATE PLACE S., SUITE 450||PISCATAWAY
2|SoftPath Technologies Inc|15 Corporate Pl South|STE 426A|Piscataway
2|IQ-CONSULTING LLC|15 Corporate Pl South|Suite 343|Piscataway
2|Primesoft Inc|15 Corporate Place South Suite 416||Piscataway
2|ITGeeks Inc,|15 Corporate Place South,|Suite 419B|Piscataway
2|IT Geeks Inc,|15 Corporate Place South,|Suite 419B|Piscataway
2|IT Gateway LLC|15 Corporate South Place|Suite 406|Piscataway
2|IT GATEWAY LLC|15 Corporate South Place|Suite 406|Piscataway
2|Primesoft Inc|15 Corporate place South Suite 416||Piscataway
2|Crestron Electronics Inc|15 Volvo Drive||Rockleigh
2|Crestron Electronics Inc|15 Volvo Drive||ROCKLEIGH
2|Indus Group Inc|15 WARREN ST.|SUITE 31|Hackensack
2|INDUS GROUP INC|15 WARREN ST.|SUITE 31|HACKENSACK
2|ACORD Solutions Group Inc|150 Clove Road|11th Floor|Little Falls
2|Everest Clinical Research Corporation|150 Clove Road|Suite 502|Little Falls
2|ITCaps LLC|150 River Road, Unit J3A||Montville
2|ITCAPS LLC|150 River Road, Unit J3A||Montville
2|AK Architecture LLC|151 West Passaic Street|2nd floor|Rochelle Park
2|AK Architecture|151 West Passaic Street|2nd floor|Rochelle Park
2|Lummus Technology LLC|1515 Broad Street|Suite 600|Bloomfield
2|Lummus Technology LLC|1515 Broad Street||Bloomfield
2|VOTO CONSULTING LLC|1549 FINNEGAN LANE, 2ND FLOOR, SUITE B||NORTH BRUNSWICK
2|Voto Consulting LLC|1549 Finnegan Lane, 2nd Floor, Suite B|N/A|North Brunswick
2|Aptimized LLC|155 US-46 West|Suite 108|Wayne
2|Aptimized LLC|155 US-46 West|Suite 200|Wayne
2|EFFEXOFT INC|1553 STATE ROUTE 27|SUITE 1100|SOMERSET
2|VISIO SYSTEMS INC|1553 STATE ROUTE 27|SUITE 1400|SOMERSET
2|eConvergence Inc|1568 US Highway 130|N/A|North Brunswick
2|eConvergence Inc|1568 US Highway 130||North Brunswick
2|Pioneer Software solutions LLC|1581 Route 27|Suite 103|Edison
2|Nirvana Enterprises LLC|1581 Route 27|Suite 107|Edison
2|VIVISE LLC|1599 Hamburg Turnpike|STE B|Wayne
2|VIVISE LLC|1599 Hamburg Turnpike|Suite B|Wayne
2|Rubik Systems LLC|16 Bridge St, Bldg C||Metuchen
2|RUBIK SYSTEMS LLC|16 Bridge St, Bldg C||Metuchen
2|Z AND A INFOTEK CORPORATION|160 LITTLETON ROAD|SUITE 300 THIRD FLOOR|PARSIPPANY
2|Z AND A INFOTEK CORPORATION|160 LITTLETON ROAD|THIRD FLOOR, SUITE 300|PARSIPPANY
2|FINDSKILLS INC|1612 ROUTE 27|2ND FLOOR|NORTH BRUNSWICK
2|FINDSKILLS INC|1612 ROUTE 27||NORTH BRUNSWICK
2|QUANTIFI INC|17 UNION PL|2nd FLOOR|SUMMIT
2|QUANTIFI INC|17 UNION PL||SUMMIT
2|QUANTIFI INC|17 UNION PLACE|2ND FLOOR|SUMMIT
2|QUANTIFI INC|17 UNION PLACE||SUMMIT
2|Nichols & Associates LLC|17 Zabriskie Street||Hackensack
2|NICHOLS & ASSOCIATES LLC|17 Zabriskie Street||Hackensack
2|RADI TECH LLC|174 BROWER AVENUE||EDISON
2|Computer Solutions and Technologies LLC|174 Brower Avenue||Edison
2|ATA CPA GROUP LLC|1740 ROUTE 27||EDISON
2|ATA CPA GROUP LLC|1740 Route 27||Edison
2|JCMS Inc|1741 Whitehorse-Mercerville Road|P. O. Box 3223|Mercerville
2|JCMS Inc|1741 Whitehorse-Mercerville Road||Mercerville
2|GREAT IT GROUP LLC|18-20 LACKAWANNA PLZ|STE 300|MONTCLAIR
2|Great IT Group LLC|18-20 Lackawanna PLZ|STE 300|Montclair
2|LIMOSYS LLC|180 SYLVAN AVE|2ND FLOOR|ENGLEWOOD CLIFFS
2|LIMOSYS LLC|180 SYLVAN AVE||ENGLEWOOD CLIFFS
2|French & Parrello Associates, PA|1800 Route 34|Suite 101|Wall
2|KMB Design Group LLC|1800 Route 34|Suite 209|Wall
2|LEW ENVIRONMENTAL SERVICES LLC|181 US Highway 46||Mine Hill
2|LEW ENVIRONMENTAL SERVICES LLC|181 US Highway 46||MINE HILL
2|InvestCloud Inc|184 Liberty Corner Road|3rd Floor, Suite 301|Warren
2|Tegra118 Wealth Solutions Inc|184 Liberty Corner Road||Warren
2|Tegra118 Wealth Solutions Inc|184 Liberty Corner Road, 3rd Floor|Suite 301|Warren
2|InvestCloud Inc|184 Liberty Corner Road, 3rd Floor|Suite 301|Warren
2|Engineers Mind Corporation|185 Hudson St.|Ste 2304|Jersey City
2|Engineers Mind Corporation|185 Hudson St.|Suite 2304|Jersey City
2|Tradeweb Markets LLC|185 Hudson Street|Suite 2200|Jersey City
2|Viseo USA Inc|185 Hudson Street|Suite 2500|Jersey City
2|PRIME CONSULTING LLC|1870 ROUTE 27, SUITE B5||EDISON
2|Prime Consulting LLC|1870 Route 27, Suite B5||EDISON
2|KLICHS LLP|19 Sylvan Avenue||Englewood Cliffs
2|KLICHS, LLP.|19 Sylvan Avenue||Englewood Cliffs
2|TECH SMART SOLUTIONS LLC|190 ROUTE 27 SUITE 107||Edison
2|TECH SMART SOLUTIONS LLC|190 ROUTE 27 SUITE 107||EDISON
2|Greycell Labs Inc|190 State Route 27|STE 200|Edison
2|Greycell Labs Inc|190 State Route 27|SUITE 200|edison
2|INTERNATIONAL TECHNOLOGY SOLUTIONS INC|190 TAMARACK CIR.||SKILLMAN
2|International Technology Solutions Inc|190 Tamarack Cir.||Skillman
2|Turtle and Hughes Inc|1900 Lower Road|n/a|Linden
2|Turtle and Hughes Inc|1900 Lower Road||linden
2|INTEGRATED TECHNOLOGY STRATEGIES INC|1930 East Marlton Pike|Suite B11|Cherry Hill
2|INTEGRATED TECHNOLOGY STRATEGIES INC|1930 East Marlton Pike|Suite Q48|Cherry Hill
2|INTEGRATED TECHNOLOGY STRATEGIES INC|1930 Marlton Pike East|Suite B11|Cherry Hill
2|INTEGRATED TECHNOLOGY STRATEGIES INC|1930 Marlton Pike East|Suite Q48|Cherry Hill
2|INTUPOINT INC|1941 OAK TREE ROAD|SUITE 104|EDISON
2|IntuPoint Inc|1941 Oak Tree Road|Suite 104|Edison
2|Cloud88 Inc|196 Princeton Highstown Road|Buliding 1A, Ste 3|West Windsor Township
2|Technomax LLC|196 Princeton Highstown Road|Suite 12, Bldg 1A|West Windsor Township
2|INFOSOFT SOLUTIONS LLC|196 Princeton Hightstown Road Building 2|Suite 14A|West Windsor Township
2|INFOSOFT SOLUTIONS LLC|196 Princeton Hightstown Road Building 2|Suite 16|West Windsor Township
2|Quantum Integrators Group LLC|196 Princeton Hightstown Road Suite 1B-7||West windsor
2|Quantum Integrators Group LLC|196 Princeton Hightstown Road Suite 1B-7||West Windsor
2|Cloud88 Inc|196 Princeton-Hightstown Road, Building 1A|Ste 3|West Windsor Township
2|Cloud88 Inc|196 Princeton-Hightstown Road, Building 1A||West Windsor Township
2|Tax Technologies INC|196 Woods Avenue||Bergenfield
2|Tax Technologies Inc|196 Woods Avenue||Bergenfield
2|IT BUSINESS MANAGEMENT SOLUTIONS INC|1967 ROUTE 27|SUITE 27|EDISON
2|IT Business Management Solutions Inc|1967 Route 27|Suite 27|Edison
2|mokSa Technologies Inc|197  State Route 18 South|STE 3000, South Wing|East Brunswick
2|mokSa Technologies Inc|197  State Route 18 South|STE 3000, South Wing|East Brunswik
2|VKANTECH SOLUTIONS INC|197 Rt 18 South Suite 3000, South Block||East Brunswick
2|VKAN TECH SOLUTIONS INC|197 Rt 18 South Suite 3000, South Block||East Brunswick
2|CENTER FOR PHARMACEUTICAL CLEANING INNOVATION CORP|2 ILENE CT|BLDG 1, UNIT 4|HILLSBOROUGH
2|CENTER FOR PHARMACEUTICAL CLEANING INNOVATION LLC|2 Ilene Ct|Building 1, Unit 4|Hillsborough
2|BRANDON CONSULTING ASSOCIATES INC|2 King Arthur Ct.|Suite A|North Brunswick
2|Brandon Consulting Associates Inc|2 King Arthur Ct.|Suite A|North Brunswick
2|ENOVATE ENGINEERING LLC|2 NORTH AVE WEST|SUITE 301|CRANFORD
2|ENOVATE CONSULTING LLC|2 NORTH AVE WEST|SUITE 301|CRANFORD
2|Nuvera LLC|2 Ridgedale Avenue|Suite 202|Cedar Knolls
2|New Jersey Manufacturing Extension Program Inc|2 Ridgedale Avenue|Suite 305|Cedar Knolls
2|SecureKloud Technologies Inc|2 Tower Center Boulevard, 8th Floor|Suite 804|East Brunswick
2|SecureKloud Techologies Inc|2 Tower Center Boulevard, 8th Floor||East Brunswick
2|Biointron Biological USA Inc|20 Bridge Street||Metuchen
2|BIOINTRON BIOLOGICAL USA INC|20 Bridge Street||Metuchen
2|Metis Software Solutions LLC|20 Commerce Dr|135|Cranford
2|Logixal Inc|20 Commerce Dr|Suite 135|Cranford
2|ExterNetworks Inc|20 Corporate Place||Piscataway
2|Intellect Design Arena Inc|20 Corporate Place||Piscataway
2|RCM TECHNOLOGIES (USA) INC|20 WATERVIEW BLVD.||PARSIPPANY
2|RCM Technologies (USA) Inc|20 Waterview Blvd.||Parsippany
2|ARMSTRONG TECHNOLOGIES INC|200 CRAIG ROAD,|SUITE 103|MANALAPAN
2|ARMSTRONG TECHNOLOGIES INC|200 CRAIG ROAD,|SUITE 103,|MANALAPAN
2|Synchronoss Technologies Inc|200 Crossing Blvd|Floor 3|Bridgewater
2|Synchronoss Technologies Inc|200 Crossing Blvd|Floor 8|Bridgewater
2|IFLOWSOFT SOLUTIONS INC|200 MIDDLESEX ESSEX TPK,|SUITE 203A|Iselin
2|IFLOWSOFT SOLUTIONS INC|200 MIDDLESEX ESSEX TPK,|SUITE 203A|ISELIN
2|VST CONSULTING INC|200 MIDDLESEX ESSEX TPKE.|SUITE 201|ISELIN
2|I28 TECHNOLOGIES CORPORATION|200 MIDDLESEX ESSEX TPKE.|SUITE 210|ISELIN
2|ASPIRE SYSTEMS INC|200 PERRINE ROAD|SUITE 204|OLD BRIDGE
2|ASPIRE SYSTEMS INC|200 PERRINE ROAD|UNIT 204|OLD BRIDGE
2|SYMBIOUN TECHNOLOGIES INC|2000 CORNWALL ROAD|SUITE 310|MONMOUTH JUNCTION
2|International Technology Solutions Inc|2000 Cornwall Road|Suite 220|Monmouth Junction
2|Sparta Systems Inc|2000 Water View Dr|Ste 300|Robbinsville
2|Sparta Systems Inc|2000 Water View Dr|Ste 300|Hamilton
2|TRIVION TECHNOLOGIES INC|2001 ROUTE 46 WATERVIEW PLAZA|SUITE 310|PARSIPPANY
2|NEOSTRIDE LLC|2001 Route 46|Suite 310|Parsippany
2|Neostride LLC|2001 Route 46|Suite 310|Parsippany
2|DIACEUTICS INC|2001 Route 46 Waterview Plaza||Parsippany
2|SGS NORTH AMERICA INC|201 ROUTE 17 NORTH|7th Floor|RUTHERFORD
2|SGS North America Inc|201 Route 17 North|7th floor|Rutherford
2|Cyber Space Technologies LLC|2015 RT 27 South|STE 234|Edison
2|Cyber Space Technologies LLC|2015 RT 27 South|Suite 234|Edison
2|G3 Soft Inc|2021 Lakeside Pkwy|Suite 100|Flower Mound
2|G3 Soft Inc|2021 Lakeside Pkwy|Suite 100,|Flower Mound
2|CRAVE INFOTECH LLC|2035 LINCOLN HWY|SUITE 3008 D|EDISON
2|LTIMINDTREE Limited|2035 LINCOLN HWY||EDISON
2|Larsen & Toubro Infotech Limited|2035 Lincoln Highway, Edison Square West   Ste. 3000|2035 Lincoln Highway, Edison Square West Suite 3000|Edison
2|Larsen & Toubro Infotech Limited|2035 Lincoln Highway, Edison Square West   Ste. 3000|Suite 3000|Edison
2|REAL ENGINEERING SERVICES LLC|205 ROUTE 46, STE 1||TOTOWA
2|Real Engineering Services LLC|205 Route 46, Ste 1||Totowa
2|My Life Registry LLC|2050 Center Avenue|Ste 100|Fort Lee
2|MyLifeRegistry LLC|2050 Center Avenue|Suite 100|Fort Lee
2|GSS INFOTECH CT INC|2050 State Route 27|Ste 201|North Brunswick
2|GSS INFOTECH CT INC|2050 State Route 27|Suite 201|North Brunswick
2|NNIT Inc|206 Rockingham Row|Forrestal Village, Suite 200 61|Princeton
2|SAAS INFO TECH LLC|206 Rockingham Row|Suite 200|Princeton
2|Adbakx LLC|2088 US 130|Suite 204|Monmouth Junction
2|Adbakx LLC|2088 US 130|Suite 204|Monmouth Junction, NJ
2|Aks Infotech Inc|2088 US HWY 130 North|STE 203|MONMOUTH JUNCTION
2|Aks Infotech inc|2088 US HWY 130 North|STE 203|MONMOUTH JUNCTION
2|Samrajya Services LLC|2088 US-130|Suite 106|Monmouth Junction
2|Samrajya Services LLC|2088 US-130||Monmouth Junction
2|Associate Pharm Corp.|21 Bridge Street||Metuchen
2|Associate Pharm Corp|21 Bridge Street||Metuchen
2|Hycloud Technologies LLC|21 DOGWOOD DR||Edison
2|Hycloud Technologies LLC|21 Dogwood DR||Edison
2|NAVADISHA LLC|21 Freeman Ln|N/A|Bridgewater
2|NAVADISHA LLC|21 Freeman Ln||Bridgewater
2|DFOCUS AMERICA INC|21 GRAND AVE|SUITE 108|PALISADES PARK
2|Dfocus America Inc|21 Grand Ave|Suite 108|Palisades Park
2|FRAUSCHER SENSOR TECHNOLOGY USA INC|21 ROSZEL ROAD|Suite 115|Princeton
2|Palindrome Technologies Inc|21 Roszel Road|Suite 105|Princeton
2|EOI CONSULTING GROUP LLC|210 RIVEREDGE ROAD||TINTON FALLS
2|EOI Consulting Group LLC|210 Riveredge Road||Tinton Falls
2|FORTE CONSULTING LLC|2107 GOLDFINCH BLVD.|SUITE 6050|PRINCETON
2|Forte Consulting LLC|2107 Goldfinch Blvd.|Suite 6050|Princeton
2|Cloud Reboot Inc|2107 Goldfinch Boulevard||Princeton
2|Samrajya Services LLC|2107 Goldfinch Boulevard||Princeton
2|CLINVERSE INC|211 CARNEGIE CENTER DRIVE||PRINCETON
2|BIOCLINICA INC|211 CARNEGIE CENTER DRIVE||PRINCETON
2|MAKS ENGINEERS, PC|2115 HAMILTON AVE|SUITE 203|HAMILTON TOWNSHIP
2|DAWTEK CONSULTING INC|2115 HAMILTON AVE|SUITE 204|HAMILTON TOWNSHIP
2|WCG Clinial Inc|212 Carnegie Center|Suite 301|Princeton
2|WCG Clinical Inc|212 Carnegie Center|Suite 301|Princeton
2|Innovatech Solutions Inc|2162 Route 206 , Suite 8|Second Floor|Montgomery
2|Innovatech Solutions Inc|2162 Route 206 , Suite 8|Second Floor|Belle Mead
2|Innovatech Solutions Inc|2162 Route 206, Suite 8|Second Floor|Montgomery
2|Innovatech Solutions Inc|2162 Route 206, Suite 8|Second Floor|Montgomery Twp
2|MINTEX TECH INC|2163 OAK TREE ROAD|SUITE 204|EDISON
2|Law Office of Abhisha Parikh|2163 Oak Tree Road|Suite 205|Edison
2|PINTEGRA LLC|218 ROUTE 17N|SUITE 400|ROCHELLE PARK
2|PIntegra LLC|218 Route 17N|Suite 400|Rochelle Park
2|ACTIMIZE INC|221 RIVER STREET, 10TH FLOOR||HOBOKEN
2|Actimize Inc|221 River Street, 10th Floor||Hoboken
2|I2C BUSINESS SOLUTIONS INC|2227 US HIGHWAY 1|SUITE 101|NORTH BRUNSWICK
2|MAGNIRIS INC|2227 US HIGHWAY 1|SUITE 267|NORTH BRUNSWICK
2|NUWAY SOLUTIONS LLC|2227 US HWY 1|SUITE 219|NORTH BRUNSWICK
2|THE PRINCIPAL CONSULTING INC|2227 US HWY 1|SUITE 310|NORTH BRUNSWICK
2|NUWAY SOLUTIONS LLC|2227 US HWY.  1|SUITE 219|NORTH BRUNSWICK
2|THE PRINCIPAL CONSULTING INC|2227 US HWY.  1|SUITE 310|NORTH BRUNSWICK
2|NUWAY SOLUTIONS LLC|2227 US HWY. 1|SUITE 219|NORTH BRUNSWICK
2|THE PRINCIPAL CONSULTING INC|2227 US HWY. 1|SUITE 310|NORTH BRUNSWICK
2|THE FIDELIS GROUP|223 GATES ROAD|UNIT A|LITTLE FERRY
2|The Fidelis Group Inc|223 Gates Road|Unit A|Little Ferry
2|CABALLERO & ASSOCIATES LLC|228 BRIDGE STREET||METUCHEN
2|Caballero & Associates LLC|228 Bridge Street||Metuchen
2|CROWN VETERINARY SPECIALISTS LLC|23 BLOSSOM HILL ROAD||LEBANON
2|Crown Veterinary Specialists LLC|23 Blossom Hill Road||Lebanon
2|HR Acuity LLC|23 Vreeland Road|Ste 220|Florham Park
2|Li Creative Technologies Inc|23 Vreeland Road|Suite 115|Florham Park
2|3T Services LLC|23 Weathervane Circle||Cream Ridge
2|3T Services LLC|23 Weathervane Circle||cream ridge
2|BOUGH CONSULTING LLC|231 PORTSIDE DRIVE||EDGEWATER
2|Bough Consulting LLC|231 Portside Drive||Edgewater
2|FUERA EMERGING TECH INC|237 DURHAM AVENUE||SOUTH PLAINFIELD
2|DATA WAREHOUSE LABS INC|237 DURHAM AVENUE||SOUTH PLAINFIELD
2|BRISEA International Development Inc|239 New Road, Building A|Suite 315|Parsippany
2|BRISEA Group Inc|239 New Road, Building A|Suite 315|Parsippany
2|pvalue communications LLC|240 CEDAR KNOLLS ROAD|STE 200|CEDAR KNOLLS
2|p-value communications LLC|240 CEDAR KNOLLS ROAD|STE 200|CEDAR KNOLLS
2|SmartLinx Solutions LLC|240 Middlesex Turnpike|348|Iselin
2|SmartLinx Solutions LLC|240 Middlesex Turnpike|Suite 348|Iselin
2|NILA PROFESSIONAL SERVICES LLC|241 FORSGATE DR.|SUITE 205B|JAMESBURG
2|NILA PROFESSIONAL SERVICES.|241 FORSGATE DR.|SUITE 205B|JAMESBURG
2|SAMSON SOFTWARE SOLUTIONS INC|241 FORSGATE DRIVE|SUITE 106|JAMESBURG
2|Ubuntu Research Inc|241 Forsgate Drive|Suite 101|Jamesburg
2|A4G SOLUTIONS LLC|246 NEW ROAD||MONMOUTH JUNCTION
2|A4G Solutions LLC|246 New Road||Monmouth Jn,
2|Madagoni LLC|247 East Front Street|Ste 109|Trenton
2|Madagoni LLC|247 East Front Street|Suite 109|Trenton
2|LTIMINDTREE Limited|25 INDEPENDENCE BLVD,|SUITE 401|WARREN
2|LTIMindtree Limited|25 Independence Blvd,|Suite 401|Warren
2|LTIMINDTREE Limited|25 Independence Blvd., Ste 401|Suite 3000|Warren
2|LTIMINDTREE Limited|25 Independence Blvd., Ste 401||Warren
2|NINFO SYSTEMS INC|25 JEFFERSON PLAZA|SUITE B|PRINCETON
2|NInfo Systems Inc|25 Jefferson Plaza|Suite B|Princeton
2|Managed Health Care Associates Inc|25-A Vreeland Road|STE 200|Florham Park
2|Managed Health Care Associates Inc (Roper Entity)|25-A Vreeland Road|Suite 200|Florham Park
2|COMPEST SOLUTIONS INC|250 LACKLAND DRIVE|SUITE 4|MIDDLESEX
2|COMPUTE TECH INC|250 LACKLAND DRIVE|SUITE 5|MIDDLESEX
2|Pavane Solutions Inc|250 Pehle Ave|Suite Plaza II|Saddle Brook
2|Pavane Solutions Inc|250 Pehle Ave|Suite200, Plaza II|Saddle Brook
2|AF PAREDES & Co., CPAs LLP|250 STELTON ROAD|SUITE 8|Piscataway
2|A.F. Paredes & Co, CPAs LLP|250 Stelton Road|Suite 8|Piscataway
2|Apex Technology Systems Inc|2509 Park Ave|Suite 2A|South Plainfield
2|Apex Technology Systems Inc|2509 Park Ave|Suite 2A|SOUTH PLAINFIELD
2|App Dynamic Systems LLC|2525 US 130 Building E|Suite 103|Cranbury
2|App Dynamic Systems LLC|2525 US 130 building E|Suite 103|cranbury
2|Euclid Technologies LLC|2525 US Route 130, Building E||Cranbury
2|Masterex Technologies Inc|2525 US Route 130, Building E||Cranbury
2|Primera Analytical Solutions Corp.|259 Wall Street||Princeton
2|Primera Analytical Solution Corp.|259 Wall Street||Princeton
2|Techbium Solutions Inc|26 Journal Square|Suite 1005|Jersey City
2|Rutek Systems LLC|26 Journal Square|Suite 700|Jersey City
2|KABEER CONSULTING. INC|26 WILLS WAY||PISCATAWAY
2|Kabeer Consulting Inc|26 Wills Way||Piscataway
2|IT CORPZ INC|260 MIDDLESEX TURNPIKE||ISELIN
2|TAMMINA INFOTECH INC|260 Middlesex Turnpike||Iselin
2|SAVVY IT GROUP INC|2640 HIGHWAY 70|SUITE 10B|MANASQUAN
2|Savvy IT Group Inc|2640 Highway 70|Suite 10B|Manasquan
2|LabVantage Solutions Inc|265  Davidson Avenue|STE 220|Somerset
2|LabVantage Solutions Inc|265  Davidson Avenue|Suite 220|Somerset
2|VITRANA INC|2650 US HIGHWAY 130|STE I|Cranbury
2|Vitrana Inc|2650 US Highway 130|STE I|Cranbury
2|Alacriti Payments LLC|28 Masters Blvd||Piscataway
2|Alacriti Inc|28 Masters Blvd||Piscataway
2|Westlock Controls Corporation|280 N Midland Avenue|Ste 258|Saddle Brook
2|Westlock Controls Corporation|280 N Midland Avenue|Suite 258|Saddle Brook
2|YOTTA SYSTEMS INC|281 FRANKLIN AVENUE|SUITE 200|NUTLEY
2|YOTTA SYSTEMS INC|281 FRANKLIN AVENUE|SUITE 200|Nutley
2|SIGMA GROUP INC|281 STATE RT 79||MORGANVILLE
2|LEADING EDGE SOLUTIONS LLC|281 SUMMERHILL ROAD|SUITE 209A|EAST BRUNSWICK
2|LEADING EDGE SOLUTIONS CORP.|281 SUMMERHILL ROAD|SUITE 209A|EAST BRUNSWICK
2|Sigma Group Inc|281 State Rt 79||Morganville
2|LAKSUS TECHNOLOGIES INC|285 RHODE HALL ROAD|SUITE 205|MONROE TOWNSHIP
2|LakSus Technologies Inc|285 Rhode Hall Road|Suite 205|Monroe Township
2|Rochwarger and Company LLC|286B Cedarbridge Avenue||Lakewood
2|Rochwarger & Company LLC|286B Cedarbridge Avenue||Lakewood
2|Maes Solutions INC|29 Leahy drive|Wood ridge|Wood-ridge
2|Maes Solutions INC|29 Leahy drive||Wood-ridge
2|Energy Technology Savings Inc|290 W. Mt. Pleasant Avenue|Suite 1360|Livingston
2|McGivney Kluger Clark & Intoccia, P.C.|290 W. Mt. Pleasant Avenue|Suite 4200|Livingston
2|DOLI SYSTEMS INC|2983 JOHN F KENNEDY BLVD|SUITE 200|JERSEY CITY
2|Doli Systems Inc|2983 John F Kennedy Blvd|Suite 200|Jersey City
2|Princeton Global Syntheses Inc|3 Crossman Road South||Sayreville
2|Princeton Global Syntheses Inc|3 Crossman Road South||Sayreville,
2|GRIDSPAN CORPORATION|3 MONMOUTH DRIVE||MONMOUTH JUNCTION
2|Gridspan Corporation|3 MONMOUTH DRIVE||MONMOUTH JUNCTION
2|www.staritconsulting.com llc|30 Anne St||Hillsborough
2|www.staritconsulting.com llc|30 Anne st||Hillsborough Township
2|TECHVANTAGE SYSTEMS INC|30 CROSS ROAD||MORRIS PLAINS
2|Techvantage Systems Inc|30 Cross Road||Morris Plains
2|Lord, Abbett & Co. LLC|30 Hudson St.||Jersey City
2|Lord Abbett & Co.|30 Hudson St.||Jersey City
2|IT BY DESIGN INC|30 MONTGOMERY ST|4TH FLOOR, SUITE 440|JERSEY CITY
2|The McCloud Group|30 Montgomery St|Suite 940|Jersey City
2|GLOBE SERVE LLC|30 THOMAS DRIVE||ROBINSVILLE
2|GLOBE SERVCE LLC|30 THOMAS DRIVE||ROBBINSVILLE
2|R&G US Inc|300 Atrium Dr|Ste 304|Somerset
2|R&G US Inc|300 Atrium Dr|Ste 400|Somerset
2|CARNEGIE INFOTECH INC|300 CARNEGIE CENTER DR.|SUITE 150|PRINCETON
2|Carnegie Infotech Inc|300 Carnegie Center Dr.|Suite 150|Princeton
2|Axtria INC|300 Connell Drive, FLR 5||Berkeley Heights
2|Axtria INC|300 Connell Drive, Flr 5||Berkeley Heights
2|Cognizant Technology Solutions US Corporation|300 Frank W. Burr Blvd|6th Floor|Teaneck
2|Collaborative Solutions LLC|300 Frank W. Burr Blvd|Suite 36, 6th Fl.|Teaneck
2|Axtria Inc|300,Connell Dr|Floor 5|Berkeley Heights
2|Axtria Inc|300,Connell dr|Floor 5|Berkeley Heights
2|AFC Digital LLC|3000 Atrium Way, Suite 200|N/A|Mount Laurel
2|Alpha 3 Consulting LLC|3000 Atrium Way, Suite 200||Mount Laurel
2|Birdotech Lab U.S. Co., Limited|3000 Eastpark Boulevard|Suite 500A|Cranbury
2|Exemplify BioPharma Inc|3000 Eastpark Boulevard|Suite 500A|Cranbury
2|Mylar Consulting LLC|301 Route 17 North|Suite 800|Rutherford,
2|Tek Redefine Inc|301 Route 17 North|Suite 800|Rutherford
2|Evotec (US) Inc|301C College Road East||Princeton
2|Cyprotex US LLC|301C College Road East||Princeton
2|Cyprotex US LLC|303B College Road East||Princeton
2|Evotec (US) Inc|303B College Road East||Princeton
2|GRACE SPACE ARCHITECT LLC|307 16 ST|2ND FL|UNION CITY
2|GRACE SPACE ARCHITECT LLC|307 16 ST|2ND FLOOR|UNION CITY
2|SHIVAM INFOTECH INC|3086 STATE ROUTE 27|SUITE 11|KENDALL PARK
2|Shivam Infotech Inc|3086 State Route 27|Suite 11|Kendall Park
2|ALL IT SOLUTIONS LLC|309 FELLOWSHIP ROAD EAST GATE CENTER|SUITE 200|MOUNT LAUREL TOWNSHIP
2|Qellus LLC|309 Fellowship Road East Gate Center|Suite 200|Mount Laurel
2|XCEED TECHNOLOGIES INC|31 BRIDGE STREET||METUCHEN
2|Xceed Technologies Inc|31 Bridge Street||Metuchen
2|ZEALOGICS LLC|3121 US HIGHWAY 22||BRANCHBURG
2|ZEALOGICS INC|3121 US HIGHWAY 22||BRANCHBURG
2|JNIT TECHNOLOGIES INC|3145 BOROADENTOWN AVE|SUITE D1|PARLIN
2|JNIT Technologies Inc|3145 BOROADENTOWN AVE|SUITE D1|PARLIN
2|TEKPLANT INC|319 SPOTSWOOD GRAVEL HILL ROAD||MONROE TOWNSHIP
2|VEDIC CONSULTING INC|319 SPOTSWOOD GRAVEL HILL ROAD||MONROE TOWNSHIP
2|RELIANT VISION GROUP INC|32 BRIDGE STREET||METUCHEN
2|Reliant Vision Group Inc|32 Bridge Street||Metuchen
2|NAMO TECHNOLOGIES LLC|321 Main Street|Suite 3|Woodbridge
2|NAMO TECHNOLOGIES LLC|321 Main Street||Woodbridge
2|KPG99 INC|3240 E STATE ST EXT||HAMILTON
2|KPG99 INC|3240 E State St Ext||Hamilton
2|GLOBE SERVE LLC|3240 E. State St.|Suite 103|Hamilton
2|GLOBE SERVE LLC|3240 E. State St.|Suite 203|Hamilton
2|RAM ASSOCIATES|3240 EAST STATE STREET EXT||HAMILTON
2|SPIRAL SYSTEMS INC|3240 East State Street Ext|Ste 204|HAMILTON
2|Bressler Amery & Ross, P.C.|325 Columbia Turnpike|Suite 301|Florham Park
2|Bressler, Amery & Ross P.C.|325 Columbia Turnpike||Florham Park
2|DAN INFO LLC|33 WOOD AVE SOUTH SUITE 600||ISELIN
2|Saan International|33 Wood Ave South Suite 600||Iselin
2|NVISION TEK INC|33 Wood Avenue|Suite 600|Iselin
2|Ora Apps Inc|33 Wood Avenue|Suite 600|Iselin
2|Dataquest Corp Inc|3322 US Highway - 22|Suite 1001|Branchburg
2|Dataquest Corp|3322 US Highway - 22|Suite 1001|Branchburg
2|Empowered Hospitality LLC|336 Park Avenue|Apt 2|Hoboken
2|Empowered Hospitality|336 Park Avenue|Apt 2|Hoboken
2|KSS ARCHITECTS LLP|337 WITHERSPOON STREET||PRINCETON
2|KSS Architects, LLP|337 Witherspoon Street||Princeton
2|StratG Inc|339 Princeton- Hightstown Road|Building B|East Windsor
2|StratG Inc|339 Princeton- Hightstown Road|Building C|East Windsor
2|MPP Engineers LLC|34 South Main Street|Suite D|Allentown
2|MPP Engineers LLC|34 South Main Street||Allentown
2|Heard Media LLC|344 GROVE ST|UNIT 1258|Jersey City
2|Heard Media LLC|344 GROVE ST|UNIT 1258|JERSEY CITY
2|NX3 Corporation|344 Grove Street|Suite 250|Jersey City
2|Mercer Planning Associates|344 Grove Street|Suite 256|Jersey City
2|Sparc Technology Services Inc|345 High St|Suite 3|Burlington
2|Sparc Technology Services Inc,|345 High St||Burlington
2|AMSOFT CORP|346 GEORGES ROAD|SUITE 2|DAYTON
2|Amsoft Corp.|346 Georges Road|Ste 2|Dayton
2|Certide Inc|347 Plainfield Ave, Ste 107|ste 107|Edison
2|Certide Inc|347 Plainfield Ave, Ste 107||Edison
2|Scadea Software Solutions Inc|3490 U.S. Hwy 1|Suite 11|Princeton
2|Scadea Software Solutions|3490 U.S. Hwy 1|Suite 11|Princeton
2|Archimedis Digital LLC|3495 US Highway 1|Suite 34, 1177|Princeton
2|Hoot Health Inc|3495 US Highway 1|Suite 34, Room 1126|Princeton
2|Panacea Direct Inc|35 Journal Square, Suite 459|N/A|Jersey City
2|Panacea Direct Inc|35 Journal Square, Suite 459||Jersey City
2|Korcomptenz Inc|35 Waterview Boulevard|Suite 207|Parsippany
2|Korcomptenz Inc|35 Waterview Boulevard||Parsippany
2|NJ Biopharmaceuticals LLC|350 Carter Road||Princeton
2|NJ Bio Inc|350 Carter Road||Princeton
2|Automated Control Concepts LLC|3535 State Route 66|Building 6|Neptune
2|InflexionPoint LLC|3535 State Route 66|Building 6|Neptune
2|Techno Pro Solutions Inc|36 Oping Road|N/A|Pompton Plains
2|TECHNO PRO SOLUTIONS INC|36 Oping Road||Pompton Plains
2|Alpha Consulting LLC|360 Mt. Kemble Ave|Suite 2000|Morristown
2|Alliant Technolgies LLC|360 Mt. Kemble Ave||Morristown
2|American Innovative Technologies Corp|3600 State Route 66|Suite 150|Neptune
2|American Innovative Technologies Inc|3600 State Route 66|Suite 150|Neptune
2|Edward Clark Landscape Architect|362 US-206||Flanders
2|EDWARD CLARK LANDSCAPE ARCHITECT|362 US-206||FLANDERS
2|QUALITAS INFOTECH INC|37 STATION DR|SUITE D|PRINCETON JCT
2|Qualitas Infotech Inc|37 Station Dr|Suite D|Princeton Junction
2|Qualitas Infotech Inc|37 Station Dr.,|Ste D|Princeton JCT
2|Qualitas Infotech Inc|37 Station Dr.,|Suite D|Princeton Junction
2|Innovateclin Solutions Inc|370 Campus Dr, Suite 139||Somerset
2|Innovateclin Solutions Inc|370 Campus Dr, Suite 139||somerset
2|FIRST TEK, DOS LLC|371 Hoes Lane, Suite 201,||Piscataway,
2|FIRST TEK INC|371 Hoes Lane, Suite 201,||Piscataway,
2|Aequor Technologies LLC|377 Hoes Lane|Suite 300|Piscataway
2|Aequor Technologies Inc|377 Hoes Lane|Suite 300|Piscataway
2|Offchain Labs Inc|377 Valley Road|Unit 2644|Clifton
2|Sensos Inc|377 Valley Road|Unit 3437|Clifton
2|V Group Inc|379 Princeton Hightstown Road,|Building 3 Suite 2A|Cranbury
2|V Group Inc|379 Princeton Hightstown Road,|Building 3 Suite 2A|East Windsor
2|PIONEER CONSULTING LLC|379 Princeton Hightstown Road, Building 1, Second Floor|SUITE A|Cranbury
2|PIONEER CONSULTING LLC|379 Princeton Hightstown Road, Building 1, Second Floor|Suite A|Cranbury
2|Birlasoft Inc|379 Thornall St|Fl 12|Edison
2|Birlasoft Consulting Inc|379 Thornall St|Floor 12|Edison
2|Sivers Semiconductors Inc|383 Main Street|Suite 202|Chatham
2|Sivers Semiconductors Inc|383 Main Street||Chatham
2|Narinder Alliance LLC|39 Greene|Suite 203|Jersey City
2|Narinder Alliance LLC|39 Greene|Suite 203|Jesrsey City
2|BKC CPAs PC|39 State Route 12|Suite 2|Flemington
2|BKC, CPAs, PC|39 State Route 12|Suite 2|Flemington
2|Shenoy Engineering, P.C|39 US HWY 46 East|Suite 802|Pine Brook
2|Shenoy Engineering, PC|39 US Highway 46 East|Ste 802|Pine Brook
2|Shenoy Engineering, PC|39 US Highway 46 East|Suite 802|Pine Brook
2|Shenoy Engineering, PC|39 US Highway, 46 East|Ste 802|Pine Brook
2|Shenoy Engineering, PC|39 US Highway, 46 East|Suite 802|Pine Brook
2|Shenoy Engineering|39 US Hwy 46 East|Suite 802|Pine Brook
2|Sapiens Americas Corporation|395 West Passaic Street|SUITE 490|Rochelle Park
2|Sapiens Americas Corporation|395 West Passaic Street|Suite 490|Rochelle Park
2|Sapiens Americas Corporation|396 West Passaic Street|STE 490|Rochelle Park
2|Sapiens Americas Corporation|396 West Passaic Street|Suite 490|Rochelle Park
2|AMERICAN IT MINDS INC|397 RIDGE ROAD SUITE 6A||DAYTON
2|American IT Minds Inc|397 Ridge Road Suite 6A||Dayton
2|Orison Solutions LLC|3rd Floor, Suite 306,|1 West State Street|Trenton
2|Orison Solutions LLC|3rd Floor, Suite 306,||Trenton
2|NNIT INC|4 Research Way|Third Floor|Princeton
2|O3b Networks USA LLC|4 Research Way||Princeton
2|SYSTRA Consulting Inc|400 BroadAcres Drive|Suite 105|Bloomfield
2|SGS NORTH AMERICA INC|400 Broadacres Drive|Suite 200, 2nd Flr|Bloomfield
2|Atlas Data Systems LLC|400 Connell Drive|Suite 6000|Berkeley Heights
2|Atlas Data Systems Inc|400 Connell Drive|Suite 6000|Berkeley Heights
2|EOS Accountants LLP|401 Hackensack Avenue|Suite 1001|Hackensack
2|HNF Logistics Inc|401 Hackensack Avenue|Suite 702|Hackensack
2|CORIELL INSTITUTE FOR MEDICAL RESEARCH|403 HADDON AVE||CAMDEN
2|Coriell Institute for Medical Research|403 Haddon Ave||Camden
2|IPIVOT LLC|405 RIDGE ROAD NJ USA||DAYTON
2|iPivot LLC|405 Ridge Road NJ USA||Dayton
2|ALStream Tech Inc|409 Joyce Kilmer Avenue|Suite 315|New Brunswick
2|ALSTREAM TECH INC|409 Joyce Kilmer Avenue|Suite 315|New Brunswick
2|NINFO SYSTEMS INC|4105 US Route 1|Suite 14|Monmouth Junction
2|NInfo Systems Inc|4105 US Route 1|Suite 14|Monmouth Junction
2|Swaratech Inc|411 Hackensack Ave|Suite 200|Hackensack
2|CEF SOLUTIONS INC|411 Hackensack Ave|Suite 800|Hackensack
2|Majesco Software and Solutions Inc|412 Mt. Kemble Avenue|Suite 110C|Morristown
2|Majesco|412 Mt. Kemble Avenue|Suite 110C|Morristown
2|Ignite Innovationz Inc|414 N Midland Ave|Apt 11|Saddlebrook
2|Ignite Innovationz Inc|414 N Midland Ave|Apt 11|Saddle Brook
2|TECHNOVISION INC|42 BRIDGE STREET||METUCHEN
2|Technovision Inc|42 Bridge Street||Metuchen
2|JARMEL KIZEL ARCHITECTS AND ENGINEERS INC|42 OKNER PARKWAY||LIVINGSTON
2|Jarmel Kizel Architects and Engineers|42 Okner Parkway|integrate BMS to VRF system|Livingston
2|Arborsys Group LLC|422 Executive Drive|Building 4|Princeton
2|ArborSys Group LLC|422 Executive Drive||Princeton
2|ALLAGI TECHNOLOGIES INC|425 AMWELL ROAD|SUITE 8|HILLSBOROUGH
2|ALLAGI TECHNOLOGIES INC|425 Amwell Road|Suite 8|Hillsborough
2|ALPHA IT CONSULTING CORPORATION.|4250  Route 1|Suite 103|South Brunswick Township
2|ALPHA IT CONSULTING CORPORATION|4250  Route 1|Suite 103|South Brunswick Township
2|ALPHA IT CONSULTING CORPORATION|4250 ROUTE1|SUITE 103|SOUTH BRUNSWICK TOWNSHIP
2|ALPHA IT CONSULTING CORPORATION|4250 ROUTE1|SUITE103|SOUTH BRUNSWICK TOWNSHIP
2|ESYSTEMS INC|4250 US RT 1,|Suite 105,|Monmouth Junction
2|ESYSTEMS INC|4250 US Rt 1,|Suite 105,|Monmouth Junction
2|SKILLFUL TECHNOLOGIES INC|4270 US HIGHWAY 1|Suite 2A|MONMOUTH JUNCTION
2|SKILLFUL TECHNOLOGIES INC|4270 US Highway 1|Suite 2A|Monmouth Junction
2|Trustek Inc|4301 US HIGHWAY 1|Suite 125|Monmouth Junction
2|Trustek Inc|4301 US Highway 1|Suite 125|Monmouth Junction
2|ASB RESOURCES|4365 Route 1 S|Suite 102|PRINCETON
2|ASB RESOURCES|4365 Route 1 S|Suite 205|PRINCETON
2|LK CPAS LLC|4365 US 1 SOUTH|SUITE 206|PRINCETON
2|LK CPAs LLC|4365 US 1 South|Suite 206|Princeton
2|COMPUNNEL SOFTWARE GROUP INC|4390 Route 1 North,|Suite 302|Princeton
2|Technovators Inc|4390 Route 1 North,|Suite 310|Princeton
2|INTEL GRAPH LLC|4390 U.S. HIGHWAY 1|SUITE 207|PRINCETON
2|SoftArt Solutions Inc|4390 U.S. Highway 1|Suite 201|Princeton
2|LatentView Analytics Corporation|44 Nassau Street||Princeton
2|Latentview Analytics Corporation|44 Nassau Street||Princeton
2|Momento USA LLC|440 Benigno Blvd.|Unit A, Second Floor|Bellmawr
2|Momento USA LLC|440 Benigno Blvd.|Unite A 5, Second Floor|Bellmawr
2|SAMP ENGINEERING INC|440 ROUTE 17 NORTH|SUITE 2|HASBROUCK HEIGHTS
2|Samp Surad Group Inc|440 Route 17 North|Suite 2|Hasbrouck Heights
2|ANS Geo|4405 South Clinton Ave|Suite A|South Plainfield
2|ANS Geo|4405 South Clinton Ave||South Plainfield
2|ANS Geo|4405 South Clinton Avenue||South Plainfield
2|ANS Consultants Inc|4405 South Clinton Avenue||South Plainfield
2|VSB TECH CONSULTING SERVICES LLC|4478 Route 27 , Suite 201-E||KINGSTON
2|VSB TECH CONSULTING SERVICE LLC|4478 Route 27 , Suite 201-E||KINGSTON
2|Denise Albanese|44a Reynolds Ave||Parsippany
2|Denise A Albanese|44a Reynolds Ave||Parsippany
2|RESTRUCTURING PARTNERS & ASSOCIATES LLC|45 Eisenhower Dr.|Suite 560|Paramus
2|RESTRUCTURING PARTNERS & ASSOCIATES LLC|45 Eisenhower Dr.||Paramus
2|NETSEC PROFESSIONALS CORPORATION|45 S MAIN STREET, SUITE 3||MANVILLE
2|NETSEC PROFESSIONALS CORPORATION|45 S Main Street, Suite 3||Manville
2|DSM Nutritional Products LLC|45 Waterview Blvd.||Parsippany
2|DSM Food Specialties USA Inc|45 Waterview Blvd.||Parsippany
2|3i INFOTECH INC|450 RARITAN CENTER PARKWAY|SUITE B|EDISON
2|3i Infotech Inc|450 Raritan Center Parkway|Suite B|Edison
2|RevereIT LLC|45640 Willow Pond Plaza|200|Sterling
2|RevereIT LLC|45640 Willow Pond Plaza|200|OLD BRIDGE
2|SVT INC|47 Brookdale Road|Suite C|Watchung
2|Business Technology Inc|47 Brookdale Road|Suite D|Watchung
2|VIZTECH LLC|476 TIVOLI CT||MONMOUTH
2|VIZTECH LLC|476 TIVOLI CT||MORGANVILLE
2|MNM Consultant LLC|48 S New York Road|Suite A 2|Galloway
2|MNM Consultant LLC|48 S New York Road|Suite A2|Galloway
2|ANJANEYAP INC|485 E ROUTE 1 SOUTH|SUITE 100|ISELIN
2|IT TRAILBLAZERS LLC|485 E ROUTE 1 SOUTH WOODBRIDGE CORPORATE PLAZA|SUITE 100|ISELIN
2|TENAZX INC|485 E ROUTE 1 SOUTH WOODBRIDGE CORPORATE PLAZA|SUITE 100|ISELIN
2|IT Trailblazers LLC|485 E Route 1 South|Suite 100|Iselin
2|3B Staffing LLC|485B US Highway 1 S|STE 300|Iselin
2|3B Staffing LLC|485B US Highway 1 S|STE 300|ISELIN
2|OBJECT DATA INC|485C ROUTE 1 SOUTH|SUITE 100|ISELIN
2|ICOR Associates LLC|485C Route 1 South|Suite 200|Iselin
2|Technology Concepts Group International LLC|485C US Highway 1 South|Suite 350|Iselin
2|Entek Solutions Inc|485c US Highway 1 south|Suite 100|Iselin
2|Nachman and Associates, P.C.|487 Goffle Road|Visaserve Plaza|Ridgewood
2|NPZ Law Group PC|487 Goffle Road|Visaserve Plaza|Ridgewood
2|Rachael H Grochowski, Architecture & Design Limited Liability Company|491 Bloomfield Avenue|Suite 201|Montclair
2|Sitetracker Inc|491 Bloomfield Avenue|Suite 301|Montclair
2|TCM Groups Inc|495 Plainfield Ave|Suite C|Berkeley Heights
2|TCM Groups Inc|495 Plainfield Ave|suite C|Berkeley Heights
2|VRK IT VISION INC|5 Independence Way, 3rd Floor, Suite 300B|N/A|Princeton
2|VRK IT Vision Inc|5 Independence Way, 3rd Floor, Suite 300B||Princeton
2|Laxai Inc|5 ROLLING CT||KENDALL PARK
2|Laxai Inc|5 Rolling Ct||Kendall Park
2|Groupsoft US Inc|5 Vaughn Dr|Ste 150|Princeton
2|Groupsoft US Inc|5 Vaughn Dr|Suite 150|Princeton
2|LOGISOFT TECHNOLOGIES INC|50 CRAGWOOD ROAD, SUITE  315||SOUTH PLAINFIELD
2|Code Ace Solutions Inc|50 Cragwood Road,|Suite 217|South Plainfield
2|Saiana Technologies Inc|50 Cragwood Road,|ste 104,|South Plainfield
2|Logisoft Technologies Inc|50 Cragwood Road, Suite  315||South Plainfield
2|Unisoft Solutions LLC|50 Division St,|Suite 501|Somerville
2|Unisoft Solutions LLC|50 Division St,|Suite 501,|Somerville,
2|KJ INFO LLC|50 HARRISON ST|PH 540|HOBOKEN
2|KJ Info LLC|50 Harrison St|PH 540|Hoboken
2|Link Trans Logistics NJ INC|50 Jiffy Road||Somerset
2|Link Trans Logistics NJ Inc|50 Jiffy Road||Somerset
2|American Designers Corp.|50 Louis Court||South Hackensack
2|American Designers Corp|50 Louis Court||South Hackensack
2|SILICON STAFF IT SERVICES INC|500 ALEXANDER PARK  DRIVE|SUITE 102|PRINCETON
2|SILICON STAFF IT SERVICES INC|500 ALEXANDER PARK  DRIVE||PRINCETON
2|DATAGAMA INC|500 COLLEGE ROAD E.|2ND FLOOR  SUITE 205|PRINCETON
2|DATAGAMA INC|500 COLLEGE ROAD E.|2ND FLOOR, SUITE 205|PRINCETON
2|Quest Diagnostics Incorporated|500 Plaza Drive||Secaucus
2|QUEST DIAGNOSTICS INCORPORATED|500 Plaza Drive||Secaucus
2|ASDCENT AUTO INTERIOR LLC|500 VALLEY ROAD|SUITE 101|WAYNE
2|ASCENT AUTO INTERIOR LLC|500 VALLEY ROAD|SUITE 101|WAYNE
2|Ying Cao Law LLC|51 JFK PKWY, FIRST FLOOR WEST|ROOM 140|SHORT HILLS
2|Rightpoint Consulting LLC|51 JFK Parkway, 1st Fl West|Suite 129|Short Hills
2|Rightpoint LLC|51 JFK Parkway, 1st Fl West|Suite 129|Short Hills
2|Ying Cao Law LLC|51 JFK Pkwy, First Floor West|Suite 140|Short Hills
2|Onix Networking Corp.|510 Carnegie Center|Suite 110|Princeton
2|Kyowa Kirin Inc|510 Carnegie Center|Suite 600|Princeton
2|KODERZLAB INC|510 THORNAL STREET|SUITE 230|EDISON
2|KODERZLAB INC|510 THORNAL STREET|SUITE 320|EDISON
2|MCS ELECTRICAL CONTRACTORS INC|5100 BELMAR BLVD|STE 9|WALL TOWNSHIP
2|MCS Electrical Contractors Inc|5100 Belmar Blvd|Ste 9|WALL TOWNSHIP
2|NEO TECH SOLUTIONS INC|515 Plainfield Ave, Suite 204|Suite 204|Edison
2|NEO TECH SOLUTIONS INC|515 Plainfield Ave, Suite 204||Edison
2|ITCaps LLC|515 Washington Road|Suite 1|Parlin
2|ITCAPS LLC|515 Washington Road|Suite 1|Parlin
2|ITCAPS LLC|515A Washington Road||Parlin
2|ITCaps LLC|515A Washington Road||Parlin
2|Intellectt Inc|517  Route 1 South|1115|Iselin
2|BI Labs Inc|517  Route 1 South|Ste 1116|Iselin
2|INTELLECTT INC|517 ROUTE 1S|SUITE 1115|ISELIN
2|Priamba Soft LLC|517 RT1 S|STE1193|ISELIN
2|Priamba Soft LLC|517 RT1 S|SUITE 1193|ISELIN
2|INTELLECTT INC|517 Route 1S|SUITE 1115|ISELIN
2|Intellectt Inc|517 Rte 1 South|1115|Iselin
2|Intellectt Inc|517 Rte 1 South||Iselin
2|Priamba Soft LLC|517 US HIGHWAY 1 S|SUITE 1193|Iselin
2|Priamba Soft LLC|517 US HIGHWAY 1 S|SUITE 1193|ISELIN
2|ACQUIFIN LLC|525 MILLTOWN ROAD|SUITE 103|NORTH BRUNSWICK
2|CORPORATE BIZ SOLUTIONS INC|525 MILLTOWN ROAD|SUITE 208|NORTH BRUNSWICK
2|SEVEN HILLS GROUP TECHNOLOGIES INC|525 ROUTE 73 NORTH|STE 104|MARLTON
2|StratEdge IT Consulting Inc|525 Route 73 North|Suite 104|Marlton
2|Custom Calibration Solutions LLC|535 US Highway 130||Hamilton
2|Custom Calibration Solutions LLC|535 US Highway 130||Robbinsville
2|Khoj Information Technology Inc|545 Island Road|Suite 3C|Ramsey
2|KHOJ INFORMATION TECHNOLOGY INC|545 Island Road|Suite 3C|Ramsey
2|RADIANCE INFORMATIONS LLC|55 CARTER DR|SUITE 203|EDISON
2|SmartWorks LLC|55 Carter Dr|Suite 107|Edison
2|EVEREST INFOTECH LLC|55 FERRIS ROAD||EDISON
2|Everest Infotech LLC|55 Ferris Road||Edison
2|Continuity Logic LLC|55 Lane Road|Ste 303|Fairfield
2|Early Stage Solutions LLC|55 Lane Road|Suite 310|Fairfield
2|Tecladders Inc|55 MADISON AVENUE|SUITE 400|MORRISTOWN
2|Mindsprint Inc|55 Madison Avenue|Suite 400|Morristown
2|Super Technology Soutions Inc|55 Mountain Blvd|2nd Floor|Warren
2|Super Technology Solutions Inc|55 Mountain Blvd|2nd Floor|Warren
2|ClientServer Technology Solutions LLC|555 US 1 HIGHWAY|STE 220|Iselin
2|CLIENTSERVER TECHNOLOGY SOLUTIONS LLC|555 US 1 HIGHWAY|SUITE 220|ISELIN
2|SENSIPLE INC|555 US HIGHWAY 1 S|SUITE 430|ISELIN
2|DUCONT SYSTEMS INC|555 US Highway 1 S|Suite 150|Iselin
2|OMEGA-BIOCHEM LABORATORIES INC|56 PARK AVE||LYNDHURST
2|BioChem Laboratory Inc|56 Park Ave||Lyndhurst
2|Protax & Financial Advisors LLC|572 Amboy Ave||Woodbridge
2|PROTAX & FINANCIAL ADVISORS LLC|572 Amboy Ave||Woodbridge
2|CONSIGA TECHNOLOGIES INC|591 Summit Avenue, Ste 505|SUITE D|Jersey City
2|CONSIGA TECHNOLOGIES INC|591 Summit Avenue, Ste 505||Jersey City
2|SPLN INTERNATIONAL LLC|591 summit ave, suite 524||JERSEY CITY
2|SPLN International LLC|591 summit ave, suite 524||Jersey City
2|ESHA CORPORATION|6 ALVIN CT||EAST BRUNSWICK
2|ESHA IT Corp|6 Alvin CT||East Brunswick
2|VEDIC CONSULTING INC|6 LINWOOD DRIVE||MONROE TOWNSHIP
2|TEKPLANT INC|6 LINWOOD DRIVE||MONROE
2|QUALITY THEOREM LLC|6 MARKET STREET|SUITE 920|PLAINSBORO
2|Gondhi Associates LLC|6 Market Street|Suite 920|Plainsboro Township
2|EXXAT INC|6 Thomas Jefferson Dr||Warren
2|EXXAT LLC|6 Thomas Jefferson Dr||Warren
2|INFOTRAN ENGINEERS & ARCHITECTS, P.C.|60 EVERGREEN PLACE|SUITE 301|EAST ORANGE
2|INFO TRAN ENGINEERS & ARCHITECTS, P.C.|60 EVERGREEN PLACE|SUITE 301|EAST ORANGE
2|Infotran Engineers, P.C|60 Evergreen Pl|Suite 301|East Orange
2|InfoTran Engineers & Architects, PC|60 Evergreen Pl|Suite 301|East Orange
2|AMA Global Technology Inc|600 International Dr.||Budd Lake
2|AMA Global Technology Inc|600 International Dr.||Flanders
2|Suthra Technologies|600 Somerdale Road|Suite 209|Voorhees
2|Suthra Technologies Inc|600 Somerdale Road|Suite 209|Voorhees
2|TEXTILE RESEARCH INSTITUTE, DBA TRI PRINCETON|601 PROSPECT AVENUE||PRINCETON
2|Textile Research Institute|601 Prospect Avenue||Princeton
2|Brunswick Engineering PLLC|614 U.S. 130|Suite B1|East Windsor
2|BrunswickEngg PLLC|614 U.S. 130|Suite B1|East Windsor
2|MOBIREY LLC|614 US-130 S|Suite 2B|East Windsor
2|MOBIREY LLC|614 US-130 S||East Windsor
2|HAJ Studio LLC|615 Pavonia Avenue|Apt. 4209|Jersey City
2|HAJ STUDIO LLC|615 Pavonia Avenue|Suite 4209|Jersey City
2|Onal Gallant Bayram and Amin PC|619 RIVER DR|STE 340|Elmwood Park
2|Onal Gallant Bayram and Amin PC|619 RIVER DR|STE 340|ELMWOOD PARK
2|Swasen Inc|623 EAGLE ROCK AVENUE|SUITE 378|West Orange
2|Swasen Inc|623 Eagle Rock Avenue|Suite 378|West Orange
2|PRUDIGM ENGINEERING LLC|66 York Street|Suite 4|Jersey City
2|PRUDIGM ENIGINEERING LLC|66 York Street|Suite 4|Jersey City
2|Educational Testing Service|660 Rosedale Road|N/A|Princeton
2|Educational Testing Service|660 Rosedale Road||Princeton
2|Nityo Infotech Corp|666  Plainsboro Road|STE 1285|Plainsboro
2|Nityo Infotech Corporation|666  Plainsboro Road|Suite 1285|Plainsboro
2|AXIOMSCIENCES LLC|666 PLAINSBORO ROAD SUITE 656||PLAINSBORO
2|AXIOM SCIENCES LLC|666 PLAINSBORO ROAD SUITE 656||PLAINSBORO
2|MML Consulting LLC|672 US Highway 202 /206 North|Suite 206|Bridgewater
2|MML Consulting Inc|672 US Highway 202 /206 North|Suite 206|Bridgewater
2|RAMPS INTERNATIONAL INC|674 US HIGHWAY 202/206|SUITE 5|BRIDGEWATER
2|Virtuosa Global Solutions LLC|674 US Highway 202/206|Suite 4|Bridgewater
2|cyberThink Inc|685 ROUTE 202 / 206|STE 101|BRIDGEWATER
2|cyberThink Inc|685 ROUTE 202 / 206|SUITE 101|BRIDGEWATER
2|ADLAI NORTYE USA INC|685 US Highway One|2ND Floor|North Brunswick Township
2|Sonder Medicine Inc|685 US Highway One||North Brunswick
2|DYNASTICX LLC|695 HAMILTON STREET|SUITE 422|SOMERSET
2|Dynasticx LLC|695 Hamilton Street|Suite 422|Somerset
2|COMPUTER DESIGN & INTEGRATION LLC|696 US HIGHWAY 46||TETERBORO
2|Computer Design & Integration LLC|696 US Highway 46||Teterboro
2|KSOFT SYSTEMS INC|7 SOUTH MAIN STREET,|SUITE E,|MARLBORO
2|VIRINCHI LIMITED|7 SOUTH MAIN STREET,|SUITE E,|MARLBORO
2|Public Clothing Comany|70 Triangle Boulevard||Carlstadt
2|Public Clothing Company Inc|70 Triangle Boulevard||Carlstadt
2|Softcrylic LLC|700 Alexander Park Drive|Suite 303|Princeton
2|Softcrylic|700 Alexander Park Drive|Suite 303|Princeton
2|RENEWABLE POWER PARTNERS|701 COOPER ROAD||VOORHEES
2|Renewable Power Partners LLC|701 Cooper Road|Ste 9|Voorhees
2|A SUNGIL NOH CPA|725 Grand Avenue, Suite 205||Ridgefield
2|A SUNGIL NOH CPA PC|725 Grand Avenue, Suite 205||Ridgefield
2|LS Solutions|731 Alexander Road|Suite 101|Princeton
2|LS Solutions Inc|731 Alexander Road|Suite 101|Princeton
2|DRC Systems USA LLC|75 Lincoln Hwy||Iselin
2|DRC SYSTEMS USA LLC|75 Lincoln Hwy||Iselin
2|Creative Logistic Services LLC|773 Cranbury South River Road|Suite 100|Monroe Township
2|Creative Logic Services LLC|773 Cranbury South River Road|Suite 100|Monroe Township
2|RiskVal Financial Solutions LLC|777 Alexander Road|Suite 102|Princeton
2|RISKVAL FINANCIAL SOLUTIONS LLC|777 Alexander Road|Suite 102|Princeton
2|APPISOFT INC|79 Lincoln Highway||Edison
2|Appisoft Inc|79 Lincoln Highway||Edison
2|Industrial Projects Services USA Corp|7905 Browning Road|214|Pennsauken
2|Industrial Projects Services Corporation|7905 Browning Road|Suite 214|Pennsauken
2|ULTIMATE TECHNOLOGY SOLUTIONS INC|8 CAMPUS DR,|STE 105|PARSIPPANY
2|ULTIMATE TECHNOLOGY SOLUTIONS INC|8 CAMPUS DR,|STE 105,|PARSIPPANY
2|TMS LLC|8 CAMPUS DR.|SUITE 105|PARSIPPANY
2|GNVIT Solutions Inc|8 Campus Dr.|Suit 105|Parsippany
2|GLOBAL GASTROENTROLOGY LLC|8 SHERWOOD ROAD||EDISON
2|NORTH AMERICA GASTROENTEROLOGY|8 SHERWOOD ROAD||EDISON
2|ITEANS AMERICA LLC|811 CHURCH ROAD|SUITE 165|CHERRY HILL
2|DIGIPULSE TECHNOLOGIES INC|811 CHURCH ROAD, STE. 169||CHERRY HILL
2|Digipulse Technologies Inc|811 CHURCH ROAD, STE. 169||CHERRY HILL
2|MC Square Systems LLC|811 Church Road|Suite 105|Cherry Hill
2|INVIXON TECHNOLOGIES INC|825 Georges Road, Third Floor|Suite 1A|North Brunswick
2|Profusion Systems Inc|825 Georges Road, Third Floor|Suite 1A|North Brunswick
2|SUNIL J. SHAH, CPA , P.C|838 GREEN STREET|SUITE 201|ISELIN
2|Heraa Technologies LLC|838 Green Street|Suite 202A|Iselin
2|SMALLARC INC|860 US HIGHWAY 1|SUITE 103|EDISON
2|CYBERMINDS INC|860 US HIGHWAY 1|SUITE 203 A|EDISON
2|City Gurus Inc|87 Main Street|Suite 201|Matawan
2|Citygurus Inc|87 Main Street|Suite 201|Matawan
2|IT HUB INC|88 LAKEDALE DR||LAWRENCE TOWNSHIP
2|IT HUB INC|88 Lakedale Dr||Lawrence Township
2|HighCamp Compliance LLC|89 Headquarters Plaza North|1438|Morristown
2|Helio Health Group LLC|89 Headquarters Plaza North|Ste 1443|Morristown
2|MARKOV PROCESSES INTERNATIONAL INC|89 SUMMIT AVENUE|SUITE 2|SUMMIT
2|Markov Processes International Inc|89 Summit Avenue|2nd Floor|Summit
2|KENNEDY INTERNATIONAL SOFTWARE INC|9 BRIDGE ST|BLDG C|METUCHEN
2|KENNEDY INTERNATIONAL SOFTWARE INC|9 Bridge St|BLDG C|METUCHEN
2|Praxgen Pharmaceuticals LLC|9 Deer Park Drive|Suite J10|Monmouth Junction
2|Mycometrics LLC|9 Deer Park Drive|Suite K18|Monmouth Junction
2|Chi Sisters Limited Liability Company|9 Homestead Place|Apt. 1701|Jersey City
2|DOUALSPARK INC|9 Homestead Place|Suite 302|Jersey City
2|Weiber Services Inc|9 QUEENBERRY WAY||BASKING RIDGE
2|Weiber Services Inc|9 Queenberry Way||Basking Ridge
2|NOVASOFT USA INC|90 BAYAROAD ST|SUITE 2B|NEW BRUNSWICK
2|Novasoft USA Inc|90 BAYAROAD ST|SUITE 2B|NEW BRUNSWICK
2|Ganit Inc|90 East Halsey Road|St 320|Parsippany
2|MB IT Associates LLC|90 East Halsey Road|Ste 360|Parsippany
2|Lord, Abbett & Co. LLC|90 Hudson St.|Floor 12|Jersey City
2|Lord Abbett & Co.|90 Hudson St.|Floor 12|Jersey City
2|Fragomen, Del Rey, Bernsen & Loewy, LLP|90 Matawan Road|Floor 4|Matawan
2|Fragomen, Del Rey, Bernsen & Loewy, LLP|90 Matawan Road||Matawan
2|GLOBAL DATA MANAGEMENT INC|90 WOODBRIDGE CENTER DRIVE|SUITE 380|WOODBRIDGE
2|Comrise Technology Inc|90 Woodbridge Center Drive|3rd Floor|Woodbridge
2|ARMO CONSULTANTS LLC|900 Landex Plaza|,Suite 240|Parsippany
2|ARMO CONSULTANTS LLC|900 Landex Plaza|Suite 240|Parsippany
2|BA2CC SOLUTIONS INC|904 OAK TREE AVE|SUITE O|South Plainfield
2|BA2CC SOLUTIONS INC|904 OAK TREE AVE|SUITE O|SOUTH PLAINFIELD
2|UNITED PHARMA TECHNOLOGIES INC|908 Oak Tree Avenue, Suite A||SOUTH PLAINFIELD
2|United Pharma Technologies Inc|908 Oak Tree Avenue, Suite A||South Plainfield
2|KeRi Engineering PC|911 Springfield Road|Suite 2|Union
2|Keri Engineering PC|911 Springfield Road|Suite 2|Union
2|LONG FINCH TECHNOLOGIES LLC|924 US HIGHWAY 9|SUITE 105|SOUTH AMBOY
2|NILA PROFESSIONAL SERVICES|924 US HIGHWAY 9|SUITE 311|SOUTH AMBOY
2|MICROEXCEL INC|926 BLOOMFIELD AVENUE|SUITE BB|GLEN RIDGE
2|MICROEXCEL INC|926 Bloomfield Avenue|Suite BB|Glen Ridge
2|TECHPOD INNOVATIONS INC|934 EDPAS ROAD||NEW BRUNSWICK
2|TECHLOGIC INNOVATIONS INC|934 EDPAS ROAD||NEW BRUNSWICK
2|HireBeat Inc|95 Christopher Columbus Drive|Floor 16|Jersey City
2|HireBeat Inc|95 Christopher Columbus Drive||Jersey city
2|FALCON ENGINEERING CO., L.L.C.|95 MOUNT BETHEL ROAD||WARREN
2|Falcon Engineering Co., L.L.C.|95 Mount Bethel Road||Warren
2|Techpro IT Solutions Inc|959 Rt 46 East|Suite 303|Parsippany
2|Techpro IT Solutions Inc|959 Rt 46 East|Suite 303 A|Parsippany
2|JBI Engineering LLC|959 S. Springfield Avenue|Suite 100|Springfield
2|JZN Engineering, PC.|959 S. Springfield Avenue|Suite 100|Springfield
2|EnQubes Inc|989 LENOX DRIVE||LAWRENCEVILLE
2|ENQUBES INC|989 Lenox Drive|Suite 205|Lawrenceville
2|BRIGHT VISION TECHNOLOGIES LLC|991 Route 22 West|Suite 200|Bridgewater
2|eG Innovations Inc|991 Route 22 West|Suite 200|Bridgewater
2|BRIGHT VISION TECHNOLOGIES LLC|991 US Highway 22|Suite 200|Bridgewater
2|Active Enterprise Solutions LLC|991 US Highway 22|Suite 200|Bridgewater
2|NEOITEK SYSTEMS INC|999 Riverview Drive|Suite 201|Totowa, NJ
2|Neoitek Systems Inc|999 Riverview Drive|Suite 201|Totowa
2|Neoitek Systems Inc|999 Riverview Drive, Suite 201||Totowa
2|NEOITEK SYSTEMS INC|999 Riverview Drive, Suite 201||Totowa, NJ
2|Eon Labs Inc|One  Health Plaza||East Hanover
2|Novartis Institutes for BioMedical Research Inc|One  Health Plaza||East Hanover
2|Intuity Technologies LLC|One Gateway Center, Suite 2600|N/A|Newark
2|Intuity Technologies LLC|One Gateway Center, Suite 2600||Newark
2|J. Knipper & Company Inc|One Healthcare Way||Lakewood
2|J. Knipper and Company Inc|One Healthcare Way||Lakewood
2|TECHNOSPHERE|One Meadowlands Plaza|Suite 200, Office 253|East Rutherford
2|LUPR INC|One Meadowlands Plaza|Suite 2000|East Rutherford
2|Antenna Group LLC|One University Plaza|Suite 605|Hackensack
2|Stein Saks, PLLC|One University Plaza|Suite 620|Hackensack
2|LEAN-IT SOLUTIONS LLP|PLAZA II, 317 GEORGE STREET|3RD FLOOR|NEW BRUNSWICK
2|LEAN-IT SOLUTIONS LLP|Plaza II, 317 George Street|3rd Floor|New Brunswick
2|QuantaBricks LLC|QuantaBricks LLC|211 Warren Street|Newark
2|QuantaBricks LLC|QuantaBricks LLC|613 Washington Blvd. 1055|Jersey City
2|SAAS Technologies Inc|Spacion Business Center, 15 Corporate Place South|Suite 419|Piscataway
2|SAAS Technologies Inc|Spacion Business Center, 15 Corporate Place South|Suite 419 A|Piscataway
2|KSOFT SYSTEMS INC|THE GREEN HOUSE, 7 SOUTH MAIN STREET,|SUITE E,|MARLBORO
2|VIRINCHI LIMITED|THE GREEN HOUSE, 7 SOUTH MAIN STREET,|SUITE E,|MARLBORO
2|CPSG Partners LLC D/B/A Mercer Digital|Waterfront Corporate Center, 121 River Street|N/A|Hoboken
2|Mercer System Services LLC|Waterfront Corporate Center, 121 River Street||Hoboken
1|DataEdge Consulting Inc|01 Morgan Ln|Suite 203B|Plainsboro
1|KAIZEN TECHNOLOGIES INC|1  Lincoln Highway|Suite 10|Edison
1|ADP Master Tax Inc|1 ADP Blvd.||Roseland
1|VERACITY SOFTWARE INC|1 AUSTIN AVE, 1ST FLOOR||ISELIN
1|Global Engineering and Materials Inc|1 Airport Place|Suite 1|Princeton
1|Rearc LLC|1 Alluvial Drive||Chesterfield
1|Aethon Solutions LLC|1 Arnold Lane||Robbinsville
1|T-STONE TECHNOLOGIES INC|1 Auer Court|Flr 2|East Brunswick
1|NIVASOFT INC|1 Auer Ct, 2nd Floor||East Brunswick
1|PROTAX & FINANCIAL ADVISORS LLC|1 BEEKMAN ROAD|5 A|KENDALL PARK
1|RD TECH SYSTEMS INC|1 CUBBERLY CT||CRANBURY
1|MedChemExpress LLC|1 Deer Park Dr., Suite F||Monmouth Junction
1|MedChemExpress LLC|1 Deer Park Dr., Suite Q||Monmouth Junction
1|Elucida Oncology Inc|1 Deer Park Drive|Suite E|Monmouth Junction
1|Nanonex Corporation|1 Deerpark|STE O|Monmouth Junction
1|Essenlix Corporation|1 Deerpark Dr|Suite R|Monmouth Junction
1|Nanonex Corporation|1 Deerpark Dr.|STE O|Monmouth Junction
1|Biophore Pharma Inc|1 Deerpark Drive, Suite F-8||Monmouth Junction
1|Dynamic Biologics Inc|1 Deerpark Drive, Suite L-4||Monmouth
1|Essenlix Corporation|1 Deerpark Drive, Suite R||Monmouth Junction
1|Village Practice Management Company LLC|1 Diamond Hill Road||Berkeley Heights
1|DRESDNER ROBIN ENVIRONMENTAL MANAGEMENT INC|1 EVERTRUST PLAZA|SUITE 901|JERSEY CITY
1|CRYSTAL DATA LLC|1 EVES DRIVE, SUITE 145||MARLTON
1|Princeton Optronics, A Member of AMS Group|1 Electronics Drive||Mercerville
1|CLOUDFRONT LLC|1 Eves Dr|Suite 111|Marlton
1|CLOUDFRONT LLC|1 Eves Drive|Suite 111|Marlton
1|Techno-Comp Inc|1 Executive Drive, Ste 250||Somerset
1|Itopia Inc|1 Gabriella Lane|2nd Floor|Warren
1|Atlanta Trading & Engineering Consulting LLC|1 Gatehall Dr|Suite 306|Parsippany
1|Atlanta Trading & Eng. Consulting LLC|1 Gatehall Dr.|Suite 306|Parsippany
1|Atlanta Trading & Eng. Consulting LLC|1 Gatehall Dr., Suite 306||Parsippany
1|Atlanta Trading & Engineering Consulting LLC|1 Gatehall Drive, Suite 202||Parsippany
1|Atlanta Trading & Engineering Consulting LLC|1 Gatehall Drive, Suite 306||Parsippany
1|Hankin Environmental Systems Inc|1 Harvard Way|Suite 6|Hillsborough
1|Logical Design Solutions Inc|1 High Street Court|Suite 7|Morristown
1|Holtec International|1 Holtec Blvd||Camden
1|Holtec International|1 Holtec Blvd.||Camden
1|Holtec International|1 Holtec Boulevard||Camden
1|ORANGE SOFTWARE CONSULTING INC|1 INDIAN LAKE DRIVE||LITTLE FERRY
1|SRNL International Inc|1 INTERNATIONAL BLVED|SUITE 275|FORT LEE
1|ARCARI & IOVINO ARCHITECTS, P.C.|1 KATHERINE ST||LITTLE FERRY
1|Microwize Technology Inc|1 Kalisa Way|Ste 101|Paramus
1|KAYTECH INFORMATION SOLUTIONS INC|1 LYSBETH LN||MATAWAN
1|RICHMOND GREEN INC|1 Lincoln Highway,|Suite 16,|Edison,
1|Scepter Systems Inc|1 Meadowlark Dr||Plainsboro
1|Datacurate Corp.|1 Mount Olive Road|Unit 172|Budd Lake
1|ENDOMEDIX INC|1 Normal Avenue, CELS 404||Montclair
1|Renuka Bhimarasetty LLC|1 Quaker Ridge Ct||Monroe Township
1|Staff Machine Learning Research Engineer|1 River Ct|Apartment Apt 2402|Jersey City
1|AMPERICON INC|1 TAMARON COURT||MONMOUTH JUNCTION
1|Helix Wireless Inc|1 Tower Center BLVD, Suite 1910||East Brunswick
1|BCT Partners LLC|1 Tower Center Boulevard|Suite 1510|East Brunswick
1|DataCloud Technologies LLC|1 Tower Centre Blvd,|Suite 1510 06|East Brunswick
1|MEDOCITY INC|1 UPPER POND ROAD, BLDG D|3RD FLOOR|PARSIPPANY
1|Clark Transportation Consulting & Services LLC|1 Vail Lane||Flemington
1|Orison Solutions LLC|1 W State St|Suite 306|Trenton
1|PLM Systems LLC|1 WOODS EDGE||ROBBINSVILLE
1|Agilis Chemicals Inc|1 Washington Pl, Seventh Floor||Newark
1|KAL Design LLC|1 West Main Street|1st Floor|Freehold
1|Integrated Chemistry Services Inc|1 Whittendale Drive|Suite E|Moorestown
1|ORION RESOLUTION AND RESOURCES LLC|1.TOWER CENTER BLVD|SUITE 1510|EAST BRUNSWICK
1|CGS Technology Associates Inc|10 Austin Ave|2nd Floor|Iselin
1|Intone Networks Inc|10 Austin Avenue, , NJ||Iselin
1|Diligene LLC|10 Bayberry Drive||Princeton
1|APTEK SOLUTIONS INC|10 CENTER DRIVE||MONROE
1|SUNRAY INFORMATION TECHNOLOGIES INC|10 CENTRE DRIVE|SUITE 219|MONROE
1|SUNRAY INFORMATION TECHNOLOGIES INC|10 CENTRE DRIVE, SUITE 219||MONROE
1|ANYWELL INC|10 Heaton CT||Closter
1|Assist2Code Corporation|10 Huron Ave|2F|Jersey City
1|Kessler Ellis Products Co|10 Industrial Way East|STE 109|Eatontown
1|Solix Inc|10 Lanidex Plaza West||Parsippany
1|Para Engineers LLC|10 Lily Road||Edison
1|First Environment Inc|10 Park Place, Bldg. 1A.|Suite 504|Butler
1|Autellicom LLC|10 Rossmore Ter||Livingston
1|CLICK SOFT TECHNOLOGIES LLC|10 SETH PL||DAYTON
1|CLICK SOFT TECHNOLOGIES LLC|10 SETH PL.||DAYTON
1|Xogene Services Limited Liability Company|10 Sterling Blvd., Suite 301||Englewood
1|Coalescent Systems LLC|10 Stuyvesant Av||Lyndhurst
1|M2S Consulting LLC|10 William Feather Dr||Voorhees
1|Knack Systems LLC|10 Wodbridge Center Drive|Suite 425|Woodbridge
1|ASIUS LLC|100  FRANKLIN SQUARE DR|SUITE 471|SOMERSET
1|ASIUS LLC|100  FRANKLIN SQUARE DR  400|SUITE 471|SOMERSET
1|SIARP Technologies LLC|100  Powell Place|STE 1210|Nashville
1|ALTARE PUBLISHING INC|100 CAMPUS TOWN CIRCLE SUITE 103  2036||EWING
1|Wiss and Company, LLP|100 Campus Dr , Suite 400||Florham Park
1|Incedo Inc|100 Campus Driver, 4th Floor|Suite 420|Florham Park
1|Lemongrass Consulting US Inc|100 Campus Town Circle|Suite 103|Ewing
1|Samsung SDS America Inc|100 Challenger Road 6th Floor||Ridgefield Park
1|Samsung SDS America Inc|100 Challenger Road, 6th FL||Ridgefield Park
1|Sandoz Inc|100 College Road West||Princeton
1|Scherer Design Group LLC|100 Corporate Dr.|Suite 202|Lebanon
1|CARESOFT INC|100 DAVIDSON AVENUE|UNIT B15|SOMERSET
1|CLASSIC COMPUTERS CORPORATION|100 Davidson Ave|Ste 210|Somerset
1|PROCOM INC|100 FRANKLIN SQUARE DR  400|SUITE 471|SOMERSET
1|CLASSIC COMPUTERS CORPORATION|100 FRANKLIN SQUARE DR.|SUITE 207|SOMERSET
1|GEA Mechanical Equipment US Inc|100 Fairway Court||Northvale
1|Empower Professionals Inc|100 Franklin Square Dr,|Ste 104|Somerset
1|ICS Corporation|100 Friars Boulevard||West Deptford
1|LabQ Clinical Diagnostics|100 International Drive||Budd Lake
1|Ferring Pharmaceuticals Inc|100 Interpace Parkway||Parsippany
1|ATHREYA INC|100 JERSEY AVENUE|SUITE B 201|NEW BRUNSWICK
1|Prodes E&T Inc|100 Lakeview Dr|Ste 4C|Jamesburg
1|STG INC|100 MENLO PARK|SUITE 317|EDISON
1|ITAMERICA INC|100 METROPLEX DR SUITE 207||EDISON
1|Baanyan Software Services Inc,|100 METROPLEX DRIVE,|Suite 100|EDISON
1|HSC Acquisition LLC|100 Main St.||Gladstone
1|Vybes App Inc|100 Marshall Street|Suite 204|Hoboken
1|BAANYAN SOFTWARE SERVICES INC|100 Metoplex Drive|First Floor Suite 100|Edison
1|Baanyan Software Services Inc|100 Metroplex  Drive|Suite 100|Edison
1|TRIGYN TECHNOLOGIES INC|100 Metroplex Drive, Ste 301||Edison
1|Baanyan Software Services Inc|100 Metroplex Drive, Suite 100||Edison
1|Miles Technologies|100 Mount Holly Bypass||Lumberton
1|AMARTAM SOLUTIONS LLC|100 OVERLOOK CTR|FL 2|PRINCETON
1|CURIO DIGITAL THERAPEUTICS INC|100 OVERLOOK DR|SECOND FLOOR|PRINCETON
1|BEM SYSTEMS INC|100 PASSAIC AVENUE||CHATHAM
1|Guven Partners LLC|100 Park Avenue|Unit 3|Hoboken
1|EliteUS Software Solutions LLC|100 Plainfield Ave|STE 7|Edison
1|Emgenex Inc|100 Princeton South Corp Ctr.,|Suite 100|Ewing
1|Analytical Wizards Inc|100 S Wood Ave  Suite   208||Iselin
1|Adroit Associates Inc|100 S. Wood Avenue|Suite 108|Iselin
1|Oracle Financial Services Software Inc|100 Somerset Corporate Blvd., 2nd Floor||Bridgewater
1|Oracle Financial Services Software Inc|100 Somerset Corporate Blvd., Suite 300||Bridgewater
1|Porzio Life Sciences LLC|100 Southgate Parkway, Suite 101||Morristown
1|Swaratech Inc|100 State St|329|Hackensack
1|KCLOUD LLC|100 VAIL ROAD||PARSIPPANY
1|Optessa USA Inc|100 Village Court|Suite 301|Hazlet
1|Paragon Group USA LLC|100 W FOREST AVE|UNIT A TO C|ENGLEWOOD
1|Analytical Wizards Inc|100 Wood Ave S  Suite   208||Iselin
1|Redeemsoft LLC|100 Wood Ave S Suite|107|Iselin
1|Ora Apps Inc|100 Wood Ave South|Suite 115|Iselin
1|Analytical Wizards Inc|100 Wood Ave South  Suite   208||Iselin
1|Redeemsoft LLC|100 Wood Avenue|Suite 107|Iselin
1|MODULAR SOFTWARE CONSULTING LLC|1000 CRAWFOROAD PL.|SUITE 200|MOUNT LAUREL
1|Crux Digital Inc|1000 Crawford Place|Suite 180|Mount Laurel
1|Management Planning Inc|1000 Lenox Drive|Suite 300|Lawrenceville
1|NETLINE TECHNOLOGIES LLC|1000 ROUTE 9 N|SUITE 102|WOODBRIDGE
1|NETLINE TECHNOLOGIES LLC|1000 ROUTE 9 N.|SUITE 102|WOODBRIDGE
1|EUCLID ELEMENTZ INC|1000 ROUTE 9 NORTH|SUITE 303|WOODBRIDGE
1|EIA TECHNOLOGIES INC|1000 ROUTE 9N.|SUITE 102 A|WOODBRIDGE
1|TECHNIQORE SOLUTIONS INC|1000 RT 34, SUITE 305||MATAWAN
1|TetherView LLC|1000 Sanger Avenue|1st Floor|Oceanport
1|Kromatex LLC|1000 Taylors Lane|Unit 3|Cinnaminson
1|JOB 4 AMERICANS INC|1000 W Washington Avenue||Pleasantville
1|HSC Acquisition LLC|1000 Wyckoff Ave||Mahwah
1|Dynatech Systems Inc|10000 Lincoln Dr E|Suite 201|Marlton
1|Dynatech Systems Inc|10000 Lincoln Dr. E|Suite 201|Marlton
1|Exemplify BioPharma Inc|1002 Eastpark Boulevard||Cranbury
1|NAVI-SHORE TECHNOLOGIES LLC|1005, Rivendell Way||Edison
1|TekAllianz Corporation|1008 Route 34|Suite 6|Matawan
1|CBIZ Valuation Group LLC|1009 Lennox Drive|Suite 105|Lawrenceville
1|CBIZ Valuation Group LLC|1009 Lenox Drive|Suite 105|Lawrenceville
1|PENMARK GLOBAL GROUP INC|101 CLARIDGE CT.|SUITE 7|PRINCETON
1|Taiho Oncology Inc|101 Carnegie Center|Suite 101|Princeton
1|DATA DYNAMICS INC|101 Cedar Lane NJ||Teaneck
1|Nova Law Group LLC|101 Cedar Ln|Suite 304|Teaneck
1|Aplomb Technologies Inc|101 College Road East, 3rd Floor|Suite 301|Princeton
1|Vydia Inc|101 Crawfords Corner Road, Suite 4204||Holmdel
1|OPENTECHS US CORPORATION|101 Eisenhower Pkwy, Suite 300||Roseland
1|IT HUB INC|101 Farnsworth Ave|Suite 310|Bordentown
1|MERITEK INC|101 Grovers Mill Road|SUITE 101|Lawrenceville
1|MERITEK INC|101 Groves Mill Road|SUITE 101|Lawrenceville
1|Brendan W. Furlong, MVB, Equine Veterinarian, PA|101 Homestead Road||Oldwick
1|Z&X CPAs LLC|101 Hudson St. FL 21, STE 2100||Jersey City
1|TO THE NEW INC|101 Hudson Street  2100||Jersey City
1|PRINCETON ENGINEERING SERVICES, PC|101 MORGAN LANE, STE 205||PLAINSBORO
1|TECHMINDS GROUP LLC|101 MORGAN LANE, SUITE 210||PLAINSBORO
1|Accelerated Technologies Inc|101 Morgan  Lane|Suite 205|Plainsboro
1|Wizsolution LLC|101 Morgan Lane,  Suite 302||Plainsboro
1|SICL AMERICA INC|101 Route  130 S|SUITE 411|CINNAMINSON
1|SICL AMERICA|101 Route 130 S,|STE 411|Cinnaminson
1|SICL AMERICA|101 Route 130 S, STE   304& 411||Cinnaminson
1|SICL AMERICA|101 Route 130 S, STE  411||Cinnaminson
1|Quality Fruit Surveys Inc|101 S. King Street, Holt Terminal||Gloucester City
1|SICL AMERICA INC|101 US 130 S|SUITE 411|CINNAMINSON
1|SICL AMERICA INC|101 US 130S|SUITE 411|CINNAMINSON
1|Lantelme, Kurens & Associates, PC|101 West Street|Suite 9|Hillsdale
1|Lucosky Brookman LLP|101 Wood Ave South|5th Floor|Iselin
1|KMA Consulting Engineers Inc|1010 Berlin Road||Cherry Hill
1|COD Research USA Inc|1011 US Route 22||Bridgewater
1|Epsom Global Consulting LLC|102 Oakmont Dr||Moorestown
1|Archer & Greiner, P.C.|1025 Laurel Oak Road||Voorhees
1|IH ENGINEERS, P.C|103 COLLEGE ROAD EAST, 1ST FLOOR||PRINCETON
1|Galaxy International Group LLC|103 Carnegie Center STE 300||Princeton
1|Siaraa Technologies Inc|103 College Road E||Princeton
1|Siaraa Technologies Inc|103 College Road E Level 1||Princeton
1|WeatherWorks Consulting Meteorologists LLC|103 Mountain Ct||Hackettstown
1|HomeWise Inc|103 Route 70 East|Suite 2|Marlton
1|VANTEZ SYSTEMS INC|1030 Stelton Road|Suite 202|Piscataway
1|Protech Info Solutions Inc|1030 Stelton Road, Ste  204||Piscataway
1|EXCELL INTERNATIONAL GROUP INC|1031 ROUTE 22|SUITE 302|BRIDGEWATER
1|SPI Cloud Systems LLC|1031 U.S. Highway 22|Suite 103|Bridgewater
1|Inventiv Matrix Inc|1031 US 22|Suite 304|Bridgewater
1|Dataplus Pharma Services Inc|1031 US Highway 22|Suite 103|Bridgewater
1|eRay Technologies LLC|1031 US Route 22, Suite 105||Bridgewater
1|Silicon Hills Info Solutions LLC|1031 US-22|Suite 306|Bridgewater Township
1|Solaris Pharma|1031G Route 202/206|Bldg. G, Suite 200|Bridgewater,  NJ
1|Solaris Pharma|1031G Route 202/206 South||Bridgewater,  NJ
1|Sills, Cummis & Gross, P.C.|1037 Raymond Blvd||Newark
1|AMG TECHNOLOGY|103B, 12 Lincoln Blvd.,||Emerson
1|Softcom Systems Inc|104 Tamarack Circle||Skillman
1|BeaconFire Staffing Solutions Inc|104 Windsor Center Dr|Suite 400|East Windsor
1|Shuttleworth Law P.C.|1040 Mantua Pike||Wenonah
1|Design Display Group LLC|105 Amor Avenue||Carlstadt
1|Sunrise Systems Inc|105 Fieldcrest Avenue|Suite 504|Edison
1|Akoya Solutions LLC|105 W Elmwood Drive||South Plainfield
1|OAK LEAF ENGINEERING CORP.|1050 Wall St. W. Ste 203 Lyndhurst, New Jersey 07071|Suite 203|Lyndhurst
1|Arco Engineering PC|1050 Wall Street West|Suite 645|Lyndhurst
1|TIGER ADVISORY ASSOCIATES LLC|1055 Parsippany BLVD|Suite 303|Parsippany
1|Itsmello Inc|106 Christie||Edison
1|SHP ARCHITECTS LLC|1061 SLOCUM AVENUE|2ND FL|RIDGEFIELD
1|Gozel Law Firm PC|1066 Clifton Ave|Ste 201|Clifton
1|APLLET LLC|107 AUTH AVENUE||ISELIN
1|CYGNET TECHNOLOGIES INC|107 CEDAR GROVE LN|SUITE 103H|SOMERSET
1|TRN SYSTEMS INC|107 FAIRWAY TERRACE||MOUNT LAUREL
1|Zeta Analytics|107 Fairway Ter||Mount Laurel
1|NJ NY METRO AREA TAX & ACCOUNTING SERVICES INC|1070 CLIFTON AVENUE|SUITE 2|CLIFTON
1|Symbastech Corp|1075 Easton Ave|Tower 2, Std 6|Somerset
1|COMPTECH ASSOCIATES INC|1075 Easton Ave, Tower 1|Suite 4|Somerset
1|Menzo Technologies Corp|1075 Easton Avenue Tower  2|Suite 8D|Somerset
1|TruMinds Technologies Inc|1075 Easton Avenue Tower 3|Suite 2|Somerset
1|Menzo Technologies Corp|1075 Easton Avenue, Tower 2|Suite No 8D|Somerset
1|TruMinds Technologies Inc|1075 Easton Avenue, Tower 3|Suite 2|Somerset
1|Attunesys LLC|108 Cardinal Court||North Brunswick
1|INTEGRATION INTERNATIONAL INC|1081 PARSIPPANY BLVD|SUITE 101|PARSIPANNY
1|WRG Engineering, P.C.|1086 Teaneck Road|Suite 4F|Teaneck
1|Tega Design LLC|1087 Smith Manor Boulevard||West Orange
1|DIAMONDPICK INC|109 BLOOMFIELD AVENUE||ISELIN
1|IT IDEOLOGY LLC|109 SOUTH MAIN STREET|SUITE 16|CRANBURY
1|LOGIXtech Solutions LLC|1090 KINGS GEORGES POST ROAD|SUITE 1201|EDISON
1|TSR Consulting Services Inc|1090 King Georges Post Road|Suite 1201|Edison
1|TEKPLANT INC|1092 STELTON ROAD||PISCATAWAY
1|THE KOENIG GROUP LLC|1093 RAITAN ROAD|SUITE 2|CLARK
1|Wang Technology LLC|1095 Cranbury South River Road|Suite 2|Jamesburg
1|Mindlance Inc|1095 Morris Avenue.|Suite 101A|Union
1|TADCO Engineering and Environmental Services LLC|1099 Wall Street West|Suite 275|Lyndhurst
1|Gravity5. LLC|11 Boulder Brook Court||Belle Mead
1|ENIAC SYSTEMS INC|11 Bridge St|Building C|Metuchen
1|SILVER OAK TECHNOLOGIES LLC|11 DRUM HILL DRIVE||SUMMIT
1|Silver Oak Technologies LLC|11 Drum Hill Dr||Summit
1|Silver Oak Technologies LLC|11 Drum Hill Dr.||Summit
1|Advaita Technology Corporation|11 Kay Ct||Monroe
1|SCube Infotech Inc|11 May Road||East Brunswick
1|Millennium Communications Group Inc|11 Melanie Lane, Unit 13||East Hanover
1|SOFTONE TECHNOLOGIES LLC|11 SKILLMAN AVENUE||JERSEY CITY
1|Sairav Consulting Inc|11 Scenic Way||Monroe Township
1|IndopolTech LLC|11 Sherbone Place,||Sayreville
1|Project Control Associates Inc|11 South Street||Morristown
1|Duality Technologies Inc|11 Warren Street||Newark
1|VALIANCE PARTNERS LLC|110 ALLEN ROAD, SUITE 402||BASKING RIDGE
1|KWC PARTNERS, LLP|110 CHARLOTTE PLACE|THIRD FLOOR|ENGLEWOOD CLIFFS
1|Emergency Medicine Business Intelligence Inc|110 Cornelia Street, Suite 2A|(Mailing address PO Box 47, Parsippany, NJ 07054)|Boonton
1|Navtech Solutions Inc|110 Fieldcrest Ave 3rd floor||Edison
1|SITA CORP.|110 JARED DRIVE||NORTH BRUNSWICK
1|DATA DYNAMICS INC|110 Pleasant Ave||Upper Saddle River
1|GEM & LAB LLC|110 Prospect Ave||Dumont
1|Bett-A-Way Administrative Services LLC|110 Sylvania Place||South Plainfield
1|APN CONSULTING INC|1100 CORNWALL ROAD, SUITE 205||MONMOUTH JUNCTION
1|Integra LifeSciences Corporation|1100 Campus Road||Princeton
1|United Business Solutions Inc|1100 Cornwall Road.|SUITE 100|Monmouth Junction
1|TWO95 INTERNATIONAL|1101 N. KINGS HIGHWAY, SUITE 200||CHERRY HILL
1|Insight Hospitality Inc|1104 Nelson Place||Piscataway
1|eConvergence Inc|1105 Cottonwood Ct|N/A|North Brunswick
1|LG CNS America Inc|111  Sylvan Avenue South Building L2||Englewood Cliffs
1|APCER Life Sciences Inc|111  Town Square Place|STE 860|Jersey City
1|Komar-Jets LLC|111 Charles A. Linbergh Dive|Suite 52|Teterboro
1|K Logistics Corp.|111 Charlotte Pl|Suite 306|Englewood Cliffs
1|DEREX TECHNOLOGIES INC|111 FRANK E RODGERS BLVD. S.|SUITE 306|HARRISON
1|DEREX TECHNOLOGIES INC|111 FRANK E. RODGERS BLVD. S.|SUITE 306|HARRISON
1|East West Systems Inc|111 Howard Blvd., Suite  101||Mount Arlington
1|East West Systems Inc|111 Howard Boulevard, Suite 101||Mount Arlington
1|Frontall USA LLC|111 Jefferson Ave||Elizabeth
1|Epion Health Inc|111 River St.|STE 1230|Hoboken
1|DEREX TECHNOLOGIES INC|111 S FRANK E RODGERS BLVD.|SUITE 306|HARRISON
1|DEREX TECHNOLOGIES INC|111 S FRANK E. RODGERS BLVD.|SUITE 306|HARRISON
1|DEREX TECHNOLOGIES INC|111 S. FRANK E. RODGERS BLVD.|SUITE 306|HARRISON
1|GIIR AMERICA INC|111 SYLVAN AVE, SOUTH BLDG|3RD FL|ENGLEWOOD CLIFFS
1|GIIR AMERICA INC|111 SYLVAN AVENUE, SOUTH BLDG|2ND FLOOR|ENGLEWOOD CLIFFS
1|GIIR America Inc|111 Sylvan Avenue 2nd Fl South Building||Englewood Cliffs
1|GIIR America Inc|111 Sylvan Avenue 2nd Floor South Building||Englewood Cliffs
1|GIIR America Inc|111 Sylvan Avenue L3||Englewood Cliffs
1|Financial Sciences Corporation|111 Town Square Place - Suite 1224|Newport Financial Center|Jersey City
1|KEANE SOFT INC|111 Union Valley Road|Suite 206|Monroe Township
1|New Jersey Laboratories|1110 Somerset Street||New Brunswick
1|Pythus Technologies LLC|1111 Jamie Brooks Lane||West Windsor
1|Elements Connect LLC|1111 MacArthur Blvd||Mahwah
1|NYCG.COM INC|1125 Garden St||Hoboken
1|Samrajya Services LLC|113 Preservation Blvd||Chesterfield
1|HUNTINGRIDGE SOLUTIONS LLC|1130 US 46|SUITE 12|PARSIPPANY
1|Huntingridge Solutions LLC|1130 US HIGHWAY 46|Suite 12|Parsippany
1|Manders Merighi Portadin Farrell Architects LLC|1138 East Chestnut Ave|4|Vineland
1|SIMPLESOLVE INC|114 TITUS MILL ROAD|BUILDING A, UNIT 101|PENNINGTON
1|Micro Strategies Inc|1140 Parsippany Blvd||Parsippany
1|Aadhick Solutions Inc|1140 Stelton Road|Suite 204|Piscataway
1|Silver Touch Technologies Inc|1149 Green Street||Iselin
1|GENEWIZ LLC|115 Corporate Blvd.||South Plainfield
1|Galleros Robinson CPAs LLP|115 Davis Station Road||Cream Ridge
1|LEGAL SCALE LLP|115 Garden Street|Suite 3B|Hoboken
1|INGENWORKS LLC|115 N GOLD DRIVE|SUITE 201|ROBBINSVILLE
1|Mangrove AI Inc|115 PHILADELPHIA AVE||EGG HARBOR CITY
1|Universal Accounting Software Inc|115 River Road|Suite 157|Edgewater
1|Structural Workshop LLC|115 Route 46|Suite C23|Mountain Lakes
1|Structural Workshop LLC|115 Route 46, Suite C3, Mountain Lakes, NJ 07046|250 Matthews Drive|Newark
1|Piazza Consulting Group LLC|115 W Century Road|Suite 115|Paramus
1|NUVOLO TECHNOLOGIES CORPORATION|115 W. CENTURY ROAD|SUITE 380|PARAMUS
1|SCMiND CONSULTING LLC|116  VILLAGE BOULEVAROAD||PRINCETON
1|Hypinx Consulting LLC|116 Bedford Ave||Iselin
1|DATASYS CONSULTING & SOFTWARE INC|116 VILLAGE BOULEVAROAD|SUITE 240|PRINCETON
1|RUBICON IT SOLUTIONS LLC|116 VILLAGE ROAD|SUITE 200|PRINCETON
1|Eish Technologies Inc|116 Village Blvd, Suite 200||Princeton
1|Hecta Data LLC|116 Village Blvd., Suite 200||Princeton
1|Aroopa Inc|116 Village Boulevard,|Ste 200|Princeton
1|NNIT Inc|116 Village Boulevard, Suite 200-61||Princeton
1|Avance Technology Services Inc|1170 Rt 22|Suite 301|Bridgewater
1|AVANCE TECHNOLOGY SERVICES INC|1170 Rt 22 Bridgewater|Suite 301|somerset
1|Prodware Solutions LLC|1170 US 22|Suite 103|Bridgwater
1|NJS ASSOCIATES COMPANY|1170 US HIGHWAY 22,  SUITE 209||BRIDGEWATER
1|NJS ASSOCIATES COMPANY|1170 US HIGHWAY 22, SUITE 209||BRIDGEWATER
1|URL SYSTEMS INC|1170 US Highway 22 E|Suite 100|Bridgewater
1|MML Consulting LLC|1170 US Hwy 22|Suite 307|Bridgewater
1|Oncorre Inc|1170 US Hwy 22 East, Suite 307|N/A|Bridgewater
1|Ksqure LLC|1180 MAIN ST|81|RIVER EDGE
1|INFORMATION TECHNOLOGY AND MANAGEMENT CONSULTING INC|1181 NEW ROAD|SUITE 304|PARSIPPANY
1|Perry Systems Inc|119 North Livingston Avenue||Livingston
1|Discovery Semiconductors Inc|119 Silvia Street||Ewing
1|GSN Consulting Services LLC|1190 Green St|N/A|Iselin
1|RAMPS INTERNATIONAL INC|1199 AMBOY AVE|SUITE 2F|EDISON
1|MEGATRENDZ MEDIA USA INC|1199 AMBOY AVENUE|SUITE 2H|EDISON
1|Cloudsistems.com LLC|12 Bird Ave||Iselin
1|STAR CYBER SECURITY TECHNOLOGIES LLC|12 English Ave||ELMWOOD PARK
1|Panorama Consulting and Engineering Inc|12 Hazelwood Court||Warren
1|Panorama Consulting and Engineering Inc|12 Hazelwood Ct||Warren
1|Haverly Systems Inc|12 Hinchman Ave|P.O. Box 1110|Denville
1|The Morris Project|12 Hudson Place|Suite 102|Hoboken
1|Cogent Solutions Inc|12 Jasmine Drive||Monroe
1|Bitemetric Inc|12 KNIGHTS BRIDGE DR||RANDOLPH
1|AMG TECHNOLOGY|12 Lincoln Blvd|103b|Emerson
1|QUANTGEN TECHNOLOGIES INC|12 MAGNOLIA COURT||MONMOUTH JUNCTION
1|INFINITY TECH GROUP INC|12 N ROUTE 17|SUITE 201|PARAMUS
1|TreadStone Technologies Inc|12 Perrine Road|Suite 107|Monmouth Junction
1|FIRST TIER TECHNOLOGY LLC|12 ROSZEL ROAD, SUITE B101||PRINCETON
1|ITC INFOTECH (USA) INC|12 ROUTE 17 NORTH|SUITE 303|PARAMUS
1|IAQ Systems Inc|12 Reinman Road||Warren
1|Fortune Advanced Technologies LLC|12 Roszel Road STE C103||Princeton
1|NOVASOFT USA INC|12 WOLFE DR||HILLSBOROUGH
1|Dataalpha AI Inc|120 Greenwood Dr||Millburn
1|Kennedys CMK LLP|120 Mountainview Blvd||Basking Ridge
1|SHOOLIN INC|120 S WOOD AVENUE|SUITE 611|ISELIN
1|Shoolin Inc|120 S. Wood Avenue|611|Iselin
1|HDM Tax Group Inc|120 State Street|2nd Floor|Hackensack
1|Mercom Inc|120 Striker Lane|Apt. 403A|Hillsborough
1|Softcom Systems Inc|120 Tamarack Circle||Skillman
1|Shoolin Inc|120 Wood Aenue|611|Iselin
1|Shoolin Inc|120 Wood Avenue|611|Iselin
1|Shoolin Inc|120 Woods Aenue S|Suite 611|Iselin
1|ZAASS LLC|120-122 WEST 35TH STREET||BAYONNE
1|Narravance Inc|1200 Harbor Blvd|Floor 10|Weehawken
1|HIGH 5 GAMES LLC|1200 MacArthur Boulevard||MAHWAH
1|International Business Solutions, Ltd|1200 ROUTE 22 E|SUITE 2000|BRIDGEWATER
1|eRay Technologies LLC|1200 Route 22|Suite 2000|Bridgewater,
1|New Datatech LLC|1200 Route 22 East Suite 2000||Bridgewater
1|Benecard Services Inc|1200 Rt 46 W||Clifton
1|CyberMed Health Inc|1200 Tices Ln|Suite 104|East Brunswick
1|IBASE CONSULTING OF FAIRFIELD COUNTY LLC|1200 US Route 22|Suite 12|Bridgewater
1|Stafford Communications Group Inc|121 Chanlon Road, Suite  G4||New Providence
1|Universal Business Consulting Inc|121 Commons Way||Princeton
1|Keller Engineers of New Jersey LLC|121 Market Street||Camden
1|JOB 4 AMERICANS INC|121 S MAIN STREET||PLEASANTVILLE
1|UNITED PHARMA TECHNOLOGIES INC|121 Wood Avenue South|SUITE 406|Iselin
1|BRIDGE INTELLIGENCE LLC|1215 LIVINGSTON AVE, SUITE 308||NORTH BRUNSWICK
1|Area Engineering Inc|1215 Livingston Avenue|Suite 303|North Brunswick
1|Hero Construction LLC|122 Main Street||West Orange
1|ZAASS LLC|122 WEST 35TH||BAYONNE
1|XWAY SOLUTIONS LLC|1226 S 2nd Street||Camden
1|METASENSE INC|1233 HADDONFIELD BERLIN ROAD|SUITE 8|VOORHEES
1|Metasense Inc|1233 Haddonfield-Berlin Road|Suite 8|Voorhees
1|Futran Solutions Inc|1235 US highway 1 South|Suite 2100|Edison
1|VETERINARY SERVICES OF NJ PC|1237 BLOOMFIELD AVE||FAIRFIELD
1|BUSINESS DATA MANAGEMENT LLC|1239 US-130|Suite 201|Robbinsville
1|Consultina Corporation|124 Fiat Ave||Iselin
1|White Globe LLC|124 Little Falls ROAD, SUITE 205||FAIRFIELD
1|Canyons Structural Inc|1245 E Brickyard Road|Suite 200|Salt Lake City
1|ARC FINANCIAL SOLUTIONS LLC|1245 WHITEHORSE-MERCERVILLE ROAD|STE 409|TRENTON
1|ICH Consulting Inc|1245 Whitehorse Mercerville Road|Suite 423|Hamilton Township
1|EG&R ENGINEERING PC|1249 SOUTH RIVER ROAD, SUITE 111||Cranbury
1|People Tech Group Inc|125  Village Boulevard|Suite 308|Plainsboro
1|YOY Technologies LLC|125 Essex Ave E|Apt 310|Avenel
1|Astrix Software Technology Inc|125 Half Mile Road, Ste. 200||Red Bank
1|ProcessQ Inc|125 Independence Way|Suite 300|Princeton
1|LMW Engineering Group LLC|125 Lexington Ave||Linden
1|LMW Engineering Group LLC|125 Lexington Avenue||Linden
1|P9 LLC|125 River Road|Suite 203|Edgewater
1|Ready Warehousing & Logistics LLC|125 Seaview  Drive||Secaucus
1|CYGNET INFOTECH LLC|125 VILLAGE BOULEVAROAD|SUITE 315|PRINCETON
1|GLOBAL RESOURCE MANAGEMENT INC|125 Village Blvd , suite 270||Princeton
1|Real Soft Inc|125 Village Blvd, Suite 200||Princeton
1|Data Glove Inc|125 Village Blvd, Suite 270||Princeton
1|Cygnet Infotech LLC|125 Village Boulevard|Suite 315|Princeton
1|LARKEN ASSOCIATES LP|1250 NJ-28|SUITE 101|BRANCHBURG
1|RR SOLUTIONS LLC|1259 ROUTE 46|BLDG 2, SUITE 258|PARSIPPANY
1|RR Solutions Inc|1259 ROUTE 46 BLDG 2||PARSIPPANY
1|Admera Health LLC|126 Corporate Blvd.||South Plainfield
1|EyeBiotech Inc|126 E. Lincoln Ave|RY33 230B|Rahway
1|Merck Sharp & Dohme LLC|126 East Lincoln Ave||Rahway
1|Merck Sharp & Dohme LLC|126 East Lincoln Avenue, P.O. Box 2000||Rahway
1|Emonics LLC|1260 Centennial Ave|Suite 1A|Piscataway
1|Emonics LLC|1260 Centennial Ave 1A||Piscataway
1|EP Design Services LLC|1260 Stelton Road||Piscataway
1|PUNHANI LAW FIRM LLC|1279 ROUTE 46|BUILDING C, SUITE 202|PARSIPPANY
1|PUNHANI LAW FIRM LLC|1279 ROUTE 46 EAST|BUILDING C, SUITE 202|PARSIPPANY
1|Tranz Business Center Group of Companies LLC|127B Baldwin St||New Brunswick
1|RR SOLUTIONS LLC|1280 ROUTE 46|SUITE 8|PARSIPPANY
1|Kim Intellectual Property Law Group|129 W Evesham Road||Voorhees
1|TEKFORTUNE INC|1297 CENTENNIAL AVENUE|SUITE 5 300|PISCATAWAY
1|HEXACORP LLC|13 CLYDE ROAD|SUITE 201|SOMERSET
1|NBS Consult Inc|13 Lakeside dr N|Suite 101|Piscataway
1|Laser District LLC|13 Lambiance Court||Highland Park
1|Nivid Systems LLC|13 Liberty Way||MONROE TOWNSHIP
1|Finspirit Inc|13 Lovell Drive||Plainsboro
1|futureproofAI Inc|13 Norfolk Ave||Maplewood
1|futureproofAI Inc|13 Norfolk Avenue||Maplewood
1|FORTUNATO ARCHITECTURE|13 TAMARACK CIRCLE||SKILLMAN
1|GETIDA LLC|13-45 Queen Anne Road||Teaneck
1|MindQ Inc|1306 Cheryl Drive||Iselin
1|EPROSOFT AMERICA INC|1307 WHITE HORSE ROAD|BUILDING F, SUITE 602|VOORHEES
1|Eprosoft America Inc|1307 White Horse Road Building F|Suite 602|Voorhees
1|A1 Associates LLC|1309 Charleston Dr,||Monroe,
1|Global Glass Equipment Engineering Company Inc|131 2nd Road||Hammonton
1|Co-Existential Architecture Lab LLC|131 Continental Dr|Suite 305|Newark
1|ARCH INTERNATIONAL GROUP INC|131 GAITHER DRIVE|SUITE H|MOUNT LAUREL
1|Brighton Beach Group LLC|131 Oak Street||Weehawken
1|Agnezar Life Sciences LLC|131 S Main St,||Hightstown,
1|NRIT Software Solutions LLC|1340 Hwy 36|20|Hazlet
1|S44 LLC|135 Chestnut Ridge Road|Suite 1100|Montvale
1|Kyowa Kirin Inc|135 Route 202/206, Suite 6||Bedminster
1|AMCS CORPORATION|135 US HIGHWAY 202-206|SUITE 12|BEDMINSTER
1|SDG Consulting US Inc|135 US Highway 202 206|Suite 1|Bedminster
1|SDG Consulting US Inc|135 US Highway 202/206|Suite 1|Bedminster
1|Ramco Systems Corporation|136 Main Street (Forrestal Village)|Suite 305|Princeton
1|Blazneize IT Consulting Inc|136 Whitehead Avenue||Sayreville
1|Enfotech & Consulting Inc|1368 How Lane||North Brunswick
1|Nostrum Pharmaceuticals LLC|1370 Hamilton Street||Somerset
1|Conductv Brands LLC|138 Fairfield Road||Fairfield
1|CLOUD SECURITY ENABLERS INC|138 LINDA LANE||EDISON
1|Sparc Networks Corporation|1381 Route 1 South||Edison
1|MEGHA INFO LLC|14 BRECKENRIDGE CT.||BELLE MEAD
1|Greymatter Innovationz LLC|14 Belleview Ter.||Princeton
1|SKAPS Solutions Inc|14 FABER ROAD|STE110|PRINCETON
1|SKAPS Solutions Inc|14 Faber Road,  Suite   110||Princeton
1|CAT TECHNOLOGY INC|14 INDUSTRIAL AVENUE|SUITE 3|MAHWAH
1|DATAX SYSTEMS LLC|14 L AMOUR CT||DAYTON
1|TECH SMART SOLUTIONS LLC|14 LEWIS AVE,   1||JERSEY CITY
1|Renewable Energy Brokerage & Advisory LLC|14 Nassau Street||Princeton
1|Tomorrow Agency LLC|14 Stockton Lake Blvd||Manasquan
1|ASSOCIATES SYSTEMS LLC|14 Wall St||Princeton
1|Pintegra LLC|140 E Ridgewood|Suite 415 South Tower|Paramus
1|PINTEGRA LLC|140 E Ridgewood Ave Suite 415||Paramus
1|Raare Solutions LLC|140 East Ridgewood Ave|Suite 415 South Tower|Paramus
1|Metis Software Solutions LLC|140 Ethel Road W|STE Unite R|Piscataway
1|KeRi Engineering PC|140 Mountain Ave|Ste 303|Springfield
1|Nettlinx Inc|1400 Kennedy Blvd|STE 1|Union City
1|NETTLINX INC|1400 Kennedy Boulevard||Union City
1|APPEX SYSTEMS INC|1404 OAK TREE ROAD|STE 213|ISELIN
1|COMPREHENSIVE RESOURCES INC|1405 RT 18|SUITE 207|OLD BRIDGE
1|COMPREHENSIVE RESOURCES INC|1405 RT.  18|SUITE 207|OLD BRIDGE
1|COMPREHENSIVE RESOURCES INC|1405 RT. 18|SUITE 207|OLD BRIDGE
1|PIntegra LLC|140E. Ridgewood Avenue suite 415||Paramas
1|emaestro Technologies Inc|141 New  Road|suite 208|parsippany
1|eMaestro Technologies Inc|141 New Road, suite 208||parsippany
1|eMaestro Technologies Inc|141 New Rod|suite 208|parsippany
1|Sparc Technology Services Inc,|1421 Sierra Drive||Hamilton
1|MARCHETTO HIGGINS STIEVE, PC|1422 GRAND ST||HOBOKEN
1|TF Cusanelli Architects P.C.|143 TERRACE ST||HAWORTH
1|Division 10 Inc|144 Lexington Ave||Hackensack
1|C&L Global Inc|145 Commerce ROAD||Carlstadt
1|C&L Global Inc|145 Commerce Roads||Carlstadt
1|Allport Cargo Services USA Inc|1455 Broad Street, Ste. 410||Bloomfield
1|SUNWISE SOLUTIONS INC|146 TAMARACK CIRCLE|N/A|SKILLMAN
1|Consulting & Municipal Engineers LLP|1460 Route 9 South||Howell
1|BRIDGE TECHNOLOGIES LLC|148 East 5th St||Bayonne
1|APICORE LLC|148 PRINCETON HIGHTSTOWN ROAD||EAST WINDSOR
1|CONTECH SYSTEMS INC|1480 ROUTE 9, SUITE 206||Woodbridge
1|PH Business Office Inc|1480 US 9 N|Suite 203|Woodbridge
1|3EDGEUSA GROUP LLC|15  CORPORATE PLACE SOUTH|444|PISCATAWAY
1|Arcsine Analytics LLC|15 Amira Lane||Kinnelon
1|3EDGEUSAINCCOM|15 CORPORATE LACE SOUTH  444||PISCATAWAY
1|REALTECH SERVICES LLC|15 CORPORATE PL. S|SUITE 145|PISCATAWAY
1|INTELLYK INC|15 CORPORATE PLACE S, SUITE 450||PISCATAWAY
1|CRAVE INFOTECH LLC|15 CORPORATE PLACE SOUTH  104||PISCATAWAY
1|CRAVE INFOTECH LLC|15 CORPORATE PLACE SOUTH 104||PISCATAWAY
1|OPTIKS SOLUTIONS INC|15 CORPORATE PLACE SOUTH, SUITE 105||PISCATAWAY
1|IQUBETECHNOLOGIES INC|15 CORPORATE PLS|SUITE 353|PISCATAWAY TOWNSHIP
1|Saiana Technologies Inc|15 Corporate Pl S,  333A,||Piscataway
1|Intellyk Inc|15 Corporate Pl S, Suite  450||Piscataway
1|The Rapids Group Inc|15 Corporate Pl S, Suite 419B||Piscataway
1|Vakula Technologies Inc|15 Corporate Place S.,|Suite 333B|Piscataway
1|HSK Technologies Inc|15 Corporate Place South , Suite 213B||Piscataway
1|HSK Technologies Inc|15 Corporate Place South, 213B||Piscataway
1|3EDGEUSA GROUP LLC|15 Corporate Place South, Suite   444||Piscataway
1|Element Technologies Inc|15 Corporate Place South, Suite 209||Piscataway
1|Seva Engineering Services LLC|15 Corporate Place South, Suite 352||Piscataway
1|Alpha Clinical Systems Inc|15 Corporate Place South, Suite 420|Suite 420|PISCATAWAY
1|Primesoft Inc|15 Corporate Place, South|Suite 416|Piscataway
1|Alpha Clinical Systems Inc|15 Corporate Place, South, Suite 420||Piscataway
1|Primesoft Inc|15 Corporate place South, Suite 416||Piscataway
1|Creative Management Services LLC dba MC2|15 East Midland Avenue|Suite 2B|Paramus
1|Bachi.Tech Corporation|15 Exchange Pl|STE 1110|Jersey City
1|Eurus Solutions Corp|15 Parrott Mill Road, Suite 101||Chatham
1|Iris Soft Solutions Corporation|15 Red Shaw Blvd.,||OldBridge
1|Iris Soft Solutions Corporation|15 Redshaw Blvd.,||OldBridge
1|TROOPER SOLUTIONS INC|15 SHEFFIELD COURT||NORTH BRUNSWICK
1|Indus Group Inc|15 Warren Street, Suite 31|N/A|Hackensack
1|HSK Technologies Inc|15 corporate Place South Sutie 213b||Piscataway
1|Indegene Inc|150 College Road W.|Suite 104|Princeton
1|Freyr Inc|150 College Road. West|Ste 102|Princeton
1|Prince street productions|150 East 34th Street|806|Ewing Township
1|Bon Opus Biosciences LLC|150 Essex Street|Suite 301|Millburn
1|Devpocket LLC|150 Hickory Ave||Tenafly
1|Myriad360 LLC|150 Mid Atlantic Parkway||West Deptford
1|ITCaps LLC|150 River Road,|Unit J3A|Montville
1|Pinnacle Solutions Incorporated|150 River Road, Bldg. O-4||Montville
1|emeteors Technology Inc|150 River Road, G3B||Montville
1|Hi-Tech Health LLC|1500 Route 517|Suite 200|Hackettstown
1|Oil Technologies Services Inc|1501 Grandview Avenue||West Deptford
1|APPLIED DYNAMIC SOLUTIONS LLC|1501 MAIN STREET||RAHWAY
1|Tecneto Inc|1504 Timber Oaks Road||Edison
1|Betancourt, Greco & Evans LLC|151 Bodman Place|Suite 200|Red Bank
1|Modern Design Center Inc|1517 Haddonfield-Berlin Road||Cherry Hill
1|SOURCING TALENT LLC|1524 GREENWOOD DRIVE||PISCATAWAY
1|PATEL CONSULTANTS CORPORATION|1525 MORRIS AVENUE||UNION
1|Envocare Environmental and Facility Management LLC|1527 Route 27, Suite 105||Somerset
1|SYSSOL INC|154 STELTON ROAD|SUITE 3|PISCATAWAY
1|Voto Consulting LLC|1549 Finnegan Lane|2nd Floor, Suite B|North Brunswick
1|ADVANCED TECHNOLOGY CONSULTING SERVICE INC|155 CHESTNUT RIDGE ROAD|SUITE 108|MONTVALE
1|Alpine Ocean Seismic Survey Inc|155 Hudson Avenue||Norwood
1|Malesardi, Quackenbush, Swift & Company LLC|155 North Dean Street|Suite 5|Englewood
1|SEYITHAN LAW PC|155 PASSAIC AVE STE 410||Fairfield
1|CHO LAW LLC|155 Passaic Ave|Ste 300|Fairfield
1|CHO LAW LLC|155 Passaic Avenue|Ste 300|Fairfield
1|Character Biosciences Inc|155 Second St||Jersey City
1|LIFE RAFT GROUP INC|155 U.S. Highway 46|Suite 202|Wayne
1|Kani Solutions Inc|155 Village Boulevard|Suite 205|Princeton
1|MEGA DATA ANALYTICS LLC|155 WILLOWBROOK BLVD|STE 110|WAYNE
1|MEGA DATA ANALYTICS LLC|155 WILLOWBROOK BLVD.|SUITE 110|WAYNE
1|Alacriti Inc|1551 South Washington Ave|Suite 130|Piscataway
1|MU Health Inc|1553 NJ-27|STE 3700|Somerset
1|MU HealthIT INC|1553 NJ-27  3700||Somerset
1|Signin Soft Inc|1553 Route 27|Suite 1000|Somerset
1|EFFEXOFT INC|1553 STATE ROUTE 27,|SUITE 1100|SOMERSET
1|eConvergence Inc|1568 US HIGHWAY 130 Lake Farrington Plaza|N/A|North Brunswick
1|eConvergence Inc|1568 US Highway 130 Unit 2|N/A|North Brunswick
1|Aarmohi LLC|1577 Livingston Avenue||North Brunswick
1|Nirvana Enterprises LLC|1581 Route 27, Suite 107||Edison
1|JKC IT Solutions Inc|1581 Route-27|STE 103|Edison
1|TekInspire LLC|1581 Rt 27, Suite 101||Edison
1|Quadtree Technologies Inc|1585 Oak Tree Road|Unit 204|Iselin
1|TECH PUNDITS INC|1592 ROUTE 130|SUITE 310|NORTH BRUNSWICK
1|Rubik Systems LLC|16 Bridge St Bldg C||Metuchen
1|Northeast Energy Conservation Inc|16 CHAPIN ROAD|SUITE 910|PINE BROOK
1|YP Management Inc|16 Fieldstone Drive||Clinton
1|CBV Inspections LLC|16 Granite Lane||Carneys Point
1|MAYNIT CORPORATION|16 MERSHON LN.||PLAINSBORO
1|AEIS LLC|16 Monsey Road||Flemington
1|Embleema Inc|16 Pearl Street|Suite 110|Metuchen
1|Recombinator LLC|16 Wing Drive||Cedar Knolls
1|MOCAP NYC LLC|160 19TH ST||UNION CITY
1|MOCAP NYC LLC|160 19th Street||Union City
1|MDX MEDICAL INC DBA SAPPHIRE DIGITAL|160 CHUBB AVENUE|SUITE 301|LYNDHURST
1|S&N BUSINESS SERVICES INC|160 CORIELL AVENUE||FANWOOD
1|Emonics LLC|160 Centennial Ave 1A||Piscataway
1|Interlink Transport Technologies Inc|160 Mount Bethel Road||Warren
1|Hillmann Consulting LLC|1600 East Route 22|Ste 107|Union
1|Vijaya Solutions Inc|1600 Perrinville Road|Suite 2 107|Monroe Township
1|Hillmann Consulting LLC|1600 Route 22 E||Union
1|Hillmann Consulting LLC|1600 Route 22 E Union||Union
1|Hillmann Consulting LLC|1600 Route 22 East|Ste 107|Union
1|MASCOT SOFTWARES LLC|1600 US HIGHWAY 130|OFFICE 3|NORTH BRUNSWICK
1|SUSASH CONSULTING SERVICES LLC|1600 US HWY 130|SUITE 200|NORTH BRUNSWICK
1|RUDHRA INFO SOLUTIONS INC|1604 US HIGHWAY 130||NORTH BRUNSWICK
1|RUDHRA INFO SOLUTIONS INC|1604 US High Way 130||North Brunswick
1|TVS Next Inc|1604 US Hwy 130||North Brunswick
1|White Globe LLC|1605 JOHN ST, SUITE 200||FORT LEE
1|INVIZIBLE INC|1605 John Street|Suite 118|Fort Lee
1|STIRA PHARMACEUTICALS LLC|161 DWIGHT PLACE||FAIRFIELD
1|S GOVER CPA LLC|1628 OAK TREE ROAD|SUITE 7|EDISON
1|Ducont Systems Inc|163 Madison Ave|Suite 220  14|Morristown
1|Dreamrs Technology Inc|163 Shaw Ave||Irvington
1|Application Consulting Group Inc|1639 Route 10|Suite 107|Parsippany
1|Application Consulting Group Inc|1639 Route Ten East|107|Parsippany
1|A&J CONSULTING ENGINEERING SERVICES, P.C.|164 BRIGHTON ROAD||CLIFTON
1|PROFICIENT CONSULTING GROUP LLC|164 OLD BEEKMAN ROAD||MONMOUTH JUNCTION
1|Iskry Inc|165 Passaic Avenue|Suite 205|Fairfield
1|Core e-business Solutions LLC|165 Passaic Avenue, Suite 206||Fairfield
1|Logicgate Technologies Inc|166 Bunn Dr|Unit 106|Princeton
1|Logicgate Technologies Inc|166 Bunn Dr.|Suite 106|Princeton
1|Shah & Sokoloff LLC|166 Main Street|Suite 2|Lincoln Park
1|Prodware Solutions LLC|1661 Route 22 West|Suite 206|Bound Brook
1|Information Boulevard LLC|167 Memorial Lane||Mount Laurel
1|Ascon Soft Inc|1675 Whitehorse, Mercerville ROAD|Suite 208|Hamilton
1|Jconnect Infotech Inc|168 Barclay Center|Suite 347|Cherry Hill
1|ndVOR Solutions LLC|168 Franklin Corner Road, Bldg 2|Suite 230|Lawrenceville
1|Formosa Engineering Inc|168 US Highway 1||Edison
1|4Sight Supply Chain Group|1680 State Route 23|Suite 340|Wayne
1|MEGATRENDZ MEDIA USA INC|1681 STATE ROUTE 27|SUITE 3|EDISON
1|Edenbridge Pharmaceuticals LLC|169 Lackawanna Avenue|Suite 110|Parsippany
1|GLOBAL INFORMATION TECHNOLOGY INC|169 RAMAPO VALLEY ROAD|STE ML104|OAKLAND
1|Thinqloud Solutions Americas Inc|17 Aldrich Road||Kendall Park
1|SWARN INC|17 Arcadian Way|Suite 102|PARAMUS
1|American Structural Engineering LLC|17 Gloria Lane||Monroe
1|Algoworks Inc|17 S Franklin Turnpike|2 2|Ramsey
1|Synerzy Software Solutions Inc|17 S. Main Street||Marlboro
1|GMP Engineering Inc|17 Watchung Ave|Unit 202|Chatham
1|Chemisys Research Foundation|17-01 Pollitt Drive||Fair Lawn
1|Micron Systems Inc|17-17 Route 208 North||Fair Lawn
1|Flexible Architecture & Simplified Technology Inc|170 South Wood Avenue|Floor 4|Iselin
1|Fipsar Inc|170 TownshipLine Road,|Suite B2A,|Hillsborough
1|RCG Global Services Inc|170 Wood  Avenue South|4th Floor|Iselin
1|VERNUS TECHNOLOGIES INC|1700 OAK TREE ROAD|SUITE 5H|EDISON
1|Harvey Nash Inc|1700 Route 23 North|Suite 100|Wayne
1|Harvey Nash Inc|1700 Route 23N|Suite 100|Wayne
1|Saytek Inc|1711 Ginesi Dr, Suite 5||Freehold
1|Aloe Semiconductor Inc|1715 New Jersey 35|Suite 304|Middletown
1|TIMEBOX PRO LLC|1719 Route 10|Suite 300|Parsippany
1|Bluewave Technology Group LLC|1719 Route 10 E|Suite 313|Parsippanyu
1|FUTURE PROOF TEKNOLOGIES LLC|172 FOX HILL CT||LAKE HOPATCONG
1|CDC Group Inc|172 Glenridge Avenue|Z9|Montclair
1|NTEGRAL TECHNOLOGY SOLUTIONS INC|174 CARSON COURT||SOMERSET
1|Vignetic Inc|174 Nassau Street|Suite 107|Princeton
1|GRAYCELL INC|174 Parsonage Road||Edison
1|ASKINDOSYS Inc (S Corp)|174 Prospect Plains Road||Monroe TWP
1|Hydrotechnology Consultants Inc|174 Washington St|Suite 4E|Jersey City
1|LAURIA CRISCIONE NETWORKS INC|175 FAIRFIELD AVENUE|SUITE 2D|WEST CALDWELL
1|Bexon Clinical Consulting LLC|177 Union Street||Montclair
1|ARRIA NLG USA INC|1776 ON THE GREEN, 67 EAST PARK PLACE||MORRISTOWN
1|QCWORLDFRUIT LIMITED LIABILITY COMPANY|18 BROMELY DRIVE||SICKLERVILLE
1|TOMAR CONSTRUCTION SERVICES INC|18 CONNERTY COURT|SUITE B|EAST BRUNSWICK
1|Divit Technologies Inc|18 Coleridge Drive||Marlboro
1|Excelize Services Inc|18 Donlonton Circle||Chesterfield
1|IAQ Systems Inc|18 Geiger Lane||Warren
1|QUANTIG IBIZLLINE INC|18 HERITAGE DRIVE||HOWELL
1|Fortuna Tech Consulting Inc|18 Haypress Road|409|Cranbury
1|Unretire Group Inc|18 Hereford Drive||Princeton Junction
1|AustarPharma LLC|18 Mayfield Avenue||Edison
1|Dheeyo LLC|18 Monarch Path||Morganville
1|CYBER 1 ARMOR INC|18 Nostrand Road||Cranbury
1|Progressive Technologies Inc|18 Searing Avenue||East Newark
1|Criterion Software LLC|18 Stream Bank Dr||Freehold
1|Criterion Software LLC|18 Streambank Drive||FREEHOLD
1|Precision Management Group Inc|180 Mt. Airy Road|Suite 100|Basking Ridge
1|Maersk Warehousing & Distribution Services USA LLC|180 Park Avenue, Building 105||Florham Park
1|Environetics Group Architects, P.C.|180 Sylvan Avenue||Englewood Cliffs
1|Lemongrass Consulting US Inc|180 Talmadge Road, IGO Bldg|Stuite 798|Edison
1|Tvisha Technologies Inc|180 Talmadge Road, Unit  373||Edison
1|DataCloud Technologies LLC|1800 E State Street|GH10|Hamilton
1|Law Office Constantine Bardis|1800 Main Street|Law Suite|Belmar
1|Stonegate Technologies LLC|1808 Georgetown dr||Monroe
1|Prabhav Services Inc|181  New Road|Suite 304|Parsippany
1|Prabhav Services Inc|181 New Road,|Suite 304|Parsippany
1|MICROTURN SYSTEM INC|181 New Road, SUITE 304|SUITE 304|PARSIPPANY
1|Flaster Greenberg, P.C.|1810 Chapel Avenue West||Cherry Hill
1|Air Traffic Engineering Co LLC|1810 shore road||Northfield
1|Certitude Business Solutions LLC|1812 Front St||Scotch Plains
1|Certitude Business Solutions LLC|1812 Front Street||Scotch Plains
1|Certitude Business Solutions llc.,|1812 Front Street,||Scotch Plains,
1|Primetech Software Services LLC|1812 Raspberry Ct||Edison
1|SOFT 2001 INC|1816  SPRINGDALE ROAD|SUITE 7|CHERRY HILL
1|EXTENDIME SOFTWARE SOLUTIONS INC|1816 ENGLISHTOWN ROAD|SUITE 203 B|OLD BRIDGE
1|SOFT 2001 INC|1816 SPRINGDALE ROAD,|SUITE 7|CHERRY HILL
1|NEAROBJECTS INC|1818 Old Cuthbert Road|Suite 311|Cherry Hill
1|Navikenz INC|182 Nassau St|Suite 301|Princeton
1|Global IDs|182 Nassau Street|Ste 202|Princeton
1|PEAK TECH SOLUTIONS LLC|185 Bridge Plaza N|Suite 300|FORT LEE
1|CDG Architects LLC|185 Bridge Plaza North|Suite 205|Fort Lee
1|CDG Architects LLC|185 Bridge Plaza North, Suite 205||Fort Lee
1|SID Computer Group|185 Hudson St., Harborside 5|Ste 1440|Jersey City
1|D & A Technologies LLC|185 Hudson Street, Ste 2340||Jersey City
1|HABR BROKERAGE INC|185 National Road||Edison
1|Y-AXIS INC|186 PRINCETONHIGHTSTOWN ROAD|BUILDING 4A SECOND FLOOR|WEST WINDSOR
1|Zenovate Inc|186 Princeton Hightstown ROAD BLDG 3|STE 11|West Windsor Township
1|Zenovate Inc|186 Princeton Hightstown Road bldg 3 suite 11||West Windsor Township
1|Khachaturian Engineering Associates Inc|186 Wood Avenue South|First Floor|Iselin
1|SMART SOLUTIONS TECHNOLOGIES NJ LLC|1870 NJ-27||EDISON
1|PRIME CONSULTING LLC|1870 ROUTE 27 ,|SUITE  B5|EDISON
1|PRIME CONSULTING LLC|1870 ROUTE 27 , SUITE B5||EDISON
1|PRIME CONSULTING LLC|1870 Route 27, Suite - B5||EDISON
1|UVN TECHNOLOGIES INC|1876 Route 27|Suite 205|Edison
1|Eureka Information Services Inc|189 Beaumonte Way|Suite A|Bridgewater
1|Krishna Innovation LLC|19 Arnold Dr.||Parsippany
1|ALLIED BUSINESS CONSULTING INC|19 CLYDE ROAD|SUITE 201|SOMERSET
1|ANIL K AGRAWAL LLC|19 High Meadow Ln||Basking Ridge
1|Global Digital Mercantile Holdings Limited|19 Lynn Dr||Englewood Cliffs
1|NVRD Systems LLC|19 Mary Ln||Robbinsville
1|Cloudlabs Inc|19 Opal Drive||Robbinsville
1|NVRD Systems LLC|19 Ross Way||Marlton
1|LIVE DIGITAL TECHNOLOGIES LLC|19 Springhill DR||Princeton Junction
1|Commiitt LLC|190 Lincoln Hwy Ste 304||Edison
1|HSC Acquisition LLC|190 Main St.||Gladstone
1|CIGNEX INC|190 Middlesex Turnpike|Suite 405|Iselin
1|SCUBEL LLC|190 STATE ROUTE 18|SUITE 101|EAST BRUNSWICK
1|Prabhav EGlobal Services|1901 North Olden Avenue|Suite 7|Ewing
1|Keypress Group PC|1903 Atlantic Ave|Bldg A|Manasquan
1|Keypress Group PC|1903 Atlantic Avenue|Bldg A|Manasquan
1|Dynamic Engineering Consultants, PC|1904 Main Street||Lake Como
1|PINCHme.com Inc|191 Central Ave||Newark
1|The Musial Group PA|191 Mill Lane||Mountainside
1|Quality Fruit Surveys Inc|1916 Wayne Ave - S1||Haddon Heights
1|Varitronics Consulting Inc|1924 US Highway 22 East||Bound Brook
1|Radin Consulting Inc|193 W Hobart Gap Road||Livingston
1|Radin Consulting Inc|193 W. Hobart Gap Road|N/A|Livingston
1|ATHENA DOYENS LLC|1930 E Marlton Pike|STE Q 20|Cherryhill
1|RAMARK SYSTEMS INC|194 NORTH HARRISON STREET||PRINCETON
1|Anichem Inc|195 Black Horse Lane||North Brunswick
1|Mistras Group Inc|195 Clarksville Road||Princeton Junction
1|Logicgate Technologies Inc|196  Princeton Hightstown Road|Building 1, Suite 13|West Windsor
1|INFOSOFT SOLUTIONS LLC|196 Princeton Hightstown Road Building 2 Second Floor|Suite 14A|West Windsor Township
1|INFOSOFT SOLUTIONS LLC|196 Princeton Hightstown Road Building 2A|Suite 14A|West Windsor Township
1|INFOSOFT SOLUTIONS LLC|196 Princeton Hightstown Road Building 2A, 2nd Floor|Suite 14A|West Windsor Township
1|Quantum Integrators Group LLC|196 Princeton Hightstown Road Suite 1A-1||West Windsor
1|Cloud88 Inc|196 Princeton-Hightstown Road,|Building 1A|West Windsor Township
1|INFOSOL SOLUTIONS LLC|196 Princeton-Hightstown Road, Building 2 Second Floor|Suite 16|West Windsor Township
1|Tax Technologies Inc|196 Woods Ave||Bergenfield
1|CORUS SOFT INC|1967 LINCOLN HWY|SUITE 32B|EDISON
1|CORUS SOFT INC|1967 LINCOLN HWY.|SUITE 32B|EDISON
1|FUNCTION EDGE ASSOCIATES INC|197 NJ-18|SUITE 3000|EAST BRUNSWICK
1|VKANTECH SOLUTIONS INC|197 RT 18 SOUTH, SUITE 3000|SOUTH WING|EAST BRUNSWICK
1|FAQ Systems INC|197 Route 18 South  Suite 3000|South Tower|East Burnswick
1|Faq Systems INC|197 Route 18 South Suite 3000, South Tower||East Brunswick
1|FAQ SYSTEMS INC|197 Route 18 South Suite 3000, South Tower  ,||East Brunswick
1|Tetrus Corp.|197 Route 18 South, Suite 207N||East Brunswick
1|Slyon Technologies LLC|197 Route 18 South, Suite 3000||East Brunswick
1|VKANTECH SOLUTIONS INC|197 Rt 18 South Suite 3000|South Block|East Brunswick
1|ALL-WIN GROUP LLC|197 STATE ROUTE 18 S|SUITE 208 N|EAST BRUNSWICK
1|Doyen Square Technologies Inc|197 State Route 18|Suite 308|East Brunswick
1|Doyen Square Technologies Inc|197 State Route,18|Suite 308|East Brunswick
1|Lorvin Technologies Inc|199 Main Street|Suite 104|Woodbridge
1|Easy Data Access|199 New Road|Suite 68|Linwood
1|Dealer Owned Warranty Company LLC|199 Pomeroy Road||Parsippany
1|EGROVE SYSTEMS CORPORATION|2 AUER COURT|SUITE G|EAST BRUNSWICK
1|Ampliflex Inc|2 Alpine Drive||Closter
1|United States Cold Storage Inc|2 Aquarium Drive|Suite 400|Camden
1|Stage One NY LLC|2 Aspen Pl||Passaic
1|ClientServer Technology Solutions LLC|2 Austin Avenue|2nd Floor|Iselin
1|Prowess IT Solutions LLC|2 Brier Hill Court|2B Building F|East Brunswick
1|Princeton Critical Minerals Inc|2 Cedar Street, 9th Floor||Newark
1|MJH Healthcare Holdings LLC|2 Clarke Drive||Cranbury
1|MJH Healthcare Holdings LLC|2 Commerce Drive||Cranbury
1|K Logistics Corp.|2 East Union Ave||East Rutherford
1|G-INFOTECH INC|2 GALLOP LANE||SOMERSET
1|OLI Systems Inc|2 Gatehall Drive|Suite 100|Parsippany
1|VKC Systems Inc|2 Getty Avenue||Clifton
1|Sun Pharmaceutical Industries Inc|2 Independence Way||Princeton
1|Brandon Consulting Associates Inc|2 King Arthur Court|Suite A|North Brunswick
1|Anagh Technologies Inc|2 Lakeview Ave|Suite 310|Piscataway
1|SRUTHAM TECHNOLOGIES INC|2 MONTICELLO AVENUE||MONROE
1|U & S Engineers, P.C.|2 Milkhouse Lane||Lambertville
1|American Star Alliance Inc|2 Peak Ln||Hillsborough
1|CITIUSTECH INC|2 RESEARCH WAY, 2ND FLOOR|N/A|PRINCETON
1|KS Engineers, PC|2 Riverfront Plaza, 3rd Floor||Newark
1|Tri-K Industries Inc|2 Stewart Court||Denville
1|TDL innovations LLC|2 Stout Road||Princeton
1|Securekloud Technologies Inc|2 Tower  Center Boulevard|Floor 8|East Brunswick
1|Blockedge Technologies Inc|2 Tower Center Boulevard, Suite 804|8th Floor|East Brunswick
1|LERPAL INC|2 UNIVERSITY PLAZA|SUITE 100|HACKENSACK
1|CQ Fluency Inc|2 University Plaza Drive|Suite 406|Hackensack
1|MANAGE MY DREAM LLC|20 Abbington Ln||Princeton Junction
1|HCP Management Operations Inc|20 Avenue at the Common||Shrewsbury
1|D&S Restoration Inc|20 California Avenue||Paterson
1|Solytics Partners LLC|20 Calvert Ave W||Edison
1|NNA Enterprise LLC|20 Carey Road||Succasunna
1|Logixal Inc|20 Commerce Drive|Suite 135|Cranford
1|KAL Design LLC|20 Court St.|3rd Floor|Freehold
1|Advanced Sciences & Technologies (AS&T) LLC|20 E Taunton Road|Suite 301|Berlin
1|Advanced Sciences & Technologies LLC|20 East Taunton Road|Suite 301|Berlin
1|Peer Consulting Resources Inc|20 Jefferson Plz||Princeton
1|GenScript ProBio USA Inc|20 Kingsbridge Road||Piscataway
1|Oxford Contracting Co. Inc|20 Millway Road||Lumberton
1|USA Architects, Planners and Interior Designers, Ltd.|20 North Doughty Avenue||Somerville
1|Yajur Solutions Inc|20 Second Street||Jersey City
1|RM Info Solutions LLC|20 Setter Pl||Kendall Park
1|RCM Technologies (USA) Inc|20 Waterview Blvd|4th Floor|Parsippany
1|AIV SOLUTIONS LLC|20,000 Horizon Way|Suite 100|Mount Laurel
1|IPolarity LLC|200  Centennial Avenue|Suite 204|Piscataway
1|Alliance Advisors LLC|200 Broadacres Dr.||Bloomfield
1|Xcitium Inc|200 Broadacres Drive||Bloomfield
1|ACEQUEST CORPORATION|200 CENTENNIAL|SUITE 123|PISCATAWAY
1|HANCE INCORPORATED|200 CENTENNIAL AVENUE.|SUITE 202|PISCATAWAY
1|Designity Inc|200 Cambridge Way|Apt 51|Weehawken
1|IPolarity LLC|200 Centennial  Avenue|Suite 204|Piscataway
1|CR Medicon Research Inc|200 Centennial Ave STE 210||Piscataway
1|Flexasoft LLC|200 Centennial Ave Suite 203||Piscataway
1|IPOLARITY LLC|200 Centennial Avneue|Suite 204|Piscataway
1|English Technologies Group LLC|200 Connell Corp Drive|Suite RT Studio|Berkeley Heights
1|Armstrong Technologies Inc|200 Craig  Road|Suite 103|Manalapan
1|Catalent Pharma Solutions|200 Crossing Blvd.|7th Floor|Bridgewater
1|Mills and Schnoering Architects LLC|200 Forrestal Road|Suite 3A|Princeton
1|Richard A. Alaimo Associates|200 High Street||Mount Holly
1|OGI Shared Service Center - Advertising LLC|200 Hudson Street|3rd Floor|Jersey City
1|PSKW LLC|200 Jefferson Park||Whippany
1|Corcentric LLC|200 Lake Drive East|Suite 200|Cherry Hill
1|BRILLIANT INFOTECH INC|200 METROPLEX DR.|SUITE 414|EDISON
1|NAIK CONSULTING GROUP, P.C.|200 METROPLEX DRIVE, SUITE   403||EDISON
1|IFlowsoft Solutions Inc|200 MIDDLESEX ESSEX  TPK|SUITE 203A|ISELIN
1|i28 TECHNOLOGIES CORPORATION|200 MIDDLESEX ESSEX TPK.|SUITE 210|ISELIN
1|INVICTUS INFOTECH LLC|200 MIDDLESEX TOURNPIKE|SUITE 306 C|ISELIN
1|INVICTUS INFOTECH LLC|200 MIDDLESEX TURNPIKE|SUITE 306 C|ISELIN
1|Frontage Clinical Services Inc|200 Meadowlands Parkway||Secaucus
1|SecurView Inc|200 Metroplex DR|STE 301|Edison
1|Iris Software Inc|200 Metroplex Drive, Suite 200||Edison
1|Iris Software Inc|200 Metroplex Drive, Suite 300||Edison
1|Brilliant Infotech Inc|200 Metroplex Drive, Suite 414||Edison
1|VST CONSULTING INC|200 Middlesex Essex TPK STE 201||ISELIN
1|ASPIRE SYSTEMS INC|200 PERRINE ROAD,|UNIT 204|OLD BRIDGE
1|InvestM Technology LLC|200 Paterson Ave Suite  2D||East Rutherford
1|EY International Services LLC|200 Plaza Dr||Secaucus
1|Ellkay LLC|200 Riverfront Blvd|Floor 3|Elmwood Park
1|Ellkay LLC|200 Riverfront Blvd, Floor 3||Elmwood Park
1|Ellkay LLC|200 Riverfront Blvd, Suite 301||Elmwood Park
1|Messer North America Inc|200 Somerset Corporate Blvd.|Suite 7000|Bridgewater
1|SRICOM INC|200 W SOMEROADALE ROAD|STE B|VOORHEES
1|SRICOM INC|200 W Somerdale Road|Ste B|Voorhees
1|Bachi.Tech Corporation|200 Washington St|FL 4|Hoboken
1|Bachi.Tech Corporation|200 Washington St, FL 4||Hoboken
1|White Star Logistics Inc|200 Whitehead Road|Ste 213|Hamilton
1|Sparta Systems Inc|2000 Water View Drive|Suite 300|Hamilton
1|Sparta Systems Inc|2000 Waterview Drive|Suite 300|Hamilton
1|FINBOT TECHNOLOGIES INC|2001 ROUTE 46 -WATERVIEW PLAZA|SUITE 310|PARSIPPANY
1|FINBOT TECHNOLOGIES INC|2001 ROUTE 46-WATERVIEW PLAZA|SUITE 310|PARSIPPANY
1|SWIFT SOLUTIONS INC|2001 RT 46, SUITE 310||PARSIPPANY
1|ISQUAREINFO LLC|2001 Route 46, Waterview Plaza|SUITE 310|Parsippany
1|Data Wave Technologies Inc|2001 US Highway 46|Suite 310|Parsippany
1|KSM TECHNOLOGIES LLC|2001 US ROUTE 45|SUITE 310|PARSIPPANY
1|KSM TECHNOLOGIES LLC|2001 US ROUTE 46E|SUITE 310|PARSIPPANY
1|MUKE GROUP INC|2001 US-46|SUITE 310|PARSIPPANY
1|Titan Engineers PC|2003 Morris Avenue|Suite 2A|Union
1|Computer Doc Associates Inc|2007 Washington Valley Road||Martinsville
1|Legacy Care Tax LLC|201 Montgomery Street|2nd Floor|Jersey City
1|Sika Corporation|201 Polito Avenue||Lyndhurst
1|SKY EDGE SYSTEMS LLC|201 ST PAULS AVE|SUITE 1D|JERSEY CITY
1|The Saban Engineering Group Inc|201 Stuyvesant Avenue||Lyndhurst
1|TreadStone Technologies Inc|201 Washington Road||Princeton
1|USR SYSTEMS LLC|2015  LINCOLN HIGHWAY|SUTE 210|EDISON
1|Mintex Tech Inc|2015 Lincoln Highway Suite 180||Edison
1|Cyber Space Technologies LLC|2015 STATE RT 27 SOUTH|SUITE 234|EDISON
1|Tsumura USA Inc|202 Carnegie Ctr|Suite 306|Princeton
1|LLI ADVISORY GROUP|202 North Ave East||Cranford
1|MOBIREY LLC|2025  US-130|Bldg C, Suite 4|Cranbury
1|Global Pharmatek LLC|2025 Lincoln Highway  225A||Edison
1|Global Pharmatek LLC|2025 Lincoln Highway Suite 225A||Edison
1|Comprehensive Healthcare Systems Inc|2025 Lincoln Highway-State Route 27|Suite 340|Edison
1|DATAGLIDES LLC|2025 US-130|Bldg E, Suite 103|CRANBURY
1|TAE I KIM ARCHITECT, P.A.|2029 LEMOINE AVE|STE 302|FORT LEE
1|Alba Management Inc|203 Godwin Ave||Ridgewood
1|MaxisIT Inc|203 Main Street||Metuchen
1|Mountolive Technology LLC|203 US 206|Bldg 1 Unit 8|Flanders
1|LTIMINDTREE Limited|2035 LINCOLN HIGHWAY, STE 3004|STE 3004|EDISON
1|LTIMINDTREE Limited|2035 LINCOLN HIGHWAY,STE 3004||Edison
1|PeopleStrategy Inc|2035 Lincoln Highway  1080||Edison
1|LTIMindtree Limited|2035, Lincoln Highway, Edison Square West|Suite 3000|Edison
1|Adaloy LLC|204 Haledon Ave||Prospect Park
1|MINNO & WASKO ARCHITECTS AND PLANNERS P.C.|204 N. UNION STREET|SUITE 1|LAMBERTVILLE
1|Dilip Patel & Company LLP|2042 Morris Avenue|Unit 3|Union
1|DGL Group Ltd.|2045 Lincoln Highway|3rd Floor|Edison
1|INFOVISION TECHNOLOGIES INC|2050 BRUNSWICK PZ -1|HIGHWAY 27, SUITE 201|NORTH BRUNSWICK
1|ITTDIGITAL LLC|2050 ROUTE 27|SUITE 106|NORTH BRUNSWICK
1|COMPU-VISION CONSULTING INC|2050 ROUTE 27 SOUTH|SUITE 202|NORTH BRUNSWICK
1|INFOVISION TECHNOLOGIES INC|2050, BRUNSWICK PLAZA - 1|HIGHWAY 27, SUITE 201|NORTH BRUNSWICK
1|PERSISTENT SYSTEMS LIMITED|2055 LAURELWOOD ROAD|SUITE 210|SANTA CLARA
1|Remington & Vernick Engineers II|2059 Springdale Road||Cherry Hill
1|LabCorp Drug Development Inc|206 Carnegie Center||Princeton
1|Vas Nair Leadership Consulting LLC|206 Shearwater Ct W|Unit 14|Jersey City
1|SABII LLC|206-16 WEST SHEARWATER CT||JERSEY CITY
1|Action Title Research LLC|208 Boulevard|Suite D|Hasbrouck
1|SYSTEMS PLUS SOLUTIONS USA LLC|208 WEST STATE STREET||TRENTON
1|AdbaKx LLC|2088 US 130 Suite 204||Monmouth Junction
1|AKS INFOTECH INC|2088 US HIGHWAY 130, SUITE  203||MONMOUTH JUNCTION
1|COLSH CONSULTANTS LLC|2088 US HWY 130|SUITE 211|MONMOUTH JUNCTION
1|COLSH CONSULTANTS LLC|2088 US HWY. 130|SUITE 211|MONMOUTH JUNCTION
1|COLSH CONSULTANTS LLC|2088 US HWY.130|SUITE 211|MONMOUTH JUNCTION
1|ADBAKX LLC|2088 US Highway 130,|Suite 204|Monmouth Junction
1|Samrajya Services LLC|2088 US RT-130|Suite 106|Monmouth Junction
1|Epickx Inc|2088 US highway 1|Ste 306|Monmouth Junction
1|320 Life Solutions LLC|209 Philadelphia Avenue||Egg Harbor City
1|Nova Law Group LLC|21 Fulton Street||Newark
1|NORTH AMERICA GASTROENTEROLOGY|21 JEFFERSON PLZ||PRINCETON
1|NEW MILLENIUM CONSULTING LLC|21 MERRY LANE||EAST HANOVER
1|Raptim Research LLC|21 Pineview CT||Skillman
1|MobileFuse LLC|21 Running Cedar Road||Princeton
1|GEOMATRIX SOFTWARE SERVICES INC|210 EAST HIGH STREET||BOUND BROOK
1|KEEGAN TECHNOLOGY AND TESTING ASSOCIATES INC|210 MAPLE PLACE||KEYPORT
1|Shri Sai Tech LLC|2100 US Highway 1 North||North Brunswick
1|Legend Biotech USA Inc|2101 Cottontail Lane||Somerset
1|BELLUS MANTRA INC|2107 Goldfinch Blvd||PRINCETON
1|Milcots LLC|211 Island Road||Mahwah
1|CHRISTIE ENGINEERING, P.C.|211 SOMERVILLE ROAD||BEDMINSTER
1|NUMEN International LLC|211 Warren St||Newark
1|Kenyi Technologies Inc|211 Warren St.||Newark
1|MAKS ENGINEERS, PC|2115 HAMILTON AVENUE|SUITE 203|HAMILTON TOWNSHIP
1|MAKS Engineers, PC|2115 Hamilton Avenue, Suite 203||Hamilton Township
1|Colavo Inc|2115 Linwood Ave|Ste 500|Fort Lee
1|Lawfully Inc|2115 Linwood Avenue|Suite 500|Fort Lee
1|WCG Clinical Inc|212 Carnegie Center Drive|Suite 301|Princeton
1|Mad Microbe Studios Inc|212 E Pine Street||Wenonah
1|TUDOR CONSULTANTS USA INC|213 BERMUDA DR|NESHANIC STATION|BRANCHBURG
1|PENMARK GLOBAL GROUP INC|213 CARNEGIE CTR.|3326|PRINCETON
1|nRich Data LLC|213 Carnegie Center Drive, Unit 3266||Princeton
1|Tailorbird Inc|213 Nassau Street||Princeton
1|MA United Corp|213 Riva Avenue||Milltown
1|RELIANT TECH INC|2137 STATE ROUTE 35|SUITE 365|HOLMDEL
1|United Consulting Hub Inc|214 Bridge Street||Metuchen
1|Sys-Tech Solutions Inc|214 Carnegie Center|Suite 101|Princeton
1|Sys-Tech Solutions Inc|214 Carnegie Centre|Suite 101|Princeton
1|ATANE Engineers, Architects and Land Surveyors, P.C.|2147 NJ-27, Suite 102||Edison
1|M Management Inc|215 Coles Street||Jersey City
1|PsychoGenics Inc|215 College Road||Paramus
1|Bluefox Technologies LLC|216 Stelton Road e1||Piscataway
1|Kim and Bae, P.C.|2160 N Central Road|Suite 303|Fort Lee
1|INFOVILLE INC|2162 ROUTE 206 2ND FLOOR||Belle Mead
1|Infoville Inc|2162 Route 206 ,Flr 2|Suite 2|Belle Mead
1|Infoville Inc|2162 Rte 206|2nd FL Suite 2|Belle Mead
1|Polymer Processing Institute|218 Central Avenue|NJIT, GITC Building, Suite 1201|Newark
1|Becht Engineering Co. Inc|22 Church Street||Liberty Corner
1|Entrans Inc|22 Henry Road||Branchburg
1|Asset Management & Analyst Corp.|22 Julie Ct.||Somerset
1|VIRTUAL INFRASTRUCTURE SERVICES LLC|22 NEWMAN ROAD||KENDALL PARK
1|RESOURCE SEARCH COMPANY INC|22 PARIS AVENUE|SUITE 201|ROCKLEIGH
1|QPharma Inc|22 South Street||Morristown
1|Applied Dynamic Solutions LLC|22 Springwood Dr.||Monroe Township
1|COMPUTOMIC SOFTWARE AND CONSULTING LLC|22 W Dante Road|Suite 300|MONROE TOWNSHIP
1|Techer Solutions LLC|22 WINCHESTER DR||EAST WINDSOR
1|ACEOLUTION INC|220 DAVIDSON AVE,|Ste 406|SOMERSET
1|KHAYAINFOTECH LLC|220 DAVIDSON AVENUE, SUITE   317||SOMERSET
1|VERGLAS TECHNOLOGIES INC|220 DAVIDSON AVENUE, SUITE 316||SOMERSET
1|Arete Solutions Inc|220 Van Zandt||Skillman
1|VTH Solutions LLC|2200 Fletcher Avenue|4th Floor|Fort Lee
1|MG LLC|2200 Fletcher Avenue,|4th Fl|Fort Lee
1|HOONARTEK INC|2204 MORRIS AVE|SUITE 204|UNION
1|HOONARTEK INC|2204 MORRIS AVENUE|SUITE 204|UNION
1|Fandl Tax Services LLC|221 River St.|suite 9144|Hoboken
1|Insight Health Analytics Inc|221 River Street, 9th Floor||Hoboken
1|Insight Health Analytics Inc|221 River Street, Suite 9||Hoboken
1|KL CPA & Associates LLC|222 Bridge Plaza South|Suite 720|Fort Lee
1|I2C BUSINESS SOLUTIONS INC|2227 US - 1|SUITE 101|NORTH BRUNSWICK
1|THE FIDELIS GROUP INC|223 GATES ROAD, UNIT A||LITTLE FERRY
1|DATAMONK SOLUTIONS INC|223 SANDCASTLE KEY|N/A|SECAUCUS
1|Presto Packaging Solutions LLC|223 South Dean Street||Englewood
1|United States Technologies Communications Corporation|225 Raritan Center Parkway||Edison
1|Enhatch Inc|226 Boulevard||Hasbrouck Heights
1|ARCOOM LLC|226 Orangeburgh Road||Old Tappan
1|Caballero & Associates LLC|228 Bridge St.|2nd Floor|Metuchen
1|BRAMH CONSULTING LLC|228 ROUTE 34 , SUITE 206||MATAWAN
1|AIT GLOBAL INC|228 STATE ROUTE 34|SUITE 5|MATAWAN
1|Tabula Rasa HealthCare Group Inc|228 Strawbridge Drive||Moorestown
1|Ekait LLC|2280 Hamburg Turnpike|Suite F|Wayne
1|Ekait LLC|2282 Hamburg Turnpike|Suite F|Wayne
1|KMK CONSULTING INC|23 HEADQUARTERS PLAZA|NORTH TOWER, 7TH FLOOR|MORRISTOWN
1|Nayak Corporation Inc|23 Orchard Road|Suite 202|Skillman
1|STACKLOGY INC|23 S MAIN STREET, SUITE 5||MANVILLE
1|Comito Associates PC Architecture|23 Warren Street||Newark
1|Allen Flavors Inc|230 St. Nicholas Avenue||South Plainfield
1|FINITECH US LLC|2301 Stillbrook Ln||Princeton
1|Lucid Technologies LLC|231 Clarksville Road|Suite 4B|West Windsor
1|AZEND PHARMA LLC|2325 Plainfield Ave, Second Floor|Suite 2H|South Plainfield
1|DUALITYBIO INC|233 Mt. Airy Road Ste 182||Basking Ridge
1|EcoTerra Consulting LLC|234 STELTON ROAD|Suite 2B|Piscataway
1|Kawi Energy Group, Corp.|235 4th Street||Saddle Brook
1|Heyer Gruel & Associates, PA|236 Broad Street||Red Bank
1|DATA WAREHOUSE LABS INC|237 DURHAM AVE||SOUTH PLAINFIELD
1|SIKHI SOLUTIONS INC|2380 US 9 HIGHWAY S|CHERRYTREE PLAZA SUITE 12 1A|HOWELL
1|Riviera Consulting LLC|239 New Road, Suite B205||Parsippany
1|AMPAL Group LLC|239 US Highway 22 East|Suite 307|Green Brook
1|Varitronics Consulting Inc|239 US Hwy 22|Suite 301|Green Brook
1|SOFTSTANDARD SOLUTIONS LLC|239 US-22|201|GREEN BROOK TOWNSHIP
1|IMMI CONSULTING INC|239 WASHINGTON ST|Unit 304|JERSEY CITY
1|CORP2CORP INC|239 WASHINGTON STREET|SUITE 408|JERSEY CITY
1|Cognac Systems Inc|24 Bridge Street|Building B|Metuchen
1|Nelson & Associates PC|24 Commerce St Suite 1300||Newark
1|Law Office of Michelle Labayen PC|24 Commerce Street Suite 1300||Newark
1|Moofwd, inc.|24 Courtside Lane||Princeton
1|Fine Line Consulting Ltd.|24 Duck Pond Road||Demarest
1|BELS Consulting LLC|24 Emerald Road||Robbinsville
1|Law Offices of Paolo P. Bruno LLC|24 Emerson Plaza West|Unit B1|Emerson
1|Opaida Inc|24 Priory Road||Princeton Junction
1|Wise Ways Consulting LLC|24 River Road  8||Clifton
1|JD CORPORATE INC|24 TEN EYCK PI||Edison
1|Matrix Payment Services LLC|24 W Railroad Avenue|Suite 296|Tenafly
1|CONSIGA TECHNOLOGIES INC|24 WERNIK PLACE|SUITE D|METUCHEN
1|Haystack Software Inc|24 Weaver Drive||Martinsville
1|G3 Business Services LLC|24 Whispering Way||Warren
1|Axis InfoTech LLC|240 HARMON COVE||SECAUCUS
1|AXIS INFOTECH LLC|240 HARMON COVE TOWER||SECAUCUS
1|Westfield CPAs LLC|241 North Avenue West|Suite 200|Westfield
1|Apex Infrastructure Consultants LLC|2419 Cedar Street||Manasquan
1|ACI INFOTECH INC|242 OLD NEW BRUNSWICK  ROAD|SUITE 110|PISCATAWAY
1|MPOWER LOGIC INC|242 OLD NEW BRUNSWICK ROAD, SUITE  360||PISCATAWAY
1|SOFTEK INTERNATIONAL INC|242 Old New Brunswick Road, Suite 320||Piscataway
1|ICA Engineering LLC|2424 Morris Ave|Suite 205|Union
1|Srijan Technologies USA Inc|2430 Highway 34 Building B|Suite 22|Manasquan
1|Invivotek LLC|2439 Kuser Road||Hamilton
1|GHANGHEI LLC|2444 MORRIS AVE|STE 214|UNION
1|Las Vegas Veterinary Referral Center, Critical and Emergency Care LLC|246 Industrial Way West||Eatontown
1|RV Global Solutions Inc|247 E Front St.|Suite 1|Trenton
1|RV Global Solutions Inc|247 E Front Street|Suite 1|Trenton
1|AppSecCl INC|249 Roseville Ave|Apt 3|Newark
1|CLOUD INTEGRATION SERVICES LLC|24E Reading Road||Edison
1|JLM SYSTEMS INC|25 BROAD AVENUE SUITE 201||PALISADES PARK
1|Halcyon Still Water LLC|25 Broad Street|2nd Floor|Red Bank
1|Wifhat Inc|25 CHRISTOPHER COLUMBUS DR|1818|JERSEY CITY
1|Seqirus Inc|25 Deforest Avenue||Summit
1|LTIMINDTREE Limited|25 INDEPENDENCE BLVD, STE. 401||WARREN
1|LTIMINDTREE Limited|25 INDEPENDENCE BLVD,STE. 401||WARREN
1|G&L Scientific Inc|25 INDEPENDENCE BOULEVAROAD|4TH FLOOR, SUITE 404|WARREN
1|Mindtree Limited|25 Independence  Blvd.|Suite 401|Warren
1|Primisoft LLC|25 Mounthaven Drive||Livingston
1|Ebon Technology LLC|25 Park Ln S|Apt 2306|Jersey City
1|J. R. Lupo P.A. CPA|25 Pompton Avenue|Suite 204|Verona
1|Hudson Engineering LLC|25 W. 8th Street||Bayonne
1|Pharmica Consulting LLC|25 Windemere Way||Sparta
1|Pavane Solutions Inc|250  Pehle Avenue|Plaza II, Suite 200|Saddle Brook
1|DEETA IT SOLUTIONS INC|250 LACKLAND DRIVE, STE. 10||MIDDLESEX
1|COMPEST SOLUTIONS INC|250 LACKLAND DRIVE, STE. 4||MIDDLESEX
1|COMPUTE TECH INC|250 LACKLAND DRIVE, SUITE 5||MIDDLESEX
1|Sterling Medical Devices LLC|250 Moonachie Road Suite 400||Moonachie
1|SOIMEX DENIMAGIC INC|250 PEHEL AVENUE|SUITE 200|SADDLE BROOK
1|Pavane Solutions Inc|250 Pehle Ave, Plaza II|Suite 200|Saddle Brook
1|Pavane Solutions Inc|250 Pehle Plaza|Plaza II, Suite 200|Saddle Brook
1|A.F. Paredes & Co., CPA, LLP|250 Stelton Road, Suite  8||Piscataway
1|SOIMEX DENIMAGIC INC|250,PEHLE AVENUE|SUITE 250|SADDLE BROOK
1|Census InfoTech Inc|2500 Brunswick Pike|Ste 203|Lawrenceville
1|New Fields Technologies LLC|2500 Plaza 5 HFC|25th Floor|Jersey City
1|Accelsior Corporation|2500 Plaza 5 The Waterfront|25th Floor|Jersey City
1|Aujas Cybersecurity Limited|2500 Plaza 5, Harborside Financial Center|185 Hudson Street|Jersey City
1|Apex Technology Systems Inc|2509 Park Avenue|Suite 2A|South Plainfield
1|MAGTECH CONSULTING AND SOLUTIONS DEVELOPMENT CORPORATION|251 BELLEVUE AVENUE|SUITE 102|HAMMONTON
1|NETSEC PROFESSIONALS CORPORATION|251 BELLEVUE AVENUE, SUITE 103||HAMMONTON
1|NOVAMEGHA LLC|2525 ROTE 130, BUILDING E|SUITE 104|CRANBURY
1|NOVAMEGHA LLC|2525 ROUTE, 130 BUILDING E|SUITE 104|CRANBURY
1|Euclid Technologies LLC|2525 Route 130 Building D||Cranbury
1|Masterex Technologies Inc|2525 Route130||Cranbury
1|App Dynamic Systems LLC|2525 US 130 Bulg E|Suite 103|Cranbury
1|Keane Systems LLC|2525 US 130, Bldg. C|Suite 2|Cranbury
1|NAM INFO INC|2525 US HIGHWAY 130, BLDG. D|SUITE 2|CRANBURY
1|SUSASH CONSULTING SERVICES LLC|2525 US HWY 130|Building C|Cranbury
1|SOURCEITSOLUTIONS INC|2525 US Highway 130, Suite   1||Cranbury
1|Masterex Technologies Inc|2525 US Route 130, Bldg. C||Cranbury
1|Euclid Technologies LLC|2525 US Route 130, Building D||Cranbury
1|Euclid Technologies LLC|2525 US Rt. 130, Bldg. D||Cranbury
1|Euclid Technologies LLC|2525 US Rt. 130, Bldg. E||Cranbury
1|App Dynamic Systems LLC|2525 US-130 Bldg E|Suite 103|Cranbury
1|App Dynamic Systems LLC|2525 US-130, Building E|Suite 103|Cranbury
1|Optimal Infosystems Inc|254 E Arthur Pl||Iselin
1|JOSHUA ZINDER ARCHITECTURE DESIGN LLC|254 WITHERSPOON STREET|N/A|PRINCETON
1|KUNOSOLTECH LLC|255 OLDNEWBRUNSWICK ROAD|SUITE S120|PISCATAWAY
1|Maa IT Solutions LLC|255 Old New Brunswick Road, , , NJ 08854|Suite N224|Piscataway
1|Techigai Inc|255 at 475 Wall Street||Princeton
1|IoTecha Corp|2555 RTE 130, Suite 2||Cranbury
1|Powerfluence LLC|256 Longwood Ln||Somerset
1|NEW ERA INFORMATION TECHNOLOGIES LLC|2564 US HIGHWAY 1|Office 104|LAWRENCE TOWNSHIP
1|My House Design Inc|2576 US Highway 22 E||Union
1|My House Design Inc|2576 US-22||Union
1|Primera Analytical Solutions Corp.|259 Wall St.||Princeton
1|Pergament & Cepeda LLP|25A Hanover Road, Suite  104||Florham Park
1|KZY Logistics LLC|26  Commerce Road|Suite E G|Fairfield
1|GLOBAL IT INVESTORS INC|26 BRENTWOOD PLACE||MONROE TOWNSHIP
1|Xander Group LLC|26 Goshawk Ct||Morganville
1|MARGIN5 SOLUTIONS INC|26 OLIVER ST|SUITE 200|METUCHEN
1|PACIFIC TAX AND CONSULTING GROUP LLC|26 Orange Road||Montclair
1|OptiBrand LLC|26 Park St|Ste 2061|Montclair
1|Knewly Inc|26 Woodward Ln||Basking Ridge
1|VX Media LLC|260 Ave E Suite 609||Bayonne
1|VIVARAN IT SOLUTIONS INC|260 HWY 202/31|STE 1200|FLEMINGTON
1|Vivaran IT Solutions Inc|260 Highway 202/31|Suite 1200|Flemington
1|LHS Productions Inc|260 Union Street||Northdale
1|SEVEN SEVEN SOFTWARES INC|262 E. Main Street||Rockaway
1|Seven Seven Softwares Inc|262 East Main St.||Rockaway
1|Enthsquare Inc|2620 Whitehorse Hamilton Square Road|STE B1|Hamilton Township
1|LUMEN ARCHITECTURAL ENGINEERING, P.C.|263 BROAD AVE|STE 201|PALISADES PARK
1|SD Collaborations Group LLC|264 Winding Hill Drive||Hackettstown
1|Sphere Management Inc|265 Davidson Ave, Suite 110|N/A|Somerset
1|Practice Consulting Institute Inc|265 Davidson Avenue, Suite 110||Somerset
1|NARTAL SYSTEMS INC|2650 US 139|SUITE E|CRANBURY
1|NEW ERA INFORMATION TECHNOLOGIES LLC|2654 US HIGHWAY 1|Office 104|LAWRENCE TOWNSHIP
1|XYLA Entertainments LLC|2681 Quakerbridge Road|Suite A 3|Hamilton Square
1|IT BUSINESS MANAGEMENT SOLUTIONS INC|26B JEFFERSON PLAZA||PRINCETON
1|Ying Cao Law LLC|27 Bleeker St|Suite 202|Millburn
1|Ying Cao Law LLC|27 Bleeker Street|Suite 202|Millburn
1|SRJ INTERNATIONAL INC|27 LANGAN CT.||FAIR LAWN
1|Alban Construction LLC|27 Libella CT||Newark
1|GLOBAL BUSINESS CONSULTING SERVICES INC|27 Southfield Road||EDISON
1|NATSOFT CORPORATION|27 WOROADLS FAIR DR||SOMERSET
1|Greenlight Technologies Inc|270 SOUTH MAIN STREET||Flemington
1|CITTACORE TECHNOLOGIES INC|271 US HIGHWAY 46|SUITE C 104|FAIRFIELD
1|CITTACORE TECHNOLOGIES INC|271 US HIGHWAY 46 W.|SUITE C 104|FAIRFIELD
1|TEAM TRANQUIL INC|271 US HIGHWAY 46, SUITE F205||FAIRFIELD
1|GENOUS LLC|273 16th St|Apt 1607|Jersey City
1|Nlyte Software Inc|275 Rairant Center Parkway||Edison
1|Nlyte Software Inc|275 Raritan Center Parkway||Edison
1|Marsh Consulting Services Inc|276 East Main Street|Suite 10|Denville
1|East West Systems Inc|277 Fairfield Road,|Suite 331|Fairfield
1|UHL & Associates Inc|278 N. Union St.|Suite 106|Lambertville,
1|FINANCEBOX INC|279 PARSONAGE ROAD||EDISON
1|QWA Studio LLC|28 Bright St, Unit 305||Jersey City
1|JVM Global Inc|28 Cottage St|Suite 305|Jersey City
1|INCUSOL INC|280 MARIN BLVD|STE 11 K|JERSEY CITY
1|SKY EDGE SYSTEMS LLC|2800 JOHN F KENNEDY BLVD|FLOOR 2|JERSEY CITY
1|Yotta Systems Inc|281 Franklin Av|Suite 200|Nutley
1|Yotta Systems Inc|281 Franklin Avenue, Suite  200||Nutley
1|SC Berger A LLC|281 Route 46 W.||Elmwood Park
1|Chronic Care Management Inc|282 Chester Ave||Moorestown
1|Chemtech Consulting Group Inc|284 Sheffield Street||Mountainside
1|Atlantic-IT.net LLC|285 Davidson Ave Ste 102||Somerset
1|Brightech International LLC|285 Davidson Ave Ste 504||Somerset
1|Brightech International LLC|285 Davidson Avenue, Ste 504||Somerset
1|Trident Systems Integrator LLC|285 Durham Avenue Suite 17||South Plainfield
1|SECUREGEN INC|2864 STATE ROUTE 27|SUITE E|NORTH BRUNSWICK
1|GS Global Services Inc|289, Route 33||Manalapan
1|GLOBAL LINK INFOTECH INC|29 Fiddlers Creek Road|Unit E|Titusville
1|Innovative Business Concepts Inc|29 Julie Ct||Somerset
1|MEGA CONSTRUCTION MANAGEMENT INC|29 Pangborn Place||Hackensack
1|American Software LLC|29-31  Freeman St|Ste D1|Newark
1|Enterprise Solutions Accounting LLC|2910 S. Broad Street||Hamilton
1|CDC Group Inc|293 Park Street||Upper Montclair
1|DAS TECHNOLOGY SOLUTIONS LLC|293 ROUTE 18|SUITE D 319|EAST BRUNSWICK
1|Cloud5 Solutions Inc|295 DURHAM AVENUE SUITE  102||SOUTH PLAINFIELD
1|United IT Inc|295 Durham Ave, Suite 103|N/A|South Plainfield
1|Source Mantra Inc|295 Durham Avenue,|Suite 201|South Plainfield
1|strategy Soft LLC|295 Durham Avenue, Suite C||South Plainfield
1|Reddy Infosys Inc|295 Princeton Hightstown Road|Unit 11 354|Princeton
1|MS Engineers P.C.|297 Schraalenburgh Road||Closter
1|Doli Systems Inc|2983 JF Kennedy Blvd|Suite 200|Jersey City
1|ASPEN SOLUTIONS LLC|29S 2nd Ave||Highland Park
1|EGROVE SYSTEMS CORPORATION|2G AUER COURT||EAST BRUNSWICK
1|EGROVE SYSTEMS CORPORATION|2G AUER CT||EAST BRUNSWICK
1|BIOINTRON BIOLOGICAL USA INC|2O BRIDGE STREET||METUCHEN
1|Viraj Consulting Inc|3 Aynsley Ct||Montville
1|Tupelo Brittany LLC|3 Brittany Court||Springfield
1|Aaryana Technologies Inc|3 Brookside Ct||Cranbury
1|MAX I.E.G. LLC|3 Canterbury Court||Alpine
1|DMS IT SERVICES INC|3 DISCOVERY DR||EAST WINDSOR
1|DMS IT SERVICES INC|3 Discovery Drive||East Windsor
1|SRICOM INC|3 EVES DRIVE|STE 305|MARLTON
1|PCB APPS LLC|3 EXECUTIVE DRIVE|SUITE 329|SOMERSET
1|CompuTech Inc|3 Eastmans Road||Parsippany
1|COMPAS INC|3 Executive Campus|SUITE 430|CHERRY HILL
1|JUPITER RESEARCH SERVICES INC|3 KELLOGG CT.|STE 10|EDISON
1|Optimal Infosystems Inc|3 Le Parc Ct||West Windsor
1|Twenty20 Systems LLC|3 Lenmore Ct,||Monroe Township,
1|Petron Scientech Inc|3 Mapleton Road||Princeton
1|PAULUS, SOKOLOWSKI AND SARTOR LLC|3 Mountainview Road||Warren
1|AdElement Vast LLC|3 N Maple Ave|Suite 1|Ridgewood
1|RCM Technologies (USA) Inc|3 Paragon Dr|2nd Floor|Montvale
1|PKA Technologies Inc|3 Paragon Dr., Suite 205||Montvale
1|PKA Technologies Inc|3 Paragon Drive|Suite 205|Montvale
1|AXCELLENT SOLUTIONS LLC|3 SONOMA CT||OLD BRIDGE
1|IPC Systems Inc|3 Second Street, 15th Floor||Jersey City
1|IPC Systems Inc|3 Second Street, Harborside Financial Center|15 Floor|Jersey City
1|IPC Systems Inc|3 Second Street, Harborside Financial Center Plaza 10|Floor 15|Jersey City
1|Radiare Inc|3 Third Street|Suite 260|Bordentown
1|Nuvera LLC|3 Wing Dr.|Suite 255|Cedar Knolls
1|D&H Landscape Associates LLC|30 Franklin Avenue||Oakland
1|WHITESTONE ASSOCIATES INC|30 INDEPENDENCE BOULEVAROAD|SUITE 250|WARREN
1|TechHut Corporation|30 Knightsbridge Road , NJ|Suite 525|Piscataway
1|TEK ROCKS IT SERVICES LLC|30 Knightsbridge Road , Suite 525||Piscataway
1|PRN IT CORP INC|30 Knightsbridge Road,|Suite 525|Piscataway
1|Sunbird Software Inc|30 Knightsbridge Road, Ste. 620||Piscataway
1|Likeminds Consulting Inc|30 Knightsbridge Road, Suite   525||Piscataway
1|GenX Technocrats LLC|30 Knightsbridge Road, Suite  525|Office 254|Piscataway
1|PRN IT Corp|30 Knigtsbridge Road|Suite 525|Piscataway
1|DeskNet Inc|30 Montogomery Street|Suite 650|Jersey City
1|Avancer Corporation|30 N. Main Street|Suite 201|Cranbury
1|Arria NLG USA Inc|30 Park Place West||MORRISTOWN
1|Brandon Consulting Associates Inc|30 Silverline Drive|Suite 3, 2nd Floor|North Brunswick
1|BRANDON CONSULTING ASSOCIATES INC|30 Silverline Drive,|Suite 3, 2nd Floor|North Brunswick
1|ONE WORLD DESIGN & MFG GROUP LIMITED|30 TECHNOLOGY DRIVE||WARREN
1|Vanguard Dealer Services|30 Two Bridges Road|Suite 240|Fairfield
1|Astra Studios Inc|30 Union St||Elizabeth
1|LatentAI Inc|30 Vreeland Dr.|Suite 1 3|Skillman
1|Helient Technologies LLC|30 Washington Avenue|Suite D2|Haddonfield
1|Itopia Inc|30-32 Central Avenue|2nd Floor|Jersey City
1|CHAIN LOGISTICS USA INC|300 2 STATE ROUTE 17 SOUTH|SUITE B|LODI
1|SYNECTIKS INC|300 ALEXANDER PARK DRIVE, SUITE 215||PRINCETON
1|SYNECTIKS INC|300 ALEXANDER PARK, SUITE 215||PRINCETON
1|Diverse Lynx LLC|300 Alexander Park|Suite 200|Princeton
1|MediTech Media, Ltd.|300 American Metro Boulevard|Suite 140|Hamilton
1|DIGITALDHARA LLC|300 CARNEGIE CTR.|SUITE 150|PRINCETON
1|GS1 US Inc|300 Charles Ewing Blvd||Ewing
1|Axtria INC|300 Connell Drive, 5th Floor||Berkeley Heights
1|Sports Information Analysis LLC|300 Craig Road|Suite 210|Manalapan
1|ID 360 ANALYTICS|300 DEER CREEK DRIVE|SUITE 389|PLAINSBORO
1|COGNIZANT WORLDWIDE LIMITED|300 Frank W Burr|Suite 36, 6th Floor|TEANECK
1|Collaborative Solutions LLC|300 Frank W. Burr Boulevard|Suite 36, 6th Floor|Teaneck
1|Wallenius Wilhelmsen Logistics Americas LLC|300 Interpace Parkway|Bldg B|Parsippany
1|NIKHI CONTRACTING CORP|300 KIMBALL STREET|STE 102|WOODBRIDGE
1|Langan Engineering and Environmental Services LLC|300 Kimbal Drive|4th Floor|Parsippany
1|Endurance Group LLC|300 Knickerbocker Road||Cresskill
1|Concord Advice LLC|300 Main Street|Suite 21|Madison
1|.Com Distribution Corp|300 Nixon Lane||Edison
1|Strategic Planning and Management LLC|300 Third Street|Suite C|Ocean City
1|Curbngo USA LLC|300 Tice Blvd, Suite 175||Woodcliff Lak
1|Rethink Learning Inc|300 Tice Boulevard|Ste 103|Woodcliff
1|QUICKLERT INC|300 Witherspoon St.|Suite 201 & 202|Princeton
1|Axtria Inc|300, Connell Dr|Floor 5|Berkeley Heights
1|Axtria Inc|300,Connell Drive|Floor 5|Berkeley Heights
1|Crystal Bio Solutions Inc|3000 EASTPARK BLVD|STE 500B|CRANBURY
1|Crystal Pharmatech Inc|3000 Eastpark Blvd.|Suite 500 B|Cranbury
1|Epitome Cloud Inc|3000 Hadley Road|Suite 305|South Plainfield
1|J-Star Research Inc|3001 Hadley Road|Units 1 5A|South Plainfield
1|Cyprotex US LLC|301 C College Road East||Princeton
1|UROOJ LLC D/B/A ONPOINTE|301 ROUTE 17 N. SUITE 800||RUTHERFORD
1|UROOJ LLC D/B/A ONPOINTE|301 ROUTE 17N, SUITE 800||RUTHERFORD
1|AP Northeast Management LLC|301 Route 17 North, Suite 802|N/A|Rutherford
1|AP Northeast Management LLC|301 State RT-17|Suite 802|Rutherford
1|Open IT Labs LLC|3015 Lighthouse Lane||Parlin
1|Conjupro Biotherapeutics Inc|302 Carnegie Center|Suite 100|Princeton
1|Conjupro Biotherapeutics Inc|302 Carnegie Center Blvd|Ste 100|Princeton
1|Tech Expert Solutions|302 Clifton Avenue||Clifton
1|ASSOCIATES SYSTEMS LLC|302 Wall Street||Princeton
1|Cryptyx Bioscience|303 College Road East|Suite A|Princeton
1|PolyGone Systems Inc|303A College Road E||Princeton
1|ArrePath Inc|303A College Road East||Princeton
1|SUH & KIM CPAS LLC|306 BROAD AVE, STE 2A||PALISADES PARK
1|SUH & KIM CPAS LLC|306 BROAD AVENUE|STE 2A|PALISADES PARK
1|SUH & KIM CPAS LLC|306 Broad Ave Ste 2A||Palisades Park
1|ASSOCIATES SYSTEMS LLC|306 Wall Street||Princeton
1|AskPharma lnc.|307 College Road East||Princeton
1|P SQUARE SOLUTIONS LLC|307 FELLOWSHIP ROAD|SUITE 104|MOUNT LAUREL
1|Fstone Technologies LLC|3084 Route 27, Ste. 3||Kendall Park
1|ZENOSYS LLC|3084 STATE ROUTE 27|SUITE 12|KENDALL PARK
1|Espryt Inc|3084 State Highway 27|Suite 3|Kendall Park
1|Espryt Inc|3084 State Route 27 Ste 3||Kendall Park
1|Shivam Infotech Inc|3086  State Route 27|Suite 11|Kendall Park
1|Shivam Infotech Inc|3086 NJ-27|STE 11|South Brunswick Township
1|RV INFORMATION TECHNOLOGY INC|309 FELLOWSHIP ROAD, EAST GATE CENTER|SUITE 200|MOUNT LAUREL
1|CONTRIVA INC|309 New Brunswick Ave|Suite 4|Fords
1|XCEED TECHNOLOGIES INC|31 BRIDGE STREET,||METUCHEN
1|Ozaintel LLC|31 Creemer Ave||Iselin
1|Koma Vita Vinna LLC|31 East Reid Place||Verona
1|Clover Bay Technologies Inc|31 Greylynne Drive||Monroe Township
1|INNOZA TECH LLC|310 LARSON ROAD||NORTH BRUNSWICK
1|Maz Design LLC|311 Boulevard of the Americas|Suite 105|Lakewood
1|7FORMATION INC|312 KENNEDY STREET||ISELIN
1|Ben Horten Architecture & Design|312 State Route 10||Randolph
1|Stealth Marketing Group Inc|312 W ROUTE 38|SUITE 120|MOORESTOWN
1|ML Tech Experts Inc|3121 RT 22 E, 3rd Floor||Branchburg
1|CONEXUS SOLUTIONS INC|3121 US Highway 22 East|Suite 303|Branchburg
1|ENVISION TECHNOLOGY SOLUTIONS INC|3121 US ROUTE 22|SUITE 324|BRANCHBURG
1|Elastiq Inc|313 Belle Mead Griggstown Road||Belle Mead
1|Consulting & Municipal Engineers LLC|3141 Bordentown Avenue||Parlin
1|JNIT Technologies Inc|3145 Bordentown Avenue|Suite D1|Parlin
1|QUALITY THEOREM LLC|315 LOWELL AVENUE||HAMILTON
1|Newlines Land Consultants|315 Monmouth Avenue|Suite 205|Lakewood
1|ONEUS Technologies LLC|315 Quail Ridge Dr||Plainsboro
1|Saduptech INC|317  George St Suite 320||New Bruswick
1|Saduptech Inc|317 George  St  Suite 320||New Bruswick
1|E-Deft Solutions LLC|317 George St, 3rd Floor||New Brunswick
1|ADVANCEINNOVATIVE LLC|317 George Street.|Suite 320, 3rd floor plaza II|New Brunswick
1|RELIANT VISION GROUP INC|32 BRIDGE STREET,||METUCHEN
1|Vchalk Solutions Inc|32 Cinder Road|Unit 11|Edison
1|Vchalk Solutions Inc|32 Cinder Road, Unit 11||Edison
1|SRI YELUGURESHA PRASANNA TECHNOLOGIES LLC|32 Cinder Road, Unit 18||Edison
1|Continuum Technologies LLC|32 Cooper Lane||Chester
1|TECHNIQUEST CORPORATION|32 JEFFERSON PLAZA||PRINCETON
1|APPRISE INCORPORATED|32 NASSAU STREET|SUITE 200|PRINCETON
1|IV Technologies Inc|32 Universal Avenue||Iselin
1|Zgage Inc|32 Winding Way||Princeton
1|STAFFWORXS LLC|320 AMBOY AVE REAR||METUCHEN
1|JMR INFO TECH LLC|321 Fairmount Ave|31|Jersey City
1|John Nastasi Architects|321 Newark Street|Suite 2|Hoboken
1|iFinite Solutions LLC|322 US Highway 46|Suite 200E|Parsippany
1|New Jersey Innovation Institute|323 Dr. Martin Luther King Jr. Boulevard||Newark
1|Strategy Soft LLC|323 Main Street, Suite F||Metuchen
1|Procal Technologies Inc|324 Courtyard Drive|Suite B|Hillsborough
1|RAM ASSOCIATES AND COMPANY LLC|3240 E STATE STREET EXTENSION||HAMILTON
1|IT Glitterz LLC|3240 E State St. Ste 100||Hamilton
1|GLOBE SERVE LLC.|3240 E. State St.,|Suite 103|Hamilton
1|GLOBE SERVE LLC|3240 E. State Street|Suite 203|Hamilton
1|SPIRAL SYSTEMS INC|3240 EAST STATE STREET EXT, Ste 204||HAMILTON
1|RAM ASSOCIATES AND COMPANY LLC|3240 EAST STATE STREET EXT.||HAMILTON
1|RAM ASSOCIATES AND COMPANY LLC|3240 EAST STATE STREET EXTENSION||HAMILTON
1|Sathya Sai Corporation|3240 East State Street Extn|Suite 103|Hamilton
1|RAM ASSOCIATES AND COMPANY LLC|3240 STATE ST. EXT.||HAMILTON
1|Controlled Networks Solution LLC|325 South River St.|Suite 200|Hackensack
1|Kinn Consulting Inc|327 Morning Glory Dr|N/A|Monroe Twp
1|Shipworx Engineering LLC|329 New Brunswick Ave|Unit C|Rahway
1|Massa Multimedia Architecture PC|3297 Route 66||Neptune
1|Massa Multimedia Architecture PC|3297 Rte 66||Neptune
1|Massa Multimedia Architecture PC|3297 State Route 66||Neptune
1|VMC2 Solutions LLC|33  S Wood Avenue|Ste 600|Iselin
1|SIARP Technologies LLC|33  Wood Avenue South|STE 600|Iselin
1|COGNITECH TECHNOLOGIES INC|33 BRIDGE STREET||METUCHEN
1|COGNITECH TECHNOLOGIES INC|33 BRIDGE STREET,||METUCHEN
1|OJUS LLC|33 GREYLYNNE DR.||MONROE TOWNSHIP
1|TOP SOFTWARE AND CONSULTING INC|33 GROVE STREET||RUTHERFORD
1|Expert Systems Consultants Inc|33 Glen Rock Road||Cedar Grove
1|Atlantic Food Waste Partners LLC|33 Irving Place|Office 1001|New York
1|Zant Inc|33 Newark St|Fl 4|Hoboken
1|TEKNOZION INC|33 S WOOD AVE,|STE 449|ISELIN
1|Egisbyte LLC|33 S Wood Ave, 6th Fl||Iselin
1|Primetime Technologies Inc|33 Summit Drive||East Brunswick
1|BRIDGETOWN CONSULTING GROUP INC|33 WILLS WAY|BUILDING 9|PISCATAWAY
1|DAN INFO LLC|33 WOOD  AVE SOUTH  600||ISELIN
1|DAN INFO LLC|33 WOOD AVE SOUTH  600||ISELIN
1|SAAN INTERNATIONAL LLC|33 WOOD AVE SOUTH,|SUITE 600|ISELIN
1|TGS Management Company LLC|33 Witherspoon Street|3rd Floor|Princeton
1|TGS Management Company LLC|33 Witherspoon Street,  3rd Floor||Princeton
1|Solytics Partners LLC|33 Wood Ave|Suite 430|Iselin
1|Epitome Cloud Inc|33 Wood Avenue S, Office 401|Suite 600|Iselin
1|Alexa Systems Inc|33 Wood Avenue South,|Suite 600|Iselin
1|Tvisha Technologies Inc|33 Wood Avenue South, Ste 600||Iselin
1|CLIN FOX INTERNATIONAL INC|33 Wood Avenue, South|Suite 600, Office 601|ISELIN
1|Computer Square Inc|330 Mac Lane||Keasbey
1|Boswell Inc|330 Phillips Avenue||South Hackensack
1|BLUE ORION CORPORATION|3307 EVERGREEN LANE||SOUTH PLAINFIELD
1|METASYS CONSULTING GROUP LLC|331 JOHN STREET||EAST NEWARK
1|Hunterdon Facility Planners LLC|3322 Route 22W, Building 10|Suite 1005|Branchburg
1|Dataquest Corp Inc|3322 US Highway – 22|Suite 1001|Branchburg
1|Esterelle LLC|333 Beech Spring Road||South Orange
1|Perception Media Corp.|333 Meadowlands Parkway|Suite 100|Secaucus
1|BORANET INC|333 SYLVAN AVE|SUITE 104|ENGLEWOOD CLIFFS
1|Boranet Inc|333 Sylvan Avenue|Suite 104|Englewood Cliffs
1|SKILLFUL TECHNOLOGIES INC|336 Forest Dr,||Edison
1|Studio Cooke John Architecture and Design LLC|336 N. Fullerton Avenue||Montclair
1|My Monthly LLC|337 Russell Ave||Edgewater
1|AVYA SOLUTIONS INC|338 DAVIDSON AVENUE|SUITE 100|SOMERSET
1|AI AXISS INC|339 Princeton Hightstown Road|Building B|East Windsor
1|StratG Inc|339 Princeton – Hightstown Road|Building B|East Windsor
1|CTDEV Corp.|339 Princeton-Hightstown Road||East Windsor
1|Magnusminds IT Solution LLC|339 Winthrop Dr||Nutley
1|MPP Engineers LLC|34 Anderson Way||Monmouth Junction
1|BINARYQUEST INC|34 BRIDGE STREET||METUCHEN
1|BINARYQUEST INC|34 BRIDGE STREET,||METUCHEN
1|Shriyan Software LLC|34 Fiat Ave||Iselin
1|CONTINUUM DYNAMICS INC|34 LEXINGTON AVENUE||EWING
1|Produce Services of America Inc|34 S. Broadway||Gloucester City
1|EOI Consulting Group LLC|34 Sycamore Avenue|Suite 2H|Little Silver
1|Chipcom Systems Inc|340 Amboy Avenue|Suite E|Metuchen
1|VIRINCHI TECHNOLOGIES LTD|340 RARITAN CENTER PARKWAY||EDISON
1|SANGUINE SOFTWARE SOLUTIONS INC|340 WEST PASSAIC ST|FLOOR 1|ROCHELLE PARK
1|SAGE GROUP TECHNOLOGIES|3400 HIGHWAY 35 S|SUITE 9A|HAZLET
1|Sage Group Technologies Inc|3400 Highway 35|Suite 9A|Hazlet
1|SAGE GROUP TECHNOLOGIES INC|3400 RT. 35|SUITE 9A|HAZLET
1|CENTSTONE SERVICES LLC|3400 State Route 35|Suite 9B|Hazlet
1|PRIME ASSOCIATES SERVICES LLC|342 PARSIPPANY ROAD|STE 4|PARSIPPANY
1|Strategy Soft LLC|343 Main Street, Suite F||Metuchen
1|HSC TECHNOLOGIES INC|345 Kennedy ST||Iselin
1|RAYVEN IT Solutions LLC|345 Palinfield Ave|Suite 303|Edison
1|RAYVEN IT Solutions LLC|345 Palinfield Avenue|Suite 303|Edison
1|TECH DELEGATES INC|348 MICHELLE CIR.||EDISON
1|EVEREST CONSULTING GROUP INC|3480 PARK AVENUE|STE.203|EDISON
1|PIONEER CONSULTING SERVICES LLC|3490  US HIGHWAY 1|BUILDING 10|PRINCETON
1|Pioneer Consulting Services LLC|3490 U.S. Highway 1, Building 10||Princeton
1|Tekva LLC|3490 U.S.1 Building 16|Suite 106|Princeton
1|PENMARK GLOBAL GROUP INC|3490 US 1|BUILDING 16, SUITE 101|PRINCETON
1|PIONEER CONSULTING SERVICES LLC|3490 US HIGHWAY  1|BUILDING 10|PRINCETON
1|CYGNUS PROFESSIONALS INC|3490 US HIGHWAY 1, BLDG 4||PRINCETON
1|Tekva LLC|3490 US HWY 1, Building 16|Suite 106|Princeton
1|HORIZONPLUS TECHNOLOGIES INC|3490 US Highway 1,  Bldg. 4|Suite A|Princeton
1|PIONEER CONSULTING SERVICES LLC|3490 US Highway 1, Building 10||Princeton
1|TK-Chain LLC|3490 US Hwy 1, Bldg 14,|Suite 101B|Princeton
1|TIRUMALA CONSULTANCY SERVICES INC|3490 US ROUTE 1|BUILDING 16, SUITE 101|PRINCETON
1|GAMATECH INC|3490 US ROUTE ONE|STE 7C|PRINCETON
1|Kapo Industrial Construction Inc|3490 US-1|Building 16|Princeton
1|Spica Computers LLC|35 Journal Sq, 4th Floor|Suite 483|Jersey City
1|Spica Computers LLC|35 Journal Square ,4th Floor|Number 483|Jersey City
1|MSQUARE SYSTEMS INC|35 Journal Square,|Suite 480|Jersey City
1|Seva Engineering Services LLC|35 Norwood Pl||Edison
1|Seva Engineering Services LLC|35 Norwood Place||Edison
1|Tech Consulting Inc|35 Oakwood Blvd||Hampton
1|Blueline Consulting|35 RIVER DR S STE. 1808||JERSEY CITY
1|ST. MORITZ SYSTEMS - ISTORE ESSEX LLC|35 S Van Brunt St||Englewood
1|QIKCONNEX LLC|35 Tamarack Circle||Skillman
1|MCKINSOL CONSULTING INC|35-37 PROGRESS STREET|SUITE B1|EDISON
1|Plank Road Ventures|350 7th Street||Hoboken
1|EXPENTOR INC|350 CLARK DR.|SUITE 102|BUDD LAKE
1|Mistry Design LLC|350 Clark Drive|Suite 101|Budd Lake
1|eXpentor Inc|350 Clark Drive, Suite 102||Budd Lake
1|Aterian Group Inc|350 Springfield Avenue, Suite 200||Summit
1|Chipcom Systems Inc|351 Main Street|Suite F|Metuchen
1|Strategy Soft LLC|351 Main Street, Suite A||Metuchen
1|ABAL Technologies Inc|3525 Quakerbridge Road,|Suite 1100|Hamilton
1|NeuTigers Inc|357 Ewing Street||Princeton
1|gka Architects, PC|36 Ames Ave||Rutherford
1|Wang, Gao, and Associates, P.C.|36 Bridge Street||Metuchen
1|Crayon Media LLC|36 Springwood Dr||Monroe Township
1|MVMK LLC|360 14th Street||Hoboken
1|Artech LLC aka Artech Information Systems LLC|360 Mt Kemble Ave|2000|Morristown
1|MEDIAAGILITY INC|360 WALL STREET||PRINCETON
1|Phase 4 Digital LLC|3604 Vroom Drive||Bridgewater
1|JDL Group Inc|361 Route 31|Suite 1502|Flemington
1|JDL Group Inc|361 Route 31 Suite 1502||Flemington
1|Corra Technology Inc|363 Bloomfield Ave|3C|Montclair
1|Corra Technology Inc|363 Bloomfield Avenue|Suite 3C|Montclair
1|G2 BIOPHARMA SERVICES INC|3637 Brunswick Pike||Princeton
1|Techminds Group LLC|365 West Passaic St|Suite 228|Rochelle Park
1|Max Tech Solutions Inc|365 West Passaic Street|Suite 128|Rochelle Park
1|Samp Surad Group Inc|3677 JOHN F. KENNEDY BLVD||JERSEY CITY
1|Akoya Solutions LLC|37 Easton Ave|Suite 200|New Brunswick
1|YATA CONSULTING SOLUTIONS LLC|37 NORTH MAIN ST.|SUITE 201|CRANBURY
1|CYBAGE SOFTWARE INC|37 STATION DRIVE|SUITE E|PRINCETON JUNCTION
1|ForteEdge Inc|370 Campus Dr|Suite 130|Somerset
1|Innovative Advocate Group|370 State Highway 35|Suite 201|Red Bank
1|MP ENGINEERS, P.C.|3700 RT. 27|SUITE 101|PRINCETON
1|MP Engineers, P.C.|3700 Rt 27|Suite 101|Princeton
1|Nayak Corporation Inc|3705 Quakerbridge Road,|Suite 201|Hamilton
1|FIRST TEK INC|371 Hoes Lane,|Suite 201|Piscataway,
1|RPNC Systems Inc|371 Hoes Lane, Suite 200||Piscataway
1|Millennium Softtech Inc|371 Hoes Lane, Suite 200-51||PISCATAWAY
1|Sintan Solutions Inc|372 US Highway 22 West|Suite 1A|Whitehouse Station
1|Sintan Solutions Inc|372 US Route 22 West|Suite 1A|Whitehouse Station
1|Eminent Technologies Inc|373 E Main St|Suite 205|Somerville
1|Moofwd, inc.|3759 U.S. Highway 1 South, Suite 104||Monmouth Junction
1|Inrika Inc|3759 US 1|Suite 103|Monmouth Junction
1|Moofwd Inc|3759 US Highway 1 South|Suite 104|Monmouth Junction
1|Exafluence Inc|3759 US Route 1 South|Suite 203|South Brunswick
1|CDATASYSTEMS INC|379 PRINCETON HIGHTSTOWN|BUILDING 2, SECOND FLOOR|EAST WINDSOR
1|PIONEER CONSULTING LLC|379 Princeton Hightstown Road,Building 1, Second Floor|SUITE A|Cranbury
1|SLV TECHNOLOGIES INC|379 Princeton-Hightstown Road|Suite 1107|East Windsor
1|ONEUS Technologies LLC|379 Princeton-Hightstown Road, Building 1205|Suite G|East Windsor
1|Kente Gold Build LLC|379 Thornden Street||South Orange
1|MERCHANT AVIATION LLC|382 SPRINGFIELD AVENUE|SUITE 411|SUMMIT
1|Merchant Aviation LLC|382 Springfield Ave|Suite 411|Summit
1|AM Logic Corporation|3830 Park Avenue,|Suite 207|EDISON
1|EVEREST CONSULTING GROUP INC|3840 PARK AVE/|STE.203|EDISON
1|EVEREST CONSULTING GROUP INC|3840 PARKA VE.|STE.203|EDISON
1|ORTUS AFFILIATES INC|3880 PARK AVENUE|SUITE 104|EDISON
1|SAX LLP|389 Interpace Parkway|Ste 3|Parsippany
1|Resource Logistics Inc|39  Milltown Road|Floor 2|East Brunswick
1|Resource Logistics Inc|39  Milltown Road,|Floor 2|East Brunswick
1|W.R. Rosato & Associates LLC|39 Avenue at the Commons||Shrewsbury
1|RHINO INFOTECH LLC|39 BRISTOL ROAD||MANALAPAN TOWNSHIP
1|Idealforce Incorporation|39 Geraldine Road||Englewood Cliffs
1|Tekni Engg USA LTD|39 Greene St|Suite 203|Jersey City
1|Narinder Alliance LLC|39 Greene St 203||Jersey City
1|Narinder Alliance LLC|39 Greene St, 203||Jersey City
1|Kaynes Technology Inc|39 Jaime Ct||Morris Plains
1|ARTCRITICAL LLC|39 MADISON AVENUE||JERSEY CITY
1|SellerShipping LLC|39 MONTCLAIR AVE||LITTLE FALLS
1|Resource Logistics Inc|39 Mill town Road, Floor 2||East Brunswick
1|Resource Logistics Inc|39 Milltown Road,|Floor 2|East Brunswick
1|US Net Technologies Inc|39 Peach Orchard Dr||East Brunswick
1|OCIM Pharmaceuticals LLC|39 RT-46, Suite 803,||Pine Brook
1|OCIM Pharmaceuticals LLC|39 Route 46, Suite 803||Pine Brook
1|Swasti Software Inc|39 Treetops Circle||Princeton
1|MICROINTECH LLC|390 AMWELL ROAD,|STE 309|HILLSBOROUGH
1|MICROINTECH LLC|390 AMWELL ROAD, STE 309||Hillsborough
1|Trovetechs Inc|390 Amwell Road, Suite 313||Hillsborough
1|Pull Skill Technologies Inc|393 N Farview Avenue||Paramus
1|Tekva LLC|3940 US 1|Building 16, Suite 106|Princeton
1|Sapiens Americas Corporation|395  West Passaic Street|490|Rochelle Park
1|Sapiens Americas Corporation|395 W Passaic|Suite 490|Rochelle Park
1|Sapiens Americas Corporation|396  West Passaic Street|490|Rochelle Park
1|Computer Management And Information Solutions Inc|397 Ridge Road; Ste 4||DAYTON
1|Circular Edge LLC|399 Campus Drive|Suite 102|Somerset
1|CLASSIC COMPUTERS CORPORATION|399 Hoes Lane|Floor 3|Piscataway
1|Birlasoft Consulting Inc|399 Thornall St|Floor 12|Edison
1|Vision Stream LLC|3996 Country Road 516|Suite 106|Matawan
1|Orison Solutions LLC|3rd Floor, Suite 306|1 West State Street|Trenton
1|Micronetbd INC|4 AAA Drive|Ste 205|Hamilton
1|TIGER ADVISORY ASSOCIATES LLC|4 Campus Drive|STE 110|Parsippany
1|Visionet Systems Inc|4 Ceadrbrook Drive|Building B|Cranbury
1|Visionet Systems Inc|4 Cedarbrook Drive Building B||Cranbury
1|Visionet Systems Inc|4 Cedarbrrok Dr|Building B|Cranbury
1|Visionet Systems Inc|4 Cederbrook dr|Building B|Cranbury
1|A2Z Scientific Inc|4 Cobblestone Court,||Warren
1|IT Support Professionals Inc|4 Coleridge Dr||Marlboro
1|Weeks Marine Inc|4 Commerce Drive||Cranford
1|CODGRID LLC|4 DURHAM ROAD||EDISON
1|George S. Hall Inc|4 Gatehall Drive, 2nd Floor||Parsippany
1|Clinilabs Inc|4 Industrial Way West|2nd Floor|Eatontown
1|Network Technology Services Inc|4 Kelly Place, Suite 651||Stanhope
1|Chromak Research Inc|4 Leonard Street||Metuchen
1|Avenues International Inc|4 Restrick Court||Princeton Junction
1|DECOFRUT INC|4 S KING ST||GLOUCESTER CITY
1|DECOFRUT INC|4 S KING ST.||GLOUCESTER CITY
1|DECOFRUT INC|4 S KING STREET||GLOUCESTER CITY
1|Eskare Inc|4 Talmadge Ln||Basking Ridge
1|JM INFORMATION SYSTEMS LLC|40 BRUNSWICK AVE, SUITE 203||EDISON
1|Techno9 Solutions Inc|40 Brunswick Ave,|Suite 205|Edison
1|JM Information Systems LLC|40 Brunswick Ave, Suite 200||Edison
1|Avertix Medical Inc|40 Christopher Way|Suite 201|Eatontown
1|Questkart Inc|40 Drayton Ln||Plainsboro
1|Mid-Atlantic Equine Medical Center|40 Frontage Road||Ringoes
1|Harrison-Hamnett, P.C.|40 Knowles Street||Pennington
1|NCOR GROUP INC|40 LANE ROAD|STE 201|FAIRFIELD
1|HomeSource Inc|40 Lake Center Executive Park|Suite 250|Marlton
1|MPG LLC II|40 Lakeshore Drive||Princeton Junction
1|S CUBE SOFT INC|40 NJ-94|SUITE L2B|MCAFEE
1|EC2 SOFTWARE SOLUTIONS LLC|400 APGAR DRIVE|SUITE I|SOMERSET
1|NORRIS McLAUGHLIN, PA|400 CROSSING BOULEVAROAD|8TH FLOOR|BRIDGEWATER
1|Atlas Data Systems Inc|400 Conneell Drive|Suite 6000|Berkeley Heights
1|Harding Loevner LP|400 Crossing Blvd.|4th Floor|Bridgewater
1|Ogilvy CommonHealth Worldwide LLC d/b/a Ogilvy Health|400 Interpace Parkway||Parsippany
1|Managed Health Care Associates Inc|400 Interpace Parkway, Building C|Suite 200|Parsippany
1|Ogilvy CommonHealth Worldwide LLC|400 Interspace Parkway||Parsippany
1|Specialty PharmaSource LLC|400 Morris Avenue, Suite 121||Denville
1|MICROEXCEL INC|400 PLAZA DRIVE|1ST FLOOR|SECAUCUS
1|CYBER 1 ARMOR INC|400 RIVERVIEW PLAZA|SUITE 104|TRENTON
1|PARK AND KIM, CPAS, PC|400 SYLVAN AVE|SUITE 111|ENGLEWOOD CLIFFS
1|CREATIVE FUTURE SYSTEMS INC|400 SYLVAN AVENUE|SUITE 110|ENGLEWOOD CLIFFS
1|JLM SYSTEMS INC|400 SYLVAN AVENUE SUITE 209||ENGLEWOOD CLIFFS
1|Agiletal Technologies Inc|400 South Avenue,|Suite 8,|Middlesex
1|Yehezkel CPA LLC|400 Tenafly Road|Unit 466|Tenafly
1|Yehezkel CPA LLC|400 Tenafly Road, Unit 466||Tenafly
1|VENSIT CORP|4000 BOROADENTOWN AVENUE|SUITE 36|SAYREVILLE
1|EOS Accountants LLP|401 Hackensack Ave|Suite 1001|Hackensack
1|EOS Accountants LLP|401 Hackensack Avenue, Suite 1001||Hackensack
1|CLICK SOFT TECHNOLOGIES LLC|401 RIDGE ROAD|SUITE 1, UNIT 3|DAYTON
1|United Pharma LLC|402 Main Street|Suite 202|Metuchen
1|METASENSE INC|403 COMMERCE LN.|SUITE 5|WEST BERLIN
1|Coriell Institute for Medical Research|403 Haddon Avenue||Camden
1|SMACFORCE CONSULTING LLC|404 BIRCHFIELD DRIVE||MOUNT LAUREL
1|TDK-LAMBDA AMERICAS INC|405 Essex Road||Neptune
1|IPIVOT LLC|405 RIDGE ROAD NJ||DAYTON
1|TIMESOFT SOLUTIONS LLC|405 STATE HIGHWAY 121|SUITE A250|LEWISVILLE
1|RMATRIX LLC|4074 US HIGHWAY 1||MONMOUTH JUNCTION
1|TRI-STATE LIGHT & ENERGY INC|409 JOYCE KILMER AVE, STE 201||NEW BRUNSWICK
1|EZOPS INC|409 Joyce Kilmer Ave, Ste 321||New Brunswick
1|SAMJAN GROUP INC|40E COTTERS LANE|SUITE A|East Brunswick
1|THE TRANSFORMATION GROUP LLC|41 COLONY ROAD||EDGEWATER
1|ASPEN SOLUTIONS LLC|41 MIDDLESEX AVE||ISELIN
1|The Law Office of Carolina T. Curbelo LLC|41 North Broad Street, 2nd Floor||Ridgewood
1|Garden State Laboratories Inc|410 Hillside Avenue||Hillside
1|Alltech Consulting Services Inc|410 Wall Street||Princeton
1|COMPUGRA SYSTEMS INC|4105  US HIGHWAY 1|SUITE 11|MONMOUTH JCT
1|Sarian Solutions Inc|4105 Route 1 South|Suite 8|Monmouth Junction
1|Arohak Inc|4105 US HWY 1|Suite 16|Monmouth Junction
1|Arohak Inc|4105 US HWY 1, Suite  16||Monmouth Junction
1|Datafoundry Inc|4105, US Hwy 1|Suite 16|Monmouth Junction
1|D & W Designs LLC|418 Ridgewood Avenue||Glen Ridge
1|Kani Solutions Inc|42 Chesapeake Road||Monmouth Junction
1|OBERLAND Inc|42 Farview Avenue||Navesink
1|MNR IT SOLUTIONS LLC|42 MOUNTAIN AVENUE||CHATHAM
1|JARMEL KIZEL ARCHITECTS AND ENGINEERS INC|42 OKNER PARKERWAY||LIVINGSTON
1|AADYAM TECHNOLOGIES LLC|420 Route 46 EAST|Suite 8A|Fairfield
1|MODULAR SOFTWARE CONSULTING LLC|4201 CHURCH ROAD|SUITE 14|MT. LAUREL
1|OlenderFeldman LLP|422 Morris Avenue||Summit
1|AD ENERGY LLC|423 Commerce Ln|Unit 4|West Berlin
1|LAW OFFICES OF INGRID ECHEVERRIA LLC|424 57TH STREET||WEST NEW YORK
1|Fipsar Inc|424 Courtyard Drive||Hillsborough
1|CIBERGATE INC|4249 US HIGHWAY 9 SUITE   2E-2F||FREEHOLD
1|Goodgold West Diaz Bennett & Klein LLC|425 Eagle Rock Avenue|Suite 405|Roseland
1|Diaspora Law LLC|425 Elmora Avenue||Elizabeth
1|ETOC CORPORATION|4250 Route1, Suite 101||Monmouth Junction
1|ESYSTEMS INC|4250 U S ROUTE 1|SUITE 105|MONMOUTH JUNCTION
1|TECHNO TEK INCORPORATED|4250 U.S. ROUTE 1, SUOTE 100||MONMOUTH JUNCTION
1|ADHRIT INC|4250 US Route 1 North|Suite 104|Monmouth Junction
1|ADHRIT INC|4250 US Route 1 North, SUITE   104||Monmouth Junction
1|Techno Tek Inc|4250 US Rt. 1|Suite 100|Monmouth Junction
1|Digitran Tech Solutions Inc|4250 US-1 Suite 109||Monmouth Junction
1|DSBRIDGE CORP|4250 US1|Suite 150|Monmouth Junction
1|Nexera Solutions LLC|4255 Route 9N|Suite 5C|Freehold
1|AIRMOUNT LLC|426 Airmount Avenue||Ramsey
1|Bicitis Group Inc|426 Herrick Drive||Dover
1|Biophore Pharma Inc|4262 US Highway One, Suite A||Monmouth Junction
1|SKILLFUL TECHNOLOGIES INC|4270 US HIGHWAY 1,|SUITE 2A|MONMOUTH JUNCTION
1|SKILLFUL TECHNOLOGIES INC|4270 US HIGHWAY 1, SUITE  2A||MONMOUTH JUNCTION
1|Formal Business Solutions LLC|43 Rhyan Dr||Parsippany
1|Century Conveyor Systems Inc|4301 South Clinton Avenue||South Plainfield
1|Intellect Technologies Inc|4301 U.S.Highway 1, Suite 120||Monmouth Junction
1|QUESTSOFT SOLUTIONS INC|432 ROUTE 34,|SUITE 3A|MATAWAN
1|Questsoft Solutions Inc|432 Route 34|Suite 3A|Matawan
1|Filtration Solutions Inc|432 Sand Shore Road|Unit 8|Hackettstown
1|Semaphore Partners LLC|434 Caldwell Drive||Wyckoff
1|Finacle Soft Inc|4365 US Highway 1,|Suite 203|Princeton
1|Fortira Inc|4365 US Hwy 1 South|Suite 205|Princeton
1|Finacle Soft Inc|4365 US Route  1,|Suite 203|Princeton
1|MP Infotech Corp|4365 US Route-1|Suite 202|princeton
1|SRI INFOTECH INC|4365 US Rt 1|SUITE 208|PRINCESTON
1|Sri Infotech Inc|4365 US Rt. 1|Suite 208|Princeton
1|SRI INFOTECH INC|4365 US-1|SUITE 208|PRINCETON
1|INPENSA INC|438 Route 206|Ste 3 503|Hillsborough
1|COMPREHENSIVE RESOURCES INC|439 ROUTE 34|SUITE D|MATAWAN
1|Hanu Software Solutions Inc|4390  US Route 1|STE 200|Princeton
1|Hanu Software Solutions Inc|4390 Route 1|Suite 200|Princeton
1|Infer Solutions Inc|4390 US HWY 1|302|Princeton
1|Millennium Info Tech Inc|4390 US Route 1 North|Suite 121|Princeton
1|Cyberstars LLC|4390 US-1|Suite 205|Princeton
1|Hanu Software Solutions Inc|4393 US Route 1|Suite 200|Princeton
1|IPKEYS POWER PARTNERS INC|44 Gilbert Street West||Tinton Falls
1|Jersey Technology Partners|44 Milltown Road|2nd Floor|East Brunswick
1|Knowteq LLC|44 Pemberton Lane|Suite A|East Windsor
1|ORBIS INC|44 STELTON ROAD|SUITE 250|PISCATAWAY
1|Momento USA|440 Benigno Blvd||Bellmawr
1|SAMP ENGINEERING INC|440 NJ-17|SUITE 2|HASBROUCK HEIGHTS
1|FinTek Solutions LLC|4400 Route 9|Suite 1000|Freehold
1|Fortuna IT solutions LLC|4400 US-9|Suite 1000|Freehold
1|BNH Technologies Inc|4400, Route 9 South|Suite 1000|Freehold
1|JOB 4 AMERICANS INC|4403 E BLACK HORSE PIKE|STE 1102|MAYS LANDING
1|Selegic Inc|4425 Fortran Dr, Suite 103||San Jose
1|NEXUS IT INC|44330 MERCURE CIRCLE|STE 147|STERLING
1|NYC GRAVITYNET LLC|445 BROADHOLLOW ROAD|SUITE 210|MELVILLE
1|VICHARA TECHNOLOGIES INC|445 GODWIN AVENUE|UNIT D|MIDLAND PARK
1|CCA Construction Inc|445 South St.|Suite 310|Morristown
1|SKYLITE LLC|4469 ROUTE 27|STE 203|PRINCETON
1|KUNOSOLTECH LLC|4469 ROUTE-27|SUITE 301|PRINCETON
1|Hycloud Technologies LLC|4475  South Clinton Ave|Suite 211|South Plainfield
1|FUGEN IT SOLUTIONS INC|4475 ROUTE 27||PRINCETON
1|STARK PHARMA TECHNOLOGY INC|4475 SOUTH CLINTON AVENUE|SUITE 230|SOUTH PLAINFIELD
1|Hycloud Technologies LLC|4475 Suite 211, South Clinton Ave||South Plainfield
1|THE DEROSA GROUP ARCHITECTS, P.C.|45 ACADEMY STREET, SUITE 202,||NEWARK
1|Staff Aug LLC|45 Brant Avenue|Unit 6|Clark
1|Staff Aug LLC|45 Brant Avenue, Unit 6||Clark
1|Connexions Data Inc|45 EISENHOWER DRIVE|Suite 245|Paramus
1|Aethon Solutions LLC|45 Malsbury Street||Robbinsville
1|MAGTECH CONSULTING AND SOLUTIONS DEVELOPMENT CORPORATION|45 S MAIN STREET|SUITE 2|MANVILLE
1|NETSEC PROFESSIONALS CORPORATION|45 S Main Street, Suite   3||Manville
1|Career Soft Solutions Inc|45 Talmadge Road|Suite 12|Edison
1|Horizon Group USA Inc|45 Technology Drive||Warren
1|GREYCELLS TECHNOLOGIES LLC|45 WYCKLOW COURT||ROBBINSVILLE
1|New Target Health Inc|450 Commerce Blvd||Carlstadt
1|Target Health LLC|450 Commerce Blvd.|2nd Floor|Carlstadt
1|E-GIANTS TECHNOLOGIES LLC|4500 WESTOWN PARKWAY|SUITE 115|WEST DES MOINES
1|NIKSUN INC|457 NORTH HARRISON STREET||PRINCETON
1|Sphere Management Inc|458 Elizabeth Ave Suite 5343||Somerset
1|The WU Law Firm LLC|46 BAYAROAD ST|STE 303|NEW BRUNSWICK
1|Hechessee Technologies LLC|46 CASSELBERRY WAY||MONROE TWP
1|Merit SI LLC|46 E. Main Street|Suite 302|Somerville
1|The WU Law Firm LLC|46 Paterson Street|Suite 2C|New Brunswick
1|SYNTHETIXAI INC|460 BLOOMFIELD AVE|308|MONTLAIR
1|Cho & Leigh PC|460 Bergen Blvd|Ste 303|Palisades Park
1|BENELI ARCHITECTS & DESIGN GROUP INC|462 BROAD AVENUE||PALISADES PARK
1|SBB SHIPPING USA INC|464 VALLEY BROOK AVE|FL 3|LYNDHURST
1|Ciphertext Solutions Inc|469 Cedar Hill Avenue||Wyckoff
1|Shoolin Inc|47  Bridge Street|Bldg A|Metuchen
1|SHOOLIN INC|47 BRIDGE ST.|BUILDING A|METUCHEN
1|Shoolin Inc|47 Brigde Street|Bldg A|METUCHEN
1|Keystone Cyber Protection LLC|47 Canary Dr||Lakewood
1|Hudson Valley Systems Inc|47 Hamilton Lane||Plainsboro
1|CHI Consulting Engineers LLC|47 Maple Street|A201|Summit
1|Kapo Industrial Construction Inc|47 Pink Street||Hackensack
1|InnoSepra LLC|47 William Penn Road||Warren
1|Sheela Inc|471 Sykesville Road||Wrightstown
1|SHEELA INC|471 WRIGHTSTOWN SYKESVILLE ROAD||WRIGHTSTOWN
1|Jonathan L Hornik Esq PC|475 County Road 520 Suite 200||Marlboro
1|Markov Processes International Inc|475 Springfield Ave|Suite 401|Summit
1|Markov Processes International Inc|475 Springfield Avenue|Suite 401|Summit
1|LOTUSDATA, LLP.|475 WALL ST.||PRINCETON
1|CLOUD INVENTIONS INC|475 WALLS STREET|SUITE 259|PRINCETON
1|Techigai Inc|475 Wall Street 255||Princeton
1|Techvista Services Corp|479 County Route 520|Suite B201|Marlboro
1|TECHVISTA SERVICES CORP|479 County Rte 520 Suite B201||Marlboro Township
1|Dheeyo LLC|479 Route 520|Suite B201|Marlboro
1|Phase 4 Digital LLC|48 Reinhart Way||Bridgewater
1|Hanwool Tax & Accounting LLC|480 Broad Ave|1st Floor|Ridgefield
1|StaffingFox LLC|4803 Stonehedge ROAD||Edison
1|Cloud Reboot Inc|4813 Fox Run Dr||Plainsboro
1|LAW OFFICES OF SUSHEELA VERMA|485 (E) ROUTE 1 SOUTH|SUITE 240|ISELIN
1|KAVYOS CONSULTING INC|485 C ROUTE 1 SOUTH|SUITE 320|Iselin
1|KAVYOS CONSULTING INC|485 C ROUTE 1 SOUTH, SUITE 320||Iselin
1|MNM Consultant LLC|485 New York Road|Suite A2|Galloway
1|Flex Consulting Group Inc|485 Route 1 South|Suite 4B|Edison
1|MNM Consultant LLC|485 S New York Road|Suite A 2|Galloway
1|Ace Software Solutions Inc|485-B Route 1 South|Suite 310|Iselin
1|Ace Software Solutions Inc|485B Route 1 South|Suite 310|Iselin
1|JVM Global Inc|485C U.S 1 South|Suite 100|Iselin
1|JVM Global Inc|485C U.S. 1 South|Suite 100|Iselin
1|OBJECT DATA INC|485C US ROUTE 1|SUITE 100|ISELIN
1|NPZ LAW GROUP, P.C.|487 GOFFLE ROAD, VISASERVE PLAZA||RIDGEWOOD
1|Hua Gao CPA LLC|49 Bridge Street||Metuchen
1|Solaris Pharma|49 Napoleon Court||Somerset,
1|RB Healthcare Management LLC|494 Broad St|Floor 4|Newark
1|TCM Groups Inc|495 Plainfield Avenue||Berkeley Heights
1|MARS PARTNERS INC|498 INMAN AVENUE|SUITE 203|COLONIA
1|Insight Hospitality Inc|4989 Stelton Road||South Plainfield
1|Visionet Systems Inc|4B Cedarbrook Dr||Cranbury
1|Visionet Systems Inc|4B Cedarbrook Drive||Cranbury
1|Nexomics Inc|5  Crescent Ave|Suite G1|Rocky Hill
1|Norcapco Integrated Solutions Inc|5 Auer Court|Suite H|East Brunswick
1|TECHROOTED INC|5 BRENTWOOD PL||MONROE TOWNSHIP
1|All-Win Group LLC|5 Bel Air Ct||Milltown
1|Saansol Inc|5 Bridge Street|Building C|Metuchen
1|Saansol Inc|5 Bridge Street, Bldg C||Metuchen
1|Saansol Inc|5 Bridge Street, Bldg. C||Metuchen
1|Saansol Inc|5 Bridge Street, Bldg. C,||Metuchen
1|Sypram Software LLC|5 CLYDE ROAD|Suite 101|SOMERSET
1|IVIEW Therapeutics Inc|5 Cedar Brook Drive|Suite 2|Cranbury
1|IVIEW Therapeutics Inc|5 Cedarbrook Drive|Suite 2|Cranbury
1|Crewfox LLC|5 Dickenson Ct||Plainsboro
1|EXCELGENS INC|5 EAST MAIN STREET, 2ND FLOOR|Suite 6B|Denville
1|Vijaya Solutions Inc|5 Garretson Drive||Franklin Park
1|PicoSolutions Group Inc|5 Half Moon Isle||Jersey City
1|PRINCETON IT AMERICA INC|5 INDEPENCE WAY|SUITE 215|PRINCETON
1|GURUSCHOOLS LLC|5 INDEPENDECE WAY|3RD FLOOR|PRINCETON
1|GIS MONK INC|5 INDEPENDENCE WAY, 3ROAD FLOOR|Suite 300|PRINCETON
1|VRK IT VISION INC|5 Independence Way, 3rd Floor|Suite 300B|Princeton
1|HubEntry LLC|5 Independence Way, Suite   300,||Princeton
1|AGILETECH SOLUTIONS INC|5 Independence Way, Suite 223A||Princeton
1|AMERICAN ANALYST INC|5 JARED PL||BUDDLAKE
1|FPM TECHNOLOGIES INC|5 MICHALIK DRIVE|SUITE 500|SAYREVILLE
1|QPhoton Inc|5 Marine View Plaza|Suite 201|Hoboken
1|Quantum Computing Inc|5 Marine View Plaza, STE 214||Hoboken
1|Brand K Partners LLC|5 Sicomac Road||North Haledon
1|Qlogic LLC|5 Twin Oaks Road||Parsippany
1|Groupsoft US Inc|5 Vaughn Dr.|Suite 150|Princeton
1|CEM Business Solutions Inc|50 Chestnut Ridge Road|Suite 103|Montvale
1|Code Ace Solutions Inc|50 Craagwood Road|Suite 217|South Plainfield
1|Systechcorp Inc|50 Cragdwood Road|Suite 216|South Plainfield
1|Code Ace Solutions Inc|50 Cragwood Road, Suite 217||South Plainfield
1|Digital Scripts Inc|50 Creagwood Road|Suite 218|South Plainfield
1|CIBERSPRING INTERNATIONAL LLC|50 DIVISION ST.|SUITE 501|SOMERVILLE
1|Unisoft Solutions LLC|50 Division St|Suite 501|Somerville
1|SPECTRA SOLUTIONS INC|50 HAMPSHIRE DRIVE||PLAINSBORO
1|VERTUS ENTERPRISES INC|50 HARRISON ST. PH. 608||HOBOKEN
1|Horizon Solutions LLC|50 Honeyman Road||Basking Ridge
1|Acsis Inc|50 Lake Center Executive Parkway|Suite 201, 401 Route 73N, Building 50|Marlton
1|INVICTECH INC|50 MILLSTONE ROAD,BLDG.  400|SUITE 200|EAST WINDSOR
1|CloudRay Inc|50 Millstone Road, Blg 200|Suite 240|East Windsor
1|Invictech Inc|50 Millstone Road, Building 200|Suite 180|EAST WINDSOR
1|Invictech Inc|50 Millstone Road, Building 400|Suite 200|EAST WINDSOR
1|Population Health Partners LLC|50 Mountaintop Road||Bernardsville
1|ITECH CONSULTING PARTNERS LLC|50 PARK PLACE|SUITE 1101B|NEWARK
1|LOGICPRO SYSTEMS INC|50 PRINCETON HIGHTSTOWN ROAD|SUITE 270|PRINCETON JUNCTION
1|Dow Technologies and Systems Corp|50 Park Place, Robert Treat Centre, STE 1431||Newark
1|CEM Business Solutions Inc|50 Tice Blvd.|Suite 340|Wood Cliff Lake
1|Kadan Productions LLC|50-52 Metro Way||Secaucus
1|SILICON STAFF IT SERVICES INC,|500 ALEXANDER PARK DRIVE SUITE 102||PRINCETON
1|Greenberg Traurig, LLP|500 CAMPUS DRIVE|SUITE 400|FLORHAM PARK
1|SMAC APPS LLC|500 COLLEGE ROAD|SUITE 235|PRINCETON
1|Pionex Inc|500 College Park Road East|Suite 120|Princeton
1|Symbiance Inc|500 College Road E, Suite 220||Princeton
1|Symbiance Inc|500 College Road E, Suite 415||Princeton
1|TK-Chain LLC|500 College Road East,|Suite 202|Princeton
1|UVeye Inc|500 Frank W Burr Blvd||Teaneck
1|EOS Accountants LLP|500 Frank W. Burr Boulevard|Suite 380|Teaneck
1|Sort & Export Co.|500 Markley St.||Port Reading
1|IFSINTEGRATED FINANCIAL SOLUTIONS INC|500 Route 17 South|Suite 202|Hasbrouck Heights
1|KIRAN LAW FIRM PC|5016 ROUTE 130 NORTH||DELRAN
1|Coforge Limited f/k/a NIIT Technologies Limited|502  Carnegie Center Drive|STE 301|Princeton
1|GNARITAS|502 CARNEGIE CTR|STE 101|Princeton
1|Navitas Inc|502 Carnegie Center|Suite 102|Princeton
1|Gnaritas|502 Carnegie Ctr., STE 101||Princerton
1|Chenosa Systems Corporation|502 Pleasant Valley Ave||Moorestown
1|Chenosa Systems Corp.|502 Pleasant Valley Avenue||Moorestown
1|SAVANTIS SOLUTIONS LLC|505  THORNALL STREET|SUITE 406|EDISON
1|Scapien|505 Bergen Street||Lawrence Township
1|American Techno Solutions Inc|505 Main Street|Suite 410|Hackensack,
1|AKVARR INC|505 Thornall St.|Suite 406|Edison
1|AKVARR INC|505 Thronal Street|Suite 406|Edison
1|WithumSmith&Brown, PC|506 Carnegie Center Dr|Suite 400|Princeton
1|WithumSmith&Brown, P.C.|506 Carnegie Center Dr.|Suite 400|Princeton
1|Dataline Inc|506 Carnegie Center Drive|Suite 105|Princeton
1|CCube9 Infotech Inc|506 Prospect Street||Glen Rock
1|Arterial LLC|507 Bloomfield Avenue|Flr 2|Montclair
1|Comptivia Technologies LLC|508 Main St||Boonton
1|Enternet Business Systems Inc|50A US Highway 9 N|Suite 108|Morganville
1|Enternet Business Systems Inc|50A US Highway 9N|Suite 108|Morganville
1|Enternet Business Systems Inc|50A US Highway Rt 9 N|Ste 108|Morganville
1|KMK CONSULTING INC|51 GIBRALTAR DRIVE|3RD FLOOR|MORRIS PLAINS
1|Hoodoo Digital LLC|51 JFK Pkwy., 1st Fl., W.|Suite 125|Short Hills
1|SEMBLY AI INC|51 McCAIN COURT||CLOSTER
1|SCALE MICROGRID SOLUTIONS MANAGEMENT LLC|51-53 S BROAD STREET||RIDGEWOOD
1|Scale Microgrid Solutions Management LLC|51-53 South Broad Street||Ridgewood
1|Maxis Clinical Sciences LLC|510  Thornall Street|Suite 180|Edison
1|DATA INC|510 THORNALL STREET, SUITE 370||EDISON
1|Camares Communications DIP|515  Valley St.|Suite 190|Maplewood
1|ITCaps LLC|515 Washington Road,|Suite 1|Parlin
1|ITCaps LLC|515A  Washington Road||Parlin
1|GURUS IT SERVICES LLC|517 GEORGES ROAD||NORTH  BRUNSWICK
1|Priamba Soft LLC|517 HWY 1 S|SUITE 1193|ISELIN
1|PRIAMBA SOFT LLC|517 RT. 1 S|SUITE 1193|ISELIN
1|BI Labs Inc|517 Rout 1S|Suite 1116|Iselin
1|Intellectt Inc|517 Route   1 South|1115|Iselin
1|Intellectt Inc|517 Route 1|1115|Iselin
1|Intellectt IOnc|517 Route 1 South,|Suite 1115|Iselin
1|Intellectt Inc|517 Rt 1 South,|1115|Iselin
1|ACQUAVELLA, CHIARELLI, SHUSTER, LLP|517 U.S. Highway 1 South|Suite 3102|Iselin
1|Priamba Soft LLC|517 US HWY 1 SOUTH|SUITE 1193|ISELIN
1|PRIAMBA SOFT LLC|517 US HWY.  1 S|SUITE 1193|ISELIN
1|PRIAMBA SOFT LLC|517 US HWY. 1 S.|SUITE 1193|ISELIN
1|Acquavella, Chiarelli, Shuster, LLP|517 US Highway 1 South|Suite 3102|Iselin
1|Cathedral CPAs & Advisors LLP|517 US-1|Suite 3102|Iselin
1|ACTION TITLE RESEARCH LLC|519 S. BROAD STREET||GLEN ROCK
1|Sunnydale eCommerce Inc|52 Richboynton Road, Unit C||Dover
1|Concord Engineering Group Inc|520 S. BURNT MILL ROAD||VOORHEES
1|ArisGlobal LLC|520 US-22||Bridgewater Township
1|NW Financial Group LLC|522 Broad Street||Bloomfield
1|IM SOLUTIONS INC|524 WEST 7TH AVENUE||ROSELLE
1|Ant Team Service Corp|525 ROUTE 73 N|STE 104|MARLTON
1|Asia Policy Institute Inc|525 Route 73 N Ste 104||Marlton
1|Lepus AI LLC|525 Route 73 North Ste 104||Marlton
1|Hephae Technology LLC|525 Washington Blvd 300|Unit 42 Floor 3|Jersey City
1|Hopkins Medtech Group LLC|53 Goltra Dr||Basking Ridge
1|Corporate Biz Solutions Inc|53 High St|Suite 104|Jersey City
1|McLaren Technical Services Inc|530 Chestnut Ridge Road||Woodcliff Lake
1|ARROSOFT SOLUTIONS LLC|530 Union Ave|Suite 1|Middlesex
1|NAAV Business Solutions LLC|54 E Countryside Drive||Princeton
1|SM Design Tech INC|54 Grand Ave||Palisades Park
1|Khoj Information Technology Inc|545 Island Road,|Suite 3C|Ramsey
1|Insurance Services Office Inc|545 Washington Street||Jersey City
1|Marine Tiger Technologies Corporation|547 Northumberland Road||Teaneck
1|Provention Bio Inc|55 Broad Street|2nd Floor|Red Bank
1|MENTOUR CORPORATION|55 CARTER DR, STE L2||EDISON
1|MENTOUR CORPORATION|55 CARTER DRIVE , SUITE L-2B||EDISON
1|MENTOUR CORPORATION|55 CARTER DRIVE , SUITE L2||EDISON
1|MENTOUR CORPORATION|55 CARTER DRIVE, SUITE L2||EDISON
1|MENTOUR CORPORATION|55 CERTER DRIVE SUITE L2||EDISON
1|Innodata Inc|55 Challenger Road|Suite 202|Ridgefield Park
1|Early Stage Solutions LLC|55 Lane Road, Suite 310||Fairfield
1|Biosales|55 Locust Ave||Millburn
1|LEVINZON CPA PC|55 OAK STREET SUITE 201-E||NORWOOD
1|TECHNO SERVICES LLC|55 Princeton Hightstown Road,|Ste 110|Princeton Jct,
1|AlphaROC Inc|550 Broad St|Suite 409|Newark
1|Vandoo LLC|550 Broad Street, Suite 602||Newark
1|Bexon Clinical Consulting LLC|551 Valley Road|200|Upper Montclair
1|Sensory Spectrum Inc|554 Central Avenue||New Providence
1|TIP Medical Communications Inc|555 Main Street||Chester
1|PRUTECH SOLUTIONS INC|555 U.S. HIGHWAY ONE SOUTH|SUITE 230|ISELIN
1|DUCONT SYSTEMS INC|555 US 1 S|Suite 150|Iselin
1|VERACITY SOFTWARE INC|555 US HIGHWAY 1|SUITE 450|ISELIN
1|SENSIPLE INC|555 US HIGHWAY 1 S.|SUITE 430|EDISON
1|ClientServer Technology Solutions LLC|555 US HIGHWAY ONE|STE 220|Iselin
1|SYSTEM EDGE USA LLC|555 US ROUTE 1 SOUTH||ISELIN
1|System Edge (USA) LLC|555 US Route 1 S., 4th Floor||Iselin
1|Strategic Technology Advisors LLC|556 Eagle Rock Ave|Ste 101|Roseland
1|Strategic Technology Advisors LLC|556 EagleRock Ave|Ste 101|Roseland
1|Esper Care LLC|56 Hillside Terrace||Skillman
1|HATTERAS Press Inc|56 Park Road||Tinton Falls
1|Excelsior Engineering Services P.C.|560 Sylvan Ave|Suite 1200|Englewood Cliffs
1|CURVE ID Inc|562 Upper Mountain Avenue||Upper Montclair
1|A.V. CORTEZ ASSOCIATES|567 SUMMIT AVENUE||JERSEY CITY
1|AI SOLUTIONS INC|57 VIOLET CT.||MONROE TOWNSHIP
1|Peri Software Solutions Inc|570 Broad Street|Floor 6|Newark
1|Metaoption LLC|574 Newark Ave|Suite 210|Jersey City
1|Susan Brady Lighting Design Inc|575 Bloomfield Avenue||Montclair
1|SANS AMERICA INC|575 Cranbury Road|Suite B4|East Brunswick
1|EZYDA TECH LLC|575 N Midland Ave|OFC 7|Saddle Brook
1|OCIM Pharmaceuticals LLC|58 Albert Court||Randolph
1|Banfi Advisory Co|58 Richboynton Road||Dover
1|PerformLine Inc|58 South Street||Morristown
1|OTICON INC|580 HOWAROAD AVENUE||SOMERSET
1|Oticon Inc|580 Howard Avenue||Somerset
1|Uniprime Resources Inc|580 Sylvan Ave|Suite ME|Englewood Cliffs
1|MG Architecture Urbanism LLC|580 Sylvan Avenue|Suite 2C|Englewood Cliffs
1|Magestic Technologies LLC|583 Whitenack Road||River Vale
1|WIZDOM IT INC|59 E MILL ROAD|STE 1 204|LONG VALLEY
1|Wizdom IT Inc|59 E. Mill Road|Suite 1 204, Building 1|Long Valley
1|Sunsoft Services Inc|591 Summit Ave, Suite 400||Jersey City
1|VSLN International Inc|591 Summit Ave, Suite 526|Suite 524|Jersey City
1|CONSIGA TECHNOLOGIES INC|591 Summit Avenue,Ste 505||Jersey City
1|Robbie Conley Architect LLC|596 Glassboro Road||Woodbury Heights
1|Guidemark Health Inc|6 Campus Dr.||Parsippany
1|Lumanity Creative Strategy and Engagement Inc|6 Campus Drive||Parsippany
1|Porton USA LLC|6 Cedarbrook Drive||Cranbury
1|TECHTRIAD TEAM INC|6 Century Dr.|Suite 130|Parsippany
1|Stone Transformation Inc|6 Deer Path||Warren
1|Software Architects LLC|6 Dunston Lane||Monmouth Junction
1|M&F Consulting and Planning Corp|6 Henry Street||Summit
1|VERANS BUSINESS SOLUTIONS INC|6 KILME ROAD|SUITE F|EDISON
1|Verans Business Solutions Inc|6 Kilmer Road,|Suite F|Edison
1|Verans Business Solutions Inc|6 Kilmer road, Suite  F||EDISON
1|STABILIS PROFESSIONAL SERVICES INC|6 PFROMMER AVE||BUDD LAKE
1|Sublime Wireless Inc|6 Raritan Road||Oakland
1|VIPHomeLink Holdings Inc|6 SOUTH STREET|SUITE 302|MORRISTOWN
1|Merit SI LLC|6 State Rt 173 W|Suite 210|Clinton
1|EXXAT INC|6 THOMAS JEFFERSON DR.||WARREN
1|Leela Serina Inc|6 Telluride Avenue||Old Bridge
1|EXXAT LLC|6 Thomas Jefferson Drive||Warren
1|CherryRoad Technologies Inc|6 Upper Pond Road|Floor 2|Parsippany
1|CherryRoad Technologies Inc|6 Upper Pond Road, 2nd Fl||Parsippany
1|PSI Technologies|6 Windsor Drive||PineBrook
1|Verans business solutions, inc|6 kilmer Road, Suite F||Edison
1|Verans business solutions inc|6 kilmer Suite F Edison NJ 08817||Edison
1|Insight Hospitality Inc|60 Ethel Road, Ste 5||Piscataway
1|Mathematica Inc|600 Alexander Park||Princeton
1|MERITI INC|600 Harbor Blvd|Unit 806|Weehawken
1|AMA Global Technology Inc|600 International Drive||Budd Lake
1|BRUKER OST LLC|600 MILIK STREET||CARTERET
1|The Law Office of Mustafa Cetin LLC|600 Valley Road|Ste 205|Wayne
1|Vissi LLP|601 Chapel Ave East||Cherry Hill
1|HNH NJ LLC|6019 Polk St||West New York
1|Systemonex IT Solution Inc|602 Main Street|Unit B|Belmar
1|Boomi Environmental LLC|603 A Omni Drive|Suite 603 A|Hillsborough
1|RADICAL SHARING LLC|603 Sweetland Ave||Hillside
1|Boomi Environmental LLC|603-A Omni Drive|Suite 603 A|Hillsborough
1|CNY Engineering PC|6040 Kennedy Blvd E,  L3||West New York
1|The Sugrue Group LLC|608 Sherwood Parkway|Suite 1|Mountainside
1|Hudson Peaks Consulting LLC|61 Glendale Avenue||Edison
1|Software Genius Inc|61 Magnolia Road||Iselin
1|Information Boulevard LLC|61 Pickwick Drive||Marlton
1|Xogene Services LLC|61 W. Palisade Avenue|Suite 2B|Englewood
1|Beyond Blueprint Labs LLC|610 grand street||Hoboken
1|Yu & Associates Inc|611 River Drive|3rd Floor|Elmwood Park
1|Gold Group Enterprises Inc|619 Lake Avenue|3rd Floor|Asbury Park
1|Clariness USA Inc|62 East Main Street|3rd Floor|Somerville
1|Alpha Consulting Corporation|620 Cranbury Road|Suite 212|East Brunswick
1|Questpay Inc|622 Georges Road,|Suite 203|North Brunswick
1|Smart Source Technologies Inc|622 Georges Road, Suite 104|Attn Brad Kelly, President|North Brunswick
1|Axela Biosciences Inc|622 NJ-10, Suite 18||Whippany
1|Axela Biosciences Inc|622 NJ-10, Unit 18||Whippany
1|Altudo LLC|625 Broad St|Suite 240|Newark
1|Cerbrec Inc|625 Broad Street|Suite 240|Newark
1|GLOBEX IT SOLUTIONS INC|627 DORAL COURT||PISCATAWAY
1|Swave Sensing Inc|627 Park Avenue|Suite 2|Hoboken
1|VCA INC|628 HADDONFIELD ROAD||CHERRY HILL
1|SBM GROUP INC|629 AMBOY AVENUE|SUITE 203|EDISON
1|Clark Transportation Consulting & Services LLC|63 Main St.|Suite 204|Flemington
1|Fabergent Inc|63 Ramapo Valley Road|Suite 214|Mahwah
1|Mark Infotech Inc|63 West Prospect St||East Brunswick
1|Mark Infotech Inc|63 West Prospect Street||East Brunswick
1|All Purpose Networks Inc|630 Central Avenue||New Providence
1|MERLINSIGHT LLC|631 RT. 524||ALLENTOWN
1|RightTalents LLC|639 Passaic Ave|Suite C|Nutley
1|RightTalents LLC|639 Passaic Avenue|Suite C|Nutley
1|Spectral Design & Test Inc|64 East Main Street||Somerville
1|CHIRU CONSULTING LLC|64 WELLESLEY WAY||MARLTON
1|Antenna Inc|641 Shunpike Road|178|Chatham
1|NEXIEN INC|65 CHALLENGER ROAD, SUITE 430||RIDGEFIELD PARK
1|JSM CONSULTING INC|65 STATION ROAD||CRANBURY
1|EUCLID ELEMENTZ INC|655 AMBOY AVE|SUITE B 207|WOODBRIDGE
1|TANG PC|655 SUMMIT AVE||HACKENSACK
1|LOCUZ Inc|66 Fisher Farm Road|Suite 215|Belle Mead
1|InnoVyne Technologies Inc|662 East Beverwyck Place||Paramus
1|KIM LEE CPAS LLP|663 Grand Avenue|Suite 3|Ridgefield
1|TRIOHM HEALTHCARE LLC|665 FRANKLIN AVE|N/A|NUTLEY
1|TRIOHM HEALTHWARE LLC|665 FRANKLIN AVENUE|N/A|NUTLEY
1|Blockedge Technologies Inc|666 Plainsboro Road,|Suite 448|Plainsboro
1|Saransh Inc|666 Plainsboro Road, Suite 1335||Plainsboro
1|QvalFocus Inc|666 Plainsboro rd|Suite 615|Plainsboro
1|HITHRON CONSULTING INC|669 SOUTH OLDEN AVENUE||TRENTON
1|Pacific Global Consultants LLC|67 3rd Avenue||Port Reading
1|Paper Tiger Marketing LLC|67 E. Ridgewood Avenue|Suite D|Ridgewood
1|Arria NuSutus Inc|67 EAST PARK PLACE||MORRISTOWN
1|MCSS Inc|670 North Beers Street|Building 2 Unit 5|Holmdel
1|Engineering and Information Technologies Inc|6727 Delilah Road|Suite 100|Egg Harbor Township
1|Hardin Kundla McKeon Poletto P.A.|673 Morris Avenue|3rd Floor|Springfield
1|RAMPS INTERNATIONAL INC|674 US HWY 202/206|SUITE 5|BRIDGEWATER
1|Brainware Inc|674 US Hwy 202/206,|Suite 3|Bridgewater
1|Linus Biotechnology Inc|675 1st Avenue||North Brunswick Township
1|Linus Biotechnology Inc|675 U.S. Highway 1||North Brunswick
1|Sonder Medicine Inc|675 US Highway One||North Brunswick
1|BEESY LLC|68 BEEKMAN ROAD||SUMMIT
1|Alberta Staffing Inc|68 Culver Road|Suite 125|Monmouth Junction
1|Cargo Manager Systems Inc|6801 West Side Avenue||North Bergen
1|Apicore LLC|685 US  HIGHWAY 1||NORTH BRUNSWICK
1|Apicore LLC|685 US -1||NORTH BRUNSWICK
1|MiRNA Scientific Inc|685 US 1 South|Suite 110|North Brunswick
1|COD Research USA Inc|688 Main Street||Paterson
1|LINKBIO CORP|69 KING STREET|SUITE A280|DOVER
1|TALENT GRUB USA INC|69 LURLINE DR.||BASKING RIDGE
1|RF Solutions LLC|69 Wesley St.|Unit E|South Hackensack
1|MIRANI, BAGDAI, THAKKAR & ASSOCIATES LLC|695 ROUTE 46W,  HIGHPOINT CORPORATE CENTER|STE 103|FAIRFIELD
1|11 11 Systems Inc|695 Route 46|Suite 301|Fairfield
1|Associated Technology Inc|695 Route 46 West|Suite 102|Fairfield
1|MIRANI, BAGDAI, THAKKAR & ASSOCIATES LLC|695 U.S. HWY 46|SUITE 103|FAIRFIELD
1|MIRANI, BAGDAI, THAKKAR & ASSOCIATES LLC|695 U.S. HWY 46 West|SUITE 103|FAIRFIELD
1|UCEDA Enterprises Inc|695 US Highway 46, Suite 104||Fairfield
1|Acuative Corporation|695 US Hwy 46 W||Fairfield
1|MIRANI BAGDAI THAKKAR ASSOCIATES LLC|695 US ROUTE 46 W|STE 103|FAIRFIELD
1|MIRANI BAGDAI THAKKAR ASSOCIATES LLC|695 US ROUTE 46 W, Highpoint Corporate Center|STE 103|FAIRFIELD
1|Vention Solutions Inc|697 Mill Creek Road|Ste 13|Manahawkin
1|Lucid Technologies LLC|7 Brairdale Ct||Plainsboro
1|LUCID TECHNOLOGIES LLC|7 Briardale Ct||Plainsboro
1|Vinnovation Inc|7 CEDAR BROOK ROAD||MONROE
1|Aroopa Inc|7 Centre Dr|Suite 12|Monroe
1|Amartyaaya LLC|7 Chapel Hill Road||Short Hills
1|WuXi Biologics USA LLC|7 Clarke Drive||Cranbury
1|MARVIK CONSULTING LLC|7 DANIEL PL||EAST  BRUNSWICK
1|Dynamic Biologics Inc|7 Deerpark Drive, Suite L-4||Monmouth Junction
1|BEM SYSTEMS INC|7 Giralda Farms, Suite 180||Madison
1|First Global Xpress LLC|7 Industrial Pkwy|Unit 10|Livingston
1|Avventis Inc|7 Lincoln Hwy|Suite 210B|Edison
1|Techolution Consulting LLC|7 N Broad St.|STE 200|Ridgewood
1|Techolution Consulting LLC|7 N Broad St., STE 200||Ridgewood
1|SOFTSENSOR AI LLC|7 Patriot Hill Drive||Basking Ridge
1|Crestron Electronics Inc|7 Volvo Drive||Rockleigh
1|Universal E-Business Solution LLC|70 Adams Street||Hoboken
1|NYCTEKK LLC|70 E. Asbury Anderson Road||Washington
1|Decusoft Inc|70 HILLTOP ROAD, SUITE 1003||RAMSEY
1|NeuraFlash|70 Hilltop Road|Suite 3020|Ramsey
1|Esjay Pharma LLC|70 Lake Drive||East Windsor
1|M.C. Furman & Associates LLC|70 Tanner Street||Haddonfield
1|STRATEGIC RESEARCH INSIGHTS INC|700 ALEXANDER PARK DR.|SUITE 100|PRINCETON
1|STRATEGIC RESEARCH INSIGHTS INC|700 ALEXANDER PARK ROAD|SUITE 100|PRINCETON
1|Softcrylic LLC|700 Alexander Park|Suite 303|Princeton
1|Prinston Pharmaceutical Inc|700 Atrium Drive||Somerset
1|The Research Institute at Nationwide Childrens Hospital|700 Childrens Drive||Columbus
1|COGNISOFT TECHNOLOGIES LLC|700 ROUTE 130 N|SUITE 106|CINNAMINSON
1|Openlink Financial LLC|700 RXR Plaza, West Tower|7 Floor|Uniondale
1|Insmed Inc|700 US Highway 202/206||Bridgewater
1|DECOFRUT INC|701  NORTH BROADWAY, BUILDING 18||GLOUCESTER CITY
1|TCG GreenChem Inc|701 Charles Ewing Blvd.||Ewing
1|TCG GreenChem Inc|701 Charles Ewing Boulevard||Ewing
1|DECOFRUT INC|701 GLOUCESTER CITY, BUILDING 18||GLOUCESTER CITY
1|Mazzanti Inc|701 Grand St.||Hoboken
1|DECOFRUT INC|701 NORTH BROADWAY AVENUE|BUILDING 18|GLOUCESTER CITY
1|DECOFRUT INC|701 NORTH BROADWAY AVENUE, BUILDING 18||GLOUCESTER CITY
1|DECOFRUT INC|701 NORTH BROADWAY, BUIDING 18||GLOUCESTER CITY
1|GLOBE 2 TECHNOLOGIES INC|704 GINESI DR.|SUITE 29|MORGANVILLE
1|Doyen Square Technologies Inc|705 Merrywood Drive||Edison
1|Blazneize IT Consulting Inc|705 Sunshine Court||Parlin
1|Corporate America Business Solutions Inc|707 Alexander Road, 208 / 2||Princeton
1|CARDINAL INTEGRATED TECHNOLOGIES INC|707 Alexander Road, Ste 202||Princeton
1|SOFTWARE GENIUS INC|71 MAGNOLIA ROAD||ISELIN
1|Aucta Pharmaceuticals Inc|71 Suttons Lane||Piscataway
1|Aucta Pharmaceuticals Inc|71 Suttons Ln||Piscataway
1|Keke Studio LLC|71 Tamarack Cir||Skillman
1|TRIVENI GROUP LLP|71 UNION AVE|SUITE 208|RUTHERFORD
1|Incipient Corp.|71 Union Avenue, Suite 109||Rutherford
1|Straterix Inc|710 Forest Ave||Teaneck
1|IT APPS LLC|712 SUNNYVIEW OVAL||KEASBEY
1|TDL innovations LLC|713 Executive Drive||Princeton
1|Deso Consulting LLC|716 Newman Springs Road|Suite 244|Lincroft
1|Aklivity Inc|72 Berkshire Way||East Brunswick
1|Ambit RD Inc|72 Miller Road||Morristown
1|PARK LAW GROUP PC|725 GRAND AVE|STE 301|Ridgefield
1|Consulting Engineers Collaborative Inc|730 Boulevard|Suite 10A|Kenilworth
1|Consulting Engineers Collaborative Inc|730 Boulevard, Suite  10A||Kenilworth
1|UROOJ LLC D/B/A ONPOINTE|7400 RIVER ROAD, SUITE 114||NORTH BERGEN
1|Friendly Consultants Inc|742 ALEXANDER ROAD STE 104||Princeton
1|Friendly Consultants Inc|742 Alexander Road, Suite   104||Princeton
1|Friendly Consultants Inc|742 Alexander Road, Suite  104,||Princeton
1|Friendly Consultants Inc|742 Alexander Road, Suite 104||Princeton
1|Active Design Group Engineering Co|744 BROAD STREET|19th Floor|Newark
1|Spectraserv Inc|75 Jacobus Ave||South Kearny
1|Bellwether Consulting LLC|75 Main Street|Suite 302|Millburn
1|Docmation LLC|75 New Hampshire Avenue|Suite 100|Portsmouth
1|OPENSTREAM.AI INC|750 ROUTE 202S|SUITE 410|BRIDGEWATER
1|MORPHIC CORP|757 RIDGEWOOD AVENUE||NORTH BRUNSWICK
1|CLUSTER SYSTEMS LLC|759 NEWCOMB ROAD|SUITE. 203|RIDGEWOOD
1|BDG-CPAS|76 N Walnut St||Ridgewood
1|Kolansoft Inc|767 Newark Ave|2nd Floor|Jersey City
1|JEIVEN PHARMACEUTICAL CONSULTING INC|77 Brant Avenue|Suite 405|Clark
1|RAK ITPRENEURS LLC|77 GRANDVIEW AVENUE W., SUITE 19||EDISON
1|Peblo Technologies LLC|77 Milltown Road   NJ  USA|C 4|East Brunswick
1|Adway Services Inc|77 Milltown Road,|STE C 5|East Brunswick
1|Peblo Technologies LLC|77 Milltown Road, C-4||East Brunswick
1|Adway Services Inc|77 Milltown Road, STE C-5||East Brunswick
1|Bionomic Industries Inc|777 Corporate Drive|Suite 3|Mahwah
1|DMR Architects|777 Terrace Avenue|Suite 607|Hasbrouck Heights
1|ICOR Associates LLC|78 John Miller Way|Suite 230|Kearny
1|COMPORT CONSULTING CORP|78 ORCHAROAD STREET||RAMSEY
1|COMPORT CONSULTING CORP|78 Orchard Street||Ramsey
1|Bayer-Risse Engineering Inc|78 Route 173 West||Hampton
1|Prism USA LLC|78 Washington Square Cir||Washington
1|Sheth Tax Inc|780 Newark Avenue, Suite 202||Jersey City
1|APPISOFT INC|79  State Route 27||Edison
1|NEN CREATIVE LLC|79 Andover Dr||Kendall Park
1|ANW CPAS LLC|8 AUER CT|Ste A|EAST BRUNSWICK
1|DataVision Inc|8 Bush Farm Lane||Frenchtown
1|PMV Pharmaceuticals|8 Clarke Avenue|Suite 3|Cranbury
1|Accutar Biotechnology Inc|8 Clarke Dr|Suite 4|Cranbury
1|ST Agri Global Inc|8 Hart Drive||Middletown
1|JLA Interiors|8 Hidden Valley Drive||Vernon
1|AC Infinity Construction LLC|8 N. Main Street||Boonton
1|IVERIC Bio Inc|8 Sylvan Way||Parsippany
1|VRU SYSTEMS INC|8 WEST DRIVE||EDISON
1|BECARE LINK LLC|8 Ward Ave||Rumson
1|TruMinds Technologies Inc|80 Cottontail Ln|Suite 451|Somerset
1|Bendit Weinstock, P.A.|80 Main Street|Suite 260|West Orange
1|VEGA CONSULTING SOLUTIONS INC|80 Morristown Road||Bernardsville
1|NICOS GROUP INC|80 OAK STREET||NORWOOD
1|PSEG Services Corporation|80 PARK PLAZA, T5||NEWARK
1|PSEG Services Corporation|80 Park Plaza|Floor 10|Newark
1|Public Service Electric & Gas Company|80 Park Plaza T5||Newark
1|Electric Symphony LLC|80 River Street|Suite 4B|Hoboken
1|BEUMER Corporation|800 Apgar Drive||Somerset
1|Sanderson Design Group Inc|800 Huyler Street, Rear Building||Teterboro
1|THE TRANSFORMATION GROUP LLC|800 PARK AVENUE|SUITE 3007|FORT LEE
1|Forefront Inc|800 River Road||Fair Haven
1|Novo Nordisk Inc|800 Scudders Mill Road||Plainsboro
1|NovaRock Biotherapeutics Ltd|801 Charles Ewing Blvd.||Ewing
1|AEIS LLC|801 MONTROSE AVE||SOUTH PLAINFIELD
1|ECLOUD LABS INC|801 ROUTE 1|1038|ISELIN
1|Heraa Technologies LLC|801 Route 1  1038||Iselin
1|Insight Data LLC|8106 Normandy Dr||Mount Laurel
1|DIGIPULSE TECHNOLOGIES INC|811 CHURCH ROAD, STE 169||CHERRY HILL
1|DIGIPULSE TECHNOLOGIES INC|811 CHURCH ROAD, STE.169||CHERRY HILL
1|DIGIPULSE TECHNOLOGIES INC|811 CHURCH ROAD, SUITE 169||CHERRY HILL
1|ACRONOTICS INC|819 RIDGEWOOD ROAD||MILLBURN
1|PRIME DIGITAL INC|82 Andrews Way||Piscataway
1|Riverdale Integrative Veterinary Care LLC|82 Newark Pompton Turnpike||Riverdale
1|Zuplon LLC|821 Courtyard Drive||Hillsborough
1|Romark Texas LLC|822 South Avenue||Westfield
1|JGM FUND ADMINSTRATION LLC|825 East Gate Blvd.|Suite 200|Garden City
1|AITA CONSULTING SERVICES INC|825 GEORGES RAOD|3RD FLOOR|NORTH BRUNSWICK
1|GP TECHNOLOGIES LLC|825 GEORGES ROAD, 3ROAD FLOOR|SUITE 1A|NORTH BRUNSWICK
1|Aptiva Corp|825 Georges Road,|Suite 1|North Brunswick
1|Nephos Technologies|825 Georges Road, Suite 1||North Brunswick
1|Invixon Technologies Inc|825 Georges Road, Suite 1A, Third Floor,||North Brunswick
1|KS Builders NJ LLC|828 First Street|Floor 1|Secaucus
1|Enteris BioPharma Inc|83 Fulton Street||Boonton
1|Servada LLC|83 PASSAIC AVE|2|NUTLEY
1|DataAlpha LLC|830 Morris Tpke|Suite 401|Short Hills
1|ESMSYS LLC|830 Morris Turnpike|Suite 401|Short Hills
1|Aryton Consulting LLC|8373 Riverside Station Blvd||Secaucus
1|Agasti LLC|84 Park Avenue|Suite E106|Flemington
1|IVY ENGINEERING GROUP PLLC|8400 River Road Suite 1D||North Bergen
1|Concord Advice LLC|85 Eagle Rock Ave|Fl. 2|East Hanover
1|Concord Advice LLC|85 Eagle Rock Avenue|Floor 2|East Hanover
1|ZYLOG SYSTEMS LTD DBA ZSL INC|85 LINCOLN HIGHWAY|STATE RT 27|EDISON
1|Tridium Inc|855 S Mint Street||Charlotte
1|DesIDEA Corporation|856 Route 206, Bldg. A-5||Hillsborough
1|Genisis Technology Solutions Inc|856 Route 206, Building C|Suite 15|Hillsborough
1|Genisis Technology Solutions Inc|856 Route 206, Building C, Suite   15||Hillsborough
1|Genisis Technology Solutions Inc|856 Route 206, Building C, Suite   15,||Hillsborough
1|Genisis Technology Solutions Inc|856 Route 206, Building C, Suite 15||Hillsborough
1|Simplicity Financial Marketing Holdings Inc|86 Summit Ave|303|Summit
1|GENSCRIPT USA INC|860 Centennial Ave||Piscataway
1|CYBERMINDS INC|860 HIGHWAY 1|SUITE 203 A|EDISON
1|BARA Consulting Inc|860 Route 1 North, Suite 101||Edison
1|BARA Consulting Inc|860 Route 1 North, Suite 102||Edison
1|Sedna Consulting Group Inc|860 Rt 1 North|Suite 102|Edison
1|CYBERMINDS INC|860 US- 1|SUITE 203 A|EDISON
1|City Gurus Inc|87 MainStreet|Suite 201|Matawan
1|SEK Architect LLC|87 S Finley Ave||Basking Ridge
1|Glenn Tech LLC|870 Green Street||Iselin
1|Artek Studio LLC|877 Broad Street, Suite 301||Newark
1|Vitalief Inc|89 French Street|Suite 4211|New Brunswick
1|VKC Systems Inc|89 Leuning St|Suite E|South Hackensack
1|OzaIntel LLC|894 Green Street||Iselin
1|GS Global Services Inc|8998 Rt 18|Suite 107|Old Bridge
1|Supply Chain Wizard LLC|8B Brookline Ct||Princeton
1|Kennedy International Software Inc|9  Bridge Street|Bildg C|Metuchen
1|Pilot Technologies LLC|9  Schalks  Crossing  Road|Suite 726|Plainsboro
1|QUALITY IT SOURCE LLC|9 AUER CT|SUITE H|EAST BRUNSWICK
1|KENNEDY INTERNATIONAL SOFTWARE INC|9 BRIDGE ST.|BUILDING C|METUCHEN
1|TAG Infosphere Inc|9 Camelot Drive||Andover
1|Rocket Pharmaceuticals Inc|9 Cedarbrook Drive||Cranbury
1|RELYCOM INC|9 DAVISON AVE,  15||JAMESBURG
1|Synbio Technologies LLC|9 Deerpark Drive|Suite J 25|Monmouth Junction
1|Nallas Corporation|9 E. Laurel Road|Suite B|Stratford
1|NANOTECH PHARMA INC|9 Ilene Court|Unit 1 Bld 6|Hillsborough
1|STRUCTURETECH ENGINEERING PC|9 LEE PLACE||PATERSON
1|Diakon Solutions LLC|9 Leonards Lane||Avalon
1|NEXTROVE LLC|9 MAXWELL ROAD||MONROE
1|International Safety Systems Inc|9 Michelangelo Drive|Monmouth Junction|South Brunswick
1|Apperture LLC|9 Molly Pitcher Road||Marlboro
1|US Software Group Inc|9 Mt Bethel Road,|Suite 212|Warren
1|Advanced Memory Research Institute of NJ PC|9 Mule Road|SUITE E 8|TOMS RIVER
1|EXAINLABS INC|9 OLD HICKORY LANE||EDISON
1|BYTEFORCE INNOVATIONS INC|9 PRESTWICK WAY.||EDISON
1|Weiber Services Inc|9 Queenberry Way, Basking Ridge,  NJ 07920||Basking Ridge
1|KANHI SYSTEMS LLC|9 STEPHENVILLE PKWY||EDISON
1|Pilot Technologies LLC|9 Schalks Crossing Road|Suite 726|Plainsboro
1|One Tech IT Solutions LLC|9 South Main St|Suite A2|Marlboro
1|WISDOM MANAGEMENT CONSULTING SERVICES L.L.C.|9 State Route 18||EAST BRUNSWICK
1|AARKAY CONSULTING INC|9 TIFFANY CT.||OLD BRIDGE
1|Donovan Architects LLC|9 Tanner St.|Suite 201|Haddonfield
1|CI&T Inc|90 Nassau St.||Princeton
1|GLOBAL DATA MANAGEMENT INC|90 WOODBRIDGE CENTER DR|STE 380|WOODBRIDGE
1|GLOBAL DATA MANAGEMENT INC|90 WOODBRIDGE CENTER DRIVE, SUITE   380||WOODBRIDGE
1|Avventis Inc|90 Washington Valley Road, Suite 13||Bedminster
1|ARMO CONSULTANTS LLC|900 Landex Plaza, Suite 240||Parsippany
1|ARMO CONSULTANTS LLC|900 Lanidex Plaza||Parsippany
1|LEONARD C GREEN & CO PA|900 US Highway 9 N|Suite 601|Woodbridge
1|Code Poets LLC|901 Route 168|Suite 103|Turnersville
1|Code Poets LLC|901 Route 168, Suite 103||Turnersville
1|EMX Digital Inc|902 Carnegie Center|Suite 220|Princeton
1|BA2CC SOLUTIONS INC|904 OAK TREE ROAD|SUITE O|SOUTH PLAINFIELD
1|BA2CC SOLUTIONS INC|904 OAKTREE ROAD|SUITE O|SOUTH PLAINFIELD
1|HS Design Inc|906 Mount Kemble Ave||Morristown
1|United Pharma Technologies Inc|908 Oak Tree Road, Suite A||South Plainfield
1|ZODHA SOLUTIONS LLC|910 BERGEN AVE|Suite 206|Jersey City
1|S V R CONSULTANCY.|910 OAK TREE AVE STE H|N/A|SOUTH PLAINFIELD
1|PocketShop Inc|912 New Jersey Highway 35||Ocean
1|Stonefield Engineering & Design LLC|92 Park Ave||Rutherford
1|Stonefield Engineering and Design LLC|92 Park Avenue||Rutherford
1|Beyond Blueprint labs LLC|92 hudson street|apt 3|HOBOKEN
1|ENTERPRISE CONSULTING SERVICES INC|921 BERGEN AVENUE|SECOND FLOOR, SUITE 203|Jersey City
1|SVADSOFT INC|921 PLEASANT VALLEY AVE, STE 175||MOUNT LAUREL
1|Sintel Systems Inc|938 Madison Avenue||Bridgewater
1|Compuplus International Inc|94 Lilac Lane||Paramus
1|OwnBackup Inc|940 Sylvan Avenue||Englewood Cliffs
1|JAD Associates LLC|9401 Railroad Ave||North Bergen
1|ACCUSAGA INC|941 WHITEHORSE-MERCERVILLE ROAD|SUITE 11|HAMILTON
1|EpiBone Inc|95 Greene Street|3rd Floor|Jersey City
1|NK Architects, P.A.|95 Washington Street||Morristown
1|Techpro IT Solutions Inc|959, Route 46 East|Suite 303|Parsippany
1|Solutions Architecture Corp.|96 Pompton Avenue|2nd Floor, Suite 200|Verona
1|Suburban Consulting Engineers Inc|96 U.S. Highway 206||Flanders
1|Norwalt Design Inc|961 Route 10 E. Bldg. 2A||Randolph
1|ARNEX SOLUTIONS LLC|97 MAIN STREET|SUITE 209|WOODBRIDGE
1|Arnex Solutions LLC|97 Main Street, Suite 209|N/A|Woodbridge
1|Conquer Technologies LLC|97 Northbrook Ave||Lawrenceville
1|Quadradiquant LLC|971 US Highway 202N|Suite R|Branchburg
1|VETERINARY SERVICES OF NJ PC|975 BLOOMFIELD AVE||WEST CALDWELL
1|Virtue America LLC|98 Ford Road|Suite 3H|Denville
1|Virtue America LLC|98 Ford Road, Suite 3-H||Denville
1|COGNIVANCE INC|98 TAMARACK CIR||SKILLMAN
1|Triedge Lab LLC|980 Sylvan Ave|Floor 2|Englewood Cliffs
1|Triedge Lab LLC|980 Sylvan Avenue|Floor 2|Englewood Cliffs
1|Redleaf IT Systems LLC|981 Route 33|Suite B|Monroe
1|Telos Advisers LLC|982 Robbinsville Edinburg Road||Robbinsville
1|Foveonics Imaging Technologies|99 Grayrock Road||Clinton
1|TANISHA SYSTEMS INC|99 WOOD AVE SOUTH|SUITE 308|ISELIN
1|P3 TECHNOLOGIES INC|9901 VALLEY RANCH PARKWAY EAST, SUITE 2026||IRVING
1|BRIGHT VISION TECHNOLOGIES|991 US HIGH WAY 22 WEST|SUITE 200,|BRIDGEWATER
1|Active Enterprise Solutions LLC|991, US Highway 22|Ste 200|Bridgewater
1|Neoitek Systems Inc|999 Riverview Dr|STE 201|Totowa
1|NEOITEK SYSTEMS INC|999 Riverview Dr,Suite 201||Totowa
1|Avance Technology Services Inc|Avance Technology Services Inc|Suite 209|Somerset
1|POULOMI TECHNOLOGIES INC|BRIER HILL COURT|BUILDING C, SUITE 207|EAST BRUNSWICK
1|Beyond Technologies Consulting USA Inc|Beyond Technologies Consulting (USA) Inc.|111 Town Square Pl., Suite 1203|Jersey City
1|ProDes E& T Inc|Brunswick Woods Drive||East Brunswick
1|JK Tech US Inc|Court Plaza North,  25 Main Street|Suite 207|Hackensack
1|Institute for Advanced Study|Einstein Drive||Princeton
1|McCarter & English, LLP|Four Gateway Center|100 Mulberry Street|Newark
1|McCarter and English, LLP|Four Gateway Center, 100 Mulberry Street||Newark
1|DataCloud Technologies LLC|GH10,1800 E State Street||Hamilton
1|DATACLOUD TECHNOLOGIES LLC|GH10,1800 E State Street,||Hamilton
1|SANS AMERICA INC|H13 Brier Hill Court||East Brunswick
1|TRADEWEB MARKETS LLC|HARBORSIDE 5, 185  HUDSON STREET|SUITE 2200|JERSEY CITY
1|ORASI MEDIA INC|HARBORSIDE FINANCIAL CENTER, 185 HUDSON STREET|SUITE 2500|JERSEY CITY
1|Didtechnology Inc|Hahne Building 625 Broad Street|Suite 245|Newark
1|Lenmar Consulting Inc|Harborside 5, 185 Hudson St.|Ste 1440|Jersey City
1|Dealerweb Inc|Harborside Financial Center|2200 Plaza Five|Jersey City
1|Fandl LLC|Hoboken||Hoboken
1|PRECISION GLOBAL SOLUTIONS INC|LAKE FARRINGTON PLAZA II|1588 U.S. HIGHWAY 130 NORTH, SUITE E|NORTH BRUNSWICK
1|POLYMER PROCESSING INSTITUTE|NJIT UNIVERSITY HEIGHTS,     GITC Building|Suite 1201|NEWARK
1|DECOFRUT INC|NORTH BROADWAY, BUILDING 18||GLOUCESTER
1|Munich Airport NJ LLC|Newark Liberty Intl. Airport|1 Terminal A|Newark
1|CHIESA SHAHINIAN & GIANTOMASI PC|ONE BOLAND DRIVE||WEST ORANGE
1|MARLABS INC|ONE CORPORATE PLACE SOUTH|3RD FLOOR|PISCATAWAY
1|NEO TECH SOLUTIONS INC|ONE CRAGWOOD ROAD, SUITE 301||SOUTH PLAINFIELD
1|SELECCION CONSULTING LLC|ONE TOWER CENTER BLVD|SUITE 1602|EAST BRUNSWICK
1|PROTAX & FINANCIAL ADVISORS LLC|One Beekman Road|Suite 5|Kendall Park
1|Openstream Inc|One Executive Drive|Suite 400|Somerset
1|Ivory Systems Inc|One Gatehall Drive||Parsippany
1|PKB Engineering Corporation|One Harmon Plaza|Suite 300|Secaucus
1|Novartis Institutes for BioMedical Research Inc|One Health Plaz||East Hanover
1|Janssen Research & Development LLC|One Johnson & Johnson Services||New Brunswick
1|Johnson & Johnson Services Inc|One Johnson &Johnson Plaza||New Brunswick
1|WM GROUP ENGINEERS, P.C.|One Penn Plaza|SUITE 630|NEW YORK
1|Atlas Systems Inc|One Tower Center Blvd.|Suite 2202|East Brunswick
1|Champions Oncology Inc|One University Plaza , Ste. 307|Suite 307|Hackensack
1|Viocare Inc|P.O. Box 327||Princeton
1|SOIMEX DENIMAGIC INC|PARK 80 WEST, 250 PEHLE AVENUE|SUITE 200|SADDLE BROOK
1|RADAM IT SOLUTIONS LLC|PRINCETON – FORRESTAL VILLAGE, 116 VILLAGE BLVD|SUITE 200|PRINCETON
1|RADAM IT SOLUTIONS LLC|PRINCETON – FORRESTAL VILLAGE,116 VILLAGE BLVD|SUITE 200|PRINCETON
1|PY DATA SOLUTIONS INC|PY DATA SOLUTIONS, INC||Piscataway
1|Ignite Innovationz Inc|Park 80 West 250 Pehle Avenue|STE 200|Saddlebrook
1|Underwood Engineering Inc|Po Box 3520||Cherry Hill
1|Radam IT Solutions LLC|Princeton - Forrestal Village, 116 Village Blvd|Suite 200|Princeton
1|Hexaware Technologies Inc|Residential Address, 101 Wood Avenue South|Suite 600|Iselin
1|SILICON STAFF IT SERVICES INC|SILICON STAFF IT SERVICES INC|500 ALEXANDER PARK DRIVE SUITE 102|PRINCETON
1|Frontier Works LLC|STE 300, 103 Carnegie Center||Princeton
1|Orbit Solutions LLC|Suite 100 E, 2025 Lincoln Hwy|Edison|Edison
1|IPolarity LLC|Suite 204||Piscataway
1|Digital Scripts Inc|Suite 218, South Plainfield||South Plainfield
1|ITS ANALYTICS INC|TAMARACK CIRCLE|SUITE 190|SKILLMAN
1|APEXUS TECH LLC|The Plaza Building, 317 George St|Flr. 3|New Brunswick
1|Infragistics Inc|Two Commerce Drive||Cranbury
1|Hexaware Technologies Inc|Wood Avenue South||Iselin
1|Thirdera LLC|c/o Cognizant Technology Solutions Legal Department|300 Frank W. Burr Boulevard, Suite 36, 6th Floor|Teaneck
1|precess medical derivatives|precess medical derivatives|404 white oak ridge road|short hills
(6898 rows)
