count	EMPLOYER_NAME	EMPLOYER_ADDRESS1	EMPLOYER_ADDRESS2	EMPLOYER_CITY
34	Fresh Clinics Management LLC	5900 Balcones Drive	13288	Austin
34	BBon Capital LLC	5900 Balcones Drive	STE 100	Austin
34	A3IT SOLUTIONS INC	5900 BALCONES DRIVE	STE 100	AUSTIN
34	Detect Technologies USA Inc	5900 Balcones Drive	STE 100	Austin
34	Salvage Restoration LLC	5900 Balcones Drive	STE 100	Austin
34	Masons Meats Inc	5900 Balcones Drive	STE 100	Austin
34	Pyramid Pool Service LLC	5900 Balcones Drive	STE 100	Austin
34	StepInsight LLC	5900 Balcones Drive	STE 100	Austin
34	Sharpwhiz Corporation LLC	5900 Balcones Drive	Ste. 100	Austin
34	Neev Neuropsychiatry PLLC	5900 Balcones Drive	Ste. 8164	Austin
34	VIKVAR TECHNOLOGIES LLC	5900 Balcones drive	STE100	Austin
34	ATAPCLOUD LLC	5900 BALCONES DRIVE	SUITE 100	AUSTIN
34	Oxbridge Consulting Group LLC	5900 Balcones Drive	Suite 100	Austin
34	Yoce LLC	5900 Balcones Drive	Suite 100	Austin
34	APIC SOLUTIONS LLC	5900 BALCONES DRIVE	SUITE 100	AUSTIN
34	Dhaka Topi Capital LLC	5900 Balcones Drive	Suite 100	Austin
34	Ellym LLC	5900 Balcones Drive	Suite 100	Austin
34	American Reshore LLC	5900 Balcones Drive	Suite 100	Austin
34	Kalven Group of LLC	5900 Balcones Drive	Suite 100	Austin
34	AEHL US LLC	5900 Balcones Drive	Suite 100	Austin
34	DISCO BISTRO INC	5900 BALCONES DRIVE	SUITE 100	AUSTIN
34	CAPSHO LLC	5900 BALCONES DRIVE	SUITE 100	AUSTIN
34	Eldorado Brands International Inc	5900 Balcones Drive	Suite 100	Austin
34	Livingstons LLC	5900 Balcones Drive	Suite 100	Austin
34	We Square LLC	5900 Balcones Drive	Suite 100	Austin
34	Certus Recruitment Incorporated	5900 Balcones Drive	Suite 100	Austin
34	GLOBAL TEK VISION INC	5900 Balcones Drive	Suite 10797	Austin
34	Anatta Design Inc	5900 Balcones Drive	Suite 13174	Austin
34	GMWARE LLC	5900 Balcones Drive	Suite 23579	Austin
34	COGNITUM SOLUTIONS LLC	5900 Balcones Drive	Suite 25553	Austin
34	Halcyon Tech Inc	5900 Balcones Drive	Suite 5464	Austin
34	Mando Technologies Inc	5900 Balcones Drive	Suite 6447	Austin
34	INFRASTRUCTURE DEVELOPMENT ENGINEERING ASSOCIATES LLC	5900 BALCONES DRIVE	SUITE 8582	AUSTIN
34	Walksonwood LLC	5900 Balcones Drive	Unit 8199	Austin
25	Robotix Technology Solutions	8951 Cypress Waters Blvd	STE 160	Irving
25	TRANSNATIONAL  SOFTWARE SERVICES INC	8951 CYPRESS WATERS BLVD	STE 160	COPPELL
25	Topaz Software Group	8951 Cypress Waters Blvd	Ste 160	dallas
25	WORLDWIDE LOGICS LLC	8951 CYPRESS WATERS BLVD	STE 160	COPPELL
25	BROADX IT SOLUTIONS LLC	8951 Cypress Waters Blvd	STE 160	Irving
25	INVENTURUS KNOWLEDGE SOLUTIONS INC	8951 Cypress Waters Blvd	Suite 100	Coppell
25	DATASCUD INC	8951 Cypress Waters Blvd	Suite 160	Coppell
25	CENTILLION INFOTECH LLC	8951 CYPRESS WATERS BLVD	SUITE 160	DALLAS
25	Telafor LLC	8951 Cypress Waters Blvd	Suite 160	Dallas
25	Kintetsu Global I.T. Inc	8951 Cypress Waters Blvd	Suite 160	Dallas
25	KOMMFORCE SOLUTIONS INC	8951 Cypress Waters Blvd	Suite 160	Dallas
25	Aimersz Consulting Services Inc	8951 Cypress Waters Blvd	Suite 160	Dallas
25	CloudZen Solutions LLC	8951 Cypress Waters Blvd	Suite 160	Dallas
25	Savantic Technologies Inc	8951 Cypress Waters Blvd	SUITE 160	Dallas
25	Spring Technosoft Inc	8951 Cypress Waters Blvd	Suite 160	Dallas
25	Octed LLC	8951 Cypress Waters Blvd	Suite 160	Coppell
25	Think Labs Inc	8951 Cypress Waters Blvd	Suite 160	Coppell
25	WORLDWIDE LOGICS	8951 CYPRESS WATERS BLVD	SUITE 160	COPPELL
25	Snowsoft LLC	8951 Cypress Waters Blvd	Suite 160	Coppell
25	VIBHU TECH INC	8951 Cypress Waters Blvd	Suite 160	Coppell
25	Cloudspot Solution	8951 Cypress Waters Blvd	Suite 160-1108	Dallas
25	Persistent IT Inc	8951 Cypress Waters Blvd	Suite 160, Office 1032	Dallas
25	ROBOTIX TECHNOLOGY SOLUTIONS INC	8951 CYPRESS WATERS BLVD	SUITE 160, OFFICE 1057	DALLAS
25	Yooz Inc	8951 Cypress Waters Blvd	Suite 170	Coppell
25	TOPAZ SOFTWARE GROUP INC	8951 Cypress Waters Blvd	Suite160	DALLAS
24	SKILLMAZE INC	5005 W ROYAL LN	STE 100	IRVING
24	Ecorfy Inc	5005 W Royal Ln	STE 142	Irving
24	Nexterapath Inc	5005 W Royal Ln	STE 156	Irving
24	Aplos America Inc	5005 W Royal Ln	STE 183E	Irving
24	Acentrik Technologies Solutions	5005 W Royal Ln	STE 183H	Irving
24	Acentrik Technology Solutions LLC	5005 W Royal Ln	STE 183H	Irving
24	BIG PEACH IT SERVICES LLC	5005 W Royal Ln	Ste 195	Irving
24	SCOTTLINE LLC	5005 W Royal Ln	Ste 196	Irving
24	Saisir Inc	5005 W Royal Ln	Ste 210	Irving
24	TEKNOVIK INC	5005 W Royal Ln	Ste 219	Irving
24	ES Search Consultants Inc	5005 W Royal Ln	Ste 224	Irving
24	VEN SOLUTIONS LLC	5005 W ROYAL LN	SUITE 124	IRVING
24	TECHSRUSCORP	5005 W Royal Ln	Suite 145	Irving
24	ECHOSPARK TECHNOLOGIES LLC	5005 W ROYAL LN	SUITE 183C	IRVING
24	In data Solutions Inc	5005 W Royal Ln	Suite 183H	Irving
24	Tech Era LLC	5005 w royal Ln	Suite 183I	Irving
24	DEFTSQUAD INC	5005 W Royal Ln	Suite 183K	Irving
24	Vityou Inc	5005 W Royal Ln	Suite 183L	Irving
24	Platinum Infosys Inc	5005 W Royal LN	Suite 212	Irving
24	FIORI TECHNOLOGY SOLUTIONS INC	5005 W Royal Ln	Suite 224	Irving
24	INNOVATE SOFT LLC	5005 W ROYAL LN	SUITE 237	IRVING
24	PERFECT GROUP US INC	5005 W ROYAL LN	SUITE 250	IRVING
24	INFO KEYS INC	5005 W ROYAL LN	SUITE 253	IRVING
24	MASH ASSOCIATES LLC	5005 W Royal Ln	Suite250	Dallas
22	Apogee Medical Group, New York, PC	8117 Preston Rd	Suite 800	Dallas
22	Apogee Medical Group, South Carolina, PC	8117 Preston Rd	Suite 800	Dallas
22	Apogee Medical Group, Waukesha, SC	8117 Preston Rd	Suite 800	Dallas
22	Apogee Medical Group, Iowa, PC	8117 Preston Rd	Suite 800	Dallas
22	Apogee Medical Group, Delaware Inc	8117 Preston Rd	Suite 800	Dallas
22	Apogee Medical Group, Georgia Inc	8117 Preston Rd	Suite 800	Dallas
22	Apogee Medical Group, Indiana, PC	8117 Preston Rd	Suite 800	Dallas
22	Apogee Medical Group, Pennsylvania, PC	8117 Preston Rd	Suite 800	Dallas
22	Apogee Medical Group, Louisiana Inc	8117 Preston Rd	Suite 800	Dallas
22	Apogee Medical Group, Wisconsin, SC	8117 Preston Rd	Suite 800	Dallas
22	Apogee Medical Group, Ohio Inc	8117 Preston Rd	Suite 800	Dallas
22	Apogee Medical Group Inc	8117 Preston Rd	Suite 800	Dallas
22	Apogee Medical Group, Tennessee, PC	8117 Preston Rd	Suite 800	Dallas
22	Apogee Medical Group, Texas, PA	8117 Preston Rd	Suite 800	Dallas
22	Apogee Medical Group, North Carolina, PC	8117 Preston Rd	Suite 800	Dallas
22	Apogee Medical Management Inc	8117 Preston Rd	Suite 800	Dallas
22	Apogee Medical Group, Virginia, PC	8117 Preston Rd	Suite 800	Dallas
22	Apogee Medical Group, Kentucky, PSC	8117 Preston Rd	Suite 800	Dallas
22	Apogee Medical Group, West Virginia, PLLC	8117 Preston Rd	Suite 800	Dallas
22	Apogee Medical Group, Maine, PC	8117 Preston Rd	Suite 800	Dallas
22	Apogee Medical Group, PC	8117 Preston Rd	Suite 800	Dallas
22	Apogee Medical Group, Michigan, PC	8117 Preston Rd	Suite 800	Dallas
20	Dell USA L.P.	One Dell Way		Round Rock
20	EMC Corporation	One Dell Way		Round Rock
20	Dell Marketing L.P.	One Dell Way		Round Rock
20	DELL PRODUCTS L.P.	ONE DELL WAY		ROUND ROCK
20	Secureworks Inc	One Dell Way		Round Rock
20	VIRTUSTREAM L.L.C	ONE DELL WAY		ROUND ROCK
20	DELL USA L.P	ONE DELL WAY		ROUND ROCK
20	Dell USA LP	One Dell Way		Round Rock
20	Virtustream LLC	One Dell Way		Round Rock
20	Dell Products LP	One Dell Way		Round Rock
20	Virtustream L.L.C.	One Dell Way		Round Rock
20	Dell Financial Services L.L.C.	One Dell Way		Round Rock
20	Dell Marketing LP	One Dell Way		Round Rock
20	DELL PRODCUTS L.P	ONE DELL WAY		ROUND ROCK
20	Dell Products L.P	One Dell Way		Round Rock
20	Dell Products L. P.	One Dell Way		ROUND ROCK
20	Dell - SecureWorks Inc	One Dell Way		Round Rock
20	Dell USA, L.P.	One Dell Way		Round Rock
20	Dell Marketing, L.P.	One Dell Way		Round Rock
20	Auscom Engineering Inc	One Dell Way	MS PS2-88	Round Rock
19	S & S Consultancy LLC	5700 Tennyson Parkway		Plano
19	DZS Services Inc	5700 Tennyson Parkway	4th Floor	Plano
19	Polestar Insights Inc	5700 Tennyson Parkway	Ste. 300	Plano
19	BitCare	5700 Tennyson Parkway	Suite 300	Plano
19	Talanton Technologies Inc	5700 Tennyson Parkway	Suite 300	Plano
19	Quebec Solutions Inc	5700 Tennyson Parkway	Suite 300	Plano
19	Mindspace Networks Inc	5700 Tennyson Parkway	Suite 300	Plano
19	Zebu Solutions LLC	5700 Tennyson Parkway	Suite 300	Plano
19	Broadleaf Commerce LLC	5700 Tennyson Parkway	Suite 300	Plano
19	Chapter Two Technologies LLC	5700 Tennyson Parkway	Suite 300	Plano
19	AGM INFRA SOLUTIONS INC	5700 Tennyson Parkway	Suite 300	Plano
19	Baicells Techologies North America Inc	5700 Tennyson Parkway	Suite 300	Plano
19	Sieyuan Electric USA LLC	5700 Tennyson Parkway	Suite 300	Plano
19	IncubXperts Inc	5700 TENNYSON PARKWAY	Suite 300	PLANO
19	Tec Security Inc	5700 Tennyson Parkway	Suite 372	Plano
19	Strobes Security Inc	5700 Tennyson Parkway	Suite 372	Plano
19	EFFINXT LLC	5700 TENNYSON PARKWAY	SUITE 387	PLANO
19	PETROTEL INC	5700 TENNYSON PARKWAY	SUITE 500	PLANO
19	Repairify Inc	5700 Tennyson Parkway	Suite 600	Plano
18	Conduent State Healthcare LLC	1702 North Collins Boulevard, Suite 260		Richardson
18	Conduent Business Process Optimization Services Inc	1702 North Collins Boulevard, Suite 260		Richardson
18	CONDUENT LEGAL & COMPLIANCE SOLUTIONS LLC	1702 North Collins Boulevard, Suite 260		Richardson
18	Conduent HR Services LLC	1702 North Collins Boulevard, Suite 260		Richardson
18	CONDUENT PATIENT ACCESS SOLUTIONS LLC	1702 North Collins Boulevard, Suite 260		Richardson
18	CONDUENT CARE SOLUTIONS LLC	1702 North Collins Boulevard, Suite 260		Richardson
18	CONDUENT FEDERAL SOLUTIONS LLC	1702 North Collins Boulevard, Suite 260		Richardson
18	Conduent Transport Solutions Inc	1702 North Collins Boulevard, Suite 260		Richardson
18	Conduent EDI Solutions Inc	1702 North Collins Boulevard, Suite 260		Richardson
18	CONDUENT HEALTH ADMINISTRATION INC	1702 North Collins Boulevard, Suite 260		Richardson
18	Conduent Heritage LLC	1702 North Collins Boulevard, Suite 260		Richardson
18	CONDUENT PUBLIC HEALTH SOLUTIONS INC	1702 North Collins Boulevard, Suite 260		Richardson
18	Conduent Human Resource Services LLC	1702 North Collins Boulevard, Suite 260		Richardson
18	Conduent Mortgage Services Inc	1702 North Collins Boulevard, Suite 260		Richardson
18	CONDUENT HEALTHY COMMUNITIES CORPORATION	1702 North Collins Boulevard, Suite 260		Richardson
18	Conduent Credit Balance Solutions LLC	1702 North Collins Boulevard, Suite 260		Richardson
18	Conduent State & Local Solutions Inc	1702 North Collins Boulevard, Suite 260	N/A	Richardson
18	Conduent Business Services LLC	1702 North Collins Boulevard, Suite 260	N/A	Richardson
18	Gavin IT Solutions Inc	2727 LBJ Freeway	Suit 568	Dallas
18	HITECH Network Solutions LLC	2727 LBJ Freeway	Suite 200	Dallas
18	Molabs Media LLC	2727 LBJ Freeway	Suite 200	Dallas
18	RAM TEK Communications LLC	2727 LBJ Freeway	Suite 200	Dallas
18	UpTeksys Corp	2727 LBJ Freeway	Suite 212-3	Farmers Branch
18	UAH TECHNOLOGIES LLC	2727 LBJ FREEWAY	SUITE 212-7	DALLAS
18	CLOUDINFRAIT INC	2727 LBJ Freeway	Suite 220	Farmers Branch
18	FORMULA HUB LLC	2727 LBJ Freeway	Suite 300	Farmers Branch
18	Devbytes Inc	2727 LBJ Freeway	Suite 309	Farmers Branch
18	TekSpikes LLC	2727 LBJ Freeway	Suite 310	Farmers Branch
18	Tek Spikes LLC	2727 LBJ Freeway	Suite 310	Farmers Branch
18	Glenysys Technologies Inc	2727 LBJ Freeway	Suite 326	Farmers Branch
18	Atoka Technlogies Inc	2727 LBJ Freeway	Suite 412	Farmers Branch
18	Relinetek LLC	2727 LBJ Freeway	Suite 428	Farmers Branch
18	Codehub Tech Inc	2727 LBJ Freeway	Suite 564	Farmers Branch
18	Amazing Consulting And Solutions LLC	2727 LBJ Freeway	Suite 568	Farmers Branch
18	Vincore IT Solutions Inc	2727 LBJ Freeway	Suite 926	Dallas
18	EPSoft Technologies LLC	2727 LBJ Freeway	Suite 930	Farmers Branch
18	REPAVE IT LLC	6136 Frisco Square Blvd	Ste 400	Frisco
18	Innoveram Inc	6136 Frisco Square Blvd	STE 400	Frisco
18	Thrivesol Inc	6136 Frisco Square Blvd	Ste. 400 197	Frisco
18	Axcelinno LLC	6136 Frisco Square Blvd	Suite 295	Frisco
18	NeboSys INC	6136 Frisco Square Blvd	Suite 400	Frisco
18	Ifytech Inc	6136 Frisco Square Blvd	Suite 400	Frisco
18	Livmor Inc	6136 Frisco Square Blvd	Suite 400	Frisco
18	DataChit Inc	6136 Frisco Square Blvd	Suite 400	FRISCO
18	IBASE TECHNOLOGIES INC	6136 FRISCO SQUARE BLVD	SUITE 400	FRISCO
18	Nybble TekSolutions Inc	6136 Frisco Square Blvd	Suite 400	Frisco
18	Reenar IT Inc	6136 Frisco Square Blvd	Suite 400	Frisco
18	Digityx Solutions Incorporated	6136 Frisco Square Blvd	Suite 400	Frisco
18	BIZ Technix	6136 Frisco Square Blvd	Suite 400	Frisco
18	Apna Time Inc	6136 Frisco Square Blvd	Suite 400	Frisco
18	Enpowertek LLC	6136 Frisco Square Blvd	Suite 400	Frisco
18	Suprha Svc LLC	6136 Frisco Square Blvd	Suite 400	Frisco
18	TEK DEEDS LLC	6136 Frisco Square Blvd	Suite 400	Frisco
18	CATALYST INFO SOLUTIONS	6136 Frisco Square Blvd	Suite 400, 428	Frisco
18	VIGNITES LLC	8105 RASOR BLVD	STE 125	PLANO
18	SourceOn IT Inc	8105 Rasor Blvd	Ste 132	Plano
18	Great America Technologies Inc	8105 Rasor Blvd	Ste 209	Plano
18	CloudTern Solutions Inc	8105 Rasor Blvd	Ste 236	Plano
18	TECHZON INC	8105 RASOR BLVD	STE 269	PLANO
18	TR RESOURCES INC	8105 RASOR BLVD	SUIRE 211	PLANO
18	Urban Heights Constructions LLC	8105 Rasor Blvd	Suite 114	Plano
18	Global Star IT Serve	8105 Rasor Blvd	Suite 125	Plano
18	Global Star IT Serve LLC	8105 Rasor Blvd	Suite 125	Plano
18	invensys inc	8105 Rasor Blvd	suite 211	plano
18	Canny Technology Solutions LLC	8105 Rasor Blvd	Suite 255	Plano
18	RSA TECH GROUP LLC	8105 Rasor Blvd	Suite 264	Plano
18	REVIVE SOFTWARE SYSTEMS INC	8105 RASOR BLVD	SUITE 271	PLANO
18	V S Technologies Inc	8105 RASOR BLVD	SUITE 274	PLANO
18	DreamData Solutions Inc	8105 Rasor Blvd	Suite 299	Plano
18	KHP SOLUTIONS INC	8105 RASOR BLVD	SUITE 301	PLANO
18	Emergere Technologies LLC	8105 Rasor Blvd	Suite 307	Plano
18	INNOVATIVE DATALYTICS GROUP LLC	8105 RASOR BLVD	SUITE 78	PLANO
14	Zaven IT Solutions INC	1300 W Walnut Hill Ln	STE 104	Irving
14	Thought Circuits Services LLC	1300 W walnut hill Ln	STE 148	Irving
14	SoftPro Global Inc	1300 W Walnut Hill Ln	STE 158 E	Irving
14	Kloudoniq Inc	1300 W Walnut Hill Ln	STE 158E	Irving
14	Tek Dallas Inc	1300 W Walnut Hill Ln	STE 235	Irving
14	ABN TECH CORPORTAION	1300 W Walnut Hill LN	STE-195	IRVING
14	IT Vision Group LLC	1300 W Walnut Hill Ln	Suite 104	Irving
14	WORKSTAM LLC	1300 W Walnut Hill Ln	Suite 106	Irving
14	Gaps and Bridges Inc	1300 W Walnut Hill Ln	Suite 155 F	Irving
14	AMONGIT INC	1300 W WALNUT HILL LN	SUITE 155B	IRVING
14	Gooyah technologies	1300 W Walnut Hill Ln	Suite 170	Irving
14	AB TECHNOLOGIES INC	1300 W Walnut Hill Ln	SUITE 245	Irving
14	Cloud Rack Systems Inc	1300 W Walnut Hill Ln	Suite 257	Irving
14	ICONIC INFOSYS INC	1300 W WALNUT HILL LN	SUITE 258	IRVING
14	SYMBIOAITECH LLC	2695 Villa Creek Dr	STE B126	Farmers Branch
14	SPARK TEK Inc	2695 Villa Creek Dr	Ste B150	Farmers Branch
14	Sasvi Technologies LLC	2695 Villa Creek Dr	STE B225	Dallas
14	SLK Systems LLC	2695 Villa Creek Dr	Ste B278	Dallas
14	SUV SOLUTIONS INC	2695 Villa Creek Dr	Suit B114	Dallas
14	Variyos Technology Solutions Inc	2695 Villa Creek Dr	Suite 113	Dallas
14	Saduptech Inc	2695 Villa Creek Dr	Suite 172	Dallas
14	i2 infotech LLC	2695 Villa Creek Dr	Suite 200	Dallas
14	Advanced Resource Staffing Inc	2695 Villa Creek Dr	Suite B130	Dallas
14	Amity Solutions Inc	2695 Villa Creek Dr	Suite B132	Farmers Branch
14	Primenotch Solutions LLC	2695 Villa Creek Dr	Suite B147	Farmers Branch
14	MARK TECHNOLOGIES INC	2695 Villa Creek Dr	Suite B175	Dallas
14	Han IT Inc	2695 Villa Creek Dr	Suite B260	Farmers Branch
14	ECHO IT SOLUTION INC	2695 VILLA CREEK DR	SUITE B275	FARMERS BRANCH
14	Bytemark Inc	600 Congress Avenue		Austin
14	SparkBeyond Inc	600 Congress Avenue		Austin
14	DeepL US Inc	600 Congress Avenue		Austin
14	Sesaco Corporation	600 Congress Avenue	14th Floor	Austin
14	Robert Walters Texas Inc	600 Congress Avenue	14th Floor	Austin
14	Dabble Sports LLC	600 Congress Avenue	14th Floor	Austin
14	INTEGRATEUS LLC	600 CONGRESS AVENUE	FL. 14	AUSTIN
14	Precision Autonomy Services Inc	600 Congress Avenue	Fl. 14	Austin
14	Telnyx LLC	600 Congress Avenue	Floor 14	Austin
14	Solidic Labs Inc	600 Congress Avenue	Flr. 16	Austin
14	Roller Networks USA Inc	600 Congress Avenue	Level 14	Austin
14	BuildPass Inc	600 Congress Avenue	Level 14	Austin
14	GOTRANSVERSE LLC	600 CONGRESS AVENUE	STE 2800	AUSTIN
14	inKind Cards Inc	600 Congress Avenue	Suite 1700	Austin
14	ABN TECH CORPORATION	6565 N MacArthur Blvd	225	Irving
14	BORZA INC	6565 N MACARTHUR BLVD	STE 225	IRVING
14	REDTEK SOLUTIONS INC	6565 N MACARTHUR BLVD	STE 225	IRVING
14	KC Synergy Solutions	6565 N MacArthur Blvd	Suit 225	Irving
14	Magnamus Inc	6565 N MacArthur Blvd	Suite 225	Dallas
14	Pro Seven IT LLC	6565 N MacArthur Blvd	Suite 225	Dallas
14	Star Infra Solutions Inc	6565 N MacArthur Blvd	Suite 225	IRVING
14	USSoft LLC	6565 N MacArthur blvd	Suite 225	Irving
14	US SOFT LLC	6565 N MacArthur Blvd	Suite 225	Irving
14	Legion AI Systems Inc	6565 N MacArthur Blvd	Suite 225	Irving
14	MySAP Group Inc	6565 N Macarthur Blvd	Suite 225	Irving
14	COGNITECH TECHNOLOGIES INC	6565 N MACARTHUR BLVD	SUITE 225	IRVING
14	MYSAPGROUP INC	6565 N Macarthur Blvd	Suite 230	Irving
14	Commercial Metals Company	6565 N MacArthur Blvd	Suite 800	Irving
14	KRG SYSTEMS LLC	7460 Warren Parkway	Suite 100	Frisco
14	AIEnterprise Inc	7460 Warren Parkway	Suite 100	Frisco
14	TechVirtue LLC	7460 Warren Parkway	Suite 100	Frisco
14	AMORIS IT INC	7460 WARREN PARKWAY	SUITE 100	FRISCO
14	BVM Technology Associates Inc	7460 Warren Parkway	Suite 100	Frisco
14	RAVIN IT SOLUTIONS INC	7460 WARREN PARKWAY	SUITE 100	FRISCO
14	lnfoshore Solutions LLC	7460 Warren Parkway	Suite 100	Frisco
14	Infoshore Solutions LLC	7460 Warren parkway	suite 100	Frisco
14	Five Pack Creative Inc	7460 Warren Parkway	Suite 100	Frisco
14	Volks Resources LLC	7460 Warren Parkway	Suite 100	Frisco
14	GREEN BRAINS IT SOLUTIONS INC	7460 WARREN PARKWAY	SUITE 100	FRISCO
14	IT iON Solutions Inc	7460 Warren Parkway	Suite 100 - 3978	Frisco
14	KLAP6 TECHNOLOGIES	7460 Warren Parkway	SUITE 100-158	FRISCO
14	BLUEGREEN TECHSOLUTIONS LLC	7460 WARREN PARKWAY	SUITE 100, OFFICE 173	FRISCO
14	Pattern Bioscience	9600 Great Hills Trail		Austin
14	Cintra Digital Business Ventures LLC	9600 Great Hills Trail	250E	Austin
14	Alpha Nodus Inc	9600 Great Hills Trail	STE 150W	Austin
14	Alamo NEX Construction LLC	9600 Great Hills Trail	Ste. 200E	Austin
14	Ferrovial Construction US Corp	9600 Great Hills Trail	Ste. 200E	Austin
14	Aspire Digital LLC	9600 Great Hills Trail	Suite 150W	Austin
14	Ferrovial Construction US Corp.	9600 Great Hills Trail	Suite 200E	Austin
14	Ferrovial Holding US Corp.	9600 GREAT HILLS TRAIL	Suite 200E	AUSTIN
14	CINTRA US Services LLC	9600 Great Hills Trail	Suite 250E	Austin
14	FERROVIAL HOLDING US CORP	9600 GREAT HILLS TRAIL	Suite 250W	Austin
14	E2open LLC	9600 Great Hills Trail	Suite 300E	Austin
14	INTTRA Inc	9600 Great Hills Trail	Suite 300E	Austin
14	INTTRA LLC	9600 Great Hills Trail	Suite 300E	Austin
14	Intera Incorporated	9600 Great Hills Trail	Suite 300W	Austin
13	Octigo Solutions INC	12100 Ford Rd	STE B-368	Dallas
13	Hash Tek Inc	12100 Ford Rd	STE B155	Farmers Branch
13	Stacktrace LLC	12100 Ford Rd	STE B157	Farmers Branch
13	Tech Abstractor LLC	12100 Ford Rd	Ste B160	Farmers Branch
13	Ekcel Technologies Inc	12100 Ford Rd	STE B301	Farmers Branch
13	MHR Infotech Inc	12100 Ford Rd	Suite 283	Farmers Branch
13	DONATO TECHNOLOGIES INC	12100 FORD RD	SUITE 306	DALLAS
13	MORS Technologies Inc	12100 Ford Rd	Suite A449	Farmers Branch
13	Akrid Technologies Inc	12100 Ford Rd	Suite B-147	Farmers Branch
13	Skillzdepot Inc	12100 Ford Rd	Suite B150	Farmers Branch
13	COD CORES INC	12100 FORD RD	SUITE B190	FARMERS BRANCH
13	MULTIEDGE INC	12100 FORD RD	SUITE B280	FARMERS BRANCH
13	DevAppsIT LLC	12100 Ford Rd	Suite B356	Farmers Branch
13	Cognats Inc	1431 Greenway Drive	800	Irving
13	AHTAP LLC	1431 Greenway Drive	Ste 800	Irving
13	Quisitive LLC	1431 Greenway Drive	Ste. 1000	Irving
13	Macrospect Inc	1431 Greenway Drive	Suite 620	Irving
13	Aethereus Inc	1431 Greenway Drive	Suite 750	Irving
13	Neolution LLC	1431 Greenway Drive	Suite 800	Irving
13	Placeurtalent LLC	1431 Greenway Drive	Suite 801	Irving
13	Destin IT Solutions LLC	1431 Greenway Drive	Suite 817A	Irving
13	Destin IT Solutions INC	1431 Greenway Drive	Suite 817A	Irving
13	PGH  Group LLC	1431 Greenway Drive	Suite 827	Irving
13	PGH Group LLC	1431 Greenway Drive	Suite 827	Irving
13	SSIT INC	1431 GREENWAY DRIVE	SUITE 840	IRVING
13	ARKA SOLUTIONS INC	1431 GREENWAY DRIVE	SUITE 858	IRVING
13	Solunus Inc	2300 Valley View Ln	Ste 200	IRVING
13	Frontend Arts Inc	2300 Valley View Ln	STE 534	Irving
13	Nexcruit IT Services LLC	2300 Valley View Ln	STE 619	Irving
13	CEROTID INC	2300 Valley View Ln	STE 620	Irving
13	AVR SOFTWARE SOLUTIONS INC	2300 Valley View Ln	Suite - 342	Irving
13	Octagon IT LLC	2300 Valley View Ln	SUITE 213	Irving
13	Software Associates Inc	2300 Valley View Ln	SUITE 215	Irving
13	Solwin Tech Inc	2300 Valley View Ln	Suite 338	Irving
13	S3 Technical Solutions Inc	2300 Valley View Ln	Suite 365	Irving
13	Merit American Technologies Inc	2300 Valley View Ln	Suite 390	Irving
13	Frontends Arts Inc	2300 Valley View Ln	Suite 534	Irving
13	NEXCRUIT IT SERVICES	2300 Valley View Ln	Suite 619	Irving
13	MINDBRIDGE Solutions Inc	2300 Valley View Ln	Suite 910	Irving
13	AZZURRA SOLUTIONS LLC	5900 BALCONES DR	STE 100	AUSTIN
13	TekPeersGlobal LLC	5900 Balcones Dr	STE 100	Austin
13	VISTAPRO TECHNOLOGIES LLC	5900 BALCONES DR	Ste 100	Austin
13	SAWN CAPITAL LLC	5900 BALCONES DR	STE 100	AUSTIN
13	Slick Integrations LLC	5900 Balcones Dr	Ste 100	Austin
13	INTEGRATED PROJECT MANAGEMENT SERVICES LIMITED	5900 BALCONES DR	STE 100	Austin
13	Digitling, Ltd	5900 Balcones Dr	Ste 4000	Austin
13	OneTek Software Solutions INC	5900 Balcones Dr	STE 4000	Austin
13	Groves and Company	5900 Balcones Dr	ste 4306	Austin
13	Groves & Company LLC	5900 Balcones Dr	ste 4306	Austin
13	Legacy Tech Systems	5900 Balcones Dr	Ste 5109	Austin
13	Glint Talent LLC	5900 Balcones Dr	Suite 100	Austin
13	Rapid Consulting Services Inc	5900 Balcones Dr	Suite 12766	Austin
12	Slesha IT Inc	4425 W Airport Fwy	STE 356	Irving
12	Slesha Inc	4425 W Airport Fwy	STE 400	Irving
12	CLOUD ANALYTIX INC	4425 W AIRPORT FWY	STE 456	IRVING
12	Tardus Inc	4425 W Airport Fwy	STE 530	Irving
12	Vak IT Systems Inc	4425 W Airport Fwy	STE 595	Irving
12	Triumph IT Inc	4425 W Airport Fwy	STE 595	Irving
12	FairPY INC	4425 W Airport Fwy	Suite - 131	Irving
12	Bits and Binaries Inc	4425 W Airport Fwy	Suite 117	Irving
12	TechInfo Services Inc	4425 W Airport Fwy	Suite 210	Irving
12	Tech Info Services Inc	4425 W Airport Fwy	Suite 210	Irving
12	ITsutra Inc	4425 W Airport Fwy	Suite 234	Irving
12	IT sutra Inc	4425 W Airport Fwy	Suite 234	Irving
12	NSP SYSTEMS INC	7300 State Highway 121	STE 300	MCKINNEY
12	Konecta US Inc	7300 State Highway 121	Suite 108	McKinney
12	SOFTNET CONSULTING INC	7300 STATE HIGHWAY 121	SUITE 300	MCKINNEY
12	SRTECHSOFT LLC	7300 State Highway 121	Suite 300	McKinney
12	UPTIQ INC	7300 State Highway 121	Suite 300	McKinney
12	Avantisoft Technologies LLC	7300 state highway 121	suite 300	Mckinney
12	Adept AI Inc	7300 State Highway 121	Suite 300	McKinney
12	SoftTelRG LLC	7300 State Highway 121	Suite 300	McKinney
12	Nedl Labs Inc	7300 State Highway 121	Suite 300	McKinney
12	Data Products Pro LLC	7300 State Highway 121	Suite 300	McKinney
12	M3 Skills Inc	7300 State Highway 121	Suite 3119	McKinney
12	NICE Global Solutions Inc	7300 State Highway 121	Suite 3123	McKinney
12	Air Liquide Electronics U.S. LP	9811 Katy Freeway		Houston
12	Airgas USA LLC	9811 Katy Freeway		Houston
12	Air Liquide Global E&C Solutions US Inc	9811 Katy Freeway		Houston
12	American Air Liquide Inc	9811 Katy Freeway		Houston
12	Air Liquide Advanced Materials Inc	9811 Katy Freeway		Houston
12	Air Liquide Large Industries U.S. LP	9811 Katy Freeway		Houston
12	Air Liquide Advanced Technologies U.S. LLC	9811 Katy Freeway		Houston
12	Airgas Inc	9811 Katy Freeway		Houston
12	Air Liquide USA LLC	9811 Katy Freeway		Houston
12	Brunel Energy Inc	9811 Katy Freeway	Suite 1000	Houston
12	AMD Global LLC	9811 Katy Freeway	Suite 1060	Houston
12	Rystad Energy Inc	9811 Katy Freeway	Suite 650	Houston
11	Hudson Institute of Process Research  Incorporated	11801 Domain Blvd		Austin
11	Ethoca LLC	11801 Domain Blvd	3rd Fl	Austin
11	Hudson Institute of Process Research Inc	11801 Domain Blvd	3rd Fl	Austin
11	Liblab Inc	11801 Domain Blvd	3rd Floor	Austin
11	Excel Tek Incorporated	11801 Domain Blvd	3rd Floor	Austin
11	ONX Inc	11801 Domain Blvd	3rd Floor	Austin
11	GPO Management Inc	11801 Domain Blvd	3rd Floor	Austin
11	Denim Health LLC	11801 Domain Blvd	3rd floor	Austin,
11	Thoucentric Inc	11801 Domain Blvd	Floor 3	Austin
11	Parsec Institute	11801 Domain Blvd	Flr. 3	Austin
11	Aypa Power Enterprise LLC	11801 Domain Blvd	Suite 450	Austin
11	Vedamsoft Inc	1200 W Walnut Hill Ln		Irving
11	Ciberlynx Inc	1200 W Walnut Hill Ln	2275	Irving
11	Ciberlynx  Inc	1200 W Walnut Hill Ln	2275	Irving
11	First Cloud Inc	1200 W Walnut Hill Ln	STE 2550	Irving
11	CloudZenix LLC	1200 W Walnut Hill Ln	STE 3400	Irving
11	ORIANA SOFTWARE SOLUTIONS INC	1200 W WALNUT HILL LN	STE 3975 RM 101	IRVING
11	Sailpan Solutions Inc	1200 W Walnut Hill Ln	Suite 2000	Irving
11	Mach B Technologies Inc	1200 W Walnut Hill Ln	Suite 2050	Irving
11	Stixis Technologies Inc	1200 W Walnut Hill Ln	Suite 2050	Irving
11	PVR AMERICA INC	1200 W WALNUT HILL LN	SUITE 2150	IRVING
11	BENED SOFTWARE SERVICES INC	1200 W Walnut Hill Ln	Suite 3800	Irving
11	Jackson Clinics Limited Partnership	1300 West Sam Houston Parkway South	Suite 300	Houston
11	Madison Spine, Limited Partnership	1300 West Sam Houston Parkway South	Suite 300	Houston
11	Star Therapy Centers, Limited Partnership	1300 West Sam Houston Parkway South	Suite 300	Houston
11	The Jackson Clinics Limited Partnership	1300 West Sam Houston Parkway South	Suite 300	Houston
11	Plymouth Physical Therapy Specialists, Ltd. Partnership	1300 West Sam Houston Parkway South	Suite 300	Houston
11	Action Therapy Centers, Ltd. Partnership	1300 West Sam Houston Parkway South	Suite 300	Houston
11	Jaco Rehab Honolulu, Limited Partnership	1300 West Sam Houston Parkway South	Suite 300	77042
11	Jaco Rehab Honolulu, Ltd. Partnership	1300 West Sam Houston Parkway South	Suite 300	Houston
11	Arrow Physical Therapy, Limited Partnership	1300 West Sam Houston Parkway South	Suite 300	Houston
11	Quad City Physical Therapy & Spine, Limited Partnership	1300 West Sam Houston Parkway South	Suite 300	Houston
11	Jackson Clinics, Limited Partnership	1300 West Sam Houston Parkway South	Suite 300	Houston
11	OMV AMERICA LLC	1500 S Dairy Ashford Rd	Ste 242	Houston
11	Matrix Tech Solutions Inc	1500 S Dairy Ashford Rd	STE 350	Houston
11	Digital Minds Global Technologies Inc	1500 S Dairy Ashford Rd	Ste 351	Houston
11	ACCVEE INC	1500 S DAIRY ASHFORD RD	STE 448	HOUSTON
11	PRANITH CONSULTING LLC	1500 S DAIRY ASHFORD RD	SUITE 201	HOUSTON
11	CR Technologies INC DBA CR Teck Inc	1500 S DAIRY ASHFORD RD	SUITE 238	Houston
11	CR Technologies Inc	1500 S DAIRY ASHFORD RD	SUITE 238	Houston
11	Atlas Cloud Foundry LLC	1500 S Dairy Ashford Rd	Suite 290	Houston
11	Mahika Info LLC	1500 S Dairy Ashford Rd	Suite 320	Houston
11	AGILE IT SYSTEMS INC	1500 S DAIRY ASHFORD RD	SUITE 433	HOUSTON
11	CR TECK INC	1500 S DAIRY ASHFORD RD	SUITE STE 238	Houston
11	Exxon Mobil Corporation	22777 Springwoods Village Parkway		Spring
11	ExxonMobil Upstream Research Company	22777 Springwoods Village Parkway		Spring
11	ExxonMobil Upstream Integrated Solutions Company	22777 Springwoods Village Parkway		Spring
11	ExxonMobil Research and Engineering Company	22777 Springwoods Village Parkway		Spring
11	ExxonMobil Technology and Engineering Company	22777 Springwoods Village Parkway		Spring
11	ExxonMobil Upstream Company, a division of ExxonMobil Corporation	22777 Springwoods Village Parkway		Spring
11	ExxonMobil Global Services Company	22777 Springwoods Village Parkway		Spring
11	XTO Energy Inc	22777 Springwoods Village Parkway		Spring
11	ExxonMobil Biomedical Sciences Inc	22777 Springwoods Village Parkway		Spring
11	EXXONMOBIL CORPORATION	22777 SPRINGWOODS VILLAGE PARKWAY		SPRING
11	Wascoms Cactus Jack GP LLC	22777 Springwoods Village Parkway	Suite E3.6A.346	Spring
11	Quanterian LLC	320 Decker Drive		Irving
11	Rapid Eagle Inc	320 Decker Drive		Irving
11	InOpTra Digital Innovations Inc	320 Decker Drive		Irving
11	ALICE TECH SOLUTIONSLLC	320 DECKER DRIVE		IRVING
11	Nendrasys Technologies US Ltd	320 Decker Drive	Ste 109	Irving
11	BOTSAPI LLC	320 DECKER DRIVE	SUITE 100	IRVING
11	Sultanete LLC	320 Decker Drive	Suite 100	Irving
11	IT APPS LLC	320 DECKER DRIVE	SUITE 100	IRVING
11	LOGIXHUB LLC	320 DECKER DRIVE	SUITE 119	IRVING
11	Logic Solvers Inc	320 Decker Drive	Suite 128	Irving
11	Bilvantis Technologies Inc	320 Decker Drive	Suite 243	Irving
11	nCoders Technology Solutions LLC	4100 Spring Valley Rd	STE 205	Farmers Branch
11	Vertraus Inc	4100 Spring Valley Rd	STE 209	Farmers Branch
11	NorthStar Guru LLC	4100 SPRING VALLEY RD	STE 605	DALLAS
11	Info Triangle Technologies Inc	4100 Spring Valley Rd	STE 617	Dallas
11	K3Tech Solutions LLC	4100 Spring Valley Rd	STE 642	Dallas
11	Copper Digital Inc	4100 Spring Valley Rd	Ste. 525	Dallas
11	Axle IT	4100 Spring Valley Rd	Suite 152	Dallas
11	Canora Technologies Inc	4100 Spring Valley Rd	Suite 470	Dallas
11	Infoneon Technologies Inc	4100 Spring Valley Rd	Suite 520	Dallas
11	Swasun Consulting LLC	4100 Spring Valley Rd	Suite 612	Farmers Branch
11	AI Techhut Inc	4100 Spring Valley Rd	Suite 657	Dallas
11	RADYX Info Inc	6010 W Spring Creek Pkwy		Plano
11	M3 GLOBAL INC	6010 W Spring Creek Pkwy		Plano
11	Octahedron LLC	6010 W Spring Creek Pkwy		Plano
11	Metasoft LLC	6010 W SPRING CREEK PKWY		PLANO
11	Tek Grove LLC	6010 W Spring Creek Pkwy		Plano
11	C Tekk Solutions Inc	6010 W Spring Creek Pkwy	Ste 257	Plano
11	LogicRain Technologies Inc	6010 W Spring Creek Pkwy	Ste. 237	Plano
11	TekServs Cons Ltd. Co.	6010 W Spring Creek Pkwy	Ste.216	Plano
11	TEKSERVS CONS LTD. CO	6010 W Spring Creek Pkwy	Ste.216	Plano
11	Sailpro LLC	6010 W Spring Creek Pkwy	Suite 176	Plano
11	Beckley & Associates PLLC	6010 W Spring Creek Pkwy	Suite 217	Plano
11	aMind Solutions LLC	6100 W. Plano Parkway	Ste 1800	Plano
11	interRel Consulting Partners Ltd.	6100 W. Plano Parkway	Ste. 1800	Plano
11	interRel Consulting Partners Ltd. DBA ArganoInteRel	6100 W. Plano Parkway	Ste. 1800	Plano
11	ArganoSCMO2	6100 W. Plano Parkway	Ste. 1800	Plano
11	ArganoCSS	6100 W. Plano Parkway	Ste. 1800	Plano
11	Mountain State Software Solutions LLC d.b.a ArganoMS3	6100 W. Plano Parkway	Ste. 1800	Plano
11	ArganoNorthpoint	6100 W. Plano Parkway	Ste. 1800	Plano
11	CSS International LLC d.b.a. ArganoCSS	6100 W. Plano Parkway	Ste. 1800	Plano
11	aMind Solutions LLC d.b.a. ArganoaMind	6100 W. Plano Parkway	Ste. 1800	Plano
11	SCMO2 LLC	6100 W. Plano Parkway	Suite 1800	Plano
11	Arbela Technologies Corporation	6100 W. Plano Parkway	Suite 1800	Plano
11	CONRELV SOLUTIONS INC	6800 Weiskopf Avenue	Ste 150	McKinney
11	DallasTek Software Solutions LLC	6800 Weiskopf Avenue	Ste 150	McKinney
11	Code9 LLC	6800 Weiskopf Avenue	Ste 150	MCKINNEY
11	Node Tek Solutions Inc	6800 Weiskopf Avenue	Ste 150	McKinney
11	Akshaya Solutions LLC	6800 Weiskopf Avenue	STE 150-118	Mckinney
11	MANJU SOFTWARE SOLUTIONS	6800 WEISKOPF AVENUE	SUITE 150	MCKINNEY
11	Manju Software Solutions Inc	6800 Weiskopf Avenue	Suite 150	McKinney
11	CLOUDPRO IT SOLUTIONS LLC	6800 WEISKOPF AVENUE	SUITE 150	MCKINNEY
11	TEKLEADS LLC	6800 WEISKOPF AVENUE	SUITE 150	MCKINNEY
11	SNS System INC	6800 Weiskopf Avenue	Suite 150	McKinney
11	TEKNOMITE LLC	6800 WEISKOPF AVENUE	SUITE 150, 138	MCKINNEY
11	Astrasys Inc	7460 Warren Pkwy	Ste 100	Frisco
11	MegaMonit INC	7460 Warren Pkwy	Ste 100	Frisco
11	SYNAPSIQ LLC	7460 Warren Pkwy	STE 100	Frisco
11	METALOGIC TECHNOLOGIES LLC	7460 WARREN PKWY	STE 100	FRISCO
11	CloudVik LLC	7460 Warren Pkwy	Suite 100	Frisco
11	ALICE CONSULTING LLC	7460 Warren Pkwy	Suite 100	Frisco
11	Cohash LLC	7460 Warren Pkwy	Suite 100	Frisco
11	Metapicks LLC	7460 Warren Pkwy	Suite 100	Frisco
11	Technopath Inc	7460 Warren Pkwy	Suite 100	Frisco
11	Tekblu LLC	7460 Warren Pkwy	Suite 100	Frisco
11	Indarha Inc	7460 Warren Pkwy	Suite 100	Frisco
11	NTT DATA, Americas Inc	7950 Legacy Drive	11th Floor	Plano
11	NTT DATA Americas Inc	7950 Legacy Drive	11th Floor	Plano
11	Alpine Construction Inc	7950 Legacy Drive	Ste 240	Plano
11	FinThrive Inc	7950 Legacy Drive	Ste 900	Plano
11	Ameri and Partners Inc dba Ameri100	7950 Legacy Drive	Ste. 650	Plano
11	Nexient LLC	7950 Legacy Drive	Suite 1100	Plano
11	Imagine Communications Corp.	7950 Legacy Drive	Suite 400	Plano
11	AtHoc Inc	7950 Legacy Drive	Suite 437	Plano
11	NTT DATA Inc	7950 Legacy Drive	Suite 900	Plano
11	NTT DATA FedHealth Inc	7950 Legacy Drive	Suite 900	Plano
11	NTT Data FedHealth	7950 Legacy Drive	Suite 900	Plano
11	QUANTUM BILLING SERVICES LLC	8751 COLLIN MCKINNEY PKWY		DALLAS
11	EXPONERE BILLING SERVICES	8751 COLLIN MCKINNEY PKWY		MCKINNEY
11	Zenprotech Inc	8751 Collin McKinney Pkwy	Ste 1102 502	McKinney
11	Lending Base Inc	8751 COLLIN MCKINNEY PKWY	STE 1203	MCKINNEY
11	CubeSimple INC	8751 Collin Mckinney Pkwy	Suite 1102	McKinney
11	VISYS CLOUD SOLUTIONS LLC	8751 Collin McKinney Pkwy	Suite 1102	McKinney
11	BTSS Corporation	8751 Collin McKinney Pkwy	Suite 1102 501	McKinney
11	SKL Solutions Inc	8751 Collin Mckinney Pkwy	Suite 1201	McKinney
11	PalindromTech LLC	8751 Collin Mckinney Pkwy	Suite 1201	McKinney
11	BEAN INFOSYSTEMS LLC	8751 COLLIN MCKINNEY PKWY	SUITE 201	McKinney
11	Executive Software Guild Inc	8751 Collin McKinney PKWY	Suite 601	McKinney
10	Chamberlain, Hrdlicka, White, Williams & Aughtry	1200 Smith Street	14th Floor	Houston
10	International SOS Consulting Inc	1200 Smith Street	Ste 1050	Houston
10	APA Services International Inc	1200 Smith Street	Suite 1020, Two Allen Center	Houston
10	FMC INTERNATIONAL LLC	1200 SMITH STREET	SUITE 1070	Houston
10	Expressworks International LLC	1200 Smith Street	Suite 1110	Houston
10	Chamberlain Hrdlicka White Williams	1200 Smith Street	Suite 1400	Houston
10	Chamberlain, Hrdlicka, White, Williams & Aughtry, PC	1200 Smith Street	Suite 1400	Houston
10	Riverbend Oil & Gas LLC	1200 Smith Street	Suite 1950	Houston
10	Aramco Ventures LLC	1200 Smith Street	Two Allen Center, 31st Floor	Houston
10	Urban Grid Solar Projects LLC	1200 Smith Street	Two Allen Center, Suite 740	Houston
10	BRUHAT Technologies Inc	12100 Ford Road	Ste 115	Farmers Branch
10	RAYST IT TECH LLC	12100 FORD ROAD	STE B153	FARMERS BRANCH
10	RAYS IT TECH LLC	12100 FORD ROAD	STE B153	FARMERS BRANCH
10	JCare Home Health Agency LLC	12100 Ford Road	Ste. 115	Farmers Branch
10	Synapsol Inc	12100 Ford Road	Ste. B120	Farmers Branch
10	Golden Future Inc	12100 Ford Road	Suite B250	Farmers Branch
10	S TEKWIZARDS LLC	12100 FORD ROAD	SUITE B265	FARMERS BRANCH
10	Techno Tasks Inc	12100 Ford Road	Suite B352	Farmers Branch
10	Sinfralogix LLC	12100 Ford Road	Suite B358	Dallas
10	CloudRan Communication LLC	12100 Ford Road	Suite B368	Dallas
10	Tenaris Bay City Inc	2200 West Loop South	Ste. 800	Houston
10	Tenaris Bay City	2200 West Loop South	Ste. 800	Houston
10	Tenaris Global Services (USA) Corporation	2200 West Loop South	Ste. 800	Houston
10	Tenaris Global Services USA Corporation	2200 West Loop South	Ste. 800	Houston
10	MAVERICK TUBE CORPORATION	2200 WEST LOOP SOUTH	SUITE 800	HOUSTON
10	TENARIS GLOBAL SERVICES (USA) CORP.	2200 West Loop South	Suite 800	Houston
10	HYDRIL COMPANY	2200 WEST LOOP SOUTH	SUITE 800	HOUSTON
10	TENARIS RODS USA INC	2200 West Loop South	Suite 800	Houston
10	EXIROS USA CORPORATION	2200 West Loop South	Suite 800	Houston
10	TENARIS GLOBAL SERVICES USA CORP.	2200 West Loop South	Suite 800	Houston
10	Vimtech Corporation	2601 Little Elm Pkwy		Little Elm
10	Soft Logan Technologies Inc	2601 Little Elm PKwy	1902 B	Little Elm
10	Softlogan Technologies Inc	2601 Little Elm PKwy	1902 B	Little Elm
10	B3R Technologies LLC	2601 Little Elm Pkwy	Ste 201	Little Elm
10	Kivyo Inc	2601 Little Elm Pkwy	STE 904	Little Elm
10	Worckog Inc	2601 Little Elm PKWY	Suite 1203	Little Elm
10	Intellan Technologies LLC	2601 Little Elm Pkwy	Suite 201	Little Elm
10	VALCANIT INC	2601 Little Elm Pkwy	Suite 303	Little Elm
10	KEANE SOFT INC	2601 Little Elm Pkwy	Suite 701	Little Elm
10	Valcan IT Inc	2601 Little Elm Pkwy	Unit 303	Little Elm
10	DIGICLOUD LLC	2727 Lyndon B Johnson Fwy	Ste 115	Dallas
10	DATAVERN LLC	2727 LYNDON B JOHNSON FWY	STE 572	FARMERS BRANCH
10	Nexbegin LLC	2727 Lyndon B Johnson Fwy	STE 922	Farmers Branch
10	TRINITY INFOTECH INC	2727 Lyndon B Johnson Fwy	SUITE 125	Farmers Branch
10	Trellis Technology Solutions LLC	2727 LYNDON B JOHNSON FWY	SUITE 202	FARMERS BRANCH
10	SAPMOUNT TECHNOLOGIES INC	2727 Lyndon B Johnson Fwy	Suite 206	Farmers Branch
10	NORTH IT GO INC	2727 Lyndon B Johnson Fwy	Suite 212-2	Farmers Branch
10	VORTECH IT SOLUTIONS INC	2727 LYNDON B JOHNSON FWY	SUITE 404	FARMERS BRANCH
10	SLOKA TECHNOLOGIES INC	2727 Lyndon B Johnson Fwy	Suite 425	Dallas
10	Cloudsol Technologies Inc	2727 Lyndon B Johnson Fwy	Suite 752	Farmers Branch
10	Renegade Swish LLC	301 Commerce Street	Ste 3200	Fort Worth
10	PHI Group Inc	301 Commerce Street	Suite 2910	Fort Worth
10	WILDCAT CAPITAL MANAGEMENT LLC	301 COMMERCE STREET	SUITE 3300	FORT WORTH
10	TPG GLOBAL LLC	301 COMMERCE STREET	SUITE 3300	FORT WORTH
10	TPG CAPITAL- NEW YORK INC	301 Commerce Street	Suite 3300	Fort Worth
10	TPG RE - New York Inc	301 Commerce Street	Suite 3300	Fort Worth
10	TPG Capital - New York Inc	301 Commerce Street	Suite 3300	Fort Worth
10	TPG Capital – New York Inc	301 COMMERCE STREET	SUITE 3300	FORT WORTH
10	Eagan US HoldCo LLC	301 Commerce Street	Suite 3300	Fort Worth
10	Angelo, Gordon & Co. LP	301 Commerce Street	SUITE 3300	FORT WORTH
10	TAITConsultingGroup LLC	3401 Custer Rd	STE 104	Plano
10	Arksoft Systems LLC	3401 Custer Rd	STE 127	Plano
10	ADTEKSYSTEMS LLC	3401 Custer Rd	STE 132	Plano
10	Technikons Solutions Inc	3401 Custer Rd	STE 180	Plano
10	Bryteside Technologies Inc	3401 Custer Rd	STE 180	Plano
10	NCloud IT Resourses LLC	3401 Custer Rd	suite 120	Plano
10	Tek Gigz LLC	3401 Custer Rd	Suite 124	Plano
10	IGATE Solutions LLC	3401 Custer Rd	Suite 125	Plano
10	MVK Solutions LLC	3401 Custer Rd	Suite 129	Plano
10	DATABRX TECHNOLOGIES LLC	3401 custer Rd	Suite 138	Plano
10	Synerzip LLC	4100 Spring Valley Road	308	Dallas
10	ZenQ LLC	4100 Spring Valley Road	Ste 910	Dallas
10	360 Technology LLC	4100 Spring Valley Road	Suite 139	Farmers Branch
10	AXLE IT INC	4100 SPRING VALLEY ROAD	SUITE 152	DALLAS
10	ZEMOSO TECHNOLOGIES INC	4100 SPRING VALLEY ROAD	SUITE 270	FARMERS BRANCH
10	ConnectedX Inc	4100 SPRING VALLEY ROAD	SUITE 330	DALLAS
10	Kaar Technologies Inc	4100 Spring Valley Road	Suite 607	Dallas
10	ROPAAR LLC	4100 SPRING VALLEY ROAD	SUITE 670	FARMERS BRANCH
10	Scadea Software Solutions Inc	4100 Spring Valley Road	Suite 770	Formers Branch
10	COVETUS LLC	4100 Spring Valley Road	Suite 935	Dallas
10	JAIN & JAIN, P.C.	77 SUGAR CREEK CENTER BLVD		SUGARLAND
10	Wind Academy Consulting Group Inc	77 Sugar Creek Center Blvd	Ste 600	Sugar Land
10	Jain & Jain P.C.	77 Sugar Creek Center Blvd	Ste. 410	Sugar Land
10	Lodestar Systems Inc	77 Sugar Creek Center Blvd	Suite 190	Sugar Land
10	Abagy Robotic Systems Inc	77 Sugar Creek Center Blvd	Suite 600	Sugar Land
10	ClearVision CRM Inc	77 Sugar Creek Center Blvd	Suite 600	Sugar Land
10	Invasystems Digital LLC	77 Sugar Creek Center Blvd	Suite 650	Sugar Land
10	Invasystems Inc	77 Sugar Creek Center Blvd	Suite 650	Sugar Land
10	Trimasys Control Solutions Inc	77 Sugar Creek Center Blvd	Suite 650	Sugar Land
10	Trimasys Control Solution Inc	77 Sugar Creek Center Blvd	Suite 650	Sugar Land
10	Match Group LLC	8750 North Central Expressway	Suite 1400	Dallas
10	HINGE INC	8750 North Central Expressway	Suite 1400	Dallas
10	Humor Rainbow Inc	8750 North Central Expressway	Suite 1400	Dallas
10	People Media Inc	8750 North Central Expressway	Suite 1400	Dallas
10	Match LLC	8750 North Central Expressway	Suite 1400	Dallas
10	Match  LLC	8750 North Central Expressway	Suite 1400	Dallas
10	The League App Inc	8750 North Central Expressway	Suite 1400	Dallas
10	Match Group Americas LLC	8750 North Central Expressway	Suite 1400	Dallas
10	Tinder LLC	8750 North Central Expressway	Suite 1400	Dallas
10	Strait Capital Company Ltd	8750 North Central Expressway	Suite 1825	Dallas
9	Sysplus Technology Solutions	101 E Park Blvd	600	Plano
9	Advanced M&A Expert Inc	101 E Park Blvd	STE 1300	Plano
9	Garcia CPA, PC	101 E Park Blvd	Ste 413	Plano
9	HYDSOFT INC	101 E Park Blvd	STE 600	PLANO
9	QUANTITIX LLC	101 E PARK BLVD	STE 759	PLANO
9	Chemintech LLC	101 E Park Blvd	Suite 208	Plano
9	STEEL TECH STRUCTURE LLC	101 E PARK BLVD	SUITE 600	PLANO
9	CR TAX VENTURE INC	101 E Park Blvd	Suite 600	Plano
9	MOONITSOLUTIONS INC	101 E Park Blvd	Suite 758	Plano
9	TSQ SYSTEMS INC	1303 W WALNUT HILL Ln	STE 250	IRVING
9	TSQ SYSTESM INC	1303 W WALNUT HILL Ln	STE 250	IRVING
9	TSQ System Inc	1303 W Walnut Hill Ln	STE 250	Irving
9	VOLANTSOFT INC	1303 W WALNUT HILL LN	STE 255	IRVING
9	Cloud Associates Inc	1303 W Walnut Hill Ln	Suite 122	Irving
9	ETEAM SOLUTIONS INC	1303 W WALNUT HILL LN	SUITE 235	IRVING
9	Hector Systems Inc	1303 W Walnut Hill Ln	Suite 303	Irving
9	Softntek Inc	1303 W Walnut Hill Ln	Suite 320	Irving
9	BIGDATA SOLUTIONS INC	1303 W WALNUT HILL LN	SUITE 351	IRVING
9	PROWESS INFOTECH LLC	2591 DALLAS PARKWAY	STE 300	FRISCO
9	VTech Infotech LLC	2591 Dallas Parkway	Suite 300	Frisco
9	VCloud Global LLC	2591 Dallas Parkway	Suite 300	Frisco
9	Cloudncluster Inc	2591 Dallas Parkway	Suite 300	Frisco
9	Polystar Instruments Inc	2591 Dallas Parkway	Suite 300	Frisco
9	GridAstra Inc	2591 Dallas Parkway	Suite 300	Frisco
9	A2visions LLC	2591 Dallas Parkway	Suite 300	Frisco
9	VIYMIH TECH SYSTEMS AND SOLUTIONS LLC	2591 DALLAS PARKWAY	SUITE 300	FRISCO
9	THE TRINITY AI SOFTWARE INC	2591 Dallas Parkway	Suite 300	Frisco
9	Jordan Healthcare Inc	3010 LBJ Fwy	Suite 1100	Dallas
9	Jordan Health Care Inc	3010 LBJ Fwy	Suite 1100	Dallas
9	Great Lakes Home Health Services Inc	3010 LBJ Fwy	Suite 1100	Dallas
9	Community Home Health Network of Indiana LLC	3010 LBJ Fwy	Suite 1100	Dallas
9	Great Lakes Home Health Ohio 1 LLC	3010 LBJ Fwy	Suite 1100	Dallas
9	A.C. Associates Inc	3010 LBJ Fwy	Suite 1100	Dallas
9	BMR Home Health LLC	3010 LBJ Fwy	Suite 1100	Dallas
9	New England Home Care	3010 LBJ Fwy	Suite 1100	Dallas
9	RS DRAGON TECHNOLOGIES LLC	3010 LBJ FWY	SUITE 1200	DALLAS
9	AEP Trading LLC	5851 Legacy Circle		Plano
9	Infyshine Inc	5851 Legacy Circle	6th Floor	Plano
9	TECHOPS INC	5851 Legacy Circle	6th Flr	PLANO
9	K2View Inc	5851 Legacy Circle	Flr. 6th	Plano
9	Associates in Nephrology - Florida LLC	5851 Legacy Circle	Ste 900	Plano
9	Denbury Onshore LLC	5851 Legacy Circle	Suite 1200	Plano
9	IGROW VIRTUAL IT SOLUTIONS INC	5851 Legacy Circle	Suite 600	Plano
9	EMMAR CORP	5851 LEGACY CIRCLE	SUITE 6063	PLANO
9	U.S. Renal Care Inc	5851 Legacy Circle	Suite 900	Plano
8	UNICON SYSTEMS INC	12300 Ford Rd	Ste 370	Farmers branch
8	DATAHGURUS BUSINESS SOLUTIONS LLC	12300 Ford Rd	Suite 175	Farmers Branch
8	STAGITY SOLUTIONS LLC	12300 FORD RD	SUITE B-165	FARMERS BRANCH
8	SV Infotech Group Inc	12300 Ford Rd	Suite B170	Farmers Branch
8	Static IQ Corp	12300 Ford Rd	Suite B190	Farmers Branch
8	TRANSNATIONAL SOFTWARE SERVICES INC	12300 FORD RD	SUITE B200	FARMERS BRANCH
8	TEAMWORK IT SOLUTIONS INC	12300 Ford Rd	Suite B280	Farmers Branch
8	Cloud Infra IT Solutions Inc	12300 Ford Rd	Suite B332	Farmers Branch
8	YES WE GROUP LLC	13601 PRESTON RD	STE W-0784	DALLAS
8	EWA ENGINEERING LLC	13601 Preston Rd	STE816	Dallas
8	HM TAX GROUP LLC	13601 PRESTON RD	SUITE 104W	DALLAS
8	SIMKIN CPA LLC	13601 Preston Rd	Suite 575E	DALLAS
8	Accelera Technologies Inc	13601 Preston Rd	Suite E0330	Dallas
8	SPANCO INFOTECH INC	13601 Preston Rd	Suite E310	Dallas
8	Etos Technologies Inc	13601 Preston Rd	Suite E520	Dallas
8	Sygniti Technologies Inc	13601 Preston Rd	Suite W430	Dallas
8	DNV Energy Services USA Inc	1400 Ravello Drive		Katy
8	DNV Energy USA Inc	1400 Ravello Drive		Katy
8	DNV Energy Insights USA Inc	1400 Ravello Drive		Katy
8	DNV Business Assurance USA Inc	1400 Ravello Drive		Katy
8	DNV GL USA Inc	1400 Ravello Drive		Katy
8	DNV GL Noble Denton USA LLC	1400 Ravello Drive		Katy
8	DNV GL Healthcare USA Inc	1400 Ravello Drive		Katy
8	DNV USA Inc	1400 Ravello Drive		Katy
8	TOP - New York Inc	2100 McKinney Avenue	Suite 1500	Dallas
8	Sixth Street Opportunities Partners, L.P.	2100 McKinney Avenue	Suite 1500	Dallas
8	TSL Advisers - NY Inc	2100 McKinney Avenue	Suite 1500	Dallas
8	Sixth Street Specialty Lending Advisors LLC	2100 McKinney Avenue	Suite 1500	Dallas
8	Sixth Street Opportunities Partners, LP	2100 McKinney Avenue	Suite 1500	Dallas
8	TICP - New York Inc	2100 McKinney Avenue	Suite 1500	Dallas
8	Sixth Street Specialty Lending Advisers LLC	2100 McKinney Avenue	Suite 1500	Dallas
8	Carlson Capital, L.P.	2100 McKinney Avenue	Suite 1800	Dallas
8	SCUBE SOFT SOLUTIONS LLC	2201 Spinks Rd	Ste 279	Flower Mound
8	Data Matrix IT	2201 Spinks Rd	Suite 111	Flower Mound
8	REVARP TECHNOLOGIES INC	2201 Spinks Rd	Suite 116	Flower Mound
8	Sri Data Technologies LLC	2201 Spinks Rd	Suite 128	Flower Mound
8	Go Idlewild LLC	2201 Spinks Rd	Suite 167	Flower Mound
8	Fresh Gravity Inc	2201 Spinks Rd	Suite 205	Flower Mound
8	Cantarr Inc	2201 Spinks Rd	Suite 266	Flower Mound
8	Data Matrix IT LLC	2201 Spinks Rd	Unit 111	Flower Mound
8	Anthology Solutions Inc	2300 valley view lane	STE 538	Irving
8	Tuppl Technologies Inc	2300 Valley View Lane	Ste 900	Irving
8	Pythonwise Inc	2300 Valley View Lane	Suite 221	Irving
8	SmartDW Inc	2300 Valley View Lane	Suite 244	Irving
8	Ramsons Innovations	2300 Valley View Lane	suite 344	Irving
8	TECHNOSOFT GROUP INC	2300 VALLEY VIEW LANE	SUITE 380	IRVING
8	Anthology Staffing Inc	2300 Valley View Lane	Suite 538	Irving
8	Kingston Technologies Inc	2300 Valley View Lane	Suite 539	Irving
8	Innovapptive Inc	24 Greenway Plaza	Ste. 1501	Houston
8	Patterson & Sheridan, LLP	24 Greenway Plaza	Ste. 1600	Houston
8	Energy Ogre LLC	24 Greenway Plaza	Suite 1100	Houston
8	Integra US Marketing LLC	24 Greenway Plaza	Suite 1701	Houston
8	NEMO Industries Inc	24 Greenway Plaza	Suite 1800	Houston
8	Davore Excel Global	24 Greenway Plaza	Suite 1800K	Houston
8	Tanager Wealth Management USA LLP	24 Greenway Plaza	Suite 1812	Houston
8	Imperial Control & Accountability Inc	24 Greenway Plaza	Suite 970	Houston
8	Femtec Health Inc	2450 Holcombe Blvd		Houston
8	Motif Neurotech Inc	2450 Holcombe Blvd	Loading Dock 2	Houston
8	Mercury Data Science Inc	2450 Holcombe Blvd	Ste 1220	Houston
8	Artidis Inc	2450 Holcombe Blvd	STE X270	Houston
8	BrainHealth Tech Inc	2450 Holcombe Blvd	Suite 1-310	Houston
8	Melax Technologies	2450 Holcombe Blvd	Suite 2230	Houston
8	Heart Lung Corporation	2450 Holcombe Blvd	Suite X	Houston
8	REGDESK INC	2450 HOLCOMBE BLVD	SUITE X	HOUSTON
8	DATAHGURUS BUSINESS SOLUTIONS	2665 VILLA CREEK DR	123	FARMERS BRANCH
8	HRK SYSTEMS INC	2665 Villa Creek Dr	A261	Farmers Branch
8	VBusiness Solutions LLC	2665 Villa Creek Dr	STE A123	Farmers Branch
8	Vara Systems Inc	2665 Villa Creek Dr	Ste A208	Farmers Branch
8	Bitsolutionsus LLC	2665 villa creek dr	ste A218	Dallas
8	Tekvivid Inc	2665 Villa Creek Dr	Suite 102A	Farmers Branch
8	Vara Systems Inc,	2665 Villa Creek Dr	Suite A208	Farmers Branch
8	Acro Systems Inc	2665 Villa Creek Dr	Suite A256	Dallas
8	Addverb Technologies USA Inc	3010 Gaylord Parkway	STE 150	Frisco
8	RELIANCE JIO INFOCOMM USA INC	3010 GAYLORD PARKWAY	STE 150	FRISCO
8	Mimosa Networks Inc	3010 Gaylord Parkway	STE 150	Frisco
8	Reliance Jio Global Resources LLC	3010 Gaylord Parkway	Suite 150	Frisco
8	Transplace Texas LP	3010 Gaylord Parkway	Suite 200	Frisco
8	Uber Freight US LP LLC	3010 Gaylord Parkway	Suite 200	Frisco
8	Uber Freight US LLC	3010 Gaylord Parkway	Suite 200	Frisco
8	Uber Freight US  LLC	3010 Gaylord Parkway	Suite 200	Frisco
8	Stenora Corp Inc	400 East Royal Lane	Bldg. 3, Suite 290	Irving
8	Techster Solutions Inc	400 East Royal Lane	Building 3, Suite 290	Irving
8	HITI TECHNOLOGIES LLC	400 East Royal Lane	Building Three, Suite 290	Irving
8	CENIT HUB INC	400 East Royal Lane	Building Three, Suite 290	Irving
8	Cerebral Technologies Inc	400 East Royal Lane	Suite 235	Irving
8	NUMERO SOLUTIONS INC	400 EAST ROYAL LANE	SUITE 283	IRVING
8	Digital Cloud Associates LLC	400 East Royal Lane	Suite 290	Irving
8	SF GLOBAL LLC	400 East Royal Lane	Suite 290, Building 3	Irving
8	United Cloud Technologies LLC	4400 State Hwy 121	STE 300	Lewisville
8	GridAxon Inc	4400 State Hwy 121	Ste 300	Lewisville
8	BIORBIT LLC	4400 STATE HWY 121	STE 392	Lewisville
8	TECHSUN SOFT INC	4400 State Hwy 121	SUITE 300	Lewisville
8	ARDENT INFO TECH LLC	4400 State Hwy 121	Suite 300-0052	Lewisville
8	PURVI TECHNOLOGIES LLC	4400 State Hwy 121	Suite 300-0090	Lewisville
8	Zenith Infotek LLC	4400 State Hwy 121	Suite 387	Lewisville
8	Ever.Ag LLC	4400 State Hwy 121	Suite 520	LEWISVILLE
8	TECH SHAPERS INC	5005 W ROYAL LANE	STE 109	IRVING
8	SCN Corp LLC	5005 W Royal lane	STE 183D	Irving
8	INFOVIZ SOLUTIONS LLC	5005 W ROYAL LANE	STE 212	IRVING
8	Risamsoft Inc	5005 W Royal Lane	Suite 148	Irving
8	SS SOFTECH INC	5005 W Royal Lane	Suite 225	Irving
8	Symphony Infotek Inc	5005 W Royal Lane	Suite 226	Irving
8	CORTRACKER INC	5005 W ROYAL LANE	SUITE 298	IRVING
8	ZEYDUS LLC	5005 W ROYAL LANE	SUITE NO 298	IRVING
8	Risland US Holdings LLC	5600 Tennyson Parkway	Suite 230	Plano
8	EVANTAGE SOLUTIONS INC	5600 TENNYSON PARKWAY	SUITE 245	PLANO
8	KELLTON TECH SOLUTIONS INC	5600 TENNYSON PARKWAY	SUITE 245	PLANO
8	KELLTON TECH INC	5600 TENNYSON PARKWAY	SUITE 245	PLANO
8	SlashSupport Inc	5600 Tennyson Parkway	Suite 255	Plano
8	Movate Inc	5600 Tennyson Parkway	Suite 255	PLANO
8	Veridic Solutions LLC	5600 Tennyson Parkway	Suite 305	Plano
8	Camelot Services Inc	5600 Tennyson Parkway	Suite 370	Plano
8	Lenmar Consulting Inc	5600 Tennyson Pkwy	Ste 245	Plano
8	Tekvibe Inc	5600 Tennyson Pkwy	Ste 395	Plano
8	CEO Foundry LLC	5600 Tennyson Pkwy	Suite 155	Plano
8	FORTIS TALENT LLC	5600 TENNYSON PKWY	SUITE 160	PLANO
8	American Robotech Inc	5600 Tennyson Pkwy	Suite 175	Plano
8	Prosoft Technology Group Inc	5600 Tennyson Pkwy	Suite 245	Plano
8	Start USA Inc	5600 Tennyson Pkwy	Suite 390	Plano
8	SYMANTRIX INC	5600 Tennyson Pkwy	Suite 395	Plano
8	NFORCE ONE LLC	5700 TENNYSON PKWY		PLANO
8	SADHAR Solutions Inc	5700 Tennyson Pkwy	Ste. 300	Plano
8	ALMIT SERVICES INC	5700 TENNYSON PKWY	SUITE 300	PLANO
8	Starve Brid USA Inc	5700 Tennyson Pkwy	Suite 300	Plano
8	TekSquilt Inc	5700 Tennyson Pkwy	Suite 300	Plano
8	Big Apple Infotech LLC	5700 Tennyson Pkwy	Suite 300	Plano
8	Meta Hub IT Solutions Inc	5700 Tennyson Pkwy	Suite 300	Plano
8	SANTHI & SUNIL CONSULTANCY LLC	5700 TENNYSON PKWY	SUITE 300	PLANO
8	Verizon Data Services LLC	600 Hidden Ridge		Irving
8	Verizon Corporate Resources Group LLC	600 Hidden Ridge		Irving
8	Aabaco Small Business LLC	600 Hidden Ridge		Irving
8	VERIZON CONNECT INC	600 HIDDEN RIDGE		Irving
8	Verizon Services Corp.	600 Hidden Ridge		Irving
8	Cellco Partnership	600 Hidden Ridge		Irving
8	MCI Communications Services LLC	600 Hidden Ridge		Irving
8	VERIZON BUSINESS NETWORK SERVICES LLC	600 Hidden Ridge		Irvig
8	Kriti Infosystems Inc	6160 Warren PKWY	STE 100	Frisco
8	TECH MATRIX SOLUTIONS LLC	6160 Warren Pkwy	Ste 100	Frisco
8	OpenCloud IT Solutions Inc	6160 Warren Pkwy	Suite 100	Frisco
8	AdroitCo Inc	6160 Warren Pkwy	Suite 100	Frisco
8	Spido Technologies Inc	6160 Warren Pkwy	Suite 100	Frisco
8	CINTAP INC	6160 WARREN PKWY	SUITE 100	FRISCO
8	Acmefog Commerce Inc	6160 Warren Pkwy	Suite 100	Frisco
8	Apex Cloud Hub Inc	6160 Warren Pkwy	Suite 100	Frisco
8	Tech Elite Systems INC	6201 Bonhomme Rd	STE 360N	Houston
8	Mebhaz Inc	6201 Bonhomme Rd	Ste 407S	Houston
8	CORPORATE SOLUTIONS GENERAL INC	6201 BONHOMME RD	STE 428 S	HOUSTON
8	SCHRILL TECHNOLOGIES INC	6201 BONHOMME RD	STE 430-S	HOUSTON
8	Medhaz Corp	6201 Bonhomme Rd	Ste 474N	Houston
8	Swansu Inc	6201 Bonhomme Rd	Ste 477N	Houston
8	Icloudteq LLC	6201 Bonhomme Rd	Suite 365N-G	Houston
8	Meghaz Inc	6201 Bonhomme Rd	Suite 469N	Houston
8	INNOVATIVE STARS LLC	633 E FERNHURST DR	STE 1001	KATY
8	RIGHTTAXMATE INC	633 E Fernhurst Dr	Ste 1001	Katy
8	Big Blue Infotech Inc	633 E Fernhurst Dr	STE 1001	Katy
8	KENNEDY INTERNATIONAL SOFTWARE INC	633 E FERNHURST DR	STE 1302	KATY
8	Daytown Realty LLC	633 E FERNHURST DR	STE 1501	KATY
8	Regal IT Services Inc	633 E Fernhurst Dr	Ste 904	KATY
8	Texans IT Services Inc	633 E Fernhurst Dr	Suite 1301	Katy
8	Tektra IT Services Inc	633 E Fernhurst Dr	Suite 1303	Katy
8	SUNRISE TECHNOLOGIES LLC	722 E WHEATLAND RD	SUITE 101	DUNCANVILLE
8	ROBOTICS TECHNOLOGIES LLC	722 E WHEATLAND RD	SUITE 103	DUNCANVILLE
8	AUTOMATION TECHNOLOGIES LLC	722 E WHEATLAND RD	SUITE 105	DUNCANVILLE
8	MACHINE LEARNING TECHNOLOGIES LLC	722 E WHEATLAND RD	SUITE 107	DUNCANVILLE
8	ROBOTIC PROCESS AUTOMATION LLC	722 E WHEATLAND RD	SUITE 109	DUNCANVILLE
8	MACHINE INTELLIGENCE TECHNOLOGIES LLC	722 E WHEATLAND RD	SUITE 111	DUNCANVILLE
8	CLOUD BIG DATA TECHNOLOGIES LLC	722 E WHEATLAND RD	SUITE 113	DUNCANVILLE
8	QUANTUM TECHNOLOGIES LLC	722 E WHEATLAND RD	SUITE 115	DUNCANVILLE
8	Bython Media INC	8668 John Hickman Parkway	Suite 1004	Frisco
8	MYTHRI CONSULTING LLC	8668 JOHN HICKMAN PARKWAY	SUITE 402	FRISCO
8	MYHRI CONSULTING LLC	8668 JOHN HICKMAN PARKWAY	SUITE 402	FRISCO
8	MYTHRI CONSULTIN LLC	8668 JOHN HICKMAN PARKWAY	SUITE 402	FRISCO
8	MYTHRI CONCULTING LLC	8668 JOHN HICKMAN PARKWAY	SUITE 402	FRISCO
8	MYTHRI CONSULTINGLLC	8668 JOHN HICKMAN PARKWAY	SUITE 402	FRISCO
8	MYTHRI CONSULTING.COM	8668 JOHN HICKMAN PARKWAY	SUITE 402	FRISCO
8	MYTHTI CONSULTING LLC	8668 JOHN HICKMAN PARKWAY	SUITE 402	FRISCO
8	The Sterling Group LP	9 Greenway Plaza	Suite 2400	Houston
8	Gulf South Pipeline Company LP	9 Greenway Plaza	Suite 2800	Houston
8	Gulf South Pipeline	9 Greenway Plaza	Suite 2800	Houston
8	GULF SOUTH PIPELINE COMPANY, LP	9 Greenway Plaza	Suite 2800	Houston
8	GULF SOUTH PIPELINE COMPANY LLC	9 Greenway Plaza	Suite 2800	Houston
8	GULF SOUTH PIPELINE COMPANY	9 Greenway Plaza	Suite 2800	Houston
8	Tri-Star Admin Services (USA) Company	9 Greenway Plaza	Suite 3100	Houston
8	VELOSTICS INC	9 GREENWAY PLAZA	SUITE 850	HOUSTON
8	Lumera Inc	9300 John Hickman Pkwy	Ste 303	Frisco
8	Cloudm Inc	9300 John Hickman Pkwy	Ste 304	Frisco
8	Cloud Softech Inc formerly CloudM Inc	9300 John Hickman Pkwy	Ste. 304	Frisco
8	CloudM Inc DBA Cloud Softech Inc	9300 John Hickman Pkwy	Ste. 304	Frisco
8	ADVITHRI TECHNOLOGIES LLC	9300 JOHN HICKMAN PKWY	SUITE 1102	FRISCO
8	Cyber Infotech LLC	9300 John Hickman Pkwy	Suite 203	Frisco
8	Sabio Infotech Inc	9300 John Hickman Pkwy	Suite 302	Frisco
8	ADEPT SCRIPTS LLC	9300 John Hickman Pkwy	Suite 804	FRISCO
7	TotalEnergies Gas & Power North America Inc	1201 Louisiana Street	Suite 1400	Houston
7	TotalEnergies E&P Americas LLC	1201 Louisiana Street	Suite 1800	Houston
7	TotalEnergies Petrochemicals & Refining USA Inc	1201 Louisiana Street	Suite 1800	Houston
7	TotalEnergies E&P USA Inc	1201 Louisiana Street	Suite 1800	Houston
7	TotalEnergies American Services Inc	1201 Louisiana Street	Suite 1800	Houston
7	Total Petrochemicals & Refining USA Inc	1201 Louisiana Street	Suite 1800	Houston
7	CC Energy USA Inc	1201 Louisiana Street	Suite 3100	Houston
7	Techiq Soultion	1212 corporate Drive		irving
7	ePace Technologies Inc	1212 Corporate Drive	Suite 120	Irving
7	Qubit Solutions Inc	1212 Corporate Drive	Suite 120	Irving
7	Cubic Technologies LLC	1212 Corporate Drive	Suite 260	Irving
7	Breign InfoTech Inc	1212 Corporate Drive	Suite 268	Irving
7	PIONEER TECHNOLOGIES INC	1212 CORPORATE DRIVE	SUITE 270	IRVING
7	Gujarat Flurochemicals Americas LLC	1212 Corporate Drive	Suite 540	Irving
7	Futu Clearing Inc	12750 Merit Drive	Ste 475	Dallas
7	Bodycote USA Inc	12750 Merit Drive	Ste. 1400	Dallas
7	North American Subrogation LLC	12750 Merit Drive	Suite 250	Dallas
7	Moomoo Financial Inc	12750 Merit Drive	Suite 450	Dallas
7	LimeIQ LLC	12750 Merit Drive	Suite 520	Dallas
7	Daisy Brand LLC	12750 Merit Drive	Suite 600	Dallas
7	Litigiven LLC	12750 Merit Drive	Suite 910	Dallas
7	STECK SYSTEMS INC	13706 RESEARCH BLVD	STE 109	AUSTIN
7	PLANET-P INC	13706 RESEARCH BLVD	SUITE 211 I & 211 F	AUSTIN
7	Kanerika Inc	13706 Research Blvd	Suite 211D	Austin
7	Diya Consulting Services Inc	13706 Research Blvd	Suite 211E	Austin
7	Avalon Software Services LLC	13706 Research Blvd	Suite 303	Austin
7	Nueve Solutions LLC	13706 Research Blvd	Suite 311	Austin
7	NorthPole Group Inc	13706 Research Blvd	Suite 311	Austin
7	KIA INFOTECH LLC	13785 RESEARCH BLVD	STE 125	AUSTIN
7	ePsolutions Inc	13785 Research Blvd	Ste. 125	Austin
7	Firstclose Inc	13785 Research Blvd	Ste. 125	Austin
7	Vert Titan International Trade LLC	13785 Research Blvd	Suite 125	Austin
7	Srita Solutions Inc	13785 Research Blvd	Suite 125	Austin
7	TECHNOLANCE IT SERVICES LLC	13785 RESEARCH BLVD	SUITE 125	AUSTIN
7	DIGITALAPICRAFT CORPORATION	13785 RESEARCH BLVD	SUITE 125	AUSTIN
7	Thatch Health Inc	1401 Lavaca Street		Austin
7	Boom Pay Inc	1401 Lavaca Street	1036	Austin
7	Gembah Inc	1401 Lavaca Street	7040	Austin
7	Klimt& Inc	1401 Lavaca Street	Ste. 1148	Austin
7	Socotra Inc	1401 Lavaca Street	Ste. 840	Austin
7	AROWE CREATIVE INC	1401 LAVACA STREET	SUITE 129	AUSTIN
7	GetEmails LLC	1401 Lavaca Street	Suite 298	Austin
7	Trumont Construction LLC	14241 Dallas Parkway	Ste. 1090	Dallas
7	1.Trumont Construction LLC	14241 Dallas Parkway	Suite 1090	Dallas
7	FORVIS, LLP	14241 Dallas Parkway	Suite 1100	Dallas
7	Forvis Mazars, LLP	14241 Dallas Parkway	Suite 1100	Dallas
7	Forvis Mazars LLP	14241 Dallas Parkway	Suite 1100	Dallas
7	EXCENTUS CORPORATION	14241 DALLAS PARKWAY	SUITE 400	DALLAS
7	PDI Technologies Inc	14241 Dallas Parkway	Suite 400	Dallas
7	Calibur Integrated Solutions Inc	17350 STATE HWY 249	220 9875	Houston
7	Viritus Technologies Inc	17350 STATE HWY 249	STE 220	HOUSTON
7	APICSOLUTIONS LLC	17350 STATE HWY 249	STE 220	HOUSTON
7	TECH11 LLC	17350 STATE HWY 249	STE 220 14578	HOUSTON
7	TECHLADDER LLC	17350 State Hwy 249	Suite 220 22383	Houston
7	TECH LADDER LLC	17350 State Hwy 249	Suite 220 22383	Houston
7	BINARE LLC	17350 STATE HWY 249	SUITE 220 7500	HOUSTON
7	DATAKNIGHTS SOLUTIONS INC	2150 S Central Expy	200	McKinney
7	Ameya Data Solutions Inc	2150 S Central Expy	Ste 200	McKinney
7	SIERRA SOFTWARE SOLUTIONS INC	2150 S CENTRAL EXPY	STE 200	MCKINNEY
7	Paudha Tek Inc	2150 S Central Expy	STE 200	McKinney
7	Softera Tech Inc	2150 S Central Expy	Suite 200	Mckinney
7	EXORDIUM NETWORKS INC	2150 S CENTRAL EXPY	SUITE 200	McKINNEY
7	Applied AI Consulting Corp	2150 S Central Expy	Suite 200	McKinney
7	MaYH Inc	2700 POST OAK BLVD		HOUSTON
7	Entomo Inc	2700 Post Oak Blvd	21st Floor	Houston
7	WELLIGENCE INC	2700 POST OAK BLVD	21ST FLOOR	HOUSTON
7	Bitmain Development Inc	2700 Post Oak Blvd	22-111	Houston
7	Jesse Livermore Securities LLC	2700 POST OAK BLVD	FL 22	HOUSTON
7	ANB Systems LLC	2700 Post Oak Blvd	Floor 21	Houston
7	Digineox LLC	2700 Post Oak Blvd	Suite 21-119	Houston
7	Honeydew Design LLC	450 Century Parkway	Ste 250	Allen
7	REVIVE SYSTEMS LLC	450 Century Parkway	STE 254	ALLEN
7	Cytracom LLC	450 Century Parkway	Suite 100	Allen
7	NEXGEN IOT SOLUTIONS	450 Century Parkway	Suite 250	Allen
7	Zangle technologies INC	450 Century Parkway	Suite 250	Allen
7	NexGen IOT Solutions LLC	450 Century Parkway	Suite 250	Allen
7	Mia Labs Inc	450 Century Parkway	Suite 250	Allen
7	DeGolyer and MacNaughton Corp.	5001 Spring Valley Road	Ste. 800 East	Dallas
7	Marketing Response Solutions LLC	5001 Spring Valley Road	Suite 1000E	Dallas
7	Solutions by Text LLC	5001 Spring Valley Road	Suite 1000E	Dallas
7	DB9 Services LLC	5001 Spring Valley Road	Suite 1155E	Dallas
7	BHG Holdings LLC	5001 Spring Valley Road	Suite 600E	Dallas
7	DeGolyer and MacNaughton Corporation	5001 Spring Valley Road	Suite 800 East	Dallas
7	Chapman, Hext & Co., P.C.	5001 Spring Valley Road	Suite 850W	Dallas
7	Invision Global Tech Inc	5005 West Royal Lane	Suite 175	Irving
7	UNIGO INC	5005 WEST ROYAL LANE	SUITE 178	IRVING
7	Global Business & Technologies Associates Inc	5005 West Royal Lane	Suite 183J	Irving
7	SRI SOFTWARE SOLUTIONS LLC	5005 West Royal Lane	SUITE 202	Irving
7	Fuge Technologies Inc	5005 West Royal Lane	Suite 228	Irving
7	InnoCore Solutions Inc	5005 West Royal Lane	Suite 279	Irving
7	AptaCore Inc	5005 West Royal Lane	Suite 281	Irving
7	Real Foundation Inc	5050 Quorum Drive	700	Dallas
7	MinMax Technologies LLC	5050 Quorum Drive	Ste. 700	Dallas
7	Virtual Tech Gurus Inc	5050 Quorum Drive	Suite 330	Dallas
7	ConfrontTek Inc	5050 Quorum Drive	Suite 700	Dallas
7	LeaseLock Technology Services Inc	5050 Quorum Drive	SUITE 700	Dallas
7	Percivon Technologies Inc	5050 Quorum Drive	Suite 700	Dallas
7	DATA NINJAS INC	5050 Quorum Drive	Suite 700- 286	Dallas
7	CHRISTUS Trinity Mother Frances Health System	5101 N. OConnor Blvd		Irving
7	Christus Northeast Texas Health System Coporation	5101 N. OConnor Blvd		Irving
7	Mother Frances Hospital Regional Healthcare	5101 N. OConnor Blvd		Irving
7	Mother Frances Regional Health Care Center	5101 N. OConnor Blvd		Irving
7	CHRISTUS SPOHN Health System Corporation	5101 N. OConnor Blvd		Irving
7	CHRISTUS Mother Frances Hospital Jacksonville	5101 N. OConnor Blvd		Irving
7	CHRISTUS Trinity Clinic Texas	5101 N. OConnor Blvd		Irving
7	D3 Solutions Inc	5717 Legacy Drive	Suite 250	Plano
7	Innive Inc	5717 Legacy Drive	Suite 250	Plano
7	LeadPoint Inc	5717 Legacy Drive	Suite 250	Plano
7	Scaleneworks People Solutions Inc	5717 Legacy Drive	Suite 250	Plano
7	Clogration LLC	5717 Legacy Drive	Suite 250	Plano
7	Sofico Services USA Inc	5717 Legacy Drive	Suite 250	Plano
7	NoshTek Consulting Corporation	5717 Legacy Drive	Suite 250, Office 2026	Plano
7	Zimat Investments LLC	5830 Granite Parkway	100-362	Plano
7	MIZ Tech Solutions LLC	5830 Granite Parkway	Suite 100-212	Plano
7	IT OPENDOORS LLC	5830 Granite Parkway	Suite 100-351	Plano
7	Greatbatch, Ltd.	5830 Granite Parkway	Suite 1150	Plano
7	Lake Region Medical Inc	5830 Granite Parkway	Suite 1150	Plano
7	Geoforce Inc	5830 Granite Parkway	Suite 1200	Plano
7	Finance of America Holdings LLC	5830 Granite Parkway	Suite 400	Plano
7	Jacobs Technology Inc	5995 Rogerdale Road		Houston
7	Jacobs Engineering Group Inc	5995 Rogerdale Road		Houston
7	Worley Group Inc	5995 Rogerdale Road		Houston
7	Jacobs Project Management Company	5995 Rogerdale Road		Houston
7	Jacobs Civil Consultants Inc	5995 Rogerdale Road		Houston
7	INTECSEA Inc	5995 Rogerdale Road		Houston
7	Jacobs Telecommunications Inc	5995 Rogerdale Road		Houston
7	GIGA CLOUD SERVICE INC	6250 Westpark Dr	Ste 314	Houston
7	Global Sphere Software Solutuins LLC	6250 Westpark Dr	Ste 319	Houston
7	Techlance Solutions	6250 Westpark Dr	Ste 319	Houston
7	SRI VARADAVINAYAKA INC	6250 WESTPARK DR	SUITE 301	HOUSTON
7	SRI VARADAVINAYAKA INC DBA Innovant Tech Inc	6250 Westpark Dr	Suite 301	Houston
7	GigaCloud Services Inc	6250 Westpark Dr	Suite 314	Houston
7	GIGA CLOUD SERVICES INC	6250 WESTPARK DR	SUITE 314	HOUSTON
7	Toyota Motor Engineering & Manufacturing North America Inc (TEMA)	6565 Headquarters Drive		Plano
7	Toyota Motor Credit Corporation	6565 Headquarters Drive		Plano
7	Toyota Motor North America (TMNA)	6565 Headquarters Drive		Plano
7	Toyota Motor North America Inc (TMNA)	6565 Headquarters Drive		Plano
7	Toyota Motor Engineering & Manufacturing North America (TEMA)	6565 Headquarters Drive		Plano
7	Toyota Motor Engineering & Manufacturing North America Inc	6565 Headquarters Drive		Plano
7	Toyota Motor Insurance Services	6565 Headquarters Drive		Plano
7	Infinity Stones Inc	6600 Chase Oaks Blvd	Ste 150	Plano
7	Orion It Labs Inc	6600 Chase Oaks Blvd	STE 150-1000	Plano
7	iQuantM Technologies Inc	6600 Chase Oaks Blvd	Suite 150	Plano
7	INFODEED INC	6600 CHASE OAKS BLVD	SUITE 150	PLANO
7	Amena Corp Inc	6600 Chase Oaks Blvd	Suite 150	Plano
7	Law Offices of Maria Tu, P.C.	6600 Chase Oaks Blvd	Suite 150	Plano
7	Decima International	6600 Chase Oaks Blvd	Suite 150	Plano
7	Voltican Inc	6671 Southwest Fwy	Ste 300H	Houston
7	Pacific International Documentation Consultants Inc	6671 Southwest Fwy	Ste 330	Houston
7	Markoch LLC	6671 SOUTHWEST FWY	STE 660	HOUSTON
7	NEURALSYS TEK LLC	6671 SOUTHWEST FWY	STE 700	HOUSTON
7	Login IT Technology Services Inc	6671 Southwest FWY	STE 700	Houston
7	Chloes Choice Inc	6671 Southwest Fwy	Suite 305	Houston
7	SOCIUS INNOVATIVE GLOBAL BRAINS LLC	6671 SOUTHWEST FWY	SUITE 700	HOUSTON
7	Duferco Steel LLC	800 Gessner Road	Ste. 1150	Houston
7	Solar Service Experts LLC	800 Gessner Road	Suite 500	Houston
7	HIIG Service Company	800 Gessner Road	Suite 600	Houston
7	Skyward Service Company	800 Gessner Road	Suite 600	Houston
7	Catalyze LLC	800 Gessner Road	Suite 700	Houston
7	NES Global LLC	800 Gessner Road	Suite 800	Houston
7	NES Globl LLC	800 Gessner Road	Suite 800	Houston
7	ACG Tech Systems Inc	8105 Rasor Boulevard		Plano
7	CSOFTCO INC	8105 Rasor Boulevard	Ste 206	Plano
7	Techment Technology Inc	8105 Rasor Boulevard	Ste. 277	Plano
7	INVERTIS IT SOLUTIONS LLC	8105 RASOR BOULEVARD	SUITE 221	PLANO
7	TECHMETRO LLC	8105 Rasor Boulevard	Suite 254	Plano
7	SRK Global Services Inc	8105 Rasor Boulevard	Suite 285	Plano
7	SVM SOFTTECH CORPORATION DBA YENILIKS IT SERVICES	8105 Rasor Boulevard	Suite 295	Plano
7	TECHNOVERA INC	8668 JOHN HICKMAN PKWY	SUITE 503	FRISCO
7	Rising Sun Technologies LLC	8668 John Hickman Pkwy	Suite 903	Frisco
7	Master Minds Consulting Services LLC	8668 John Hickman Pkwy	Suite 903	Frisco
7	Techsara Solutions Inc	8668 John Hickman Pkwy	Suite 903	Frisco
7	Siri Data Analytics LLC	8668 John Hickman Pkwy	SUITE 903B	FRISCO
7	Cloudiyan LLC	8668 John Hickman Pkwy	Suite 906	Frisco
7	QCENTRIO TECHNOLOGIES LLC	8668 JOHN HICKMAN PKWY	SUITE 907	FRISCO
6	Empath Inc	100 Congress Avenue	Ste. 2000	Austin
6	TTEC Digital LLC	100 Congress Avenue	Suite 1425	Austin
6	TTEC Consulting Inc	100 Congress Avenue	Suite 1425	Austin
6	PolSource Inc	100 CONGRESS AVENUE	SUITE 1510	AUSTIN
6	Reach Partners LLC	100 Congress Avenue	Suite 2000	Austin
6	MyFitnessPal Inc	100 Congress Avenue	SUITE 400	AUSTIN
6	BLUELINKITSERVICES LLC	101 E. Park Blvd	600	Plano
6	Opportunity IT Solutions LLC	101 E. Park Blvd	Floor 6	Plano
6	BLUELINK IT SERVICES LLC	101 E. Park Blvd	SUITE 600	PLANO
6	Ziffity Solutions LLC	101 E. Park Blvd	Suite 600	Plano
6	Kasmo Inc	101 E. Park Blvd	Suite 600, Office No 31	Plano
6	HUB IT SOLUTIONS LLC	101 E. Park Blvd	Suite 625A	Plano
6	Westchase District	10370 Richmond Avenue	Suite 1350	Houston
6	Calsep Inc	10370 Richmond Avenue	Suite 1375	Houston
6	Arup Texas Inc	10370 Richmond Avenue	Suite 475	Houston
6	MALONEBAILEY, LLP	10370 Richmond Avenue	Suite 600	Houston
6	MaloneBaileyLLP	10370 Richmond Avenue	Suite 600	Houston
6	MaloneBailey LLP	10370 Richmond Avenue	Suite 600	Houston
6	TekStrive LLC	12000 Ford Rd	A479	Farmers Branch
6	PIR2 CONSULTING INCORPORATED	12000 FORD RD	STE A407	FARMERS BRANCH
6	Zilpin Tech LLC	12000 Ford Rd	Suite 403	Farmers Branch
6	ITGeeks Inc,	12000 Ford Rd	Suite A435	Farmers Branch
6	ITGeeks Inc	12000 Ford Rd	Suite A435	Farmers Branch
6	AKSOR TECHNOLOGIES INC	12000 FORD RD	SUITE A481	FARMERS BRANCH
6	Ryan Valuation and Strategic Consulting LLC	13155 Noel Road	STE 100	Dallas
6	Ansira Partners Inc	13155 Noel Road	Ste. 600	Dallas
6	Ryan LLC	13155 Noel Road	Suite 100	Dallas
6	Sincro LLC	13155 Noel Road	Suite 600	Dallas
6	CLOUDGAMUT INC	13155 NOEL ROAD	SUITE 900	DALLAS
6	iPlanner Inc	13155 Noel Road	Suite 900	Dallas
6	Oreva Technologies Inc	1320 Greenway Drive	Ste. 675	Irving
6	Interactive Global Consultancy Corp	1320 Greenway Drive	Suite 100	Irving
6	Intellisoft Technologies Inc	1320 Greenway Drive	Suite 460	Irving
6	ReadyCap Commercial LLC	1320 Greenway Drive	Suite 560	Irving
6	FIRST OBJECT INC	1320 GREENWAY DRIVE	SUITE 855	IRVING
6	OM TEK INC	1320 GREENWAY DRIVE	SUITE 860	IRVING
6	Kuchuri LLC	1333 Corporate Dr	STE 318	Irving
6	NarveeTech Inc	1333 Corporate Dr	Suite 102	Irving
6	Narvee Tech Inc	1333 Corporate Dr	Suite 102	Irving
6	ValourUSA Inc	1333 Corporate Dr	Suite 216	Irving
6	Cloudsoft Inc	1333 Corporate Dr	Suite 318	Irving
6	CONNECTIX CORPORATION	1333 CORPORATE DR	SUITE 345	IRVING
6	HeadstormAI LLC	13355 Noel Road	Ste. 1100	Dallas
6	Applewhite Financial Planning PLLC	13355 Noel Road	Suite - 1100	Dallas
6	OutMatch Inc	13355 Noel Road	Suite 1500	Dallas
6	Holly C Roundtree CPA PLLC	13355 Noel Road	Suite 1960	Dallas
6	Tishman Construction Corporation	13355 Noel Road	Suite 400	Dallas
6	Hunt Construction Group Inc (AECOM Hunt)	13355 Noel Road	Suite 400	Dallas
6	D Best Workz LLC	13809 Research Blvd		Austin
6	ACCORD INNOVATIONS INC	13809 RESEARCH BLVD	STE 500	AUSTIN
6	Infosim Inc	13809 Research Blvd	Ste. 802	Austin
6	Ignitarium Inc	13809 Research Blvd	Suite 500	Austin
6	Azzur Group LLC	13809 Research Blvd	Suite 500	Austin
6	Corbinsoft	13809 Research Blvd	Suite 500	Austin
6	Vision Building Energy Efficiency LLC	13809 RESEARCH BLVD.	SUITE 279	AUSTIN
6	Quantifi Photonics USA Inc	13809 Research Blvd.	Suite 500	Austin
6	Front Line Consulting LLC	13809 Research Blvd.	Suite 500	Austin
6	PHONETIC CONSULTING SERVICES INC	13809 RESEARCH BLVD.	SUITE 500	AUSTIN
6	Front Line Trace Consulting LLC	13809 Research Blvd.	Suite 500	Austin
6	Aidentyx Inc	13809 Research Blvd.	Suite 730	Austin
6	CYBECYS INC	1400 PRESTON RD	STE 400	PLANO
6	DSI Telecom Inc	1400 PRESTON RD	STE 400	PLANO
6	BROADAXIS INC	1400 PRESTON RD	STE 400	PLANO
6	American Technology Experts Inc	1400 Preston Rd	Suite 400	Plano
6	HAMSA CS LLC	1400 Preston Rd	Suite 400	Plano
6	EIT SERVICES LLC	1400 PRESTON RD	SUITE 400	PLANO
6	Shell Exploration & Production Company	150 N. Dairy Ashford		Houston
6	Shell Information Technology International Inc	150 N. Dairy Ashford		Houston
6	Equilon Enterprises LLC	150 N. Dairy Ashford		Houston
6	Shell Exploration & Production Inc	150 N. Dairy Ashford		Houston
6	Shell Chemical LP	150 N. Dairy Ashford		Houston
6	Shell US Hosting Co.	150 N. Dairy Ashford		Houston
6	Navesink Mortgage Services LLC	15851 Dallas Parkway	Ste 1150	Addison
6	AVIO Consulting LLC	15851 Dallas Parkway	Suite 250	Addison
6	Managed Staffing Inc	15851 Dallas Parkway	Suite 450	Addison
6	Digital Urth HLS	15851 Dallas Parkway	Suite 602	Addison
6	Futurewei Technologies Inc	15851 Dallas Parkway	Suite 650	Addison
6	CheckSammy Inc	15851 Dallas Parkway	Suite 900	Addison
6	Santander Consumer USA Inc	1601 Elm Street		Dallas
6	Rocinate Equity Inc	1601 Elm Street		Dallas
6	Rocinante Equity Inc	1601 Elm Street		Dallas
6	HC Beck, Ltd.	1601 Elm Street	Suite 2800	Dallas
6	HCBeck, Ltd.	1601 Elm Street	Suite 2800	Dallas
6	BUSINESS WORKPLACE SOLUTIONS PEO SERVICES LLC	1601 Elm Street	SUITE 4310	Dallas
6	Trailstone Energy Marketing LLC	1601 South MoPac Expressway	D425	Austin
6	Trailstone Renewables LLC	1601 South MoPac Expressway	D425	Austin
6	Trailstone Commodity Trading US LLC	1601 South MoPac Expressway	STE D425	Austin
6	Trailstone Management Corporation	1601 South MoPac Expressway	Suite D425	Austin
6	Engelhart CTP Energy Marketing LLC	1601 South Mopac Expressway	Suite D425	Austin
6	Engelhart CTP Commodity Trading US LLC	1601 South Mopac Expressway	Suite D435	Austin
6	Asite LLC	1725 Hughes Landing Blvd.	Flr. 11th	The Woodlands
6	Webber LLC	1725 Hughes Landing Blvd.	Suite 1200	The Woodlands
6	PLW Waterworks LLC	1725 Hughes Landing Blvd.	Suite 1200	The Woodlands
6	Ferrovial Webber Energy LLC	1725 Hughes Landing Blvd.	Suite 1200	The Woodlands
6	Webber Waterworks LLC	1725 Hughes Landing Blvd.	Suite 1200	The Woodlands
6	Innocube Biosciences Inc	1725 Hughes Landing Blvd.	Suite 865	The Woodlands
6	MHI Shared Services Americas Inc	20 Greenway Plaza	Ste 830	Houston
6	Mitsubishi Heavy Industries America Inc	20 Greenway Plaza	Ste 830	Houston
6	GLOBAL HEALTHCARE ALLIANCE INC	20 Greenway Plaza	Suite 1000	Houston
6	Bridgeway Capital Management LLC f/k/a Bridgeway Capital Management Inc	20 Greenway Plaza	Suite 450	Houston
6	Sunnova Energy Corporation	20 Greenway Plaza	Suite 540	Houston
6	Mercuria Energy America LLC	20 Greenway Plaza	Suite 650	Houston
6	RA InfoSolutions LLC	2150 S. Central Expressway	STE 200	McKinney
6	Mavensoft Solutions Inc	2150 S. Central Expressway	Ste 200	McKinney
6	Zuci Systems Inc	2150 S. Central Expressway	Ste. 259	McKinney
6	NESH TECHNOLOGIES LLC	2150 S. Central Expressway	Suite 200	McKinney
6	Knowac IT Services LLC	2150 S. Central Expressway	Suite 200	McKinney
6	Cloud Future Tec Inc	2150 S. Central Expressway	Suite 258	McKinney
6	VDELIVER IT SOLUTIONS INC	26077 Nelson Way	, Suite 502	katy
6	AvevoTech Inc	26077 Nelson Way	102	Katy
6	GLOSATH LTD CO	26077 NELSON WAY	STE 502	KATY
6	ERP Initiatives Group Inc	26077 NELSON WAY	SUITE 102	KATY
6	SPARK DATA SOLUTIONS INC	26077 Nelson Way	Suite 1102	KATY
6	VUYH TECHNOLOGIES LLC	26077 NELSON WAY	SUITE 502	KATY
6	ZODIAC SOLUTIONS INC	2625 N Josey Ln	Ste 320	Carrollton
6	Excelon Solutions LLC	2625 N Josey Ln	STE 322	Carrollton
6	Excelon Solutions Inc	2625 N Josey Ln	STE 322	Carrollton
6	Excelon Solution LLC	2625 N Josey LN	STE 322	Carrollton
6	MICROINFO IT INC	2625 N Josey Ln	Ste 324	Carrollton
6	MICROINFO INC	2625 N JOSEY LN	SUITE 326	CARROLLTON
6	TechOasis Inc	2735 Villa Creek Dr	STE 143	Farmers Branch
6	Anagha Technosoft Inc	2735 Villa Creek Dr	Ste A-278	Farmers Branch
6	RV IT SYSTEMS INC	2735 Villa Creek Dr	Ste A110	Farmers Branch
6	AMPLE GLOBAL SOLUTIONS LLC	2735 Villa Creek Dr	Ste A262	Farmers Branch
6	IT Wonders INC	2735 Villa Creek Dr	Suite A-260	Farmers Branch
6	TEKPIVOT INC	2735 Villa Creek Dr	Suite A-283	Farmers Branch
6	ISTEER INC	2770 MAIN STREET	SUITE 169	FRISCO
6	333 Dots Inc	2770 Main Street	Suite 169	Frisco
6	Suniksha Technologies LLC	2770 Main Street	Suite 189	Frisco
6	Success in cloud Inc	2770 Main Street	Suite 205	Frisco
6	Micasa Global Inc	2770 Main Street	Suite 262	Frisco
6	CAP Digisoft Solutions Inc	2770 Main Street	Suite 93	Frisco
6	Wise Equation Solutions Inc	3000 Polar Lane	STE 903	Cedar Park
6	Supantha Technologies Inc	3000 Polar Lane	Suite 404	Cedar Park
6	Envisn Inc	3000 Polar Lane	Suite 901	Cedar Park
6	Softway Tek LLC	3000 Polar Lane	Unit 801	Cedar Park
6	CONQUEST CONSULTING LLC	3000 Polar Lane	Unit 803	CEDARPARK
6	Srishtitek Inc	3000 Polar Lane	Unit 902	Cedar Park
6	silverxis, inc.	305 cimarron trail	ste 100	irving
6	SILVERXIS,  INC	305 CIMARRON TRAIL	SUITE 100	IRVING
6	SILVERXIS  INC	305 CIMARRON TRAIL	SUITE 100	IRVING
6	THAKKAR	305 CIMARRON TRAIL	SUITE 100	IRVING
6	Vyts Inc	305 Cimarron Trail	Suite 160	Irving
6	Vyts,inc	305 Cimarron Trail	Suite 160	Irving
6	Studio X	310 Comal Street		Austin
6	me&u US Trading Inc	310 Comal Street	Floor 2	Austin
6	Topl Inc	310 Comal Street	Ste. 271	Austin
6	Knit Inc	310 Comal Street	Suite 239	Austin
6	SETPOINT TECHNOLOGIES INC	310 COMAL STREET	SUITE 262	AUSTIN
6	OnyxMP GrowthCo Inc	310 Comal Street	Suite 270	Austin
6	Kam Tech Ventures Corporation	3939 BELT LINE RD	STE 190	ADDISON
6	Ixmules LLC	3939 Belt Line Rd	Ste 430	Addison
6	Appshark Software Inc	3939 Belt Line Rd	STE 575	Addison
6	Tekshark Inc	3939 Belt Line Rd	STE 575	Addison
6	V SHARP LLC	3939 Belt Line Rd	Suite 400 K	Addison
6	VSHARP LLC	3939 Belt Line Rd	Suite 400 K	Addison
6	Conglomerate IT Services Inc	4101 McEwen Rd	Ste 322	Farmers Branch
6	FORWARD TECHNOLOGY GROUP INC	4101 MCEWEN RD	STE 800	DALLAS
6	Spane IT Solutions Inc	4101 McEwen Rd	Suite 130	Dallas
6	Silicon Spectra Inc	4101 McEwen Rd	Suite 215	Dallas
6	Neo Infotech Inc	4101 McEwen Rd	Suite 230	Dallas
6	Elxi Technologies Inc	4101 McEwen Rd	Suite 320	Dallas
6	Monex Securities Inc	440 Louisiana Street	Ste 1240	Houston
6	CSL Capital Management, LP	440 Louisiana Street	Suite 1050	Houston
6	U.S. PROPERTY MANAGEMENT INC	440 LOUISIANA STREET	SUITE 1150	Houston
6	Bunker One (USA) Inc	440 Louisiana Street	Suite 2100	Houston
6	Altop Energy LLC	440 Louisiana Street	Suite 710	Houston
6	S.H.A.R.E. Community Development Corp	440 Louisiana Street	Suite 900	Houston
6	Workspace Technologies Inc	4400 State Highway 121	Ste 300	Lewisville
6	Zionzest LLC	4400 State Highway 121	STE 300	Lewisville
6	COGNYSYNC TECHNOLOGIES LLC	4400 State Highway 121	Suite 300	Lewisville
6	COGNYSYNC INC	4400 STATE HIGHWAY 121	SUITE 300	Lewisville
6	SANSHA LAW OFFICE PLLC	4400 STATE HIGHWAY 121	Suite 300 0010	Lewisville
6	Venlo USA Inc	4400 State Highway 121	Suite 376	Lewisville
6	GPI Real Estate Management LLC (formally GPI Real Estate Mgmt Corp)	4622 Riverstone Blvd		Missouri City
6	GPI Hospitality Sugarland  LLC	4622 Riverstone Blvd		Missouri City
6	GPI Real Estate Management LLC	4622 Riverstone Blvd		Missouri
6	GPI Investment LLC	4622 Riverstone Blvd		Missouri City
6	GPI.com Inc	4622 Riverstone Blvd		Missouri City
6	GPI Hospitality Sugarland LLC	4622 Riverstone Blvd		Missouri City
6	TEK LEADERS INC	4975 Preston Park Blvd	Suite 500	Plano
6	CSXTech Inc	4975 Preston Park Blvd	Suite 55	Plano
6	CSX Tech Inc	4975 Preston Park Blvd	Suite 55	Plano
6	Alpha Consulting Engineers Inc	4975 Preston Park Blvd	Suite 640 W	Plano
6	Propelsys Technologies LLC	4975 Preston Park Blvd	Suite 70	Plano
6	Octal Inc	4975 Preston Park Blvd	Suite 850	Plano
6	Bridge Tower Properties LLC	5430 LBJ Freeway	Suite 1050	Dallas
6	PGAW EP LLC	5430 LBJ Freeway	Suite 1400	Dallas
6	Huitt-Zollars Inc	5430 LBJ Freeway	Suite 1500	Dallas
6	PMAM Corporation	5430 LBJ Freeway	Suite 370	Dallas
6	Atmos Energy Corporation	5430 LBJ Freeway	Suite 500	Dallas
6	Atmos Energy Corporation Inc	5430 LBJ Freeway	Suite 500	Dallas
6	TechniPros LLC	5700 Granite Parkway	Suite 200	Plano
6	Hi.Q Inc	5700 Granite Parkway	Suite 200	Plano
6	Synaptiq LLC	5700 Granite Parkway	Suite 200	Plano
6	Kibernum USA LLC	5700 Granite Parkway	Suite 200	Plano
6	MERIDIAN GO LLC	5700 GRANITE PARKWAY	SUITE 480	Plano
6	GATHI ANALYTICS LLC	5700 Granite Parkway	Suite 850	Plano
6	Universal Cable Holdings Inc	5830 Granite Pkwy		Plano
6	Vibrantitconsulting inc	5830 Granite Pkwy	217	Plano
6	Finday LLC	5830 Granite Pkwy	STE 100-265	Plano
6	Yorosis Technologies	5830 Granite Pkwy	Suite 100-277	Plano
6	Greatbatch Ltd.	5830 Granite Pkwy	Suite 1150	Plano
6	Incenter LLC	5830 Granite Pkwy	Suite 400	Plano
6	Chaucer America Inc	5847 San Felipe		Houston
6	Power Advocate Inc	5847 San Felipe	10th Floor, Suite 1000	Houston
6	AIS Portfolio Services LLC	5847 San Felipe	Suite 1200	Houston
6	Pannell Kerr Forster of Texas	5847 San Felipe	Suite 2600	Houston
6	Ensco Incorporated	5847 San Felipe	Suite 3300	Houston
6	Ensco International Incorporated	5847 San Felipe	Suite 3300	Houston
6	SHARP INFOTECH INC	6160 WARREN PARKWAY	SUITE 100	FRISCO
6	ETCO SOLUTIONS LLC	6160 Warren Parkway	Suite 100	Frisco
6	TECHAVIDITY BUSINESS SOLUTIONS LLC	6160 Warren Parkway	Suite 100	Frisco
6	Netwrix Corporation	6160 Warren Parkway	Suite 100	Frisco
6	Nomura Research Institute IT Solutions America Inc	6160 Warren Parkway	Suite 600	Frisco
6	Brierley & Partners Inc	6160 Warren Parkway	Suite 700	Frisco
6	PRG Solutions LLC	6401 Eldorado Pkwy	STE 237	McKinney
6	Xcelo Group Inc	6401 Eldorado Pkwy	STE 308	McKinney
6	CodeneedsIT LLC	6401 Eldorado Pkwy	STE 331	McKinney
6	Danta Infotech LLC	6401 Eldorado Pkwy	Suite 111	McKinney
6	Edgesoft Corp	6401 Eldorado Pkwy	Suite 203	McKinney
6	Dhansoft Technologies LLC	6401 ELDORADO PKWY	Suite 91	MCKINNEY
6	Indera Group LLC	6800 WEISKOPF AVE	STE 150	MCKINNEY
6	YCMN Technologies	6800 Weiskopf Ave	Suite 130	McKinney
6	YCMN Technologies LLC	6800 Weiskopf Ave	Suite 130	McKinney
6	IFLOW INC	6800 Weiskopf Ave	Suite 150	MCKINNEY
6	Venn Technologies Inc	6800 Weiskopf Ave	Suite 150	Mckinney
6	The Automation Space LLC	6800 Weiskopf Ave	Suite 150	McKinney
6	Seminal Financial Group Inc	7001 Corporate Drive	Suite 100	Houston
6	Top One Mortgage LLC	7001 Corporate Drive	Suite 100A	Houston
6	Asian American Health Coalition of the Greater Houston Area	7001 Corporate Drive	Suite 120	Houston
6	Asian American Health Coalition of Greater Houston Inc	7001 Corporate Drive	Suite 120	Houston
6	Hwang & Associates CPA LLC	7001 Corporate Drive	Suite 205	Houston
6	J.K. Shareco Inc	7001 Corporate Drive	Suite 381	Houston
6	Black Bull Advisors LLC	701 Brazos St		Austin
6	HeyHire	701 Brazos St	16th floor	Austin
6	Mastt USA Inc	701 Brazos St	Level 16	Austin
6	Brave Virtual Worlds Inc	701 Brazos St	STE 500	Austin
6	VOXOLOGY AI INC	701 Brazos St	Ste 540	Austin
6	Tejetus Corporation	701 Brazos St	Ste 720	Austin
6	HAO LAW P.C.	7505 Fannin St	STE 209	Houston
6	Licensed Civil Engineers Inc	7505 FANNIN ST	STE 440	Houston
6	QuigPro Inc	7505 Fannin St	Suite 440	Houston
6	Foundation Gig LLC	7505 fannin st	suite 440	Houston
6	Texas Licensed Engineers Inc	7505 Fannin St	Suite 440	Houston
6	Menlopark Technologies LLC	7505 Fannin St	Suite 610	Houston
6	EterNova Incorporated	7800 Preston Road	Ste 153	Plano
6	RELIANT INFOTECH INC	7800 PRESTON ROAD	SUITE 114	PLANO
6	RNR IT SOLUTIONS INC	7800 PRESTON ROAD	SUITE 126	PLANO
6	WICHITA DATA SYSTEMS INC	7800 PRESTON ROAD	SUITE 140	PLANO
6	Steerwise Inc	7800 Preston Road	Suite 151	Plano
6	Tekaccel Inc	7800 Preston Road	suite 153	Plano
6	Alif Security LLC	800 Bonaventure Way	Ste 103	Sugar Land
6	RONIT SYSTEMS INC	800 BONAVENTURE WAY	SUITE 105	SUGAR LAND
6	Cynthia L Rojas Counseling PLLC	800 Bonaventure Way	Suite 122	Sugar Land
6	ELANS FUELS LLC	800 BONAVENTURE WAY	SUITE 140	SUGAR LAND
6	YILDIZ LAW FIRM, PLLC	800 BONAVENTURE WAY	UNIT 116	SUGAR LAND
6	YILDIZ LAW FIRM PLLC	800 BONAVENTURE WAY	UNIT 116	SUGAR LAND
6	VIRTUE SERVE LLC	8951 CYPRESS WATERS BLVD.	SUITE 160	COPPELL
6	LIMITED MEMORY INC	8951 CYPRESS WATERS BLVD.	SUITE 160	DALLAS
6	WENABLE INC	8951 CYPRESS WATERS BLVD.	SUITE 160	COPPELL
6	Reynolds & Moore LLC	8951 Cypress Waters Blvd.	Suite 160	Dallas
6	BT Americas Inc	8951 Cypress Waters Blvd.	Suite 200	Dallas
6	Toyota Industries Commercial Finance Inc	8951 Cypress Waters Blvd.	Suite 300	Coppell
6	DANTAM Inc	9901 Brodie Lane	STE 160	Austin
6	Hypergiant LLC	9901 Brodie Lane	Ste 160 1166	Austin
6	NEXTGEN GIG SOLUTIONS LLC	9901 BRODIE LANE	STE 160 1214	AUSTIN
6	Hypergiant Industries Inc	9901 Brodie Lane	Ste. 160 1166	Austin
6	AvantStay Inc Experiential Travels	9901 Brodie Lane	Suite 160 6012	Austin
6	VERIFIABLE INC	9901 BRODIE LANE	SUITE 160, 1077	AUSTIN
6	ServeGlobal Inc	9901 East Valley Ranch Parkway	Suite 2036	Irving
6	HealthTech Systems Inc	9901 East Valley Ranch Parkway	Suite 2045	Irving
6	TNP SYSTEMS LLC	9901 EAST VALLEY RANCH PARKWAY	SUITE 3005	IRVING
6	SREE INFOTECH LLC	9901 EAST VALLEY RANCH PARKWAY	SUITE 3008	IRVING
6	IMCS Group Inc	9901 East Valley Ranch Parkway	Suite 3020	Irving
6	CONVERANTIT INC	9901 East Valley Ranch Parkway	Suite 3035	Irving
5	UPower Energy LLC	1 Chisholm Trail Road	STE 450	Round Rock
5	Hanwha Convergence USA Corp.	1 Chisholm Trail Road	Suite 200	Round Rock
5	Hanwha Convergence USA, Corp.	1 Chisholm Trail Road	Suite 200	Round Rock
5	Enshire Inc	1 Chisholm Trail Road	Suite 450	Round Rock
5	RITE CODE TECHNOLOGIES INC	1 CHISHOLM TRAIL ROAD	SUITE 450	ROUND ROCK
5	Tekorion Inc	100 N. Central Expressway	Suite 406	Richardson
5	Cloud IT Tech	100 N. Central Expressway	Suite 500	Richardson
5	Dallas Infotech LLC	100 N. Central Expressway	Suite 500	Richardson
5	Signitives Technologies LLC	100 N. Central Expressway	Suite 510	Richardson
5	OPTTECH LLC	100 N. Central Expressway	Suite 513	Richardson
5	Kinder Morgan Inc	1001 Louisiana Street	Suite 1000	Houston
5	SESI Corporate LLC	1001 LOUISIANA STREET	SUITE 2900	HOUSTON
5	Superior Energy Services LLC	1001 LOUISIANA STREET	SUITE 2900	Houston
5	SESI Global LLC	1001 LOUISIANA STREET	SUITE 2900	HOUSTON
5	Stabil Drill Specialties LLC	1001 Louisiana Street	Suite 2900	Houston
5	Infysol Inc	1095 Evergreen Circle	200	The Woodlands
5	Verity Services LLC	1095 Evergreen Circle	Suite 200	The Woodlands
5	Resoptima Inc	1095 Evergreen Circle	Suite 200-528	Woodlands
5	KINETICAI INC	1095 Evergreen Circle	Suite 433	The Woodlands
5	Blackrock Automation Inc	1095 Evergreen Circle	Suite 536	The Woodlands
5	Fisher-Rosemount Systems Inc	1100 W. Louis Henna Blvd.		Round Rock
5	Emerson Process Management LLLP	1100 W. Louis Henna Blvd.		Round Rock
5	Bristol Inc	1100 W. Louis Henna Blvd.		Round Rock
5	Fisher-Rosemont Systems Inc	1100 W. Louis Henna Blvd.		Round Rock
5	Computational Systems Inc	1100 W. Louis Henna Blvd.		Round Rock
5	Just After Midnight INC	111 Congress Ave	Ste 500	Austin
5	STRIKE PROTOCOLS INC	111 CONGRESS AVE	SUITE 500	AUSTIN
5	Censo Inc	111 Congress Ave	Suite 500	Austin
5	DYCSI INC	111 Congress Ave	Suite 500	Austin
5	Dentist Entrepreneur Organization LLC	111 Congress Ave	Suite 500	Austin
5	Workrise Technologies Inc	111 Congress Avenue	Ste. 900	Austin
5	USA COMPRESSION MANAGEMENT SERVICES LLC	111 CONGRESS AVENUE	Suite 2400	AUSTIN
5	InMarket Media LLC	111 Congress Avenue	Suite 500	Austin
5	Stablewood Properties LLC	111 Congress Avenue	Suite 500	Austin
5	AVLA US INSURANCE COMPANY	111 CONGRESS AVENUE	SUITE 500	AUSTIN
5	I-CARE RELIABILITY INC	11200 Westheimer Road	Ste. 625	Houston
5	S&R Professionals LLC	11200 Westheimer Road	Suite 100	Houston
5	S & R Professionals LP	11200 WESTHEIMER ROAD	SUITE 100	HOUSTON
5	Dorf Ketal Chemicals LLC	11200 Westheimer Road	Suite 400	Houston
5	S & R Professionals LLC	11200 WESTHEIMER ROAD	SUITE 405	HOUSTON
5	Greco Structures LLC	11750 Katy Freeway		Houston
5	Wan Bridge Group LLC	11750 Katy Freeway	Ste. 1400	Houston
5	Gunda Corporation LLC	11750 Katy Freeway	Suite 300	Houston
5	Satterfield & Pontikes Construction Inc	11750 Katy Freeway	Suite 500	Houston
5	Socotec Advisory LLC	11750 Katy Freeway	Tenth Floor, Suite 1000	Houston
5	IPEX GLOBAL INC	12300 FORD ROAD	STE B263	FARMERS BRANCH
5	Optimus Lab USA LLC	12300 Ford Road	Ste. B336	Dallas
5	Optimus Labs USA LLC	12300 Ford Road	Ste. B336	Dallas
5	Global Telecom and IT Services Inc	12300 Ford Road	Suite 290	Dallas
5	PHOTON INFOTECH INC	12300 FORD ROAD	SUITE B270	DALLAS
5	ACS Industrial Activities Inc	1235 North Loop West	Suite 1020	Houston
5	Godzina Law Firm, PLLC	1235 North Loop West	Suite 702	Houston
5	Godzina Law Firm PLLC	1235 North Loop West	Suite 707	Houston
5	Godzina & Strange PLLC	1235 North Loop West	Suite 707	Houston
5	Kisuma Americas Inc	1235 North Loop West	Suite 909	Houston
5	Aethon Energy Operating LLC	12377 Merit Drive	Suite 1200	Dallas
5	Exco Resources Inc	12377 Merit Drive	Suite 1700	Dallas
5	WRA ARCHITECTS INC	12377 MERIT DRIVE	Suite 1800	Dallas
5	Familia Care Inc	12377 Merit Drive	Suite 300	Dallas
5	TopCare Medical Group Inc	12377 Merit Drive	Suite 300	Dallas
5	Walter P. Moore and Associates Inc	1301 McKinney Street	Suite 1100	Houston
5	Walter P. Moore & Associates Inc	1301 McKinney Street	Suite 1100	Houston
5	Everzinc Corporation	1301 McKinney Street	Suite 1575	Houston
5	U.S. Zinc Corporation	1301 McKinney Street	Suite 1575	Houston
5	MRC Services Company LLC	1301 McKinney Street	Suite 2300	Houston
5	Time Manufacturing Holdings Company LLC	1301 Solana Boulevard		Westlake
5	Time Manufacturing Holdings LLC	1301 Solana Boulevard		Westlake
5	Virbac Corpoation	1301 Solana Boulevard	Building 2, Suite 2400	Westlake
5	Inspira Entreprise Inc	1301 Solana Boulevard	Suite 2570	Westlake
5	INSPIRA ENTERPRISES INC	1301 SOLANA BOULEVARD	SUITE 2570	WESTLAKE
5	Woke USA LLC	1334 Brittmoore Rd	Ste 2315	Houston
5	Wefluens LLC	1334 Brittmoore Rd	Suite 1000B	Houston
5	Breaker19 Logistics LLC	1334 Brittmoore Rd	Suite 1000B	Houston
5	Cart.com Inc	1334 Brittmoore Rd	Suite 225	Houston
5	PISC (Procurement & Integrated Services Company) International Inc	1334 Brittmoore Rd	Suite 2805	Houston
5	IntelliTide Corp.	1334 Brittmoore Road		Houston
5	Agellus Tank Robotics	1334 Brittmoore Road		Houston
5	Deployable Energy Limited	1334 Brittmoore Road		Houston
5	Felicitys Link Inc	1334 Brittmoore Road	Suite 1000B	Houston
5	CORVA AI LLC	1334 BRITTMOORE ROAD	SUITE 150	Houston
5	Bustillos, Bello and Associates PLLC	13501 Katy Freeway	Suite 1510	Houston
5	Viking Services LLC	13501 Katy Freeway	Suite 3300	Houston
5	Viking Engineering, LC	13501 Katy Freeway	Suite 3300	Houston
5	GIBSON APPLIED TECHNOLOGY & ENGINEERING INC	13501 Katy Freeway	SUITE 3300	HOUSTON
5	GIBSON APPLIED TECHNOLOGY & ENGINEERING LLC	13501 Katy Freeway	SUITE 3300	HOUSTON
5	Encore Techsol LLC	13601 PRESTON ROAD	STE 104	Dallas
5	Global Paradigm LLC	13601 Preston Road	Suite 425W	DALLAS
5	TEQBOT LLC	13601 Preston Road	Suite E0230	Dallas
5	OAKTON TECHNOLOGIES LLC	13601 Preston Road	Suite E0230	Dallas
5	Angel Valley Hospice LLC	13601 Preston Road	Suite W312	Dallas
5	Capital Info Group Inc	1400 Corporate Drive	Ste 140	Irving
5	RYTHMOS INC	1400 CORPORATE DRIVE	SUITE 200	IRVING
5	Loyalty Methods Corp.	1400 CORPORATE DRIVE	SUITE 220	IRVING
5	Homeowners of America MGA Inc	1400 Corporate Drive	Suite 300	Irving
5	HOMEOWNERS OF AMERICA HOLDING CORPORATION	1400 CORPORATE DRIVE	SUITE 300	IRVING
5	Decca Consulting LLC	14090 Southwest Freeway	Suite 300	Sugar Land
5	Alpha IT Global LLC	14090 Southwest Freeway	Suite 300	Sugarland
5	JADEED TECH INC	14090 Southwest Freeway	Suite 300	Sugarland
5	TEXAN MINERALS AND CHEMICALS LLC	14090 SOUTHWEST FREEWAY	SUITE 310	SUGAR LAND
5	Petro IT USA Inc	14090 Southwest Freeway	Suite 410	Sugar Land
5	Servis One Inc d/b/a BSI Financial Services	1425 Greenway Drive	STE 400	Irving
5	Tieto US Inc	1425 Greenway Drive	Ste. 490	Irving
5	Rocktop Technologies LLC	1425 Greenway Drive	SUITE 250	Irving
5	EVRY USA Corporation	1425 GREENWAY DRIVE	SUITE 490	IRVING
5	MISSION SERVICING ASSET MANAGEMENT LLC	1425 Greenway Drive	Suite 625	Irving
5	Shell  Exploration and Production Company	150 North Dairy Ashford Road		Houston
5	Shell International Exploration and Production Inc	150 North Dairy Ashford Road		Houston
5	Shell International Exploration & Production Inc	150 North Dairy Ashford Road		Houston
5	Shell US Hosting Company	150 North Dairy Ashford Road		Houston
5	Shell Exploration and Production Company	150 North Dairy Ashford Road		Houston
5	SmartDrive Systems Inc	1500 Solana Blvd.	Bldg. 6, Ste. 6300	Westlake
5	Solera Holdings LLC	1500 Solana Blvd.	Blg. 6., Ste. 6300	Westlake
5	defi Solutions DE LLC	1500 Solana Blvd.	Ste 6400	Westlake
5	Core-Mark US LLC	1500 Solana Blvd.	Ste. 3200	Westlake
5	ECI Software Solutions Inc	1500 Solana Blvd.	Ste. 6500	Westlake
5	CEVA Logistics U.S. Inc	15350 Vickery Drive		Houston
5	CEVA Freight LLC	15350 Vickery Drive		Houston
5	CEVA Logistics US Inc	15350 Vickery Drive		Houston
5	CEVA Contract Logistics US Inc	15350 Vickery Drive		Houston
5	CEVA Air & Ocean USA Inc	15350 Vickery Drive		Houston
5	Found and Free Co.	1606 Headway Cir	STE 9358	Austin
5	Fugu Carbon Inc	1606 Headway Cir	STE 9877	Austin
5	Immigify	1606 Headway Cir	STE 9980	Austin
5	Afrohealth	1606 Headway Cir	STE 9980	Austin
5	Gridsight Inc	1606 Headway Cir	STE Unit 9589	Austin
5	AMEC FOSTER WHEELER USA CORPORATION	17325 PARK ROW		Houston
5	WOOD ENVIRONMENT & INFRASTRUCTURE SOLUTIONS INC	17325 Park Row		HOUSTON
5	WOOD GROUP USA INC	17325 PARK ROW		Houston
5	BMA SOLUTIONS INC	17325 PARK ROW		Houston
5	CEC CONTROLS COMPANY INC	17325 Park Row		Houston
5	POLYTEC USA CORP	1800 West loop South	Suite 1600	Houston
5	RepeatMD Operating LLC	1800 West Loop South	Suite 1700	Houston
5	Brondolin North America Corp	1800 West Loop South	Suite 1740	Houston
5	Hafnia Pools Pte. Ltd. Houston Branch	1800 West Loop South	Suite 1925	Houston
5	Hafnia Pools Pte. Ltd. (Houston)	1800 West Loop South	Suite 1925	Houston
5	Neoage Services LLC	18510 Green Land Way	Suite C	Houston
5	Data Strategies Interchange LLC	18510 Green Land Way	Suite C	Houston
5	Indus USA Inc	18510 GREEN LAND WAY	SUITE E	HOUSTON
5	Vande Wellness LLC	18510 Green Land Way	Suite E	Houston
5	Vande Wellness LCC	18510 Green Land Way	Suite E	Houston
5	Steward Health Care System LLC	1900 N Pearl Street	Suite 2400	Dallas
5	Western Reserve Health Education Inc	1900 N Pearl Street	Suite 2400	Dallas
5	Steward Medical Group Inc	1900 N Pearl Street	Suite 2400	Dallas
5	Steward Health Care Network Inc	1900 N Pearl Street	Suite 2400	Dallas
5	STEWARD ST. ELIZABETHS MEDICAL CENTER OF BOSTON INC	1900 N Pearl Street	Suite 2400	Dallas
5	GHN Technologies Inc	1920 McKinney Ave		Dallas
5	Lantern Pharma Inc	1920 McKinney Ave	7th Floor	Dallas
5	Purple Talk Inc	1920 McKinney Ave	Floor 7	Dallas
5	PayAU US LLC	1920 McKinney Ave	Office 08B128	Dallas
5	Stratosphere Technical Consulting LLC	1920 McKinney Ave	Suite 700	Dallas
5	Galderma Laboratories LLC	2001 Ross Avenue	16th Floor	Dallas
5	Stemuli Studios Inc	2001 Ross Avenue	700-177	Dallas
5	Galderma Laboratories, L.P.	2001 Ross Avenue	Floor 16	Dallas
5	ORIX USA, LP	2001 Ross Avenue	Suite 1900	Dallas
5	BeauTech Power Systems LLC	2001 Ross Avenue	Suite 4650	Dallas
5	Van Cliburn Foundation Inc	201 Main Street	Suite 100	Fort Worth
5	Ulterra Drilling Technologies, LP	201 Main Street	Suite 1660	Fort Worth
5	Crestline Investors Inc	201 Main Street	Suite 1900	Fort Worth
5	Keystone Advisors, L.P.	201 Main Street	Suite 3100	Fort Worth
5	GVW CORPORATION	201 MAIN STREET	UNIT 7K	HOUSTON
5	Lennox International Inc	2140 Lake Park Blvd		Richardson
5	Heatcraft Refrigeration Products LLC	2140 Lake Park Blvd		Richardson
5	Lennox Industries Inc	2140 Lake Park Blvd		Richardson
5	Allied Air Enterprises	2140 Lake Park Blvd		Richardson
5	Lennox National Account Services Inc	2140 Lake Park Blvd		Richardson
5	ABEAM CONSULTING (USA) LTD.	222 W. Las Colinas Blvd.	Ste. 2150N	Irving
5	I2 IT SOLUTIONS INC	222 W. LAS COLINAS BLVD.	SUITE 1650	IRVING
5	e-Zest Solutions Inc	222 W. Las Colinas Blvd.	Suite 1650	Irving
5	DUPONT POLYMER PRODUCTS LLC	222 W. Las Colinas Blvd.	Suite 900	Irving
5	Celanese Corporation	222 W. Las Colinas Blvd.	Suite 900N	Irving
5	Qualesce LLC	2591 Dallas Pkwy	STE 300	Frisco
5	Twilnet LLC	2591 Dallas Pkwy	Ste. 300	Frisco
5	Talent Tech Solutions Inc	2591 Dallas Pkwy	Suite 300	Frisco
5	HiWorth Technology and Management LLC	2591 Dallas Pkwy	Suite 300	Frisco
5	BI GALAXY TECHNOLOGIES INC	2591 Dallas Pkwy	Suite 300	Frisco
5	ITEKSYSTEM LLC	2695 Villa Creek Drive	Ste B 113	Farmers Branch
5	Schnaufer & Walker, P.C.	2695 Villa Creek Drive	Suite 268	Dallas
5	NGTalentTech Group LLC	2695 Villa Creek Drive	Suite B113	Farmers Branch
5	KYS Consulting LLC	2695 Villa Creek Drive	Suite B126	Framers Branch
5	Talenttech Corporation	2695 Villa Creek Drive	Suite B278	Dallas
5	Exela Enterprise Solutions Inc	2701 E Grauwyler Road		Irving
5	Sourcecorp Management Inc	2701 E Grauwyler Road		Irving
5	HOV SERVICES INC	2701 E Grauwyler Road		Irving
5	SourceHOV LLC	2701 E Grauwyler Road		Irving
5	SOURCECORP BPS INC	2701 E Grauwyler Road		Irving
5	Roberts Markel Weinberg Butler Hailey, PC	2800 Post Oak Blvd	Flr 57	Houston
5	OCI Clean Ammonia M&O LLC	2800 Post Oak Blvd	Ste 3150	Houston
5	GH America Investments Group Inc	2800 Post Oak Blvd	STE 5115	Houston
5	OCI Clean Ammonia LLC	2800 Post Oak Blvd	Suite 3150	Houston
5	Qualitas Health Inc	2800 Post Oak Blvd	Suite 5858	Houston
5	Alltechliquids INC	2929 Allen Parkway		Houston
5	Legacy Community Health Services Inc	2929 Allen Parkway	Suite 1300	Houston
5	Arkenstone US LLC	2929 Allen Parkway	Suite 200	Houston
5	Argus Media Inc	2929 Allen Parkway	Suite 700	Houston
5	Argus Media	2929 Allen Parkway	Suite 700	Houston
5	SAPNEXX LLC	300 E Royal Ln	Ste 135	Irving
5	SAIKA TECHNOLOGIES INC	300 E ROYAL LN	SUITE 112	IRVING
5	Atoka Technologies Inc	300 E Royal Ln	Suite 120	Irving
5	Atoka Technologies	300 E Royal Ln	Suite 120	Irving
5	SOL IT SYSTEMS INC	300 E ROYAL LN	SUITE 122	IRVING
5	VISHGLO INFOSOLUTIONS INC	3010 LBJ FREEWAY	STE 1200	DALLAS
5	CONSUMER CLUB INC	3010 LBJ Freeway	Ste. 1500	Dallas
5	Reliance IT Inc	3010 LBJ Freeway	Suite 1200	Dallas
5	KALVEN GROUP OF LIMITED LIABILITY COMPANY	3010 LBJ FREEWAY	SUITE 1200	DALLAS
5	PRICELINE PARTNER SOLUTIONS (USA) INC	3010 LBJ Freeway	Suite 1500	Dallas
5	RewardStyle Inc	3102 Oak Lawn Avenue	9th Floor	Dallas
5	Reward Style Inc	3102 Oak Lawn Avenue	9th Floor	Dallas
5	Jet Financial Corp.	3102 Oak Lawn Avenue	Suite 550	Dallas
5	Sports Operating LLC	3102 Oak Lawn Avenue	Suite 725	Dallas
5	Event Dynamic LLC	3102 Oak Lawn Avenue	Suite 725	Dallas
5	Freeport LNG Development, LP	333 Clay Street	Ste. 5050	Houston
5	Plains All American GP LLC	333 Clay Street	Suite 1600	Houston
5	Talos Energy Operating Co LLC	333 Clay Street	Suite 3300	Houston
5	Talos Energy	333 Clay Street	Suite 3300	Houston
5	FREEPORT LNG DEVELOPMENT, L.P.	333 Clay Street	SUITE 5050	HOUSTON
5	Sunshine Circuits USA LLC	3400 Silverstone Dr	Ste 139	Plano
5	Techdots LLC	3400 Silverstone Dr	Suite 106	Plano
5	IQhector LLC	3400 Silverstone Dr	Suite 116	Plano
5	TEKPRO IT LLC	3400 Silverstone Dr	Suite 119	Plano
5	TekDeft LLC	3400 Silverstone Dr	Suite 133	Plano
5	L & V International Inc	440 Cobia Dr.	Ste 302	Katy
5	Advanced IT Solutions Inc	440 Cobia Dr.	Ste. 1501	Katy
5	Novellant Engineering Services LLC	440 Cobia Dr.	Ste. 301	Katy
5	VOXTECH LLC	440 COBIA DR.	SUITE 1204	KATY
5	Core Technology Services Inc	440 Cobia Dr.	Unit 1101	Katy
5	BeeHyv Inc	4514 Cole Avenue	Ste 600	Dallas
5	Dickeys Barbecue Resaurants Inc	4514 Cole Avenue	Ste. 1015	Dallas
5	Bonaccord Capital Advisors LLC	4514 Cole Avenue	Suite 1600	Dallas
5	LONESTAR IT SERVICES INC	4514 Cole Avenue	Suite 600	Dallas
5	Griffin Highline Capital LLC	4514 Cole Avenue	Suite 802	Dallas
5	Austin1 LLC	5 Cowboys Way	Ste 300	Frisco
5	Nuscale Inc	5 Cowboys Way	Ste 300	Frisco
5	NEXTGEN INNOVATION LABS LLC	5 COWBOYS WAY	SUITE 300	FRISCO
5	CoMedia LLC	5 Cowboys Way	Suite 300	FRISCO
5	EBUSINESS TECHNOLOGIES INC	5 COWBOYS WAY	SUITE 300-85	FRISCO
5	Bluedot Industries Inc	501 Congress Avenue	Ste. 150	Austin
5	Horizen Labs Inc	501 Congress Avenue	Suite 150	Austin
5	Rialtes Technologies LLC	501 Congress Avenue	Suite 150	Austin
5	Censius Inc	501 Congress Avenue	Suite 150	Austin
5	SECTOR 1 TECHNOLOGY INC	501 CONGRESS AVENUE	SUITE 150 - 353	AUSTIN
5	ASD Specialty Healthcare LLC	5025 Plano Parkway		Carrollton
5	IntrinsiQ Specialty Solutions Inc	5025 Plano Parkway		Carrollton
5	Xcenda LLC	5025 Plano Parkway		Carrollton
5	INTEGRATED COMMERCIALIZATION SOLUTIONS LLC	5025 Plano Parkway		Carrollton
5	International Oncology Network Solutions Inc	5025 Plano Parkway		Carrollton
5	SHIRO TECHNOLOGIES LLC	5080 SPECTRUM DRIVE	SUITE 1000E	ADDISON
5	Alpha Solutions USA LLC	5080 Spectrum Drive	Suite 1000E	Addison
5	North Texas Tax and Financial	5080 Spectrum Drive	Suite 1200E	Addison
5	Concentra Solutions Inc	5080 Spectrum Drive	Suite 1200W	Addison
5	Securonix Inc	5080 Spectrum Drive	Suite 950W	Addison
5	Skillgigs Inc	5177 Richmond Avenue	600	Houston
5	Inoapps - Innovative Applications Inc	5177 Richmond Avenue	Ste. 200	Houston
5	Matrix Structural Engineers Inc	5177 Richmond Avenue	Ste. 670	Houston
5	Seatrium LeTourneau USA Inc	5177 Richmond Avenue	Ste. 950	Houston
5	International Technologies Pro LLC	5177 Richmond Avenue	Suite 600	Houston
5	Acqueon Inc	5215 N. OConnor Blvd.	Suite 1050	Irving
5	Flowserve U.S. Inc	5215 N. OConnor Blvd.	Suite 2300	Irving
5	Flowserve US Inc	5215 N. OConnor Blvd.	Suite 2300	Irving
5	Flowserve Corporation	5215 N. OConnor Blvd.	Suite 2300	Irving
5	Flowserve US Company	5215 N. OConnor Blvd.	Suite 2300	Irving
5	Garret Shields Infrastructure LLC	5465 Legacy Drive	Suite 120	Plano
5	Aujas Cybersecurity Limited	5465 Legacy Drive	Suite 650	Plano
5	NSEIT (US) Inc	5465 Legacy Drive	Suite 650	Plano
5	Exdion Solutions Inc	5465 Legacy Drive	Suite 650	Plano
5	Arise Soft LLC	5465 Legacy Drive	Suite 650/6116	Plano
5	Renaissance Medical Foundation	5501 S. McColl Road		Edinburg
5	Renaissance Endocrinology	5501 S. McColl Road		Edinburg
5	Renaissance Surgery Group	5501 S. McColl Road		Edinburg
5	Renaissance Hospitalists	5501 S. McColl Road		Edinburg
5	Renaissance Gastroenterology	5501 S. McColl Road		Edinburg
5	ILM360 LLC	555 ROUND ROCK WEST DR	STE E-236	ROUND ROCK
5	Gen Piper Technologies LLC	555 Round Rock West Dr	Ste E232	Round Rock
5	Broadminds Inc	555 Round Rock West Dr	Suite 217	Round Rock
5	Broadminds lnc.	555 Round Rock West Dr	Suite 217	Round Rock
5	Sunwell America Inc	555 Round Rock West Dr	Unit E-233	Round Rock
5	CES Enterprise LLC	5550 Granite Pkwy		Plano
5	Eminence Technology Solutions Inc	5550 Granite Pkwy	STE 205	plano
5	SPAR INFORMATION SYSTEMS LLC	5550 Granite PKWY	SUITE 105	Plano
5	LEADING TORCH LLC	5550 GRANITE PKWY	SUITE 210	PLANO
5	MROADS LLC	5550 GRANITE PKWY	SUITE 225	PLANO
5	HASHKEY GLOBAL INCORPORATED	5605 N MacArthur Blvd	10th Floor	Irving
5	Cratos Technology Services Inc	5605 N MacArthur Blvd	Ste 1000	Irving
5	BLUESPARK LLC	5605 N MACARTHUR BLVD	STE 1040	IRVING
5	Ample IT Services LLC	5605 N Macarthur Blvd	Suite 1005	Irving
5	KBS Solutions LLC	5605 N MacArthur Blvd	Suite 1019	Irving
5	Epiphany Industrial Technologies LLC	5665 Southeast Loop 410		San Antonio
5	BD Holt Company	5665 Southeast Loop 410		San Antonio
5	Holt Wind Resources LLC	5665 Southeast Loop 410		San Antonio
5	Holt Truck Centers of Texas LLC	5665 Southeast Loop 410		San Antonio
5	Holt Industrial Air Systems LLC	5665 Southeast Loop 410		San Antonio
5	CAREER CONNECT TECHNOLOGIES LLC	5718 Westheimer Road	Suite 1000	Houston
5	Basil & Co. LLC	5718 Westheimer Road	Suite 1000	Houston
5	R&B Technology (USA) Company Inc	5718 Westheimer Road	Suite 1000	Houston
5	GLOW CHURCH USA INC	5718 WESTHEIMER ROAD	SUITE 1000	HOUSTON
5	TBK CPA PLLC	5718 WESTHEIMER ROAD	SUITE 1600	HOUSTON
5	KBR Inc	601 Jefferson Street		Houston
5	KBR Wyle Services LLC	601 Jefferson Street		Houston
5	KBR Technical Services	601 Jefferson Street		Houston
5	KBR Technical Services Inc	601 Jefferson Street		Houston
5	KBR Wyle Services  LLC	601 Jefferson Street		Houston
5	INFOGAMA LLC	6600 Paige RD		The Colony
5	Resonance Solutions Inc	6600 Paige Rd	Ste 212	The Colony
5	SPR SOFTWARE SYSTEMS LLC	6600 PAIGE RD	SUITE 101	THE COLONY
5	Emit CS Inc	6600 Paige Rd	Suite 217	The Colony
5	First Infra LLC	6600 Paige Rd	Suite 224	The Colony
5	National Systems America, L.P	6860 Dallas Pkwy	Suite 200	Plano
5	SYSTEMS PLUS SOLUTIONS USA LLC	6860 DALLAS PKWY	SUITE 200	PLANO
5	National Systems America L.P.	6860 Dallas Pkwy	Suite 200	Plano
5	StaffDNA LLC	6860 Dallas Pkwy	Suite 400	Plano
5	LaborEdge LLC	6860 Dallas Pkwy	Suite 800	Plano
5	Fundbox Inc	6900 Dallas Parkway		Plano
5	Beehub Inc	6900 Dallas Parkway		Plano
5	ENCORE ENTERPRISES INCORPORATED	6900 DALLAS PARKWAY	3RD FLOOR	PLANO
5	K2View LLC	6900 Dallas Parkway	Suite 300	Plano
5	Greenstaff Medical Staffing LLC	6900 Dallas Parkway	Suite 300	Plano
5	Community Hospitalists LLC, dba HNI Healthcare	7500 Rialto Blvd, Building 1	Ste. 140	Austin
5	HNI Physician Services of Texas Inc	7500 Rialto Blvd, Building 1	Ste. 140	Austin
5	HNI Hospitalists of Idaho LLC	7500 Rialto Blvd, Building 1	Ste. 140	Austin
5	HNI Medical Services	7500 Rialto Blvd, Building 1	Ste. 140	Austin
5	HNI Medical Services at Glenwood LLC	7500 Rialto Blvd, Building 1	Suite 140	Austin
5	INVENTSOFT LLC	7600 Chevy Chase Drive	Bldg. 2, Suite 300	Austin
5	A2B Tech Systems Inc	7600 CHEVY CHASE DRIVE	BLDG. 2, SUITE 300	AUSTIN
5	Humanity Unleashed Inc	7600 Chevy Chase Drive	Ste 300	Austin
5	Token Metrics Inc	7600 Chevy Chase Drive	Suite 300	Austin
5	SAPPHIRE INFORMATICS LLC	7600 CHEVY CHASE DRIVE	SUITE 300	AUSTIN
5	Seanergy Digital Inc	7800 Preston Rd	115	Plano
5	LILLI TECHNOLOGY LLC	7800 PRESTON RD	STE 105	PLANO
5	ASR DATA SOLUTIONS LLC	7800 Preston Rd	STE 107	Plano
5	MAXIMUS TEK INC	7800 Preston Rd	Ste 107	Plano
5	RNR Solutions Inc	7800 Preston Rd	Suite 109	Plano
5	DAL-TILE CORPORATION	7834 C.F. HAWN FREEWAY		DALLAS
5	Unilin North America LLC	7834 C.F. Hawn Freeway		Dallas
5	Dal-Tile LLC	7834 C.F. HAWN FREEWAY		DALLAS
5	DalTile Corporation	7834 C.F. Hawn Freeway		Dallas
5	Dal-Tile Tennessee LLC	7834 C.F. Hawn Freeway		Dallas
5	SAPTopia Consulting LLC	801 E Campbell Road	Ste. 140	Richardson
5	FPT USA Corporation	801 E Campbell Road	Ste. 525	Richardson
5	Eugene Chen Law, PLLC	801 E Campbell Road	Suite 130	Richardson
5	PREMIER IT SOLUTIONS LLC	801 E CAMPBELL ROAD	SUITE 270	RICHARDSON
5	GaN Systems Corp	801 E Campbell Road	Suite 460	Richardson
5	iTeam Inc	8951 Collin McKinney Pkwy	STE 1201	McKinney
5	Palni Inc	8951 Collin McKinney Pkwy	Suite 1101	McKinney
5	Delta System & Software Inc	8951 COLLIN MCKINNEY PKWY	SUITE 402	MCKINNEY
5	Solware IT Technologies LLC	8951 Collin Mckinney Pkwy	Suite 802	Mckinney
5	Global Apps Inc	8951 Collin McKinney Pkwy	Unit 703	McKinney
5	McDermott Inc	915 N. Eldridge Parkway		Houston
5	Chicago Bridge & Iron Company (Delaware)	915 N. Eldridge Parkway		Houston
5	CB&I Storage Tank Solutions Delaware LLC	915 N. Eldridge Parkway		Houston
5	McDermott LLC	915 N. Eldridge Parkway		Houston
5	Royal Oak Services Inc	915 N. Eldridge Parkway		Houston
5	CHRISTUS Health	919 Hidden Ridge		Irving
5	Trinity Clinic	919 Hidden Ridge		Irving
5	CHRISTUS Health ARK-LA-TEX	919 Hidden Ridge		Irving
5	CHRISTUS HEALTH SOUTHEAST TEXAS	919 Hidden Ridge		Irving
5	CHRISTUS Health Central Louisiana	919 Hidden Ridge		Irving
5	Thales Avionics Inc (IFE)	9442 Capital of Texas Hwy	Suite 400, Plaza II	Austin
5	Thales Avionics Inc	9442 Capital of Texas Hwy	Suite 400, Plaza II	Austin
5	Thales DIS CPL USA Inc	9442 Capital of Texas Hwy	Suite 400, Plaza II	Austin
5	Guavus, a Thales Company	9442 Capital of Texas Hwy	Suite 400, Plaza II	Austin
5	Thales USA Inc	9442 Capital of Texas Hwy	Suite 400, Plaza II	Austin
5	Boostlingo LLC	98 San Jacinto Blvd	c/o Industrious, 4th Floor	Austin
5	Canadian Solar (USA) Energy Corporation	98 San Jacinto Blvd	STE 750	Austin
5	Wander.com Inc	98 San Jacinto Blvd	Ste. 400	Austin
5	Praetorian Security Inc	98 San Jacinto Blvd	Suite 500	Austin
5	Recurrent Energy Development Holdings LLC	98 San Jacinto Blvd	Suite 750	Austin
5	Kyro4 Solutions Inc	9901 E Valley Ranch Pkwy	STE 1032	Irving
5	SAVIN TECHNOLOGIES	9901 E VALLEY RANCH PKWY	STE 2070	IRVING
5	Savin Technologies,inc	9901 E Valley Ranch PKWY	STE 2070	Irving
5	ICONIX LABS INC	9901 E Valley Ranch Pkwy	SUITE 1030	Irving
5	SFORCE TECHNOLOGIES LLC	9901 E VALLEY RANCH PKWY	SUITE 1030	IRVING
5	Valero Energy Corporation	One Valero Way		San Antonio
5	Valero Services Inc	One Valero Way		San Antonio
5	Valero Refining - Texas, L.P.	One Valero Way		San Antonio
5	Valero Refining Company - Tennessee, L.L.C.	One Valero Way		San Antonio
5	Valero Refining Company- Tennessee L.L.C.	One Valero Way		San Antonio
4	OpenKyber LLC	1 Chisholm Trail Rd	Ste 450	Round Rock
4	GoldSoil Realty Investments Inc	1 Chisholm Trail Rd	Suite 415	RoundRock
4	SYSWISE LLC	1 Chisholm Trail Rd	Suite 450	Round Rock
4	ANOX CONSULTANCY INC	1 CHISHOLM TRAIL RD	SUITE 450	ROUND ROCK
4	AVANZAR INTERIOR TECHNOLOGIES LTD.	1 LONE STAR PASS	BLDG 41	SAN ANTONIO
4	Toyoda Gosei Texas LLC	1 Lone Star Pass	Building 31	San Antonio
4	Avanzar Interior Technologies LTD	1 Lone Star Pass	Building 41	San Antonio
4	AVANZAR INTERIOR TECHNOLOGIES, LTD.	1 Lone Star Pass	Building 41	San Antonio
4	GLOBAL DRILLING RESOURCES LLC	1 RIVERWAY		HOUSTON
4	American Vassal Inc	1 Riverway	Suite 1700	Houston
4	Neura Geoservices LLC	1 Riverway	Suite 1700	Houston
4	Neuera Geoservices LLC	1 Riverway	Suite 1700	Houston
4	Intellitask LLC	100 N Central Expressway	Suite 160	Richardson
4	AVATAR HEALTHCARE INC	100 N Central Expressway	Suite 190	Richardson
4	Viran Infotech LLC	100 N Central Expressway	Suite 527	Richardson
4	Dessars Consulting LLC	100 N Central Expressway	Suite 538	Richardson
4	RK Infotech LLC	1000 Heritage Center Circle		Round Rock
4	Logicera Inc	1000 Heritage Center Circle		Round Rock
4	META9 TECHNOLOGIES INC	1000 HERITAGE CENTER CIRCLE	SUITE 105	ROUND ROCK
4	Saim Technologies Inc	1000 Heritage Center Circle	Suite 120	Round Rock
4	Data Synergy Systems INC	10039 Bissonnet St	STE 312C	Houston
4	QUALITY TAX & FINANCIAL SERVICES LLC	10039 BISSONNET ST	SUITE 142	HOUSTON
4	DEXTEE LLC	10039 BISSONNET ST	SUITE 142	HOUSTON
4	NOBLE BENEFITS SPECIALISTS LLC	10039 BISSONNET ST	SUITE 142	HOUSTON
4	ALS Services USA, Corp	10450 Stancliff Road	Suite 210	Houston
4	ALS Group USA, Corp	10450 Stancliff Road	Suite 210	Houston
4	ALS Group USA Corp	10450 Stancliff Road	Suite 210	Houston
4	ALS Group USA, Corp.	10450 Stancliff Road	Suite 210	Houston
4	SHRI SAROJ SUBWAYS INC	10707 HADDINGTON DRIVE		HOUSTON
4	NEW VAN DAN ENTERPRISES INC	10707 HADDINGTON DRIVE		HOUSTON
4	GREATER HOUSTON SUBWAYS INC	10707 HADDINGTON DRIVE		HOUSTON
4	Jay Shiri Inc	10707 Haddington Drive		Houston
4	Debian Systems Inc	10945 Estate Ln	Ste. 218	Dallas
4	TEKHAWKS LLC	10945 ESTATE LN	SUITE E135	DALLAS
4	VISTEN IT INC	10945 Estate Ln	Suite E140	Dallas
4	TekieHUB LLC	10945 Estate Ln	Suite E212	Dallas
4	Heritage Materials LLC	1100 Kubota Drive		Grapevine
4	Oscar Renda Contracting Inc	1100 Kubota Drive		Grapevine
4	Johnson Brothers Corporation, a Southland Company	1100 Kubota Drive		Grapevine
4	Southland Contracting Inc	1100 Kubota Drive		Grapevine
4	Enterprise Infionics Inc	11111 Katy FWY	Suite 910	Houston
4	Sapear Inc	11111 Katy Fwy	Suite 910	Houston
4	Alteriver Inc	11111 Katy Fwy	Suite 910	Houston
4	NextGen IT Labs LLC	11111 Katy Fwy	Suite 910	Houston
4	Trendline Interactive, d/b/a Shift Paradigm	11612 Bee Caves Road		Austin
4	Trendline Interactive, d/b/a SH/FT	11612 Bee Caves Road		Austin
4	Trendline Interactive LLC	11612 Bee Caves Road	Ste 220	Austin
4	Trendline Interactive	11612 Bee Caves Road	Suite 220	Austin
4	Alliance Texas Engineering	11701 Stonehollow Drive	Suite 100	Austin
4	Alliance Transportation Group Inc	11701 Stonehollow Drive	Suite 100	Austin
4	Alliance Transportation Group LLC	11701 Stonehollow Drive	Suite 100	Austin
4	Alliance Transportation Group	11701 Stonehollow Drive	Suite 100	Austin
4	Wartsila North America Inc	11710 North Gessner Road		Houston
4	WARTSILA ENERGY STORAGE INC	11710 North Gessner Road		Houston
4	WÃ¤rtsilÃ¤ Caribbean Inc	11710 North Gessner Road		Houston
4	Wartsila Caribbean Inc	11710 North Gessner Road		Houston
4	FMC Technologies Inc	11740 Katy Freeway		Houston
4	FMC Technlogies Inc	11740 Katy Freeway		Houston
4	TGS Insurance	11740 Katy Freeway	1000	Houston
4	The Go Solution LLC	11740 Katy Freeway	Suite 1000	Houston
4	TSA Group Inc	12160 Abrams Road	Ste. 318	Dallas
4	TSA Group Inc dba The Structural Alliance	12160 Abrams Road	Ste. 318	Dallas
4	The Structural Alliance Inc	12160 Abrams Road	Ste. 318	Dallas
4	CANTRELL & ASSOCIATES PC	12160 ABRAMS ROAD	SUITE 509, LB-30	DALLAS
4	DELTALAKE SYSTEMS INC	12200 Ford Rd	Ste A236	Farmers Branch
4	AIDATA MONKS INC	12200 Ford Rd	Ste A295	Farmers Branch
4	SIGMA SOFTWARE LLC	12200 FORD RD	SUITE 272	DALLAS
4	Wisen IT America LLC	12200 Ford Rd	Suite A 190	Farmers Branch
4	THE UNIVERSITY OF TEXAS AT ARLINGTON	1225 W Mitchell St	Box 19569	Arlington
4	University of Texas at Arlington	1225 W Mitchell St	Box 19569	Arlington
4	University of Texas at Alrington	1225 W Mitchell St	Box 19569	Arlington
4	1225 W Mitchell St	1225 W Mitchell St	Box 19569	Arlington
4	ICS Global Soft  Inc	1231 Greenway Drive	375	Irving
4	VERITIS GROUP INC	1231 GREENWAY DRIVE	SUITE 1040	IRVING
4	ICS Global Soft Inc	1231 Greenway Drive	Suite 375	Irving
4	ICS Global Soft Inc,	1231 Greenway Drive	Suite 375	Irving
4	Pismo Servicing LLC	12545 Riata Vista Circle		AUSTIN
4	Bespin Capital LLC	12545 Riata Vista Circle		Austin
4	Apple Financing LLC	12545 Riata Vista Circle		Austin
4	APPLE PROCESSING  LLC	12545 Riata Vista Circle		Austin
4	Microvast Power Solutions Inc	12603 Southwest Freeway	Suite 300	Stafford
4	Microvast Inc	12603 Southwest Freeway	Suite 300	Stafford
4	I Dominium Corporation	12603 Southwest Freeway	Suite 515	Stafford
4	Beyound Meals Inc	12603 Southwest Freeway	Suite 551	Stafford
4	Anand PAG	1300 W Walnut Hill lane	Suite 111	Irving
4	Pensoft Technologies Inc	1300 W Walnut Hill Lane	Suite 175	Irving
4	AVALANCHE TECHNOLOGIES LL C	1300 W Walnut Hill Lane	Suite 210	Irving
4	POMMALA TECHNOLOGY SOLUTIONS LLC	1300 W walnut Hill Lane	Suite 220	Irving
4	Predicate Labs Inc	1321 Upland Drive	PMB 1664	Houston
4	ALLIA HOLDINGS LLC	1321 UPLAND DRIVE	SUITE 2837	HOUSTON
4	Vertex U.S. Holdings Inc	1321 Upland Drive	Suite 8389	Houston
4	ProjecTools Solutions LLC	1321 Upland Drive	Suite 8879	Houston
4	AVJ SOLUTIONS INC	1333 CORPORATE DRIVE	SUITE 104	IRVING
4	Anveta Inc	1333 Corporate Drive	Suite 108	Irving
4	PRITNA INC	1333 CORPORATE DRIVE	SUITE 121	IRVING
4	EdvenSoft Soultions LLC	1333 Corporate Drive	Suite 264	Irving
4	TEXSTAR LUMBER INC	1400 Preston Road		Plano
4	Crown Vision Technology Group Inc	1400 preston road	Ste 400	plano
4	Smilesys Inc	1400 Preston Road	Suite 400	Plano
4	Proximate Technologies Inc	1400 Preston Road	Suite 443	Plano
4	Cubefore LLC	14111 King Road	Ste. 410	Frisco
4	ASPIRE IT SOLUTIONS	14111 King Road	Suite 410-V	Frisco
4	ASPIRE IT SOLUTIONS INC	14111 King Road	Suite-410	Frisco
4	Devu Solutions LLC	14111 King Road	Suite-410	Frisco
4	Remington Hotels LLC	14185 Dallas Parkway	Suite 1150	Dallas
4	Premier Project Management LLC	14185 Dallas Parkway	Suite 1400	Dallas
4	COPART INC	14185 DALLAS PARKWAY	SUITE 300	DALLAS
4	Valfair Construction Inc	14185 Dallas Parkway	Suite 300	Dallas
4	Brown Welch Mehta LLC	14200 Midway Rd		Dallas
4	Mediveda Solutions Inc	14200 Midway Rd	STE 106	Dallas
4	CXC Solutions	14200 Midway Rd	STE 106	Dallas
4	Claims-X-Change LLC	14200 Midway Rd	STE 106	Dallas
4	CAPITOL AGGREGATES INC	14410 Wurzbach Parkway	Ste. 120	San Antonio
4	Great South Texas Corp. dba Computer Solutions	14410 Wurzbach Parkway	Ste. 175	San Antonio
4	Acadian Crossing Consumer Products LLC	14410 Wurzbach Parkway	Suite 150	San Antonio
4	ArchPoint Group Inc	14410 Wurzbach Parkway	Suite 150	San Antonio
4	KAURUM TECHNOLOGIES LLC	14800 Quorum Drive	Suite 245	Dallas
4	Squad Software Inc	14800 Quorum Drive	Suite 270	Dallas
4	Squad Software Inc,	14800 Quorum Drive	Suite 270	Dallas
4	COGNITUS CONSULTING LLC	14800 QUORUM DRIVE	SUITE 525	DALLAS
4	Polte Corporation	15301 Dallas Parkway	Ste. 125	Addison
4	Redstone Underwriters LLC	15301 Dallas Parkway	Ste. 500	Addison
4	Brightline Dealer Advisors LLC	15301 Dallas Parkway	Ste. 500	Addison
4	Firearms Legal Protection Management LLC	15301 Dallas Parkway	Ste. 500	Addison
4	US Tech Force Inc	1560 E Southlake Blvd	Ste 100	Southlake
4	High Circle Ventures LLC	1560 E Southlake Blvd	STE 100	Southlake
4	Smart Info Solutions LLC	1560 E Southlake Blvd	Suite 100	Southlake
4	eTron Digital LLC	1560 E Southlake Blvd	Suite 100	Southlake
4	Talus Renewables Inc	1606 Headway Circle	9007	Austin
4	UpCodes Inc	1606 Headway Circle	9083	Austin
4	Automox Inc	1606 Headway Circle	Suite 9043	Austin
4	Synthetik Applied Technologies LLC	1606 Headway Circle	Suite 9192	Austin
4	Comerica Management Company	1717 Main Street		Dallas
4	THR Property Management LP d/b/a Invitation Homes	1717 Main Street	2000	Dallas
4	Vaxxinity Inc	1717 Main Street	Suite 3388	Dallas
4	Access TeleCare LLC	1717 Main Street	Suite 5850	Dallas
4	Celerity IT Staffing & Consulting Services Inc	17350 State Highway 249	Ste 220	Houston
4	Tausch Technologies LLC	17350 State Highway 249	Ste 220 1058	Houston
4	VS TECH INC	17350 State Highway 249	Suite 220	Houston
4	SVS SOFT TECH LLC	17350 STATE HIGHWAY 249	SUITE 220 730	HOUSTON
4	Steward Health Care Systems LLC	1900 N. Pearl Street	Suite 2400	Dallas
4	Steward Good Samaritan Medical Center Inc	1900 N. Pearl Street	Suite 2400	Dallas
4	Steward Texas Hospital Holdings LLC	1900 N. Pearl Street	Suite 2400	Dallas
4	Physician Group of Louisiana Inc	1900 N. Pearl Street	Suite 2400	Dallas
4	Phoenix Houses of Texas Inc	1910 Pacific Ave	Ste 10500	Dallas
4	Influxer Inc	1910 Pacific Ave	Ste. 2000	Dallas
4	SBAS IT SYSTEMS INC	1910 PACIFIC AVE	SUITE 11600	DALLAS
4	Augite Tech Giants Inc	1910 Pacific Ave	Suite 7084	Dallas
4	Pacific Consulting Group Inc	1980 Post Oak Blvd		Houston
4	SK E&S Americas Inc	1980 Post Oak Blvd	Ste 2000	Houston
4	ALLIANT RIGSERV LLC	1980 POST OAK BLVD	SUITE 100	HOUSTON
4	Satoshi Energy Corporation	1980 Post Oak Blvd	Suite 100	Houston
4	TEXOLV	1999 Bryan street		Dallas
4	CH2M HILL INC	1999 BRYAN STREET	1200	DALLAS
4	Coral Active Inc	1999 Bryan Street	Suite 900	Dallas
4	CH2M HILL. INC	1999 BRYAN STREET	SUITE1200	DALLAS
4	Intertek USA Inc	200 Westlake Park Blvd.	Bldg. 4 Suite 400	Houston
4	Professional Service Industries Inc	200 WESTLAKE PARK BLVD.	STE 400	HOUSTON
4	Kent Houston Offshore Engineering LLC	200 Westlake Park Blvd.	Suite 1100	Houston
4	HighRadius Corporation	200 Westlake Park Blvd.	Suite 800	Houston
4	Smile CDR Inc	2021 Guadalupe Street	Suite 260	Austin
4	Oortech LLC	2021 Guadalupe Street	Suite 260	Austin
4	VCLOUD SOFT TECHNOLOGIES LLC	2021 Guadalupe Street	Suite 260	Austin
4	Ricochet LLC	2021 Guadalupe Street	Suite 260	Austin
4	C&Y Global Inc	2050 West Sam Houston Parkway South	STE 1150	Houston
4	C&Y Global Holdings Inc	2050 West Sam Houston Parkway South	Ste 1150	Houston
4	C&Y Global Holdings LLC	2050 West Sam Houston Parkway South	Ste 1150	Houston
4	P97 Networks LLC	2050 West Sam Houston Parkway South	Suite 900	Houston
4	Employer Direct Healthcare LLC	2100 Ross Ave	Ste 550	Dallas
4	LJ Dentistry PLLC	2100 Ross Ave	Ste 960	Dallas
4	CBRE INC	2100 ROSS AVE	SUITE 1600	DALLAS
4	Lynn Pinker Hurst & Schwegmann LLP	2100 Ross Ave	Suite 2700	Dallas
4	INNOVAR MEDIA	2150 S Central Expressway	Suite 110	McKinney
4	SysArc Infomatix Pvt. Ltd	2150 S Central Expressway	Suite 200	McKinney
4	Bloomgen LLC	2150 S Central Expressway	Suite 200	McKinney
4	Tekcog Inc	2150 S Central Expressway	Suite 200	McKinney
4	Lightbeam health Solutions, inc. and Subsidiary	222 West Las Colinas Blvd	2200N	Irving
4	Lightbeam Health Solutions Inc	222 West Las Colinas Blvd	2200N	Irving
4	BRIGHTFONTS INC	222 West Las Colinas Blvd	SUITE 1650E	IRVING
4	TECHSTAR CONSULTING INC	222 WEST LAS COLINAS BLVD	Suite 540 E	IRVING
4	AT&T MOBILITY SERVICES LLC	2270 LAKESIDE BLVD	CUBE 710.01	RICHARDSON
4	CRICKET WIRELESS LLC	2270 LAKESIDE BLVD	CUBE 710.01	RICHARDSON
4	DIRECTV LLC	2270 LAKESIDE BLVD	CUBE 740.05	RICHARDSON
4	AT&T MANAGEMENT SERVICES LLC	2270 Lakeside Blvd	Cube 740.05	Richardson
4	KPMG LLP (US)	2323 Ross Avenue	Suit 1400	Dallas
4	KPMG LLP	2323 Ross Avenue	Suite 1400	Dallas
4	Hall Financial Group, Ltd.	2323 Ross Avenue	Suite 200	Dallas
4	Hall Phoenix/Inwood Ltd.	2323 Ross Avenue	Suite 200	Dallas
4	Rudra Tek Solutions INC	2351 W. Northwest Hwy	STE 3357	Dallas
4	SONIKS CONSULTING LLC	2351 W. NORTHWEST HWY	SUITE 2216	DALLAS
4	SRINI SOFT SYSTEMS INC	2351 W. NORTHWEST HWY	SUITE 3248	DALLAS
4	BROWSE PROSPECTS LLC	2351 W. NORTHWEST HWY	SUITE 3319	DALLAS
4	Americas Styrenics LLC	24 Waterway Avenue	Ste. 1200	The Woodlands
4	RPOWER LLC	24 WATERWAY AVENUE	SUITE 1460	THE WOODLANDS
4	Rockland Capital, LP	24 Waterway Avenue	Suite 400	The Woodlands
4	Chemex Global LLC	24 Waterway Avenue	Suite 900	The Woodlands
4	Norris Rods Inc	2445 Technology Forest Blvd.		The Woodlands
4	ChampionX Resources Inc	2445 Technology Forest Blvd.	Building 4	The Woodlands, TX
4	Apergy USA Inc	2445 Technology Forest Blvd.	Building 4, 12th Floor	The Woodlands
4	Conn Appliances Inc	2445 Technology Forest Blvd.	Suite 800	The Woodlands
4	Baylor Miraca Genetics Laboratories LLC	2450 Holcombe Blvd.		Houston
4	Netnoids Rx Laboratories LLC	2450 Holcombe Blvd.		Houston
4	Texas Medical Center	2450 Holcombe Blvd.	Suite 1	Houston
4	Vivante Health Inc	2450 Holcombe Blvd.	Suite J	Houston
4	Knacksstar LLC	2500 Wilcrest Drive	Ste. 300	Houston
4	Knacksstar Limited Liability Company	2500 Wilcrest Drive	Suite 300	Houston
4	BLUO SOFTWARE LLC	2500 WILCREST DRIVE	SUITE 354	HOUSTON
4	NEXT Financial Group Inc	2500 Wilcrest Drive	Suite 620	Houston
4	Narahari IT Services Inc DBA NITS Data Services Inc	2552 Stonebrook Pkwy	Suite B152	Frisco
4	Narahari IT Services Inc DBA NITS Data Services	2552 Stonebrook Pkwy	Suite B152	Frisco
4	Narahari IT Services Inc	2552 Stonebrook Pkwy	Suite B152	Frisco
4	Narahari IT Services Inc œDBA NITS Data Services	2552 Stonebrook Pkwy	Suite B152	Frisco
4	VIRAT SOLUTIONS INC	25663 Smotherman Road	SUITE 202	FRISCO
4	WORKCOG INC	25663 SMOTHERMAN ROAD	Suite 202	Frisco
4	EQUITAS IT INC	25663 SMOTHERMAN ROAD	SUITE 203	FRISCO
4	Rackera Inc	25663 Smotherman Road	Suite 203	Frisco
4	Synergy SAR LLC	25700 I-45 North	Ste 350	The woodlands
4	SwayMe Group Inc	25700 I-45 North	Suite 4329	The Woodlands
4	EnerCorp Engineered Solutions LLC	25700 I-45 North	Suite 460	The Woodlands
4	The Integration Group of Americas Inc	25700 I-45 North	Suite 480	Spring
4	B.Yond Inc	2595 North Dallas Parkway	Suite 300	Frisco
4	AccuV Inc	2595 North Dallas Parkway	Suite 300	Frisco
4	Nexius Solutions Inc	2595 North Dallas Parkway	Suite 300	Frisco
4	B. Yond Inc	2595 North Dallas Parkway	Suite 300	Frisco
4	PAGEMATICS LLC	2600 K AVE	256	PLANO
4	SAS Info Inc	2600 K Ave	STE 102 D	Plano
4	SASInfo Inc	2600 K Ave	STE 102-D	Plano
4	Hi-Tech Bangla Staffing Services Inc	2600 K Ave	SUITE 261	Plano
4	ASHPRA TECHNOLOGIES LLC	2601 little elm parkway	suite 2002	little elm
4	PURE SOLUTIONS LLC	2601 Little Elm Parkway	Suite 304	Little Elm
4	QUIDDITY INFOTECH LLC	2601 Little Elm Parkway	Suite 704	Little Elm
4	Manish Nair MD PLLC	2601 Little Elm Parkway	Suite 802	Little Elm
4	Ping Management LLC	2717 Commercial Center BLVD	STE E200, Room 231	Katy
4	EPCON Software	2717 Commercial Center Blvd	Suite E-200	Katy
4	Depauseit Corporation	2717 Commercial Center Blvd	Suite E200	Katy
4	EPCON INTERNATIONAL INC	2717 COMMERCIAL CENTER BLVD	SUITE E200	KATY
4	Danco Inc	2727 Chemsearch Blvd.		Irving
4	LSP Products Group Inc	2727 Chemsearch Blvd.		Irving
4	NCH Corporation	2727 Chemsearch Blvd.	N/A	Irving
4	Plumbing Products Group Inc (PPG Inc)	2727 Chemsearch Blvd.	N/A	Irving
4	VKAAS LLC	2770 MAIN ST	STE 227	FRISCO
4	Savvyan Technologies LLC	2770 Main St	STE 272	Frisco
4	IBIX Solutions LLC	2770 Main St	Ste.186	Frisco
4	BRAVEN TECHOLOGIES INC	2770 MAIN ST	SUITE 203	FRISCO
4	DUBBER INCORPORATED	2828 N Harwood Street	Suite 1200	Dallas
4	HollyFrontier Navajo Refining LLC	2828 N HARWOOD STREET	SUITE 1300	DALLAS
4	SINCLAIR OIL LLC	2828 N HARWOOD STREET	SUITE 1300	DALLAS
4	HollyFrontier El Dorado Refining LLC	2828 N HARWOOD STREET	SUITE 1300	DALLAS
4	VISHTIK LLC	291 S Preston Rd	Ste 1040	Prosper
4	Vintek LLC	291 S Preston Rd	Ste 1040	Prosper
4	Nubes Opus LLC	291 S Preston Rd	Suite 1110	Prosper
4	ARNISYS LLC	291 S Preston Rd	Suite 210	Prosper
4	ARDMORE SHIPPING (AMERICAS) LLC	2925 Richmond Avenue	12th Floor	HOUSTON
4	VC RENEWABLES LLC	2925 Richmond Avenue	Floor 11	Houston
4	Guardion Health Sciences Inc	2925 Richmond Avenue	Suite 1200	Houston
4	Nick H. Johnson PC	2925 Richmond Avenue	Suite 1700	Houston
4	Duenna Wealth Associates Corp.	3 Greenway Plaza	Ste 1500	Houston
4	Shintech Louisiana LLC	3 Greenway Plaza	Suite 1150	Houston
4	Quantlab Financial LLC	3 Greenway Plaza	Suite 200	Houston
4	Foster LLP	3 Greenway Plaza	Suite 800	Houston
4	Heidelberg Materials US Inc (Formerly known as Lehigh Hanson Inc)	300  E. John Carpenter Fwy	Suite 1400	Irving
4	Heidelberg Materials US Inc (formerly Lehigh Hanson Inc)	300  E. John Carpenter Fwy	Suite 1400	Irving
4	Lehigh Hanson Inc	300  E. John Carpenter Fwy	Suite 1500	Irving
4	Heidelberg Materials US Inc	300  E. John Carpenter Fwy	Suite 1500	Irving
4	Techgene Solutions LLC	300 East Royal Lane	Suite 109	Irving
4	R & D TECHIES INC	300 EAST ROYAL LANE	SUITE 122	IRVING
4	Vensiti Inc	300 East Royal Lane	Suite 150	Irving
4	MAXOTECH SOLUTIONS LLC	300 East Royal Lane	Suite 290	Irving
4	Greenbelt Capital Partners	301 Congress Avenue	2050	Austin
4	RetailMeNot Inc	301 Congress Avenue	Suite 700	Austin
4	Retail Me Not Inc	301 Congress Avenue	Suite 700	Austin
4	Certinia Inc	301 Congress Avenue	Suite 800	Austin
4	Actis Advisers Inc	303 Colorado Street	Suite 1950	Austin
4	Marbella Interests LLC	303 Colorado Street	Suite 2050	Austin
4	US TELEPACIFIC CORP	303 Colorado Street	Suite 2075	Austin
4	U.S. TelePacific Corp.	303 Colorado Street	Suite 2075	Austin
4	ADN DFW LLC	3050 Post Oak Blvd		Houston
4	Sinopec USA Inc	3050 Post Oak Blvd	Suite 1200	Houston
4	Elite Digital Logistics Inc	3050 Post Oak Blvd	Suite 444	Houston
4	AsInt Inc	3050 Post Oak Blvd	Suite 510	Houston
4	CLAY COUNTY MEMORIAL HOSPITAL FOUNDATION	310 W SOUTH ST		HENRIETTA
4	COUNTY OF CLAY MEMORIAL HOSPITAL	310 W SOUTH ST		HENRIETTA
4	COUNTY OF CLAY  MEMORIAL HOSPITAL	310 W SOUTH ST		HENRIETTA
4	CLAY COUNTY MEMORIAL HOSPITAL	310 W SOUTH ST		HENRIETTA
4	Pinnacle Structural Engineers Inc	3120 Southwest Freeway	410	Houston
4	Nelvian IT Consulting LLC	3120 Southwest Freeway	Ste. 101 773774	Houston
4	National Math and Science Initiative	3120 Southwest Freeway	Suite 101 (PMB 56097)	Houston
4	VRChat Inc	3120 Southwest Freeway	Suite 101, PMB 93053	Houston
4	PERFAWARE LLC	320 DECKER DR	STE 100	IRVING
4	CGINFOSYS Inc	320 Decker Dr	Suite 100	Irving
4	I9 Tech Solutions LLC	320 Decker Dr	Suite 100	Irving
4	CGINFOSYS LLC	320 Decker Dr	Suite 100	Irving
4	Altair Global Services LLC	3201 Dallas Parkway	Ste. 1200	Frisco
4	Wintrust Asset Finance	3201 Dallas Parkway	Suite 800	Frisco
4	Redwood Software Inc	3201 Dallas Parkway	Suite 810	Frisco
4	Advanced Systems Concepts Inc	3201 Dallas Parkway	Suite 810	Frisco
4	Texas Neurology Assciates, P.A.	321 N Highland Ave		Sherman
4	Texoma Neurology Associates PA	321 N Highland Ave		Sherman
4	Texoma Neurology Associates, PA	321 N Highland Ave		SHERMAN
4	TEXOMA NEUROLOGY ASSOCIATES, P.A.	321 N HIGHLAND AVE	SUITE 200	SHERMAN
4	Victory Packaging LP	3555 Timmons Lane	1400	Houston
4	Houston- Galveston Area Council	3555 Timmons Lane	Suite 100	Houston
4	Houston-Galveston Area Council	3555 Timmons Lane	Suite 120	Houston
4	Houston Galveston Area Council	3555 Timmons Lane	Suite 120	Houston
4	Testengeer Inc	3777 Hwy 35 S	P.O. Box 557	Port Lavaca
4	Taurus Engineering Inc	3777 Hwy 35 S	P.O. Box 557	Port Lavaca
4	Taurus Industrial Group	3777 Hwy 35 S	P.O. Box 557	Port Lavaca
4	Taurus Industrial Group LLC	3777 Hwy 35 S	P.O. Box 557	Port Lavaca
4	MRE CONSULTING, LTD.	3800 BUFFALO SPEEDWAY	SUITE 200	HOUSTON
4	ABM Building Solutions LLC	3800 Buffalo Speedway	Suite 325	Houston
4	Joule Processing LLC	3800 Buffalo Speedway	Suite 525	Houston
4	HARRISON KORNBERG ARCHITECTS LLC	3800 BUFFALO SPEEDWAY	SUITE 550	HOUSTON
4	Frisco Business Solutions Group Inc	3900 S Stonebridge Dr		McKinney
4	EliteNine LLC	3900 S Stonebridge Dr	Ste 1104	McKinney
4	Vendy Solutions Inc	3900 S Stonebridge Dr	Ste 1503	Mckinney
4	INDURIT SOLUTIONS	3900 S Stonebridge Dr	Suite 1501	McKinney
4	Premier Family Care I Inc	400 Rosalind Redfern Grover Parkway		Midland
4	Midland County Hospital District	400 Rosalind Redfern Grover Parkway		Midland
4	MMH Physicians	400 Rosalind Redfern Grover Parkway		Midland
4	Permian Cardiology Inc	400 Rosalind Redfern Grover Parkway	Ste. 240	Midland
4	Hybase Technologies Inc	4099 McEwen Rd	Suite 150	Dallas
4	Cavnorise Technologies LLC	4099 McEwen Rd	Suite 315	Dallas
4	Cloudiousx Inc	4099 McEwen Rd	Suite 502	Dallas
4	PRN IT Corp	4099 McEwen Rd	Suite 590	Dallas
4	Elevate Credit Service LLC	4150 International Plaza	Suite 300	Fort Worth
4	Fort Worth III Enterprises	4150 International Plaza	Suite 600	Fort Worth
4	SourceHOV Tax LLC	4150 International Plaza	Suite 650	Fort Worth
4	Overton Park Oil & Gas LP	4150 International Plaza	Suite 810	Fort Worth
4	SAHAY CONSULTING LLC	4151 SOUTHWEST FREEWAY	SUITE 420	Houston
4	Mediware Software Corporation	4151 Southwest Freeway	Suite 650	Houston
4	Garrett M. White	4151 Southwest Freeway	Suite 770	Houston
4	COZY CONSULTING LLC	4151 SOUTHWEST FREEWAY	SUITE420	Houston, TX, US
4	Engaged Media Studios Inc	4201 Main Street	Suite 218	Houston
4	RedSwan PC Inc	4201 Main Street	Suite 300	Houston
4	Ara Advisers LLC	4201 Main Street	Suite 370	Houston
4	XMAD CORP	4201 MAIN STREET	SUITE 415	HOUSTON
4	UNIKON IT INC	440 COBIA DRIVE	SUITE 1504	Katy
4	UNIKON IT INC .	440 COBIA DRIVE	SUITE 1504	KATY
4	NITCO INC	440 COBIA DRIVE	SUITE 1701	KATY
4	EICE International Inc	440 Cobia Drive	Suite 901	Katy
4	Aguirre Project Resources LLC	4425 W Airport Freeway	Suite 110	Irving
4	QUBITZ TECH SYSTEMS LLC	4425 W AIRPORT FREEWAY	SUITE 137	IRVING
4	VAVERA LLC	4425 W Airport Freeway	Suite 351	Irving
4	SKIONTEK LLC	4425 W AIRPORT FREEWAY	SUITE 372	IRVING
4	PROFESSIONAL TECHNOLGY SERVICES LLC	450 CENTURY PKWY	STE 250	ALLEN
4	APP Y SYSTEMS INC	450 CENTURY PKWY	STE 250A	ALLEN
4	COHESIVE DIGITAL SOLUTIONS LLC	450 Century Pkwy	Suite 250	Allen
4	Varad Software Solutions LLC	450 Century Pkwy	Suite 250	Allen
4	Avalon Health Care Consultants LLC	4801 Woodway Drive		Houston
4	SYMCON GLOBAL TECHNOLOGIES USA LP	4801 Woodway Drive	Suite 275E	Houston
4	Interra Management Company LLC	4801 Woodway Drive	Suite 420W	Houston
4	DUNHILL DEVELOPMENT AND CONSTRUCTION LLC	4801 Woodway Drive	Suite 425W	Houston
4	U.S. HI-TECH SOLUTIONS INC	4956 N OConnor Rd		Irving
4	IBM Global Systems Inc	4956 N OConnor Rd	Suite 105	Irving
4	Intelligroup USA Ltd	4956 N OConnor Rd	Suite 115	Irving
4	Turing IT LAB LLC	4956 N OConnor Rd	Suite 125, 130	Irving
4	TechniHire Inc	5005 W Royal Ln.	Suite 144	Irving
4	IT PRIMEINC LLC	5005 W ROYAL LN.	SUITE 240	IRVING
4	IT PRIME INC	5005 W ROYAL LN.	SUITE 240	IRVING
4	DAK Tech Inc	5005 W Royal Ln.	Suite 248	Irving
4	Hyclosys Technologies Inc	5050 Quorum Dr		Dallas
4	Trelly Group Inc	5050 Quorum Dr	600	Dallas
4	Yerralpha LLC DBA SMD Technosol	5050 Quorum Dr	Ste 700	Dallas
4	Yerralpha LLC	5050 Quorum Dr	Ste 700	Dallas
4	Banorte-IXE Securities International LTD	5075 Westheimer Road	Ste 975W	Houston
4	Banorte Securities International Ltd	5075 Westheimer Road	Ste 975W	Houston
4	BBVA Processing Services Inc	5075 Westheimer Road	Suite 1260W	Houston
4	Alterna Securities Inc	5075 Westheimer Road	Suite 650	Houston
4	Magnitude Software Inc	515 Congress Avenue		Austin
4	Austin DMO	515 Congress Avenue	Suite 2150	Austin
4	Self Financial Inc	515 Congress Avenue	Suite 2200	Austin
4	Shipwell Inc	515 Congress Avenue	Suite 2560	Austin
4	OFG Telecom USA LLC	5151 Belt Line Road	Ste 1050	Dallas
4	South Oxford Management LLC	5151 Belt Line Road	Suite 1100	Dallas
4	Aspire HR Inc	5151 Belt Line Road	Suite 1125	Dallas
4	AspireHR LLC	5151 Belt Line Road	Suite 1125	Dallas
4	Mobolutions LLC	5151 Headquarters Drive	125	Plano
4	Consilium Technology Labs	5151 Headquarters Drive	Suite 125	Plano
4	THEMESOFT INC	5151 Headquarters Drive	Suite 210	Plano
4	JVR Systems Inc	5151 Headquarters Drive	Suite 290	Plano
4	MITEL (DELAWARE) INC	5360 Legacy Drive	Building 1, Ste 300	Plano
4	Amazing Life Foundation	5360 Legacy Drive	Ste. 180	Plano
4	OPGT INC	5360 Legacy Drive	Suite 101	Plano
4	SPAY Inc	5360 Legacy Drive	Suite 150	Plano
4	Cloud Technosoft LLC	539 W. Commerce St	1053	Dallas
4	REXPAND CO	539 W. Commerce St	2488	Dallas
4	SYNTAIN TECHNOLOGIES LLC	539 W. COMMERCE ST	SUITE 2979	DALLAS
4	Fubeus Inc	539 W. Commerce St	Suite 6876	Dallas
4	Broad Reach Management Company LLC	5444 Westheimer Road	Suite 1000	Houston
4	American Materials Distribution Corp.	5444 Westheimer Road	Suite 1000	Houston
4	Sesco Cement Corporation	5444 Westheimer Road	Suite 1100	Houston
4	QUAN LAW GROUP, PLLC	5444 WESTHEIMER ROAD	SUITE 1700	Houston
4	Nexstar Media Inc	545 E. John Carpenter Freeway	Suite 500	Irving
4	Nexstar Digital LLC	545 E. John Carpenter Freeway	Suite 700	Irving
4	Nexstar Media Group,  Inc	545 E. John Carpenter Freeway	Suite 700	Irving
4	Nexstar Media  Inc	545 E. John Carpenter Freeway	Suite 700	Irving
4	IOTA Platforms	5473 Blair Rd Ste 100		Dallas
4	IOTA Platoforms	5473 Blair Rd Ste 100		Dallas
4	PayHelpa Inc	5473 Blair Rd Ste 100	PMB 816275	Dallas
4	Offmyyard	5473 Blair Rd Ste 100	Ste 100	Dallas
4	AIB Inc	550 Reserve St.	Ste. 410	Southlake
4	GOIN Technology INC	550 Reserve St.	Suite 190-228	Southlake
4	GOIN Technology LLC	550 Reserve St.	Suite 190-228	Southlake
4	Texas Digestive Disease Consultants PLLC	550 Reserve St.	Suite 550	Southlake
4	Rent-A-Center Inc	5501 Headquarters Drive		Plano
4	Upbound Group Inc	5501 Headquarters Drive		Plano
4	RENT-A-CENTER TEXAS, LP	5501 Headquarters Drive		Plano
4	ACIMA DIGITAL LLC	5501 Headquarters Drive		Plano
4	Citta Solutions Global LLC	555 Republic Drive	Ste 311	Plano
4	INTALENT LLC	555 Republic Drive	STE 425	Plano
4	INTELLISTC INC	555 Republic Drive	Suite 200	Plano
4	Innowaytors LLC	555 Republic Drive	Suite 201	Plano
4	DATA SCIENCE TECHNOLOGIES LLC	559 W WHEATLAND RD	SUITE 101	DUNCANVILLE
4	BLOCKCHAIN TECHNOLOGIES LLC	559 W WHEATLAND RD	SUITE 105	DUNCANVILLE
4	AMERICAN TECHNOLOGY GROUP LLC	559 W WHEATLAND RD	SUITE 107	DUNCANVILLE
4	DIGITAL TECHNOLOGIES LLC	559 W WHEATLAND RD	SUITE 109	DUNCANVILLE
4	ICSYNERGY INTERNATIONAL LLC	5601 DEMOCRACY DRIVE	SUITE 180	PLANO
4	IC CONSULT AMERICAS CORP. (f/k/a ICSYNERGY INTERNATIONAL LLC)	5601 DEMOCRACY DRIVE	SUITE 180	PLANO
4	Bismillah Establishment (BEST) International USA Inc	5601 Democracy Drive	Suite 185	Plano
4	IC CONSULT AMERICAS CORP.	5601 DEMOCRACY DRIVE	SUITE 205	PLANO
4	Health Management Systems Inc	5615 High Point Drive		Irving
4	HMS, A Gainwell Technologies Company	5615 High Point Drive		Irving
4	HMS Holdings LLC- A Gainwell Technologies Company	5615 High Point Drive		Irving
4	Gainwell Technologies LLC	5615 High Point Drive		Irving
4	Loaninghub Inc	5718 Westheimer Rd	Suite 1000	Houston
4	Capchem Technology USA Inc	5718 Westheimer Rd	Suite 1000	Houston
4	Mobisoft Digital Inc	5718 Westheimer Rd	Suite 1000	Houston
4	TBK CPA, PLLC	5718 WESTHEIMER RD	SUITE 1600	HOUSTON
4	Siemens Industry Software Inc	5800 Granite Parkway		Plano
4	Reliant Pro Rehab LLC	5800 Granite Parkway	Suite 1000	Plano
4	Voltaire Health LLC	5800 Granite Parkway	Suite 450	Plano
4	Vesalio Inc	5800 Granite Parkway	Suite 470	Plano
4	RedShift Technologies LLC	600 E John Carpenter Fwy	STE 101	Irving
4	Yugady Technologies & Services Inc	600 E John Carpenter Fwy	STE 292	Irving
4	AS3K Technologies Inc	600 E John Carpenter FWY	Suite 224	Irving
4	CODE GRAVITY LLC	600 E JOHN CARPENTER FWY	Suite 357	IRVING
4	NISK Technologies INC	600 E. John Carpenter FWY	Suite 254	Irving
4	Agraga Technologies Inc	600 E. John Carpenter Fwy	Suite 256	Irving
4	Rolang Technologies Inc	600 E. John Carpenter FWY	Suite 278	Irving
4	CIS Technologies Inc	600 E. John Carpenter Fwy	Suite 288	Irving
4	Proman USA Inc	600 Travis Street	Suite 3680	Houston
4	Vaughan Nelson Investment Management, L.P.	600 Travis Street	Suite 3800	Houston
4	J.B. Poindexter & Co. Inc	600 Travis Street	Suite 400	Houston
4	Gunvor USA LLC	600 Travis Street	Suite 6500	Houston
4	RSB SOLUTIONS LTD CO	6001 SAVOY DR	SUITE 110	HOUSTON
4	Sierra Digital Inc	6001 Savoy Dr	Suite 210	Houston
4	BAR SAR INC	6001 SAVOY DR	SUITE 510	HOUSTON
4	Stonebridge Consulting LLC	6001 Savoy Dr	Suite 600	Houston
4	AUSIND Solutions LLC	6010 W. Spring Creek Pkwy		Plano
4	MIRAI SOLUTIONS INC	6010 W. Spring Creek Pkwy	Suite 243	PLANO
4	AVS Solutions Inc	6010 W. Spring Creek Pkwy	Suite 339	Plano
4	PETABYTZ TECHNOLOGIES INC	6010 W. Spring Creek Pkwy	Suite 550	Plano
4	W.M. RICE UNIVERSITY	6100 Main Street		Houston
4	W. M. Rice University	6100 Main Street		HOUSTON
4	W M RICE UNIVERSITY	6100 Main Street		HOUSTON
4	W.M. Rice Universisty	6100 Main Street		Houston
4	HRK SOLUTIONS LLC	6136 Frisco Square Blvd.	Suite 400	Frisco
4	Digityx Solutions Inc	6136 Frisco Square Blvd.	Suite 400	Frisco
4	NEUTEK CONSULTING LLC	6136 FRISCO SQUARE BLVD.	SUITE 400	FRISCO
4	Digital Technologies of America Inc	6136 Frisco Square Blvd.	Suite 400	Frisco
4	Loving Home for the Elderly	618 Balfour Dr		Windcrest
4	Analiza Davidson	618 Balfour Dr		Windcrest
4	ANALIZA  J DAVIDSON	618 Balfour Dr		Windcrest
4	Analiza J Davidson	618 Balfour Dr		Windcrest
4	TEK FYNDER LLC	6275 W Plano Pkwy	STE 500	Plano
4	GLOBPEY LLC	6275 W Plano Pkwy	STE 500	Plano
4	Paragon Structural Engineering, Ltd.	6275 W PLANO PKWY	Suite 140	Plano
4	CONTRIVA INC	6275 W Plano Pkwy	Suite 500	Plano
4	Business Software Solutions Inc	6464 Savoy Dr	Ste 246	Houston
4	TEXAS MOBILE PCS	6464 SAVOY DR	SUITE 215	HOUSTON
4	TECHNO COMMUNICATIONS LLC	6464 SAVOY DR	SUITE 215	HOUSTON
4	HAZION LLC	6464 SAVOY DR	SUITE 410	HOUSTON
4	Vistra Corporate Services Company	6555 Sierra Drive		Irving
4	TXU Energy Retail Company LLC	6555 Sierra Drive		Irving
4	Luminant Generation Company LLC	6555 Sierra Drive		Irving
4	Luminant Energy Company LLC	6555 Sierra Drive		Irving
4	McKesson Corporation	6555 State Hwy 161		Irving
4	CoverMyMeds LLC	6555 State Hwy 161		Irving
4	Sarah Cannon Research Institute Holdings LLC	6555 State Hwy 161		Irving
4	RMCC Cancer Center LLC	6555 State Hwy 161		Irving
4	Toyota Motor Credit Corporation (TMCC)	6565 HEADQUARTERS DR		Plano
4	Toyota  Motor Engineering & Manufacturing North America Inc (TEMA)	6565 HEADQUARTERS DR		PLANO
4	Toyota  Motor Engineering & Manufacturing North America Inc	6565 HEADQUARTERS DR		PLANO
4	Toyota Motor North America Inc	6565 HEADQUARTERS DR		PLANO
4	Lewis & Ellis Inc	6600 Chase Oaks Blvd.	Suite 150	Plano
4	ImpactQA Service LLC	6600 Chase Oaks Blvd.	Suite 150	Plano
4	Segway Inc	6600 Chase Oaks Blvd.	Suite 150	Plano
4	Axonsemi Inc	6600 Chase Oaks Blvd.	Suite 150	Plano
4	CAREPODUS INC	6600 Chase Oaks Boulevard	150-1024	Plano
4	Brainvire Infotech Inc	6600 Chase Oaks Boulevard	Suite 150	Plano
4	Hotel Reservation Service Inc	6600 Chase Oaks Boulevard	Suite 150	Plano
4	TRIVION TECHNOLOGIES INC	6600 Chase Oaks Boulevard	Suite 150	Plano
4	Continental Technology Solutions	6666 Harwin Drive	Ste 411	Houston
4	Streebo Inc	6666 Harwin Drive	Ste 500	Houston
4	KANSHE DAYALU ENTERPRISES INC	6666 HARWIN DRIVE	SUITE 440	HOUSTON
4	Mamdani Firm PC	6666 Harwin Drive	Suite 500	Houston
4	MK Universal LLC	6860 North Dallas Parkway	Suite 200	Plano
4	Iquest Solutions Corp.	6860 North Dallas Parkway	Suite 200, Office 228	Plano
4	Spray Engineering Devices US Inc	6860 North Dallas Parkway	Suite 200, Office 247	Plano
4	SVR Telecom US Inc	6860 North Dallas Parkway	Suite 200, Office 248	Plano
4	Palladius Real Estate LLC	701 Brazos Street	Suite 1530	Austin
4	SchooLinks Inc	701 Brazos Street	Suite 1601	Austin
4	Media Sourcery Inc	701 Brazos Street	Suite 1605	Austin
4	ElectroNeek Robotics Inc	701 Brazos Street	Suite 640	Austin
4	STREAMNET SERVICES	7051 HIGHWAY 6 SOUTH		HOUSTON
4	STREAMNET SERVICE	7051 HIGHWAY 6 SOUTH		HOUSTON
4	STREAMNET SERVICE INC	7051 HIGHWAY 6 SOUTH		HOUSTON
4	STREAMNET SERVICES INC	7051 HIGHWAY 6 SOUTH		HOUSTON
4	CLAY-TECH TECHNOLOGY LLC	7111 HARWIN DR	STE 110H	Houston
4	Fluxtek Solutions Inc	7111 Harwin Dr	STE 270	Houston
4	DORTMUND INC	7111 HARWIN DR	SUITE 110A	HOUSTON
4	WYSE GLOBAL LLC	7111 HARWIN DR	SUITE 110A	HOUSTON
4	INFIVERSE SYSTEMS LLC	7322 SOUTHWEST FREEWAY	STE 1-1888	HOUSTON
4	Beyond Finance LLC	7322 Southwest Freeway	Suite 1200	Houston
4	STRUCTUNEERING INC	7322 SOUTHWEST FREEWAY	SUITE 780	HOUSTON
4	Above Lending Inc	7322 Southwest Freeway	Suite 900	Houston
4	AMB GOLD AND DIAMOND LLC	7500 BELLAIRE BLVD.	SUITE 315	HOUSTON
4	Zacks Fine Jewelry Inc	7500 Bellaire Blvd.	Suite 326	Houston
4	FAMOUS GOLD INC	7500 BELLAIRE BLVD.	SUITE 706	HOUSTON
4	Worlds Gold & Diamonds Inc	7500 Bellaire Blvd.	Suite 900	Houston
4	HNI Medical Services of Florida LLC	7500 Rialto Blvd		Austin
4	JPaulJones LP	7500 Rialto Blvd	Bldg 1, Ste 122	Austin
4	HNI Medical Service of Florida LLC	7500 Rialto Blvd	Bldg 1, Ste 140	Austin
4	Connexa Technologies LLC	7500 Rialto Blvd	Suite 1-250	Austin
4	Oorwin Labs Inc	7700 Windrose Ave		Plano
4	B.Yond	7700 Windrose Ave		Plano
4	Valtech Solutions LLC	7700 Windrose Ave	G-300	Plano
4	BBAE Holdings LLC	7700 Windrose Ave	Suite G300, Floor 3	Plano
4	ESCO Group LLC	777 Main St.		Fort Worth
4	Weir Minerals U.S. Inc	777 Main St.	STE 2050	Fort Worth
4	Freedom Energy Operations LLC	777 Main St.	Ste 3200	Fort Worth
4	Flat Creek Resources Management LLC	777 Main St.	Suite 3600	Fort Worth
4	Equify Financial LLC	777 Main Street	Suite 3900	Fort Worth
4	VIRTUOSO LTD.	777 Main Street	Suite 900	Fort Worth
4	VIRTUOSO LTD	777 MAIN STREET	SUITE 900	FORT WORTH
4	VIRTUOSO	777 Main Street	Suite 900	Fort Worth
4	USA Waste Management Resources LLC	800 Capitol Street	Suite 3000	Houston
4	WM Corporate Services Inc	800 Capitol Street	Suite 3000	Houston
4	WM Logistics LLC	800 Capitol Street	Suite 3000	Houston
4	547 Energy Management LLC	800 Capitol Street	Suite 3600	Houston
4	General Motors Financial Company Inc	801 Cherry Street		Fort Worth
4	Freese and Nichols Inc	801 Cherry Street	STE 2800	Fort Worth
4	General Motors Financial Company	801 Cherry Street	Suite 3500	Fort Worth
4	E4H - Environments for Health LLC	801 Cherry Street	Suite 500	Fort Worth
4	Quorum Business Solutions (U.S.A.) Inc	811 Main Street	Ste. 2200	Houston
4	Enersight (USA) Inc	811 Main Street	Ste. 2200	Houston
4	TWO SIGMA SOLUTIONS LLC	811 MAIN STREET	Suite 2700	Houston
4	Crestwood Operations LLC	811 Main Street	Suite 3400	Houston
4	EnergyComNetwork Inc	8144 Walnut Hill Lane		Dallas
4	Exceleron Software LLC	8144 Walnut Hill Lane	STE 907	Dallas
4	Blum Consulting Engineers Inc	8144 Walnut Hill Lane	Suite 200	Dallas
4	One Technologies LLC	8144 Walnut Hill Lane	Suite 600	Dallas
4	CH2M HILL ENGINEERS INC	818 Town & Country Blvd	Suite 500	Houston
4	Streetlight Data Inc	818 Town & Country Blvd	Suite 500	Houston
4	OPERATIONS MANAGEMENT INTERNATIONAL INC	818 Town & Country Blvd	Suite 500	Houston
4	JACOBS ENGINEERING NY INC	818 Town & Country Blvd	Suite 500	Houston
4	Mountain Digital Inc	823 Congress Avenue	1827	Austin
4	Espresso Displays LLC	823 Congress Avenue	Ste. 300	Austin
4	MNTN Inc	823 Congress Avenue	Suite 1827	Austin
4	InfraVision Inc	823 Congress Avenue	Suite 300	Austin
4	Succor Technologies Inc	825 Watters Creek Blvd	Building M suite 257	Allen
4	INTELLECT CLOUD TECHNOLOGIES LLC	825 Watters Creek Blvd	Building M, Suite 250,	Allen
4	Social Annex Inc	825 Watters Creek Blvd	Suite 250	Allen
4	Yantran LLC	825 Watters Creek Blvd	Suite 250	Allen
4	LUCID TECHNOLOGIES INC	8600 Freeport Pkwy	STE 300	Irving
4	Upmynd Inc	8600 Freeport Pkwy	Ste 330	Irving
4	THINK FORCE 360 LLC	8600 FREEPORT PKWY	SUITE 310	IRVING
4	Noblesoft Technologies Inc	8600 Freeport Pkwy	Suite 425	Irving
4	Prodigy Technologies Inc	8765 Stockard Dr	STE 403	Frisco
4	SHRETECH INC	8765 STOCKARD DR	STE 501	FRISCO
4	Ikon Systems LLC	8765 Stockard Dr	Ste 701	Frisco
4	Sainar Solutions Inc	8765 Stockard Dr	Suite 601	Frisco
4	Arslan Capital Management LLC	8911 N Capital of Texas Hwy	STE 4200-032	Austin
4	Sytematrix Solutions Inc	8911 N CAPITAL OF TEXAS HWY	STE 4200-065	Austin
4	Systematrix Solutions Inc	8911 N CAPITAL OF TEXAS HWY	STE 4200-065	Austin
4	Novobi Inc	8911 N Capital of Texas Hwy	Suite 4200	Austin
4	AG&E Associates, PLLC dba AG&E Structural Engenuity	901 Main Street	Ste. 5020	Dallas
4	DeHay & Elliston, LLP	901 Main Street	Suite 3500	Dallas
4	Brown and Riding Insurance Services Inc	901 Main Street	Suite 3650	Dallas
4	AG&E Associates PLLC	901 Main Street	Suite 5020	Dallas
4	Flywheel Capital Management	9130 Jollyville Road	Ste 100-115	Austin
4	EXCELSOFT INC	9130 Jollyville Road	Suite 100-11	Austin
4	KP IT Solutions LLC	9130 Jollyville Road	Suite 100-8A	Austin
4	atsec information security corporation	9130 Jollyville Road	Suite 260	Austin
4	Turtle Cloud LLC	9319 LBJ Freeway	STE 208H	Dallas
4	Custard Interface Inc	9319 LBJ Freeway	Suite 102	Dallas
4	CYBERINFO INC	9319 LBJ Freeway	Suite 116	Dallas
4	Hashtag Techie LLC	9319 LBJ Freeway	Suite 235	Dallas
4	Midas Management & Research	9330 Lyndon B Johnson Fwy	900	Dallas
4	FREEMAN-MILLICAN INC	9330 Lyndon B Johnson Fwy	Suite 1225	DALLAS
4	Five Nine Resources Inc	9330 Lyndon B Johnson Fwy	Suite 900	Dallas
4	CODELARK LLC	9330 LYNDON B JOHNSON FWY	SUITE 900(917)	DALLAS
4	Northstar Energy Management LLC DBA NovaSource Power Services	9430 Research Blvd		Austin
4	Northstar Energy Management LLC DBA NovaSourcePower Services	9430 Research Blvd	Bldg IV, Ste 250	Austin
4	NORTHSTAR ENERGY MANAGEMENT LLC d.b.a. NovaSource Power Services	9430 RESEARCH BLVD	BLDG IV, Suite 250	Austin
4	Aukua Systems Inc	9430 Research Blvd	Suite IV305	Austin
4	PeerIslands US Inc	950 E State Highway 114	Ste 160	Southlake
4	Access Global Group Inc	950 E STATE HIGHWAY 114	SUITE 160	SOUTHLAKE
4	Japali Tech Solutions LLC	950 E State Highway 114	Suite 160	Southlake
4	Access Global Group	950 E STATE HIGHWAY 114	SUITE 160	SOUTHLAKE
4	Cloudvative	9901 E Valley Ranch Parkway		Irving
4	10 Bits LLC	9901 E Valley Ranch Parkway	STE 2010	Irving
4	SAVIN TECHNOLOGIES INC	9901 E VALLEY RANCH PARKWAY	STE 2070	IRVING
4	10BITS LLC	9901 E VAlley Ranch Parkway	Suite 2010	Irving
4	DALYA ALABBASSI ATTORNEY AT LAW	9950 WestPark DR	ste 102	Houston
4	Alabbassi PLLC	9950 Westpark dr	suite 102	Houston
4	DALYA ALABBASSI	9950 Westpark dr	suite 102	Houston
4	Avensia Technologies LLC	9950 Westpark Dr	Suite 103C	Houston
4	General Datatech, L.P.	999 Metromedia Place		Dallas
4	General Datatech, L.P. dba GDT	999 Metromedia Place		Dallas
4	General Datatech, LP	999 Metromedia Place		Dallas
4	General Datatech	999 Metromedia Place		Dallas
4	American First National Bank	9999 Bellaire Blvd.		Houston
4	CMCD LLC	9999 Bellaire Blvd.	Suite 900	Houston
4	Zhang and Associates PC	9999 Bellaire Blvd.	Suite 920	Houston
4	Zhang & Associates, P.C.	9999 Bellaire Blvd.	Suite 920	Houston
3	SHOP LC GLOBAL INC FKA THE JEWELRY CHANNEL INC	100 MICHAEL ANGELO WAY	SUITE 300	AUSTIN
3	SHOP LC GLOBAL INC	100 MICHAEL ANGELO WAY	SUITE 300	AUSTIN
3	STS Jewels Inc	100 Michael Angelo Way	Suite 400	Austin
3	Susman Godfrey LLP	1000 Louisiana Street	Ste. 5100	Houston
3	NextDecade LNG LLLC	1000 Louisiana Street	Suite 3300	Houston
3	NextDecade LNG LLC	1000 Louisiana Street	Suite 3900	Houston
3	Shell Trading Services Company	1000 Main Street	Floor 12	Houston
3	ChaiOne Inc	1000 Main Street	Suite 2300	Houston
3	Legendary Comolad LLC	1000 Main Street	Suite 2300	Houston
3	FUSION GLOBAL TECHNOLOGIES SOLUTIONS INC	101 East Park Boulevard	Suite 758	Plano
3	Fusion Global Solutions LLC	101 East Park Boulevard	Suite 758	Plano
3	SYMPLORE INC	101 EAST PARK BOULEVARD	SUITE 867	PLANO
3	Harlandale ISD	102 Genevieve Drive		San Antonio
3	Harlandale Independent School District	102 Genevieve Drive		San Antonio
3	Harlandale Indepndent School District	102 Genevieve Drive		San Antonio
3	MiniSoft Techonologies LLC	10333 HARWIN DRIVE	STE 375E	HOUSTON
3	UNITED THERAPY SERVICES, PLLC	10333 HARWIN DRIVE	SUITE 365	HOUSTON
3	MiniSoft Technologies LLC	10333 Harwin Drive	Suite 375E	Houston
3	ALDATATECH LLC	10440 N Central Expressway	STE 800	Dallas
3	Bruce E. Bernstien & Associates, PLLC	10440 N Central Expressway	Suite 1040	Dallas
3	Bruce E Bernstien & Associates, PLLC	10440 N CENTRAL EXPRESSWAY	SUITE 1040	DALLAS
3	Rategain Adara Inc	105 Decker Court	Suite 540	Iriving
3	ZAPCOM GROUP INC	105 DECKER COURT	SUITE 810	IRVING
3	TEAM CAR CARE WEST LLC	105 DECKER COURT	SUITE 900	IRVING
3	Digital Janet LLC	10601 Clarence Dr.	STE . 250	Frisco
3	Legalinc Corporate Services Inc	10601 Clarence Dr.	Suite 250	Frisco
3	Abei Energy Green LLC	10601 Clarence Dr.	Suite 250	Frisco
3	VCPoint Ltd.	10700 Richmond Avenue	Ste 143	Houston
3	Douson Control Products Inc	10700 Richmond Avenue	Suite 205	Houston
3	DPC Hospitality LLC	10700 Richmond Avenue	Suite 321	Houston
3	Koch Methanol St. James LLC	10777 Westheimer Road	Ste. 800	Houston
3	ADEF COMPANY	10777 WESTHEIMER ROAD	SUITE 1100	Houston
3	Kongsberg Digital Inc	10777 Westheimer Road	Suite 1200	Houston
3	BioUrja Trading LLC	1080 Eldridge Pkwy		Houston
3	Rivercrest Power Advisors LLC	1080 ELDRIDGE PKWY	STE 1150	Houston
3	Bureau Veritas Marine Inc	1080 Eldridge Pkwy	Suite 200	Houston
3	Ajah Technologies Corp	10824 E Crystal Falls Pkwy	Suite 502	Leander
3	CloudVet LLC	10824 E Crystal Falls Pkwy	Suite 502	Leander
3	PHASORSOFT GROUP LLC	10824 E CRYSTAL FALLS PKWY	SUITE 502	LEANDER
3	Gigsoft Labs LLC	10900 Research Blvd	Ste 160 C, Unit 2043	Austin
3	GetTattle Inc	10900 Research Blvd	Ste 160C 1130	Austin
3	Pawsome World LLC	10900 Research Blvd	Suite 160C	Austin
3	Multi Cloud Tech INC	10935 Estate Ln	STE S467	Dallas
3	Sapien Infotech Inc	10935 Estate Ln	Suite S271	Dallas
3	Elixor Solutions Inc	10935 Estate Ln	Suite S360	Dallas
3	PBK Architects Inc	11 Greenway Plaza	Floor 22	Houston
3	Invesco Group Services Inc	11 Greenway Plaza	Suite 1000	Houston
3	Matthew Goff Investment Advisor LLC	11 Greenway Plaza	Suite 1425	Houston
3	Reynolds Frizzell LLP	1100 Louisiana St	Suite 3500	Houston
3	ALTIVIA Investments LLC	1100 Louisiana St	Suite 4800	Houston
3	ALTIVIA Petrochemicals LLC	1100 Louisiana St	Suite 4800	Houston
3	Enterprise Products Company	1100 Louisiana Street	Suite 1000	Houston
3	Ryder Scott Company, LP	1100 Louisiana Street	Suite 4600	Houston
3	Osha Bergman Watanabe & Burton LLP	1100 Louisiana Street	Suite 4900	Houston
3	Juice Blox LLC	1108 Lavaca St	STE 110 580	Austin
3	Blox Snacks Inc	1108 Lavaca St	STE 110 580	Austin
3	Night Media Inc	1108 Lavaca St	Suite 110 580	Austin
3	VSTRS LLC	11119 McCracken Circle	Suite A	Cypress
3	VSTRS LLC DBA TekGlobal	11119 McCracken Circle	Suite A	Cypress
3	VSTRS LLC dba Tek Global	11119 McCracken Circle	Suite A	Cypress
3	CDI Engineering Solutions LLC	11200 Richmond Avenue		Houston
3	CDI Engineering Services LLC	11200 Richmond Avenue		Houston
3	Shipcom Wireless Inc	11200 Richmond Avenue	Suite 552	Houston
3	Lee CPA Firm PC	11498 Luna Road	Suite 103	Farmers Branch
3	Tekgence Inc	11498 Luna Road	Suite 104	Farmers Branch
3	Semnox Solutions LLC	11498 Luna Road	Suite 200	Farmers Branch
3	KOMPUTERPLUS PERIPHERALS INC	11750 WILCREST DRIVE		HOUSTON
3	KOMPUTER PLUS	11750 WILCREST DRIVE		HOUSTON
3	KOMPUTER PLUS PERIPHERALS INC	11750 WILCREST DRIVE		HOUSTON
3	VIPTeacher U.S. Inc	11816 Inwood Rd		Dallas
3	IAI System LLC	11816 Inwood Rd	3220	Dallas
3	iaisystem LLC	11816 Inwood Rd	3220	DALLAS
3	Jacam Catalyst Oilfield Services	11999 E Hwy 158		Gardendale
3	Jacam Catalyst LLC	11999 E Hwy 158		Gardendale
3	Catalyst Oilfield Services 2016 LLC	11999 E Hwy 158		Gardendale
3	Vastika	1200 W Walnut Hill Lane	2200 Suite	Irving
3	Crowd Software Consulting LLC	1200 W Walnut Hill Lane	Suite 3100	Irving
3	IT FACE INC	1200 W WALNUT HILL LANE	SUITE 3500	IRVING
3	Tellurian Management Services LLC	1201 Louisiana St.	STE 3100	Houston
3	TotalEnergies Marketing USA Inc	1201 Louisiana St.	Suite 1800	Houston
3	ENVISION ENERGY USA, LTD.	1201 Louisiana St.	Suite 500	Houston
3	Cloud Touch LLC	1204 W UNIVERSITY DR	STE 309	DENTON
3	Cloud Touch  IT LLC	1204 W UNIVERSITY DR	SUITE 309	DENTON
3	Cloud Touch IT LLC	1204 W UNIVERSITY DR	SUITE 309	DENTON
3	Alamedatech Solutions	1205 BMC Dr	Ste 307	Cedar Park
3	Alamedatech Solutions  LLC	1205 BMC Dr	Ste 307	Cedar Park
3	PinnacleSoft Solutions LLC	1205 BMC Dr	Ste 308	Cedar park
3	United IT Solutions Inc	1212 CORPORATE DR	SUITE 555	IRVING
3	Techiq Solution	1212 corporate dr	suite 567	irving
3	Techiq Solution Inc	1212 corporate dr	suite 567	irving
3	RELIVETEK INC	12200 FORD ROAD	SUITE 344	FARMERS BRANCH
3	AMERICAN IT INC	12200 FORD ROAD	SUITE 478	FARMERS BRANCH
3	Avant Systems Inc	12200 Ford Road	Suite A301	Dallas
3	Arius Systems Inc	1221 Abrams Rd	323	Richardson
3	TruStartIT LLC	1221 Abrams Rd	333	Richardson
3	EVRY SYSTEMS INC	1221 Abrams Rd	Suite 331	Richardson
3	BRIXCEL INC	1221 Abrams Road	Suite 141	Richardson
3	Infylogy Corp	1221 Abrams Road	Suite 234	Richardson
3	Brillfy Technology Inc	1221 Abrams Road	Suite 235	Richardson
3	LYONDELL CHEMICAL COMPANY	1221 MCKINNEY ST.	SUITE 300	HOUSTON
3	Equistar Chemicals, LP	1221 MCKINNEY ST.	SUITE 300	HOUSTON
3	LyondellBasell Advanced Polymers Inc	1221 MCKINNEY ST.	SUITE 300	HOUSTON
3	Dave & Busters Inc	1221 S. Beltline Road	Suite 500	Coppell
3	Dave & Busters	1221 S. Beltline Road	Suite 500	Coppell
3	Dave and Busters Management Corporation LLC	1221 S. Beltline Road	Suite 500	Coppell
3	Reed Wells Benson and Company Inc	12222 Merit Dr	Srt 400	Dallas
3	Focaas Inc	12222 MERIT DR	STE 130	DALLAS
3	Reed Wells Benson and Company. Inc	12222 Merit Dr	Suite 400	Dallas
3	Campero USA Corp.	12404 Park Central Drive	Suite 250N	Dallas
3	Ziosk Payroll LLC	12404 Park Central Drive	Suite 350	Dallas
3	Centerstone Insurance and Financial Services	12404 Park Central Drive	Suite 400S	Dallas
3	INSAF MANAGEMENT	12425 W. AIRPORT BLVD.	SUITE 106	SUGAR LAND
3	INSAF WHOLESALE LLC	12425 W. AIRPORT BLVD.	SUITE 106	SUGAR LAND
3	INSAF MANAGEMENT LLC	12425 W. AIRPORT BLVD.	SUITE 106	SUGAR LAND
3	SkyGrid LLC	12708 Riata Vista Circle	B110	Austin
3	G Medical Diagnostic Services Inc	12708 Riata Vista Circle	Ste. A-103	Austin
3	Avathon Inc	12708 Riata Vista Circle	Suite B-100	Austin
3	New Star Hospice LLC	12808 West Airport Blvd	Ste 275D	Sugar Land
3	Vaazu Inc	12808 West Airport Blvd	Suite 265D	Sugar Land
3	NEWERA IT SERVICES LLC	12808 West Airport Blvd	SUITE 265E	SUGAR LAND
3	Teal Energi LLC	12848 Queensbury Ln	Suite 208	Houston
3	QUANTICO ENERGY SOLUTIONS INC	12848 QUEENSBURY LN	SUITE 208	HOUSTON
3	FLYKRA.IO Inc	12848 Queensbury Ln	Suite 246	Houston
3	MNK Infotech Inc	1300 W Walnut Hill Ln.	Ste. 125	Irving
3	Shrive Technologies LLC	1300 W Walnut Hill Ln.	Suite 155-H	Irving
3	Cloudpath Technologies LLC	1300 W Walnut Hill Ln.	Suite 240	Irving
3	TECHNOAVANT INC	1300 W. WALNUT HILL LANE	STE 163	IRVING
3	GOOYAH TECHNOLOGIES INC	1300 W. WALNUT HILL LANE	SUITE 170	IRVING
3	Newt Global Consulting LLC	1300 W. Walnut Hill Lane	Suite 230	Irving
3	MyDental at Round Rock PLLC	13000 North IH-35	Suite 206	Austin
3	myDental at Anderson Mill PLLC	13000 North IH-35	Suite 206	Austin
3	myDental PLLC	13000 North IH-35	Suite 206	Austin
3	Smith International Inc	1310 Rankin Road		Houston
3	Smith International LLC	1310 Rankin Road		Houston
3	Wellbore Integrity Solutions LLC	1310 Rankin Road	Building 18	Houston
3	ASA Techsol LLC	13111 N. Central Expressway	Suite 8021	Dallas
3	Motus IT Inc	13111 N. Central Expressway	Suite 8300	Dallas
3	MotusIT Inc	13111 N. Central Expressway	Suite 8300	Dallas
3	HungerRush LLC	1315 W Sam Houston Pkwy N	STE 100	Houston
3	REVENTION LLC	1315 W SAM HOUSTON PKWY N	SUITE 100	HOUSTON
3	Zeta Energy Corp.	1315 W Sam Houston Pkwy N	Suite 180	Houston
3	Math Made Visible LLC	1317 Old Pin Oak Rd		Paige
3	Sirus Education Solutions LLC	1317 Old Pin Oak Rd		Paige
3	Sirius Education Solutions LLC	1317 Old Pin Oak Rd		Paige
3	AWS IT Technologies Inc	13276 Research Blvd		Austin
3	alpha software technologies llc	13276 research blvd	STE 202	austin
3	Propel Infotech Inc	13276 RESEARCH BLVD	SUITE 109	AUSTIN
3	LLOYDS REGISTER NORTH AMERICA INC	1330 ENCLAVE PARKWAY	SUITE 200	HOUSTON
3	Vysus Americas Inc	1330 Enclave Parkway	Suite 200	HOUSTON
3	LRQA INC	1330 ENCLAVE PARKWAY	SUITE 200	HOUSTON
3	Octagos Acquisition LLC	13325 Hargrave Rd	Ste 281	Houston
3	Octagos Acquistion LLC	13325 Hargrave Rd	Suite 281	Houston
3	Octagos Health Inc	13325 Hargrave Rd	Suite 281	Houston
3	Hyniva LLC	13333 Blanco Road	Suite 206	San Antonio
3	CreditSnap Inc	13333 Blanco Road	Suite 206	San Antonio
3	Hyniva	13333 Blanco Road	Suite 206	San Antonio
3	Hunt Construction Group	13355 Noel Rd	400	Dallas
3	AECOM	13355 Noel Rd	400	Dallas
3	Tishman Construction Corporation (AECOM Tishman)	13355 Noel Rd	400	Dallas
3	ENGIE Energy Marketing NA. Inc	1360 Post Oak Blvd	Ste 400	Houston
3	Onit Inc	1360 Post Oak Blvd	Ste. 2200	Houston
3	ENGIE Energy Marketing NA Inc	1360 Post Oak Blvd	Suite 400	Houston
3	ENGIE Energy Marketing North America Inc	1360 Post Oak Blvd.	Ste. 400	Houston
3	Stewart Information Services Corporation	1360 Post Oak Blvd.	Suite 100	Houston
3	ENGIE North America Inc	1360 Post Oak Blvd.	Suite 400	Houston
3	Lignium Corp	14 Filigree Pines PL		The Woodlands
3	MICO Global LLC	14 Filigree Pines PL		The Woodlands
3	Finsar LLC	14 Filigree Pines PL		The Woodlands
3	Nextant LLC	1400 Broadfield Blvd.	Suite 200	Houston
3	AIDAS TECHNOLOGIES INC	1400 Broadfield Blvd.	Suite 200	Houston
3	Strategy Engineering and Consulting LLC	1400 Broadfield Blvd.	Suite 500	Houston
3	KNR Paradise Holdings LLC	1400 North Coit road		McKinney
3	REVEL CONSULTING SERVICES LLC	1400 North Coit Road	Suite 2404	McKinney
3	Vamsoft Solutions LLC	1400 North Coit Road	suite 801	Mckinney
3	DUPR Inc	1401 Lavaca St.		Austin
3	Colossal Biosciences Inc	1401 Lavaca St.	Ste. 155	Austin
3	1and8 Inc	1401 Lavaca St.	Suite 158	Austin
3	Tenet Employment Inc	14201 Dallas Parkway		Dallas
3	Conifer Health Solutions	14201 Dallas Parkway		Dallas
3	Conifer Revenue Cycle Solutions LLC	14201 Dallas Parkway		Dallas
3	Tucson Hospital  Holdings Inc	14201 Dallas Pkwy		Dallas
3	SMSJ Tucson Hospital  Holdings Inc	14201 Dallas Pkwy		Dallas
3	Conifer Health Solutions Inc	14201 Dallas Pkwy		Dallas
3	TechEnsura Inc	1431 Greenway Dr	Ste 800	Irving
3	Nascent IT Services LLC	1431 Greenway Dr	Suite 859	Irving
3	GlaceTech Inc	1431 Greenway Dr	Suite 960	Irving
3	Koala Solar LLC	14425 Falcon Head Blvd		Austin
3	Sustainment Technologies Inc	14425 Falcon Head Blvd	Building E, Suite 100	Austin
3	MVS360 LLC	14425 Falcon Head Blvd	E-100	Austin
3	Agility CIS Inc	1450 Lake Robbins Drive	Suite 160	The Woodlands
3	Bilfinger Industrial Services Inc	1450 Lake Robbins Drive	Suite 200	The Woodlands
3	BILFINGER NORTH AMERICA HOLDING INC	1450 LAKE ROBBINS DRIVE	SUITE 200	THE WOODLANDS
3	THINK POWER SOLUTIONS LLC	14555 DALLAS PARKWAY	SUITE 100-226	DALLAS
3	Compass Management LLC	14555 Dallas Parkway	Suite 125	Dallas
3	Radix IoT LLC	14555 Dallas Parkway	Suite 125	Dallas
3	BigNorTek LLC	14800 Quorum Dr	280	Dallas
3	Skills 5 Inc	14800 Quorum Dr	Ste 283	Dallas
3	Ibs Advisors Inc	14800 Quorum Dr	Suite 350	Dallas
3	Bottle Rocket LLC	14841 Dallas Parkway	8th Floor	Addison
3	HundredX Inc	14841 Dallas Parkway	Floor 9 North	Dallas
3	Venturity Financial Partners Inc	14841 Dallas Parkway	Suite 600	Dallas
3	AutoSurg Inc	14850 Quorum Drive	Suite 210	Dallas
3	Harrison USA LLC	14850 Quorum Drive	Suite 450	Dallas
3	Fogo de Chao Churrascaria (Dallas) LLC	14850 Quorum Drive	Suite 500	Dallas
3	West Plains LLC	1500 CityWest Blvd.	Ste. 700	Houston
3	Energy Alloys Global Solutions LLC	1500 CityWest Blvd.	Suite 700	Houston
3	BioUrja Advisors LLC	1500 CityWest Blvd.	Suite 700	Houston
3	DealerSocket LLC	1500 Solana Blvd., Bldg. 6	6300	Westlake
3	Claims Service Group LLC	1500 Solana Blvd., Bldg. 6	6300	Westlake
3	Roadnet Technologies Inc	1500 Solana Blvd., Bldg. 6	STE 6300	Westlake
3	Goosehead Insurance Agency LLC	1500 Solana Boulevard	Building 4, Suite 4500	Westlake
3	Core-Mark International Inc	1500 Solana Boulevard	Suite 3400	Westlake
3	defi AUTO LLC	1500 Solana Boulevard	Suite 6400	Westlake
3	Wise Men Consultants Inc	1500 South Dairy Ashford	Suite 285	Houston
3	Wise Men Solutions LLC	1500 South Dairy Ashford	Suite 285	Houston
3	Wise Men Consultants LLC	1500 South Dairy Ashford	Suite 285	Houston
3	HESS CORPORATION	1501 MCKINNEY STREET		HOUSTON
3	EDP Renewables North America LLC	1501 McKinney Street	Suite 1300	Houston
3	EDPR NA Distributed Generation LLC	1501 McKinney Street	Suite 1300	Houston
3	AllPros Consulting LLC	1526 Katy Gap Road	Suite 103	Katy
3	FIF ENGINEERING	1526 KATY GAP ROAD	SUITE 804	KATY
3	FIF ENGINEERING LLC	1526 KATY GAP ROAD	SUITE 804	KATY
3	Petroleum Geo-Services Inc	15375 Memorial Drive	Suite 100	Houston
3	OQ CHEMICALS CORPORATION	15375 MEMORIAL DRIVE	SUITE 300	HOUSTON
3	OQ Trading US Inc	15375 Memorial Drive	West Memorial Place I, Suite 300	Houston
3	JCIP SERVICES LLC	15500 VOSS ROAD	324	SUGARLAND
3	Ty Christy global  Resources LLC	15500 VOSS ROAD	Suite 200 1058	SUGAR LAND
3	FIONA SOLUTIONS INC	15500 VOSS ROAD	SUITE 534	SUGAR LAND
3	Harland Clarke Corporation	15955 La Cantera Parkway		San Antonio
3	Valassis Digital Corp.	15955 La Cantera Parkway		San Antonio
3	Valassis Communications Inc	15955 La Cantera Parkway		San Antonio
3	Ricardo Abreu, M.D. P.A.	1604 East 8th Street	Ste. A	Weslaco
3	Ricardo Abreu, M.D. P.A	1604 East 8th Street	Ste. A	Weslaco
3	Ricardo Abreau, MD PA	1604 East 8th Street	Suite A	Weslaco
3	OARS Marine LLC	16225 Park Ten Place	Ste 660	Houston
3	Merton Riser Inc	16225 Park Ten Place	Ste. 804	Houston
3	AEI Drawback Services Inc	16225 Park Ten Place	Suite 750	Houston
3	Saicedar LLC	1640 Highland Falls Dr	Ste. 302	Leander
3	Saicedar LLC dba GuruTaxPro	1640 Highland Falls Dr	Ste. 302	Leander
3	TECH BRAINS INC	1640 highland falls dr	Unit 501	leander
3	Mexico Foods LLC	16775 Addison Rd	Suite 200	Addison
3	Autire Technologies LLC	16775 Addison Rd	Suite 500	Addison
3	Price Kubecka PLLC	16775 ADDISON RD	Suite 500	Addison
3	Bureau Veritas Inspection and Insurance Company	16800 Greenspoint Park Drive		Houston
3	Bureau Veritas Holdings Inc	16800 Greenspoint Park Drive	Ste 300S	Houston
3	Bureau Veritas North America Inc	16800 Greenspoint Park Drive	Suite 300S	Houston
3	Seven Tablets Inc	16803 Dallas Parkway	Ste. 300	Addison
3	SevenTablets Inc	16803 Dallas Parkway	Suite 300	Addison
3	RiseIT Solutions Inc	16803 Dallas Parkway	Suite 300	Addison
3	Cole Speech & Language Center, LP	16835 Deer Creek Drive	Suite 120	Spring
3	Cole Speech and Language Center, LP	16835 Deer Creek Drive	Suite 120	Spring
3	Cole Health Inc	16835 Deer Creek Drive	Suite 220	Spring
3	Utility Valet LLC	1700 Pacific Avenue	3650	Dallas
3	Atlantic Hotels Management Ltd.	1700 Pacific Avenue	Suite 1850	Dallas
3	Horizon Air Charter	1700 Pacific Avenue	Suite 4600	Dallas
3	American Bureau of Shipping	1701 City Plaza Drive		Spring
3	ABSG Consulting Inc	1701 City Plaza Drive		Spring
3	ABS Digital Solutions LLC	1701 City Plaza Drive		Spring
3	CONDUENT COMMERCIAL SOLUTIONS LLC	1702 NORTH COLLINS BOULEVARD	SUITE 260	RICHARDSON
3	Conduent Education Services LLC	1702 North Collins Boulevard	Suite 260	Richardson
3	Conduent Transport Solution Inc	1702 NORTH COLLINS BOULEVARD	SUITE 260	RICHARDSON
3	Paysafe Payment Processing Solutions LLC	1725 Hughes Landing Blvd	11th Floor	The Woodlands
3	PAYSAFE PAYMENT PROCESSING SOLUTIONS	1725 HUGHES LANDING BLVD	FLOOR 11	THE WOODLANDS
3	MIH2 USA People Inc	1725 Hughes Landing Blvd	Suite 500	The Woodlands
3	Prime Controls, L.P.	1725 Lakepointe Drive		Lewisville
3	Prime Controls	1725 Lakepointe Drive		Lewisville
3	Prime Controls, L.P	1725 Lakepointe Drive	Apartment	Lewisville
3	Chosen Home Health Services Inc	17290 Preston Rd	STE 210D and E	Dallas
3	EXCEL-EST LLC	17290 Preston Rd	Suite 300F	Dallas
3	Excel Est Services Inc	17290 Preston Rd	Suite 300F	Dallas
3	Synovatic Inc	17304 Preston Rd	Suite 800	Dallas
3	Rehab Experts LLC	17304 Preston Rd	Suite 800	Dallas
3	DATA FORCE  - INC LLC	17304 PRESTON RD	SUITE 828	DALLAS
3	Acqeuon Technologies Inc	17304 Preston Road	Suite 800	Dallas
3	Datalibs LLC	17304 Preston Road	Suite 800	Dallas
3	Bridge River Counseling, PLLC	17304 Preston Road	Suite 866	Dallas
3	Capital Healthcare Planning, LTD	1770 St. James Place	Suite 300	Houston
3	LAB CONSULTING PARTNERSHIP	1770 ST. JAMES PLACE	SUITE 500	HOUSTON
3	LAB CONSULTING PARTNERSHIP INC	1770 ST. JAMES PLACE	SUITE 500	HOUSTON
3	Beusa Energy LLC	1780 Hughes Landing Blvd	Suite 100	The Woodlands
3	Plus Power LLC	1780 Hughes Landing Blvd	Suite 675	The Woodlands
3	Plus Power Services LLC	1780 Hughes Landing Blvd	Suite 675	The Woodlands
3	ExploreLearning	17855 Dallas Parkway	400 Suite	Dallas
3	Cambium Assessment Inc	17855 Dallas Parkway	Suite 400	Dallas
3	Lexia Voyager Sopris Inc	17855 Dallas Parkway	Suite 400	Dallas
3	Software Freedom Institute LLC	1801 Main Street	Suite 1000	Houston
3	Wellsite Navigator LLC	1801 Main Street	Suite 1300	Houston
3	XFSLAB INC	1801 Main Street	Suite 1300	Houston
3	BrainPortfolio Inc	1826 Kramer Lane	STE A	Austin
3	Shift Robotics Inc	1826 Kramer Lane	Suite E	Austin
3	Virtuix Inc	1826 Kramer Lane	Suite H	Austin
3	S4SOFT INC	1836 W Virginia St	STE 105C	McKinney
3	S4 Soft Inc	1836 W Virginia St	STE 105C	McKinney
3	ASHATEK LLC	1836 W Virginia St	Suite 208	Mckinney
3	Cambay Consulting LLC	1838 Snake River Road	Suite A	Katy
3	Cambay Consulting  LLC	1838 Snake River Road	Suite A	Katy
3	Cambay Solutions LLC	1838 SNAKE RIVER ROAD	SUITE D	Katy
3	USTRING SOLUTIONS LLC	1901 Central Dr	STE 608	Bedford
3	DataSys Infotech LLC	1901 Central Dr	Suite 410	Bedford
3	Covensys Technologies Inc	1901 Central Dr	Suite 712	Bedford
3	SOLUTIONS NOW INC	1901 N CENTRAL EXPY	STE 410	RICHARDSON
3	MY TAX TEAM INC	1901 N CENTRAL EXPY	STE 410	RICHARDSON
3	Nets International Communication LLC	1901 N Central EXPY	STE 410	Richardson
3	Texas Aquatic Construction Inc	1910 Pacific Avenue	Suite 13200	Dallas
3	China Education Network Inc	1910 Pacific Avenue	Suite 2000	Dallas
3	Magnus Infotek LLC	1910 Pacific Avenue	Suite 2000	Dallas
3	Frontier Communications  Parent Inc	1919 McKinney Ave		DALLAS
3	Frontier Communications Parent Inc	1919 McKinney Ave		DALLAS
3	Impact QA Services LLC	1919 McKinney Ave	Ste 100	Dallas
3	Capital Soft Tech INC	1925 E Belt Line Rd	STE 276	Carrollton
3	Qcentum Technologies LLC	1925 E Belt line rd	suite 416	Carrollton
3	Cognitive Data Intelligence LLC	1925 E Belt Line Rd	Suite 490	Carrollton
3	Allied Tec Inc	1925 E. Belt Line Rd	St 472	Carrollton
3	Tekno Global Ltd. Co.	1925 E. Belt Line Rd	Suite 532	Carrollton
3	Tekno Global Ltd. Co	1925 E. Belt Line Rd	Suite 532	Carrollton
3	Standish Compliance Services LLC	200 Crescent Court	Ste 1300	Dallas
3	Westwood Management Corp.	200 Crescent Court	Suite 1200	Dallas
3	WEIL, GOTSHAL & MANGES LLP	200 Crescent Court	Suite 300	Dallas
3	Lincoln Commercial Inc	2000 McKinney Avenue	Suite 1000	Dallas
3	CPMG INC	2000 MCKINNEY AVENUE	SUITE 2125	DALLAS
3	Texas Capital Bank	2000 McKinney Avenue	Suite 700	Dallas
3	BJ Energy Solutions LLC	2001 Timberloch Place	Suite 350	The Woodlands
3	Tissa Technology Inc	2001 Timberloch Place	Suite 500	The Woodlands
3	Tissa Technology LLC	2001 Timberloch Place	Suite 500	The Woodlands
3	Karim Ali CPA PC	2010 Valley View Lane	STE 330	Farmers Branch
3	Virtual Networx Inc	2010 Valley View Lane	Suite 310	Farmers Branch
3	KARIM ALI CPA, PC	2010 VALLEY VIEW LANE	SUITE 330	FARMERS BRANCH
3	Plastronics Socket Partners Ltd.	2010 Westridge Drive		Irving
3	Smiths Interconnect Inc	2010 Westridge Drive		Irving
3	Smiths Interconnect Americas Inc	2010 Westridge Drive		Irving
3	International Leadership of  Texas Inc	2021 Lakeside Blvd.		Richardson
3	International Leadership of Texas Inc	2021 Lakeside Blvd.		Richardson
3	International Leadership of Texas	2021 Lakeside Blvd.		RICHARDSON
3	Saatchi & Saatchi North America LLC	2021 McKinney Ave		Dallas
3	Trive Capital Management LLC	2021 McKinney Ave	STE 1200	Dallas
3	Wavelabs US LLC	2021 McKinney Ave	Suite 1200	Dallas
3	Cipher Group Technologies Inc	2025 Guadalupe Street	Ste. 260	Austin
3	Stream Global Solutions LLC	2025 Guadalupe Street	Ste. 260	Austin
3	Irradiant Partners LP	2025 Guadalupe Street	Suite 260	Austin
3	Convo Communications LLC	2028 E Ben White Blvd	240-2168	Austin
3	Sidekick Analytics Inc	2028 E Ben White Blvd	240-8373	Austin
3	Enstructure	2028 E Ben White Blvd	240-9333	Austin
3	Megatel Homes LlC	2101 Cedar Springs Road	Ste 700	Dallas
3	Peregrine Group LLC	2101 Cedar Springs Road	Suite 1800	Dallas
3	Peregrine Group Investments LLC	2101 Cedar Springs Road	Suite 1800	Dallas
3	3E International Education & Consulting LLC	2101 Citywest Blvd	1st Floor	Houston
3	Tavus Inc	2101 Citywest Blvd	Floor 1	Houston
3	South Highland Oilfield Equipment and Service Company Inc	2101 CityWest Blvd	Ste 105	Houston
3	Founder	211 East 7th Street		Austin
3	Futura Energy Group LLC	211 East 7th Street		Austin
3	Senseye Inc	211 East 7th Street	Suite 100	Austin
3	Summa Staffing Technologies LLC	2200 Post Oak Blvd		Houston
3	Vortexa Inc	2200 Post Oak Blvd	Suite 1000	Houston
3	Peritia Partners LLC	2200 Post Oak Blvd	Suite 1000	Houston
3	Rice Derivative Holdings, L.P.	2200 Post Oak Blvd.	Suite 1000	Houston
3	Rock Flow Dynamics Inc	2200 Post Oak Blvd.	Suite 1260	Houston
3	Worldwide Machinery, Ltd.	2200 Post Oak Blvd.	Suite 1400	Houston
3	BARROW, HANLEY, MEWHINNEY & STRAUSS LLC	2200 Ross Avenue	31st Floor	Dallas
3	Champion LLP	2200 Ross Avenue	Ste. 4500W	Dalllas
3	Locke Lord LLP	2200 Ross Avenue	Suite 2800	Dallas
3	IT GENERATION SOFTWARE LLC	2201 SPINKS ROAD	SUITE 209	FLOWER MOUND
3	CINTURI TECHNOLOGIES LLC	2201 SPINKS ROAD	SUITE 226	FLOWER MOUND
3	INNOREV TECHNOLOGIES INC	2201 SPINKS ROAD	SUITE 264	FLOWER MOUND
3	DRW Texas LLC	221 West 6th Street	Suite 1600	Austin
3	Martinez Moore Engineers LLC	221 West 6th Street	Suite 800	Austin
3	Martinez Moore Engineers	221 West 6th Street	Suite 800	Austin
3	Anderton Castings	222 Lely Drive		Troy
3	Anderton Castings LLC	222 Lely Drive		Troy
3	ANGSTROM ALUMINUM CASTINGS TEXAS LLC	222 LELY DRIVE		TROY
3	Kinaxis Corp.	222 W Las Colinas Blvd	Suite 1650E	Irving
3	ReferralPoint LLC	222 W Las Colinas Blvd	Suite 1950	Irving
3	Peritus Inc	222 W Las Colinas Blvd	Suite 745E	Irving
3	EMG Admin, LP	2229 San Felipe Street	Suite 1300	Houston
3	Strategic Project Solutions Inc	2229 San Felipe Street	Suite 1325	HOUSTON
3	RBF Management Co. LLC	2229 San Felipe Street	Suite 950	Houston
3	App Maisters Inc	2245 Texas Drive	Ste. 300	Sugar Land
3	PRIMORIS SYSTEMS LLC	2245 TEXAS DRIVE	SUITE 300	SUGAR LAND
3	CYANCO INTERNATIONAL LLC	2245 TEXAS DRIVE	SUITE 500	SUGARLAND
3	OctagonIT LLC	2300 VALLEY VIEW	LN 213	IRVING
3	OctagoneIT LLC	2300 Valley View	LN 213	Irving
3	UD Investments Inc	2300 Valley View	Suite 330	Irving
3	PGI GLASS LLC	2330 PEYTON ROAD		HOUSTON
3	Precision Glass Industries	2330 PEYTON ROAD		HOUSTON
3	Software Developer	2330 Peyton Road		Houston
3	BrowseProspects LLC	2351 W Northwest Hwy	STE 3319	Dallas
3	BYK PROVIDERS LLC	2351 W NORTHWEST HWY	SUITE 3238	DALLAS
3	MYK PROVIDERSLLC	2351 W NORTHWEST HWY	SUITE 3241	DALLAS
3	Texas Teachers of Tomorrow LLC	2401 Fountain View Dr	STE 700	Houston
3	Cynosure Technologies,  LLC	2401 Fountain View Dr	Suite 502	Houston
3	Afton Technologies LLC	2401 Fountain View Dr	Suite 550	Houston
3	Vaalco Energy Inc	2500 CITYWEST BLVD	STE 400	HOUSTON
3	SHPP US LLC	2500 Citywest Blvd	Suite 100	Houston
3	NZ Carr Law Office PLLC	2500 CityWest Blvd	Suite 150-128	Houston
3	JUBU Corp	2551 SW Grapevine Parkway		Grapevine
3	TOULA MANUFACTURING LIMITED INC	2551 SW Grapevine Parkway	N/A	Grapevine
3	TOULA MANUFACTURING LTD. INC	2551 SW Grapevine Parkway	N/A	Grapevine
3	EMC Consulting Group Inc	2591 Dallas Parkway, Suite 300		Frisco
3	Redbridge Securities LLC	2591 Dallas Parkway, Suite 300		Frisco
3	PARASMAI SOFTWARE SOLUTIONS LLC	2591 DALLAS PARKWAY, SUITE 300		Frisco
3	Healthcare Clinical Employee Services, P.C.	2600 Dallas Parkway	Suite 290	Frisco
3	Vista JV Partners LLC	2600 Dallas Parkway	Suite 290	Frisco
3	California Healthcare Clinical Employee Services, P.C.	2600 Dallas Parkway	Suite 290	Frisco
3	Compass Technical Services  Inc	2600 Gravel Drive Bldg  7		Forth Worth
3	Compass Technical Services Inc	2600 Gravel Drive Bldg  7	Suite 1225	Forth Worth
3	Compass Technical 2023 LLC	2600 Gravel Drive Bldg  7	Suite 1225	Forth Worth
3	CY9 INC	2600 MACARTHUR BLVD.	SUITE 201	LEWISVILLE
3	Susensoft Global Services Inc	2600 MACARTHUR BLVD.	SUITE 601	LEWISVILLE
3	Pratek Inc	2600 Macarthur Blvd.	Suite 604	Lewisville
3	Riverside RE Development Group LLC	26009 Budde Road	Suite A 200	Woodlands
3	Lumina Geophysical LLC	26009 Budde Road	Suite A200	The Woodlands
3	Baker Real Estate Management LLC	26009 Budde Road	Suite A200	The Woodlands
3	Finishes Construction	2619 Washington St	STE B	Waller
3	Finishes Solutions LLC	2619 Washington St	STE B	Waller
3	Finishes Construction Group LLC	2619 Washington St	STE B	Waller
3	Arsphere Infotek Inc	2665 Villa Creek Drive	Suite 130	Farmers Branch
3	TekOhana LLC	2665 Villa Creek Drive	Suite A104-1	Farmers Branch
3	Precisesoft Inc	2665 Villa Creek Drive	Suite A201	Farmers Branch
3	eIQDigital Inc	2700 Post Oak Blvd.	21st Floor	Houston
3	AirMettle Inc	2700 Post Oak Blvd.	Flr. 21st	Houston
3	BCP Management Services LLC	2700 Post Oak Blvd.	Suite 325	Houston
3	TEXAS SPARKS CONSTRUCTIONS LLC	2701 DALLAS PARKWAY	SUITE 145	PLANO
3	XTGLOBAL INC	2701 DALLAS PARKWAY	SUITE 550	PLANO
3	Azores Networks LLC	2701 Dallas Parkway	Suite 680	Plano
3	Quanta Services Management Partnership, L.P.	2707 North Loop West		Houston
3	Quanta Workforce Solutions LLC	2707 North Loop West		Houston
3	Quanta Infrastructure Solutions Group LLC	2707 North Loop West	Suite 500	Houston
3	Sunward USA Corp.	2710 Geesling Rd		Denton
3	Sunward USA Corp	2710 Geesling Rd		Denton
3	Sunward America Corp	2710 Geesling Rd		Denton
3	Target Builders LLC	2711 LBJ Freeway	Ste 720	Dallas
3	LA FAMILIA AGENCY LLC	2711 LBJ FREEWAY	SUITE 350	FARMERS BRANCH
3	YU, SOUTH & ASSOCIATES PLLC	2711 LBJ Freeway	Suite 598	Dallas
3	Hudson Americas L.P.	2711 N. Haskell Avenue	Suite 1800	Dallas
3	Hudson Advisors L.P.	2711 N. Haskell Avenue	Suite 1800	Dallas
3	Hudson Homes Management LLC	2711 N. Haskell Avenue	Suite 2100	Dallas
3	Berachah Technologies Inc	2727 LBJ Fwy	Suite 125	Farmers Branch
3	COMPUTER EDGE INC	2727 LBJ Fwy	Suite 556	Farmers Branch
3	Technoflair Solutions LLC	2727 LBJ FWY	Suite 760	Farmers Branch
3	Coforge BPS America Inc	2727 Lyndon B Johnson Freeway	Suite 800	Dallas
3	XFORIA INC	2727 Lyndon B Johnson Freeway	Suite 915	Dallas
3	XFOIRA INC	2727 Lyndon B Johnson Freeway	Suite 915	Dallas
3	AdroitCo	2801 Network Blvd	Suite 215	Frisco
3	4WEB Inc	2801 Network Blvd	Suite 620	Frisco
3	Informativ LLC	2801 Network Blvd	Suite 650	Frisco
3	Fujitsu Network Communications Inc	2801 Telecom Parkway		Richardson
3	FUJITSU TECHNOLOGY AND BUSINESS OF AMERICA INC	2801 Telecom Parkway		Richardson
3	Fujitsu North America Inc	2801 Telecom Parkway		Richardson
3	Fujitsu America Inc	2821 Telecom Parkway		Richardson
3	Fujitsu America,  Inc	2821 Telecom Parkway		Richardson
3	Fujitsu America	2821 Telecom Parkway		Richardson
3	SHAH SMITH & ASSOCIATES INC	2825 WILCREST DRIVE	SUITE 350	HOUSTON
3	Creative Team LLC	2825 Wilcrest Drive	Suite 456	Houston
3	DESSS INC	2825 WILCREST DRIVE	SUITE 608	HOUSTON
3	Teachers Insurance and Annuity Association of America (TIAA)	2850 Lake Vista Drive	STE 300	Lewisville
3	Nuveen Services LLC	2850 Lake Vista Drive	Suite 300	Lewisville
3	TIAA, FSB	2850 Lake Vista Drive	Suite 300	Lewisville
3	The Trade Group	2900 Genesis Way, Suite 100		Grapevine
3	The Trade Group Management LLC	2900 Genesis Way, Suite 100		Grapevine
3	The Trade Group Inc	2900 Genesis Way, Suite 100		Grapevine
3	LakshmiBa Management LLC	2900 Weslayan St	Ste 545	Houston
3	Mine Crypto Pro	2900 Weslayan St	Ste 680	Houston
3	Mine Crypto Pro Inc	2900 Weslayan St	Ste 680	Houston
3	ASRA NEST	2909 E ARKANSAS LANE		ARLINGTON
3	ASRA NEST LLC	2909 E ARKANSAS LANE	SUITE C	ARLINGTON
3	MAINSTACK SOCIAL COMMERCE INC	2909 E Arkansas Lane	Suite C	ARLINGTON
3	TargetRecruit LLC	2925 Richmond Ave	12th Floor	Houston
3	RETINA-AI Health Inc	2925 Richmond Ave	Suite 1200	Houston
3	McGettrick Law PLLC	2925 Richmond Ave	Suite 1200	Houston
3	TEKREANT INC	2925 Skyway Cir N	SUITE 130	IRVING
3	CBN Tech Force Inc	2925 Skyway Cir N	Suite 140	Irving
3	IMPELLENT TECHNOLOGIES INC	2925 Skyway Cir N	SUITE 160	IRVING
3	Good One IT Solutions Inc	2929 N Central Expressway	Ste. 215	Richardson
3	Agile People and Payroll LLC	2929 N Central Expressway	Suite 150	Richardson
3	RAE INTELLIGENCE	2929 N CENTRAL EXPRESSWAY	SUITE 280	RICHARDSON
3	CAE Flight Services USA Inc	2929 West Airfield Drive		Dallas
3	CAE SIMUFLITE INC	2929 WEST AIRFIELD DRIVE	N/A	DALLAS
3	Flight Operations Holdings LLC	2929 WEST AIRFIELD DRIVE	N/A	DALLAS
3	Caliber Holdings Corporation	2941 Lake Vista Drive		Lewisville
3	Caliber Holdings LLC	2941 Lake Vista Drive		Lewisville
3	Caliber Holdings LLC d/b/a Caliber Collision	2941 Lake Vista Drive		Lewisville
3	MTH Technologies LLC	300 N. Coit Road	Suite 1520	Richardson
3	COMPNOVA LLC	300 N. COIT ROAD	SUITE 340	RICHARDSON
3	INFOEXPERTS INC	300 N. COIT ROAD	SUITE 340	RICHARDSON
3	Health Texas Provider Network	301 N. Washington Avenue		Dallas
3	HEALTHTEXAS PROVIDER NETWORK	301 N. WASHINGTON AVENUE		DALLAS
3	Baylor Quality Health Care Alliance LLC	301 N. Washington Avenue		Dallas
3	Woodside Energy (USA) Inc	3040 Post Oak Blvd	Floor 18, Suite 1800-134	Houston
3	Pan Capital Management LLC	3040 Post Oak Blvd	Suite 1045	Houston
3	Pan Capital Management LP	3040 Post Oak Blvd	Suite 1088	Houston
3	Cerebral Labs LLC	3090 Nowitzki Way	Suite 300	Dallas
3	VRGL Inc	3090 Nowitzki Way	Suite 300	Dallas
3	Sophos Inc	3090 Nowitzki Way	Suite 300	Dallas
3	Balfour Beatty Construction LLC	3100 McKinnon Street		Dallas
3	Balfour Beatty Construction	3100 McKinnon Street		Dallas
3	Centaurus Property Management LLC	3100 McKinnon Street	Suite 250	Dallas
3	BHA Studio Inc	3141 Hood Street	Ste 420	Dallas
3	Benson Hlavaty and Associates Inc	3141 Hood Street	Ste 420	Dallas
3	International Esperanza Project	3141 Hood Street	Suite 800	Dallas
3	Friede & Goldman LLC	3151 Briarpark Drive	Ste. 900	Houston
3	Sinomax USA Inc	3151 Briarpark Drive	Suite 1220	Houston
3	Bristow Group Inc	3151 Briarpark Drive	Suite 700	Houston
3	Avantax Wealth Management Inc	3200 OLYMPUS BLVD.	SUITE 100	COPPELL
3	Blucora	3200 Olympus Blvd.	Suite 100	Coppell
3	Blucora Inc	3200 Olympus Blvd.	Suite 100	Coppell
3	Anew Carbon Development LLC	3200 Southwest Freeway	Ste. 1310	Houston
3	Element Markets LLC	3200 Southwest Freeway	Suite 1310	Houston
3	Anew Climate LLC	3200 Southwest Freeway	Suite 1310	Houston
3	Tetra Pak Inc	3300 Airport Road		Denton
3	Tetra Pak Global Information Management Americas Inc	3300 Airport Road		Denton
3	Tetra Pak Global Information Management America Inc	3300 Airport Road		Denton
3	Receptor LLC	3300 N Interstate Hwy 35	Suite 700	Austin
3	Algorithm of Learning Inc	3300 N Interstate Hwy 35	Suite 700	Austin
3	LMA Recruitment USA Inc	3300 N Interstate Hwy 35	Suite 700	Austin
3	LP Analyst, LP	3309 Elm Street	Suite 102-390	Dallas
3	Otto Inc	3309 Elm Street	Suite 340	Dallas
3	Bay Immigration Law PLLC	3309 Elm Street	Suite O-44	Dallas
3	ApproveShield LLC	3400 N Central Expressway	Suite 250	Richardson
3	Swirlds Inc	3400 N Central Expressway	Suite 470	Richardson
3	Hashgraph Foundry Inc	3400 N Central Expressway	Suite 470	Richardson
3	Adven Technologies Inc	3415 Custer Rd	Suite 117	Plano
3	EZ4 Technologies LLC	3415 Custer Rd	Suite 153	Plano
3	SS LEAD TECHNOLOGY INC	3415 Custer Rd	Suite 196	Plano
3	SELENE FINANCE LP	3501 OLYMPUS BLVD.	5TH FLOOR	DALLAS
3	Crunchyroll LLC	3501 Olympus Blvd.	Ste. 400	Coppell
3	Knight-Fowler-Millsap LLC	3501 Olympus Blvd.	Suite 100	Dallas
3	Five Point Dental Specialists Inc	3575 Lone Star Circle	Ste. 310	Fort Worth
3	Galaxy3 Corp	3575 Lone Star Circle	Suite 309	Fort Worth
3	Techno9 Solutions Inc	3575 Lone star Circle	Suite 430	Forth Worth
3	Ship Guard America LLC	363 North Sam Houston Parkway East		Houston
3	Asia Pacific Health Corporation	363 North Sam Houston Parkway East	Suite 1100	Houston
3	Fleet Space Technologies Inc	363 North Sam Houston Parkway East	Suite 1100	Houston
3	SS Technologies Inc	3700 Standridge Drive	Ste 107	The Colony
3	MAS IT LABS LLC	3700 Standridge Drive	Suite 201	The Colony
3	Grow Softwares LLC	3700 Standridge Drive	Suite 208	The Colony
3	ERP SMARTLABS LLC	3730 KIRBY DRIVE	STE 1200	HOUSTON
3	Prima Strategic Group Inc	3730 Kirby Drive	Suite 1200	Houston
3	1 Alpha Technologies LLC	3730 Kirby Drive	Suite 1200	Houston
3	MOHLE ADAMS LLP	3900 ESSEX LANE	SUITE 1000	HOUSTON
3	MOHLE ADAMS LLC	3900 ESSEX LANE	SUITE 1000	HOUSTON
3	WORKTEXAS TRAINING CENTER	3900 ESSEX LANE	SUITE 1200	HOUSTON
3	Monogram Orthopaedics Inc	3913 Todd Lane	Suite 307	Austin
3	Monogram Orthopedics Inc	3913 Todd Lane	Suite 307	Austin
3	Monogram Technologies Inc	3913 Todd Lane	Suite 307	Austin
3	Anointed HHC Inc	400 Chisholm Place	STE 304	Plano
3	MK and Associates INC	400 Chisholm Place	suite 106	Plano
3	IMG SYSTEMS INC	400 CHISHOLM PLACE	SUITE 414	PLANO
3	Mercury One Inc	400 E Royal Lane	STE 110	Irving
3	Alice Tech Solutions LLC	400 E ROYAL LANE	SUITE 290	IRVING
3	BIOREV LLC	400 E ROYAL LANE	SUITE 290	IRVING
3	TSCALAR SYSTEMS LLC	400 E ROYAL LN	BLDG. 3 SUITE 380	IRVING
3	UNIQUE SOFTWARE SOLUTIONS INC	400 E ROYAL LN	STE 264	IRVING
3	Techbits Inc	400 E Royal Ln	Suite 207	Irving
3	Pen Software Inc	400 E. Royal Ln.	Ste. 290	Irving
3	RIG Enterprise Application Inc	400 E. Royal Ln.	Suite 218	Irving
3	Resource Informatics Group Inc	400 E. Royal Ln.	Suite 218	Irving
3	Vista Consulting Group LLC	401 Congress Avenue	3100	Austin
3	CAE INTEGRATED LLC	401 CONGRESS AVENUE	SUITE 1760	AUSTIN
3	Upland Software Inc	401 Congress Avenue	Suite 1850	Austin
3	Fulcrum Reliability Systems LLC	405 Main Street		Houston
3	Caerus Commodities Trading LLC	405 Main Street	Suite 400 B	Houston
3	E-Ceptionist Inc	405 Main Street	Suite 800A	Houston
3	Neni TechSystems Inc	405 State Highway 121	Suite A250	Lewisville
3	CORETECH INFRASTRUCTURE SOLUTIONS INC	405 State Highway 121	Suite A250	Lewisville
3	TIMESOFT SOLUTIONS LLC	405 STATE HIGHWAY 121	SUITE A250	LEWISVILLE
3	FinCorp SolutionsLLC	405 STATE HIGHWAY 121 BYP		Lewisville
3	E-MetroTel LLC	405 State Highway 121 BYP	Ste A250	Lewisville
3	Technopathz Inc	405 State Highway 121 Byp	Suite A250	Lewisville
3	Continental Hub for Info Processing Inc	405 State Highway 121 Bypass	STE A250	Lewisville
3	The Chadwell Group, LP	405 State Highway 121 Bypass	Ste A250	Lewisville
3	QUANTUM UNIVERSAL LLC	405 STATE HIGHWAY 121 BYPASS	SUITE A 250	LEWISVILLE
3	SignalPET LLC	4100 ALPHA RD	SUITE 230	DALLAS
3	Verton Solutions Inc	4100 Alpha Rd	Suite 404	Dallas
3	VSTech Solutions LLC	4100 Alpha Rd	Suite 446	Dallas
3	Satek Solutions LLC	4101 McEwen Road	Ste. 364	Farmers Branch
3	SQAIT INC	4101 MCEWEN ROAD	SUITE 322	FARMERS BRANCH
3	Forward Technology Group	4101 McEwen Road	Suite 800	Dallas
3	Techila Global Services	4200 Mapleshade Lane	Suite 100	Plano
3	Rosipal Institute for Pelvic Therapy Solutions, PLLC	4200 Mapleshade Lane	Suite 110	Plano
3	Insubuy Inc	4200 Mapleshade Lane	Suite 200	Plano
3	FDS Inc	4220 North Freeway		Fort Worth
3	Omnicell Inc	4220 North Freeway		Fort Worth
3	EnlivenHealth Inc	4220 North Freeway		Fort Worth
3	VCLOUD TECHNOLOGY GROUP LLC	423 W WHEATLAND RD	SUITE 103A	DUNCANVILLE
3	3D TECHNOLOGIES LLC	423 W WHEATLAND RD	SUITE 103B	DUNCANVILLE
3	ARTIFINT TECHNOLOGIES LLC	423 W WHEATLAND RD	SUITE 103C	DUNCANVILLE
3	Sitemetric LLC	4265 San Felipe Street	Suite 1100	Houston
3	NOVERRAM INC	4265 SAN FELIPE STREET	SUITE 1100	HOUSTON
3	Energy Advisors Group Inc	4265 San Felipe Street	Suite 650	Houston
3	FIRMINIQ Inc	4512 Legacy Drive	Ste. 100	Plano
3	Impressico Business Solutions Inc	4512 Legacy Drive	Suite 100	Plano
3	Zblocks Inc	4512 Legacy Drive	Suite 100	Plano
3	Farah Studios Corp	4740 14th Street		Plano
3	Secure IT Solutions LLC	4740 14th Street	Suite T3	Plano
3	IBUILDSOFT LLC	4740 14th Street	Suite T3	Plano
3	CONSTRUCTIONBEVY INC	4849 Greenville Avenue	STE 100	Dallas
3	Sui Foundation US Inc	4849 Greenville Avenue	Suite 100-183	Dallas
3	Home Tax Solutions LLC	4849 Greenville Avenue	Suite 1620	Dallas
3	Occidental Petroleum Corporation	5 Greenway Plaza	Suite 110	Houston
3	Anadarko Petroleum Corporation	5 Greenway Plaza	Suite 110	Houston
3	Occidental Oil and Gas Corporation	5 Greenway Plaza	Suite 110	Houston
3	SVR Tech Solutions LLC	500 N Central Expy	STE 500	Plano
3	Mastro Services Inc	500 N Central Expy	STE 500BS	Plano
3	PROTAGONA LLC	500 N Central Expy	Suite 500	PLANO
3	Medecision	500 N. Akard Street	Suite 1400	Dallas
3	ICP Group Corporation	500 N. Akard Street	Suite 2010	Dallas
3	Arcosa Inc	500 N. Akard Street	Suite 400	Dallas
3	ePay3 Inc	5000 Plaza on the Lake	Ste 150	Austin
3	Broadway Technology LLC	5000 Plaza on the Lake	Suite 250	Austin
3	Gel Blaster Inc	5000 Plaza on the Lake	Suite 265	Austin
3	Mitratech Holdings Inc	5001 Plaza on the Lake	111	Austin
3	Amherst Services Corp	5001 Plaza on the Lake	Suite 200	Austin
3	Amherst Services Corporation	5001 Plaza on the Lake	Suite 200	Austin
3	Oldcastle BuildingEnvelope	5005 LBJ Freeway	Suite 1050	Dallas
3	Oldcastle Building Envelope Inc	5005 LBJ Freeway	Suite 1050	Dallas
3	Oldcastle BuildingEnvelope Inc	5005 LBJ Freeway	Suite 1050	Dallas
3	WP Engine Inc	504 Lavaca Street	Suite 1000	Austin
3	WPEngine Inc	504 Lavaca Street	Suite 1000	Austin
3	Luxury Presence Inc	504 Lavaca Street	Suite 840	Austin
3	Mid-Valley Pathology, PLLC	505 Angelita Drive	Ste. 6	Weslaco
3	Mid Valley Pathologist, PLLC	505 Angelita Drive	Suite 6	Weslaco
3	Mid Valley Pathology, PLLC	505 Angelita Drive	Suite 6	Weslaco
3	SitusAMC Holdings Corporation	5065 Westheimer	Suite 700E	Houston
3	SitusAMC Holding Corporation	5065 Westheimer	Suite 700E	Houston
3	SitusAMC Platforms LLC	5065 Westheimer	Suite 700E	Houston
3	MPOWER PRACTICE MANAGEMENT LLC	5080 Spectrum Dr.	1100 E	Addison
3	HaloMD LLC	5080 Spectrum Dr.	Ste 1100	Addison
3	Enter Advisor LLC	5080 Spectrum Dr.	Suite 1000E	Addison
3	The Redeemed Christian Church of God North America Operations	515 County Road 1118		Greenville
3	The Redeemed Christian Church of God, North America	515 County Road 1118		Greenville
3	The Redeemed Christian Church ofGod, North America	515 County Road 1118		Greenville
3	UNITED KS HOLDING LLC	515 North Sam Houston PKWY E	STE 610	Houston
3	TSLA DISTRIBUTION LLC	515 North Sam Houston PKWY E	STE 610	HOUSON
3	TOP EAGLE HOLDINGS LLC	515 North Sam Houston PKWY E	STE 610	HOUSTON
3	Zane Solutions LLC	520 Central Pkwy E	St 212	Plano
3	Naten LLC	520 Central Pkwy E	suite 111	Plano
3	Teknismart Solutions Inc	520 Central PKWY E	Suite 212	Plano
3	O-I Packaging Solutions LLC	5200 Tennyson Parkway		Plano
3	STARTECH  NETWORKS INC	5200 TENNYSON PARKWAY	SUITE 200	PLANO
3	Startech Networks Inc	5200 Tennyson Parkway	Suite 200	Plano
3	N.F. Smith & Associates, L.P.	5306 Hollister Street		Houston
3	N.F Smith & Associates, L.P.	5306 Hollister Street		Houston
3	Valid Management L.L.C.	5306 Hollister Street		Houston
3	UT Southwestern Medical Center, Office of International Affairs	5323 Harry Hines Blvd.		Dallas
3	The University of Texas Southwestern Medical Center	5323 Harry Hines Blvd.	N/A	Dallas
3	University of Texas Southwestern Medical Center	5323 Harry Hines Blvd.	Suite MC 9.100	Dallas
3	Humphreys & Partners Architects	5339 Alpha Road		Dallas
3	Humphreys & Partners Architects Inc	5339 Alpha Road		Dallas
3	Humphreys & Partners Architects, L.P.	5339 Alpha Road	Suite 300	Dallas
3	EAN.com, LP	5400 LBJ Freeway	Ste 500	Dallas
3	Entos Design Inc	5400 LBJ Freeway	Suite 125	Dallas
3	MRC Energy Company	5400 LBJ Freeway	Suite 1500	Dallas
3	Alliance Consulting Services LLC	5444 Westheimer Rd	1000	Houston
3	Zener Maritime and Offshore Solutions LLC	5444 Westheimer Rd	STE 1629	Houston
3	Sunita Hydrocolloids Inc	5444 WESTHEIMER RD	SUITE 1425	HOUSTON
3	Ashland Hardware LLC (Amesbury Truth)	545 E John Carpenter Fwy	Suite 610	Irving
3	Ashland Hardware LLC	545 E John Carpenter Fwy	Suite 610	Irving
3	Nexstar Media Group Inc	545 E John Carpenter Fwy	Suite 700	Irving
3	SoTX Hospitalist Associates, PLLC	5460 Babcock Road	Suite 120	San Antonio
3	Prescriptive Data Solutions	5460 Babcock Road	Suite 120 Unit 99639	San Antonio
3	Prescriptive Data Solutions LLC	5460 Babcock Road	Suite 120 Unit 99639	San Antonio
3	ZIKSATECH LLC	5465 LEGACY DR	STE 650	PLANO
3	A1 RESOURCING INC	5465 Legacy Dr	Suite 650	Plano
3	Versaflair LLC	5465 Legacy Dr	Suite 650	Plano
3	The GI Alliance Management LLC	550 Reserve Street	Ste 550	Southlake
3	Heart Test Laboratories Inc	550 Reserve Street	Suite 360	Southlake
3	HeartSciences Inc	550 Reserve Street	Suite 360	Southlake
3	SURGICALSERV LLC	555 Republic DR	Suite 213	Plano
3	Flyhigh Staffing LLC	555 Republic Dr	Suite 320	Plano
3	SG INC CPA	555 REPUBLIC DR	SUITE 500	PLANO
3	Iotics Corporation LLC	555 Republic Dr.	Suite 415	Plano
3	OHH Consulting Engineers LLC	555 Republic Dr.	Suite 445	Plano
3	MOS Therapy Staffing LLC	555 Republic Dr.	Suite 500	Plano
3	Gruma Corporation	5601 Executive Drive	STE 800	Irving
3	CITRINE SOLUTION LLC	5601 EXECUTIVE DRIVE	SUITE 500 550	IRVING
3	KJR Sofware Services Inc	5601 Executive Drive	Suite 500, Floor 5, HQ Offices	Irving
3	Yash & Lujan Consulting Inc	5750 Epsilon		San Antonio
3	Yash & Lujan Consulting, INc.	5750 Epsilon		San Antonio
3	Yash and Lujan Consulting Inc	5750 Epsilon		San Antonio
3	BuzzClan LLC	5757 Alpha Road	Ste. 340	Dallas
3	Alex Hemani Inc	5757 Alpha Road	Suite 1000	Dallas
3	ReStl Engineers TX LLC	5757 Alpha Road	Suite 201	Dallas
3	Worldvue Connect Inc	5847 San Felipe St.	Ste 2100	Houston
3	J. Global Energy Inc	5847 San Felipe St.	Ste. 2850	Houston
3	Offshore International Group INC	5847 San Felipe St.	Suite 2600	Houston
3	LIIMRASOFT SOLUTIONS LLC	5851 Legacy Circle, 6th Floor		PLANO
3	VISUAL TECHNOLOGIES LLC	5851 LEGACY CIRCLE, 6TH FLOOR	SUITE 600	PLANO
3	MAARISOFT SOLUTIONS LLC	5851 LEGACY CIRCLE, 6TH FLOOR	SUITE 600	PLANO
3	Yins Clinic-Acupuncture & Integrated Medicine LLC	5899 Preston Rd	Bld 8, Ste 801	Frisco
3	NIFTEK INC	5899 PRESTON RD	SUITE 1204	FRISCO
3	TruMinds Technologies Inc	5899 Preston Rd	Suite 501	Frisco
3	Nascent Technologies Inc	5900 Balcones Dr.	STE 5345	Austin
3	Capital Supplies TX LLC	5900 BALCONES DR.	SUITE 100	Austin
3	Morpho Capital Partners LLC	5900 Balcones Dr.	Suite 10887	Austin
3	Digital People	5900 S Lake Forest Dr	Suite 300	McKinney
3	P2C Infotech Inc	5900 S Lake Forest Dr	Suite 300	Mckinney
3	Digital People LLC	5900 S Lake Forest Dr	Suite 300	Mc Kinney
3	RIDEINFO TECH LLC	5900 South Lake Forest Drive		McKinney
3	BIGMOON TECHNOLOGIES INC	5900 SOUTH LAKE FOREST DRIVE	SUITE 300	MCKINNEY
3	Teksmart Solutions LLC	5900 South Lake Forest Drive	Suite 300-2059	McKinney
3	Dixson Technology Services Americas LLC	600 Congress Ave		Austin
3	Payment Approved LLC	600 Congress Ave	Floor 14	Austin
3	Protopia AI Inc	600 Congress Ave	Office 14048 (14th Fl)	Austin
3	FireEye Security Holdings US LLC	6000 Headquarters Drive	Suite 600	Plano
3	FireEye Security Holdings US LLC (21087.44)	6000 Headquarters Drive	Suite 600	Plano
3	Musarubra US LLC	6000 Headquarters Drive	Suite 600	Plano
3	Robert Madden Industries, Ltd.	6021 43rd Street		Lubbock
3	Robert Maden Industries	6021 43rd Street		Lubbock
3	Robert Madden Industries	6021 43rd Street		Lubbock
3	KENALL INC	6200 SAVOY DR	SUITE 600	HOUSTON
3	Jash USA INC	6200 Savoy Dr	Suite 750	Houston
3	ANLARR BUILDERS LLC	6200 SAVOY DR	SUITE 956	HOUSTON
3	Law Office Of Dakshini R. Sen P.C.	6200 Savoy Drive	Suite 270	Houston
3	Ameen Ali CPA, P.C.	6200 Savoy Drive	Suite 400	Houston
3	RODNEY HUNT INC	6200 SAVOY DRIVE	SUITE 750	HOUSTON
3	MTX Group Inc	6303 Cowboys Way	Suite 400	Frisco
3	Maverick Quantum Inc	6303 Cowboys Way	Suite 400	Frisco
3	Magellan Health	6303 Cowboys Way	Third Floor	Frisco
3	Betenbough Business Services LLC	6305 82nd Street		Lubbock
3	Betenbough Companies	6305 82nd Street		Lubbock
3	Betenbough Companies, PBC	6305 82nd Street		Lubbock
3	ORABASE SOLUTIONS LLC	6401 Eldorado Parkway	Ste 204	McKinney
3	Redbud Technologies Inc	6401 Eldorado Parkway	STE 329	Mckinney
3	Luminova Infotech LLC	6401 Eldorado Parkway	Suite 1000	McKinney
3	The Methodist Hospital Research Institute	6565 Fannin Street	N/A	Houston
3	TMH Physician Organization	6565 Fannin Street	N/A	Houston
3	The Methodist Hospital	6565 Fannin Street	N/A	Houston
3	CLOUDKARMA INC	6666 Harwin Dr	Ste. 605	Houston
3	KSM Mamdani LLC	6666 Harwin Dr	Suite 500	Houston
3	KSB Mamdani LLC	6666 Harwin Dr	Suite 500	Houston
3	NextGen Tech LLC	6775 Cowboys Way	STE 1335	Frisco
3	GCN Inc	6775 Cowboys Way	Suite 1135	Frisco
3	GameSquare Esports (USA) Inc	6775 Cowboys Way	Suite 1335	Frisco
3	OVERHAUL GROUP LLC	6801 N CAPITAL OF TEXAS HWY BLDG 2, SUITE 225		AUSTIN
3	OVERHAUL GROUP INC	6801 N CAPITAL OF TEXAS HWY BLDG 2, SUITE 225		AUSTIN
3	OVERHAUL GROUP,  INC	6801 N CAPITAL OF TEXAS HWY BLDG 2, SUITE 225		AUSTIN
3	Valudental 2 PLLC	6810 Bandera Road	Ste. 2	San Antonio
3	Valudental 2, PLLC  dba  Celebrate Dental & Braces Bandera	6810 Bandera Road	Ste. 2	San Antonio
3	Valudental 2, PLLC	6810 Bandera Road	Ste. 2	San Antonio
3	Perfect Business Services Inc	6850 TPC Dr	Ste. 108	Mckinney
3	Modern Commercial Builders LLC	6850 TPC DR	Suite 206	McKinney
3	Thakkar Developers	6850 TPC DR	Suite 206	McKinney
3	PM Radio LLC	6850 TPC Drive	Suite 108	McKinney
3	THAKKAR DEVELOPMENT GROUP LLC	6850 TPC DRIVE	SUITE 108	MCKINNEY
3	MOUNTAIN IT SOLUTIONS LLC	6850 TPC DRIVE	SUITE 205	MCKINNEY
3	Dazzlon Computer Services Inc	6951 Virginia Parkway	Ste 216	McKinney
3	TechFuturiq LLC	6951 Virginia Parkway	Suite 304	McKinney
3	TANISHSOFT LLC	6951 Virginia Parkway	Suite 309	McKinney
3	Mexico Pacific EmployeeCo LLC	700 Louisiana Street	Suite 2410	Houston
3	Baseplan North America Inc	700 Louisiana Street	Suite 3950	Houston
3	TransCanada USA Services Inc	700 LOUISIANA STREET	SUITE 700	Houston
3	Austin Arc LLC	7000 North MoPac Expressway	Ste 200	Austin
3	Sabertec LLC	7000 North Mopac Expressway	Suite 200	Austin
3	CM1 Technologies Inc	7000 North Mopac Expressway	Suite 200	Austin
3	Energized for Excellence Academy Inc	7055 Beechnut Street		Houston
3	Energized for STEM Academy Inc	7055 Beechnut Street		Houston
3	ENERGIZED FOR STEM ACADEMY,  INC	7055 BEECHNUT STREET		HOUSTON
3	Vergara Miller Law Firm, PLLC	7070 Knights Court	Suite 904	Missouri City
3	I2U SYSTEMS INC	7070 Knights Court	Unit 803	MISSOURI CITY
3	Vergara Miller Law Firm PLLC	7070 Knights Court	Unit 904	Missouri City
3	CM Bio Operating LLC	708 Main Street		Houston
3	Paladin Drones	708 Main Street		Houston
3	Zolve Innovations Inc	708 Main Street		Houston
3	Yum! Connect LLC	7100 Corporate Drive		Plano
3	Yum! Restaurants International Inc	7100 Corporate Drive		Plano
3	Yum Connect LLC	7100 Corporate Drive		Plano
3	Lone Wolf Technologies	717 N. Harwood Street	Suite 2200	Dallas
3	Reel FX Inc	717 N. Harwood Street	Suite 2700	Dallas
3	Hilltop Securities Inc	717 N. Harwood Street	Suite 3400	Dallas
3	GMG Health Systems Associates, PA	720 Pleasanton Road		San Antonio
3	GMG Health Systems Associates, P.A.	720 Pleasanton Road		San Antonio
3	GMG Health Systems Ltd.	720 Pleasanton Road		San Antonio
3	Khoros LLC	7300 Ranch Road 2222	Building 1	Austin
3	Aunt Bertha, a Public Benefit Company	7300 Ranch Road 2222	Building 1	Austin
3	Voyant Inc	7300 Ranch Road 2222	Suite 200	Austin
3	DNOW L.P.	7402 N. Eldridge Parkway		Houston
3	DNOW	7402 N. Eldridge Parkway		Houston
3	Power Service Inc	7402 N. Eldridge Parkway		Houston
3	Trisun Energy Services LLC	7501 Miller Road 2		Houston
3	American Jereh International Corporation	7501 Miller Road 2		Houston
3	American Jerah International Corporation	7501 Miller Road 2		Houston
3	QuiGig Inc	7505 Fannin Street	Suite 440	Houston
3	Licensed Structural Engineers	7505 Fannin street	Suite 440	Houston
3	Texas Structural Engineers LLC	7505 Fannin street	Suite 440	Houston
3	ARBIN CORPORATION	762 PEACH CREEK CUT OFF RD		COLLEGE STATION
3	Arbin Instrument Inc	762 Peach Creek Cut Off Rd		College Station
3	Arbin Instruments Inc	762 Peach Creek Cut Off Rd		College Station
3	NEON IT LLC	7651 Eldorado pkwy	Ste 100	Mckinney
3	Grand IT LLC	7651 Eldorado Pkwy	Ste 100, UNIT S	McKinney
3	Inventech Solutions LLC	7651 Eldorado Pkwy	Ste 100K	McKinney
3	Willow Technologies LLC	7701 Lemmon Avenue		Dallas
3	Tradition Management LLC	7701 Lemmon Avenue	Suite 220	Dallas
3	SKILL-TEK INC	7701 LEMMON AVENUE	SUITE 302	DALLAS
3	Javelin Direct Inc	7850 N. Belt Line Road		Irving
3	Targetbase Inc	7850 N. Belt Line Road		Irving
3	M/A/R/C Inc	7850 N. BELT LINE ROAD	N/A	IRVING
3	Tavaero jet Charter, Corporation	7930 Airport Blvd		Houston
3	Harco Management Services  LLC	7930 Airport Blvd		Houston
3	HARCO MANAGEMENT SERVICES LLC	7930 AIRPORT BLVD		HOUSTON
3	Osceola Staffing Holdings LLC	800 Town and Country Blvd		Houston
3	PTAG Incorporated	800 Town and Country Blvd	Ste 500	Houston
3	Unique IT Solutions Inc	800 Town and Country Blvd	Suite 300	Houston
3	Babylon Healthcare Inc	801 Barton Springs Rd		Austin
3	Inossem Inc	801 Barton Springs Rd		Austin
3	Aesthetic Integration Research Corporation	801 Barton Springs Rd		Austin
3	ThisWay Global Inc	801 Barton Springs Road		Austin
3	Headrace Technologies Inc	801 Barton Springs Road	09-120	Austin
3	Genesis X LLC	801 Barton Springs Road	Floor 9	Austin
3	Brainer Consultancy Inc	801 Jupiter Rd	Suite 100	Plano
3	Aspenstate Inc	801 Jupiter Rd	Suite 200	Plano
3	Aspen Imaging Healthcare Inc	801 Jupiter Rd	Suite 200	Plano
3	RRC Energy Services LLC	810 Hesters Crossing Road	Ste 120	Round Rock
3	RRC Power and Energy	810 Hesters Crossing Road	Ste. 120	Round Rock
3	RRC Power and Energy LLC	810 Hesters Crossing Road	Ste. 120	Round Rock
3	Fute LLC	8111 Lyndon B Johnson Freeway	Ste 1340	Dallas
3	Pathlock Inc	8111 Lyndon B Johnson Freeway	Suite 1475	Dallas
3	SONG WHIDDON, PLLC	8111 LYNDON B JOHNSON FREEWAY	SUITE 480	DALLAS
3	INTOWAY AUTOMAION LLC	815 BRAZOS ST		Austin
3	INTOWAY AUTOMATION LLC	815 BRAZOS ST		Austin
3	Raysoft Global Inc	815 Brazos St	Ste 500	Austin
3	Recom Trading LLC	815 Brazos Street	Suite 900	Austin
3	Recom Brands LLC	815 Brazos Street	Suite 900	Austin
3	Elevate Brands OpCo LLC	815 Brazos Street	Suite 900	Austin
3	Schulz Trade Law PLLC	8150 North Central Expressway	10th Floor	Dallas
3	3E Management LLC	8150 North Central Expressway	Suite 1575	Dallas
3	AMIRA LEARNING INC	8150 North Central Expressway	Suite 2000	Dallas
3	Access Dental Management Services LLC	8150 Springwood Dr	Ste 150-B	Irving
3	Access Dental Management Illinois LLC	8150 Springwood Dr	Ste 150-B	Irving
3	Access Dental Management LLC	8150 Springwood Dr	Ste. 150B	Irving
3	Borets U.S. Inc	820 Gessner Road	Suite 1075	Houston
3	W. F. Taylor LLC	820 Gessner Road	Suite 1145	Houston
3	Element Americas Inc	820 Gessner Road	Suite 730	Houston
3	Longevity Partners Inc	823 Congress Ave	Ste 1330	Austin
3	WINTECSOFT LLC	823 CONGRESS AVE	STE 150 1505	Austin
3	Pod Foods Co	823 Congress Ave	Suite 150	Austin
3	Serverless Solutions LLC	825 Town & Country Lane	Suite 1200	Houston
3	PAR PACIFIC HOLDINGS INC	825 TOWN & COUNTRY LANE	SUITE 1500	HOUSTON
3	PAR PETROLEUM LLC	825 Town & Country Lane	Suite 1500	Houston
3	AR Val Services	825 Watters Creek Boulevard	Building M, Suite 250	Allen
3	AR Validation Services LLC	825 Watters Creek Boulevard	Suite 250	Allen
3	AR Val Services LLC	825 Watters Creek Boulevard	Suite 250- 241	Allen
3	Catalyst MSO LLC	8277 Belleview Dr.		Plano
3	Stellus RX	8277 Belleview Dr.		Plano
3	Stellus RX LLC	8277 Belleview Dr.		Plano
3	Solvo Tech Solutions LLC	8330 Lyndon B Johnson Fwy		Dallas
3	TrustIT LLC	8330 Lyndon B Johnson Fwy	B525	Dallas
3	New Origin Technologies LLC	8330 Lyndon B Johnson Fwy	Suite B864	Dallas
3	VINSON & ELKINS L.L.P	845 Texas Avenue	Apt 4700	Houston
3	Vinson & Elkins L.L.P.	845 Texas Avenue	Suite 4700	Houston
3	Vinson & Elkins, LLP.	845 Texas Avenue	Suite 4700	Houston
3	NETRESOLUTE INC	8500 N STEMMONS FWY	SUITE 3022	DALLAS
3	Kshitija Professional Services LLC	8500 N Stemmons Fwy	Suite 5038	Dallas
3	EQUINOX IT SOLUTIONS LLC	8500 N STEMMONS FWY	SUITE 5080	DALLAS
3	Continental Battery Systems	8585 N. Stemmons Frwy	Floor 6	Dallas
3	Continental Battery Company	8585 N. Stemmons Frwy	Floor 6	Dallas
3	Ernest O. Izedonmwen and Associates	8585 N. Stemmons Frwy	Suite 375S	Dallas
3	FINBOA INC	8588 Katy Freeway	Suite 225	Houston
3	ESK MEDICAL PRODUCTS LLC	8588 KATY FREEWAY	SUITE 348	HOUSTON
3	Smith Information Systems LLC	8588 Katy Freeway	Suite 435	Houston
3	Visual Semantics	8701 W HWY 71	Ste. 201-R	Austin
3	Decision Systems Corporation Inc	8701 W HWY 71	Ste. 201-R	Austin
3	Visual Semantics Inc	8701 W HWY 71	Suite 201-R	Austin
3	CogentProc LLC	8751 Collin Mckinney Parkway	SUITE 1102 1052	Mckinney
3	TEKSPIKE LLC	8751 Collin McKinney Parkway	Suite 705	MCKINNEY
3	SwiftAnt LLC	8751 COLLIN MCKINNEY PARKWAY	UNIT 1102	MCKINNEY
3	HINDSIGHT SOFTWARE SOLUTIONS INC	8950 Gary Burns Dr	Suite C	FRISCO
3	HINDSIGHT SOFTWARE SOLUTIONS INC,	8950 Gary Burns Dr	Suite C	Frisco
3	HINDSIGHT SOFTWARE SOLLUTIONS INC	8950 Gary Burns Dr	Suite C	Frisco
3	NRG Energy Inc	910 Louisiana St.		Houston
3	FlexSteel USA LLC	910 Louisiana St.		Houston
3	Flexsteel Pipeline Technologies Inc	910 Louisiana St.	Suite 4400	Houston
3	Baker Botts L.L.P.	910 Louisiana Street		Houston
3	BAKER BOTTS LLP	910 Louisiana Street	SUITE 3200	HOUSTON
3	Fervo Energy Company	910 Louisiana Street	Suite 4400	Houston
3	Tidy Flamingo Cleaning Services LLC	910 Quest Parkway	Suite 7	Cedar Park
3	Tidy Flaming LLC	910 Quest Parkway	Suite 7	Cedar Park
3	Tidy Flamingo LLC	910 Quest Parkway	Suite 7	Cedar Park
3	Cactus Wellhead LLC	920 Memorial City Way	Ste 300	Houston
3	Omega 365 USA Inc	920 Memorial City Way	Ste. 450	Houston
3	FlexSteel Pipeline Technologies LLC	920 Memorial City Way	Suite 300	Houston
3	Fidelis Software Solutions LLC	921 W New Hope Dr	Ste 701	Cedar Park
3	Fidelis Software Solutions Inc	921 W New Hope Dr	Ste 701	Cedarpark
3	CAPITAL IT TECH SOLUTIONS INC	921 W NEW HOPE DR	SUITE 403	CEDAR PARK
3	iBiz Software Inc	9300 Wade Blvd., Suite 301		Frisco
3	eComchain LLC	9300 Wade Blvd., Suite 301		Frisco
3	eComchain Inc	9300 Wade Blvd., Suite 301		Frisco
3	DA2Technologies LLC	9304 Forest Ln	STE S210	Dallas
3	SYNOVA SOLUTIONS INC	9304 Forest Ln	Ste S220	Dallas
3	Techdatum Solutions Inc	9304 Forest Ln	Suite S225	Dallas
3	PackGene Biotech Inc	9310 Kirby Drive	Ste 900	Houston
3	COLUBRISMX INC	9310 KIRBY DRIVE	SUITE 100	HOUSTON
3	ENDOQUEST ROBOTICS INC	9310 KIRBY DRIVE	SUITE 100	HOUSTON
3	United General Supply Co. Inc	9320 Harwin Drive		Houston
3	United General Supply Co.	9320 Harwin Drive		Houston
3	Leigh Manufacturing LLC	9320 Harwin Drive		Houston
3	Cemvita Factory Inc	9350 Kirby Drive	Suite 100	Houston
3	Gold H2 Inc	9350 Kirby Drive	Suite 100	Houston
3	Cemvita Inc	9350 Kirby Drive	Suite 100	Houston
3	Alpha Creek Services LLC	945 Bunker Hill Road	14th Floor	Houston
3	CNOOC Energy U.S.A. LLC	945 Bunker Hill Road	Suite 1000	Houston
3	CNOOC Petroleum U.S.A. Inc	945 Bunker Hill Road	Suite 1400	Houston
3	Nugen Tech LLC	945 Stockton Drive	Suite 1120	Allen
3	Srimatrix Inc	945 Stockton Drive	Suite 1130	Allen
3	Srimatrix Health LLC	945 Stockton Drive	Suite 1130	Allen
3	HYDROGEO LLC	9494 SOUTHWEST FWY	STE 650	HOUSTON
3	HYDROGEO ENERGY LLC	9494 SOUTHWEST FWY	STE 650	HOUSTON
3	GATEWAY OIL & GAS LTD LLC	9494 SOUTHWEST FWY	STE 650	HOUSTON
3	800 Builders LLC	952 Echo Lane	Suite 130	Houston
3	SPOTLIGHT ENERGY LLC	952 ECHO LANE	SUITE 200	HOUSTON
3	Virtual Pipeline Ventures LLC	952 Echo Lane	Suite 250	Houston
3	Quest IT Solutions Inc,	9700 Richmond Ave	STE 333	Houston
3	Ykunt Inc AKA Techday Inc	9700 Richmond Ave	Ste 349	Houston
3	KA-SAPSOLUTIONS INC	9700 RICHMOND AVE	SUITE 130	HOUSTON
3	SourceDay Inc	9737 Great Hills Trail	STE 100	Austin
3	The Burt Group Inc	9737 Great Hills Trail	Ste 200	Austin
3	Panic Button LLC	9737 Great Hills Trail	Suite 300	Austin
3	Rarefied Atmosphere LLC	98 San Jacinto Blvd.	Ste. 160	Austin
3	Fortitude Advisors LLC	98 San Jacinto Blvd.	Ste. 400	Austin
3	CSIQ Corporation	98 San Jacinto Blvd.	Ste. 750	Austin
3	USAA Federal Savings Bank	9800 Fredericksburg Road		San Antonio
3	United Services Automobile Association	9800 Fredericksburg Road		San Antonio
3	USAA Life Insurance Company	9800 Fredericksburg Road		San Antonio
3	Agility Engineering and Management Inc	9800 Richmond Ave	Suite 315	Houston
3	Dally Associates Inc	9800 Richmond Ave	Suite 460	Houston
3	JOL TUBULAR INC	9800 Richmond Ave	Suite 555	Houston
3	US RE COMPANY LLC	9830 Colonnade Blvd.	Ste. 600	San Antonio
3	USAA Real Estate Company	9830 Colonnade Blvd.	Ste. 600	San Antonio
3	Affinius Capital LLC	9830 Colonnade Blvd.	Ste. 600	San Antonio
3	JL United Realty LLC	9889 Bellaire Blvd.	Suite 118	Houston
3	Liao, Kin & Company, P. C.	9889 Bellaire Blvd.	Suite 214	Houston
3	Teavine LLC	9889 Bellaire Blvd.	Suite C-316	Houston
3	Glosoft Technologies LLC	9894 Bissonnet St	STE 225	Houston
3	Genuine IT LLC	9894 Bissonnet St	Ste 827	Houston
3	TRANSNET ENTERPRISES INC	9894 BISSONNET ST	Suite 805	HOUSTON
3	HOLLERITH IT SOLUTIONS LLC	9894 Bissonnet Street	Suite 675	Houston
3	YKunt Inc	9894 Bissonnet Street	Suite 815	Houston
3	GenuineIT LLC	9894 BISSONNET STREET	SUITE 827	Houston
3	Vectra Infosys Inc	9901 Valley Ranch Pkwy E	STE 2044	Irving
3	Vectorsoft LLC	9901 Valley Ranch Pkwy E	STE 2050	Irving
3	ITVISION360 INC	9901 Valley Ranch Pkwy E	Suite 2031	Irving
3	Kraton Corporation	9950 Woodloch Forest Drive	Ste. 2400	The Woodlands
3	Howard Hughes Management Co LLC	9950 Woodloch Forest Drive	Suite 1100	The Woodlands
3	EnfraGen Management Services LLC	9950 Woodloch Forest Drive	Suite 1500	The Woodlands
3	DBR Engineering Consultants Inc	9990 Richmond Avenue	South Building, Suite 300	Houston
3	Infodat International Inc	9990 Richmond Avenue	Ste. 250N	Houston
3	Advanced Geophysical Technology Inc	9990 Richmond Avenue	Suite 200N	Houston
3	TECH MEHINDRA INC	PRESTON PARK BOULEVARD		PLANO
3	TECH MAHENDRA INC	PRESTON PARK BOULEVARD		PLANO
3	MAHENDRA INC	PRESTON PARK BOULEVARD		PLANO
2	HASKELL MEMORIAL HOSPITAL DISTRICT	1 AVE N		HASKELL
2	HASKELL COUNTY HOSPITAL DISTRICT	1 AVE N		HASKELL
2	ONEWORLD MANAGEMENT COMPANY INC	1 SKYVIEW DRIVE		FORT WORTH
2	AMERICAN AIRLINES INC	1 Skyview Drive	MD 8B503	FORT WORTH
2	JQ Engineering LLP	100 Glass Street		Dallas
2	JQ Engineering, LLP	100 Glass Street		Dallas
2	interRel Consulting Partners, LTD	1000 Ballpark Way	Ste 308	Arlington
2	Killara Capital LLC	1000 Ballpark Way	Suite 302	Arlington
2	Sherman Operating Company LLC	1000 Highway 82 East		Sherman
2	Texoma Healthcare Center	1000 Highway 82 East		Sherman
2	Tyler Regional Hospital LLC	1000 S. Beckham Avenue		Tyler
2	Regional Hospital LLC	1000 S. Beckham Avenue		Tyler
2	Prolucent Health Inc	10000 N. Central Expy.	Ste. 400	Dallas
2	L&H CPAs and Advisors LLC	10000 N. Central Expy.	Suite 710	Dallas
2	Huntsman International LLC	10003 Woodloch Forest Drive		The Woodlands
2	Huntsman Advanced Materials Americas Inc	10003 Woodloch Forest Drive		The Woodlands
2	Total Facility Solutions Inc	1001 Klein Road	Ste. 400	Plano
2	Exyte U.S. Inc	1001 Klein Road	Ste. 400	Plano
2	GGE MANAGEMENT SERVICES LLC	1001 MCKINNEY STREET	STE 600	HOUSTON
2	ConnectGen Management LLC	1001 McKinney Street	Suite 700	Houston
2	Strategic Insurance Group LLC	1001 South Dairy Ashford	Ste. 360	Houston
2	BD ENERGY SYSTEMS LLC	1001 SOUTH DAIRY ASHFORD	SUITE 410	HOUSTON
2	PRISA CONSULTING SERVICES LLC	1001 W EULESS BLVD	STE 411	EULESS
2	DENMAC SOLUTIONS INC	1001 W Euless Blvd	Suite 201	Euless
2	Deep Reach Technology Inc	10050 Cash Road		Stafford
2	Elgin Separation Solutions Industrials LLC	10050 Cash Road		Stafford
2	OJO Labs Inc	1007 S Congress Avenue		Austin
2	OJO Lbas Inc	1007 S Congress Avenue	Building 9, Suite 400	Austin
2	Spark Life Solutions Inc	101 E. Park Blvd.	Suite 600	Plano
2	Techforce Staffing Inc	101 E. Park Blvd.	Suite 600	Plano
2	Synerio Technologies Inc	101 Jim Wright Freeway South	Suite 200	Fort Worth
2	Synerio Technologies IncFKA Electronic Health Record data	101 Jim Wright Freeway South	Suite 200	Fort Worth
2	E COMPUTER TECHNOLOGIES INC	101 W RENNER ROAD	SUITE 250	RICHARDSON
2	VYZER SOLUTIONS INC	101 W RENNER ROAD	SUITE 260	RICHARDSON
2	Netzyn Inc	101 West Renner Road	Ste. 130	Richardson
2	Empower HR LLC	101 West Renner Road	Ste. 420	Richardson
2	eTak Worldwide Corp.	1010 E Avenue J		Grand Prairie
2	eTak Worldwide Corporation	1010 E Avenue J	Suite 100	Grand Prairie
2	Genesis Techsystems Inc	10101 Southwest Freeway	Suite 400	Houston
2	N.A. Kajani & Associates, P.C	10101 Southwest Freeway	Suite 612	Houston
2	Tristar Retails Inc	10101 Southwest Fwy	Suite 430	Houston
2	N. A. Kajani & Associates, P. C.	10101 Southwest Fwy	Suite 612	Houston
2	BPM Geeks LLC	1011 Highway 6 S.	Suite 117	Houston
2	BPM Geeks LLC d/b/a Bursys	1011 Highway 6 S.	Suite 117	Houston
2	Prime Bids LLC	102 Shaver Street		Pasadena
2	Primebids LLC	102 Shaver Street		Pasadena
2	AGT Labs Inc	10200 East Freeway	Suite 101	Houston
2	AIS International Ltd.	10200 East Freeway	Suite 123	Houston
2	Flesch Engineering LLC	10200 Richmond Ave	Suite 120	Houston
2	Paladin Drones Inc	10200 Richmond Ave	Suite 272	Houston
2	Comanche County Medical Center	10201 Hwy 16		Comanche
2	Comanche County Medical Center Company	10201 Hwy 16		Comanche
2	DRESSER-RAND COMPANY	10205 WESTHEIMER ROAD		HOUSTON
2	Texas Arcadis Inc	10205 Westheimer Road	Suite 800	Houston
2	Unified for Progress. Inc	1023 Springdale Rd	Building 11F	Austin
2	Immersed Inc	1023 Springdale Rd	Unit 12E	Austin
2	CGG SERVICES (U.S.) INC	10300 TOWN PARK DRIVE	N/A	HOUSTON
2	BCS Systems Inc	10300 Town Park Drive	Suite SE1025	Houston
2	KUO & ASSOCIATES INC	10300 WESTOFFICE DR	SUITE 800	HOUSTON
2	KUO & ASSOCIATES LLC	10300 WESTOFFICE DR	SUITE 800	HOUSTON
2	Intrepid Directional Drilling Specialists, LLP	10314 State Hwy 191		Midland
2	Intrepid Directional Drilling Specialists, Ltd.	10314 State Hwy 191		Midland
2	XO  SOFTTECH INC	10332 Stone Harbor Way		Irving
2	XO Softtech Inc	10332 Stone Harbor Way		Irving
2	KEYSTONE TECHNOLOGY PARTNERS INC	10333 Harwin Dr	STE 260	Houston
2	Limelightlogic Inc	10333 Harwin Dr	STE 672	Houston
2	HILONG USA LLC	10333 RICHMOND AVENUE	SUITE 1025	HOUSTON
2	International Trip Planning Services LLC	10333 Richmond Avenue	Suite 500	Houston
2	Allied Reliability Inc	10344 Sam Houston Park Drive	Ste. 110	Houston
2	Forum US Inc	10344 Sam Houston Park Drive	Suite 300	Houston
2	C&C Industries Inc	10350 Clay Road	Ste 250	Houston
2	C&C Industries LLC	10350 Clay Road	Ste 250	Houston
2	Precision Drilling Holdings Company	10350 Richmond Ave	Suite 700	Houston
2	PXGEO US Inc	10350 Richmond Ave	Suite 800	Houston
2	Q2 Software	10355 Pecan Park Blvd		Austin
2	Q2 SOFTWARE INC	10355 Pecan Park Blvd		Austin
2	Slate Healthcare LLC	10375 Richmond Avenue	Suite 1400	Houston
2	Indigo Beam LLC	10375 Richmond Avenue	Suite 850	Houston
2	AXTROLS LLC	104 Fraser CV		Austin
2	Yonder Digital LLC	104 Fraser Cv		Austin
2	Change-Sheng Inc	10402 Harwin Drive		Houston
2	Chang-Sheng Inc	10402 Harwin Drive		Houston
2	Star Heights Corporation	10405 Georgetown Place		McKinney
2	Starheights corporation	10405 Georgetown Place		McKinney
2	TGS-NOPEC Geophysical Company	10451 Clay Road		Houston
2	A2D Technologies Inc (dba TGS Geological Products and Services)	10451 Clay Road		Houston
2	W.D. VON GONTEN LABORATORIES LLC	10496 OLD KATY RD	SUITE 200	HOUSTON
2	W.D. VON GONTEN ENGINEERING LLC	10496 OLD KATY RD	SUITE 200	HOUSTON
2	Peter F. Hazim	105 North Alma Drive	Suite 100	Allen
2	Peter F. Hazim DDS PA	105 North Alma Drive	Suite 100	Allen
2	VALIANT COMMODITIES LLC	10500 NORTHWEST FREEWAY	SUITE 149	HOUSTON
2	Borehole Seismic LLC	10500 Northwest Freeway	Suite 224	Houston
2	GTS Engineering USA Incorporated	10500 Valley Forge Drive	202 B	Houston
2	GTS ENGINEERING USA INCOPORATED	10500 VALLEY FORGE DRIVE	202 B	Houston
2	Tivoli Management LLC	10516 Kippway Dr	Suite A	Houston
2	K K SUBWAY INC	10516 KIPPWAY DR	SUITE A	HOUSTON
2	InnoKite Global Solutions	10520 Love CT		Mckinney
2	Innokite Global Solutions LLC	10520 Love CT		McKinney
2	D&S Engineering Labs LLC	106 1/2 West Hughes St.		Collinsville
2	Geotex Engineering	106 1/2 West Hughes St.		Collinsville
2	Premium Oilfield Technologies Management LLC	10600 West Sam Houston Pkwy N		Houston
2	Premium Oilfield Technologies	10600 West Sam Houston Pkwy N		Houston
2	Starcon International	10610 Fairmont Parkway		La Porte
2	Starcon International Inc	10610 Fairmont Parkway		La Porte
2	24/7 Golf Inc	10610 Newkirk Street	Suite 207	Dallas
2	24 7 Golf Inc	10610 Newkirk Street	Suite 207	Dallas
2	Primasoft Inc	10701 CORPORATE DR	STE 132	STAFFORD
2	An Phat International Inc	10701 Corporate Dr	STE 268	Stafford
2	Eclat Integrated Software Solutions Inc	10701 Corporate Drive	Ste. 286	Stafford
2	Sapphire IT Services Inc	10701 Corporate Drive	Suite 146	Stafford
2	A & H Technologies LLC	10760 Leonatus Lane		Frisco
2	A&H Technologies LLC	10760 Leonatus Lane		Frisco
2	Innovetive PetCare Inc	10800 Pecan Park Blvd	Ste 320	Austin
2	Tabhi Inc	10800 Pecan Park Blvd	SUITE 400	Austin
2	Siemens Advanta Solutions Corp.	10800 Pecan Park Blvd.		Austin
2	ES OPCO USA LLC	10800 PECAN PARK BLVD.	300	AUSTIN
2	Qubole Inc	10801 N MOPAC EXPY	BLDG. 1, STE 100	AUSTIN
2	Idera Inc	10801 N Mopac Expy	Building 1, Suite 100	Austin
2	ESG USA Inc	10815 Woodedge Drive		Houston
2	ESG Solutions Group Inc	10815 Woodedge Drive		Houston
2	Venture Metal LLC	10848 Luna Rd		Dallas
2	Venture Metals LLC	10848 Luna Rd		Dallas
2	Sarens USA Inc	10855 John Ralston Road		Houston
2	Sarens Nuclear & Industrial Services	10855 John Ralston Road		Houston
2	Netspend Corporation	10900  Stonelake Blvd	Suite 200	Austin
2	Ouro Global Inc	10900  Stonelake Blvd	Suite 200	Austin
2	SD HALTOM CITY, PLLC	10901 Garland Road		Dallas
2	Smiley Dental Management Company LLC	10901 Garland Road		Dallas
2	Hanger Prosthetics & Orthotics Inc	10910 Domain Drive	Ste. 300	Austin
2	Hanger Inc	10910 Domain Drive	Ste. 300	Austin
2	Tech IT Solutions Inc	10998 S Wilcrest DR	Ste 290	HOUSTON
2	SNAP IT Solutions Inc	10998 S Wilcrest Dr	Suite 292	Houston
2	SAIPSIT Inc	10998 S Wilcrest Dr.	Suite 123	Houston
2	Software Solutions Desk Inc	10998 S Wilcrest Dr.	Suite 215	Houston
2	Pabst Brewing Company LLC	110  E. Houston Street		San Antonio
2	Parra & Co. LLC	110  E. Houston Street	Floor 7	San Antonio
2	Silver Peak Solutions Inc	110 San Antonio St	301	Austin
2	Digital Turbine Inc	110 San Antonio St	Ste 160	Austin
2	OsteoCentric Technologies Inc	11000 N Mopac Expy	Suite 100	Austin
2	Sparefoot Inc	11000 N Mopac Expy	Suite 300	Austin
2	Kilroy Blockchain Corporate	1105 Ash Drive		Marble Falls
2	Kilroy Blockchain Corporation	1105 Ash Drive		Marble Falls
2	Jupiter Power LLC	1108 Lavaca Street	Suite 110-349	Austin
2	Anaconda Inc	1108 Lavaca Street	Suite 110-645	Austin
2	S V Dental Inc	111 N Ash St		Pearsall
2	SV Dental Inc	111 N Ash St		Pearsall
2	Teksyncsoft Inc	11103 West Ave	STE 2101	San Antonio
2	Tekspace Inc	11103 West Ave	Ste 2101 c/o PMB 132	San Antonio
2	CenterPoint Energy Service Company LLC	1111 Louisiana Street		Houston
2	Page Southerland Page Inc	1111 Louisiana Street	26th Floor	Houston
2	Prismecs Personnel LLC	11111 Katy Freeway	Suite 900	Houston
2	ByteInfoTek Inc	11111 Katy Freeway	Suite 910	Houston
2	OMAR KASANI CPA	11111 RICHMOND AVE	STE 142	HOUSTON
2	ASSOCIATION HEALTH CARE MANAGEMENT INC	11111 RICHMOND AVE	SUITE 200	HOUSTON
2	infraTECH Engineers & Innovators LLC	11111 Wilcrest Green Dr	Suite 410	Houston
2	INFRATECH ENGINEERS AND INNOVATORS LLC	11111 WILCREST GREEN DR	Suite 410	Houston
2	ChampionX LLC	11177 S. Stadium Drive		Sugarland
2	ChampionX USA Inc	11177 S. Stadium Drive		Sugarland
2	DRDA, PLLC	1120 BAY AREA BLVD		HOUSTON
2	DRDA LLC	1120 BAY AREA BLVD		HOUSTON
2	S&R Professionals LP	11200 Westheimer Rd	Ste 100	Houston
2	S&R Professionals, LP	11200 Westheimer Rd	Suite 100	Houston
2	Canam Inc	11211 Katy Freeway	Suite 350	Houston
2	Canam  Inc	11211 Katy Freeway	Suite 350	Houston
2	WILMAR OLEO NORTH AMERICA LLC	11233 SHADOW CREEK PKWY	STE 250	PEARLAND
2	Arthur Lawrence USA LLC	11233 Shadow Creek Pkwy	Ste. 313	Pearland
2	AUM SHRI JALARAM LLC	1125 EXECUTIVE CIRCLE	SUITE 140	IRVING
2	Patel Law Group, PLLC	1125 EXECUTIVE CIRCLE	Suite 200	Irving
2	3S BUSINESS CORPORATION	11271 RICHMOND AVENUE	Suite H107 & H108	HOUSTON
2	3S BUSINESS CORPORATON	11271 RICHMOND AVENUE	SUITE H107 & H108	HOUSTON
2	Spire Consulting Group LLC	114 WEST 7TH STREET	Suite 1300	Austin
2	Green Dot Corporation	114 West 7th Street	Suite 240	Austin
2	Surgical Associates of Houston, P.A.	1140 Business Center Dr.	Suite 403	Houston
2	THE TOTAL YOU MEDICAL SPA, PLLC	1140 Business Center Dr.	Suite 403	Houston
2	Zencor Technologies Inc	1140 Empire Central Drive	Suite 565	Dallas
2	Zencor Technologies	1140 Empire Central Drive	Suite 565	Dallas
2	Absolute Software Inc	11401 Century Oaks Terrace	Suite 430	Austin
2	Mercury Financial LLC	11401 Century Oaks Terrace	Suite 470	Austin
2	Packers Plus Energy Services (USA) Inc	11415 Spell Road		Tomball
2	PROSERV OPERATIONS LLC	11415 Spell Road		Tomball
2	Ink & Iron Tattoos	11415 West Avenue		San Antonio
2	Ink & Iron LLC	11415 West Avenue		San Antonio
2	GHD Services Inc	11451 Katy Freeway	Suite 400	Houston
2	GHD Inc	11451 Katy Freeway	Suite 400	Houston
2	Garland Ventures LTD	115 S. International Road		Garland
2	Garland Ventures, Ltd.	115 S. International Road		Garland
2	Universal Weather and Aviation Inc	1150 Gemini Street		Houston
2	Universal Weather and Aviation LLC	1150 Gemini Street		Houston
2	Seprotec Multilingual Solutions LLC	11501 Alterra Parkway	440	Austin
2	Otto Bock HealthCare LP	11501 Alterra Parkway	Suite 600	Austin
2	Trustwise Inc	11501 Century Oaks Terrace	Suite 3127	Austin
2	Responsible Artificial Intelligence Institute	11501 Century Oaks Terrace	Suite 3127	Austin
2	U-SAVE INSURANCE SERVICES INC	11540 S. WILCREST DR.		HOUSTON
2	U SAVE INSURANCE SERVIVES INC	11540 S. WILCREST DR.		HOUSTON
2	Havfram Inc	1155 Dairy Ashford Rd	STE 250	Houston
2	Softeq Development Corporation	1155 Dairy Ashford Rd	Suite 125	Houston
2	Omega Technical Services LLC	1155 Dairy Ashford Road	Ste. 650	Houston
2	Sterling IM USA Inc	1155 Dairy Ashford Road	Suite 801	Houston
2	Texas A&M Health Science Center	1158 TAMU		College Station
2	Texas A&M University	1158 TAMU	1158 TAMU	College Station
2	M Lanza engineering PLLC	11603 Spring Cypress Rd	Suite B	Tomball
2	Mario E. Lanza	11603 Spring Cypress Rd	Suite B	Tomball
2	SK Primacor Americas LLC	11700 Katy Fwy	Ste 1200	Houston
2	Clough USA Inc	11700 Katy Fwy	Suite 1300	Houston
2	Blackline Safety (USA) Corp.	117146 Feathercraft Lane		Webster
2	Blackline Safety USA Corp	117146 Feathercraft Lane		Webster
2	Technip USA Inc	11720 Katy Freeway		Houston
2	Technip Energies USA Inc	11720 Katy Freeway		Houston
2	Gauge Engineering LLC	11750 Katy Fwy	Suite 400	Houston
2	Conexus MedStaff LLC	11750 Katy Fwy	Sute 750	Houston
2	Cornerstone Home Lending Inc	1177 West Loop South	STE 700	Houston
2	Patrick Henry Creative Promotions Inc	1177 West Loop South	Suite 800	Houston
2	Real Holdings LLC	11770 Jollyville Road		Austin
2	REAL International Brokerage LLC	11770 Jollyville Road		Austin
2	Rayalen	11807 WESTHEIMER ROAD		HOUSTON
2	Ibuumerang LLC	11807 Westheimer Road	550-427	Houston
2	CDK GLOBAL LLC	11809 DOMAIN DRIVE		AUSTIN
2	CDK Global,  LLC	11809 Domain Drive		Austin
2	Dhaliwal Labs South LLC	11910 Shiloh Rd		Dallas
2	Dhaliwal Labs Texas LLC	11910 Shiloh Rd		Dallas
2	Virtue Group LLC	1193 W John Carpenter Fwy	STE 100	Irving
2	Indus River Technologiea Inc	1193 W John Carpenter Fwy	STE 100A	Irving
2	The University of Texas Health Center at Tyler	11937 U.S. Highway 271		Tyler
2	The University of Texas Health Center Science at Tyler	11937 U.S. Highway 271		Tyler
2	The University of Texas Health Science Center at Tyler	11937 US Hwy 271		Tyler
2	University of Texas Health Science Center at Tyler	11937 US Hwy 271		Tyler
2	Trina Solar U.S. Manufacturing Module 1 LLC	1200 North Sunrise Road		Wilmer
2	Trina US Manufacturing Services LLC	1200 North Sunrise Road		Wilmer
2	STUBBS ENGINEERING INC	1200 SUMMIT AVE	SUITE 102	FORT WORTH
2	Sanara MedTech Inc	1200 Summit Ave	Suite 414	Fort Worth
2	Mach B. Technologies Inc	1200 W. Walnut Hill Lane	Suite 2050	Irving
2	VASTIKA INC	1200 W. WALNUT HILL LANE	SUITE 2200	IRVING
2	FIVE CUBES INC	12000 FORD ROAD	SUITE 481	FARMERS BRANCH
2	COMPULAN CENTER INC	12000 Ford Road	Suite A110	Dallas
2	C4i Technologies Inc	12000 WESTHEIMER ROAD	SUITE 108	HOUSTON
2	Verge Mobile LLC	12000 Westheimer Road	Suite 230	Houston
2	Baker & OBrien Inc	12001 North Central Expressway	Suite 1200	Dallas
2	Valiant Enterprises LLC	12001 North Central Expressway	Suite 1250	Dallas
2	Flow Data Inc	12005 Starcrest Drive		San Antonio
2	Strata Innovative Solutions	12005 Starcrest Drive		San Antonio
2	Dallas / Fort Worth Technology Inc	1201 International Parkway, Suite 100		Richardson
2	Dallas/Fort Worth Technology Inc	1201 International Parkway, Suite 100		Richardson
2	Salzgitter Mannesmann Stainless Tubes USA Inc	12050 West Little York Road		Houston
2	DMV USA Inc	12050 West Little York Road		Houston
2	South Texas Merchants Association	12054 Starcrest Dr		San Antonio
2	San Antonio Buying Group LLC	12054 Starcrest Dr		San Antonio
2	FREYR Battery US Holding Inc	1211 East 4th Street	Suite 120	Austin
2	FREYR Battery U.S. Holdings Inc	1211 East 4th Street	Suite 120	Austin
2	V-TIC SERVICES INC	12140 Almeda Rd		Houston
2	Chekit Lab Inc	12140 Almeda Rd		Houston
2	Rimkus Consulting Group Inc	12140 Wickchester Lane	Suite 300	Houston
2	IKON SCIENCE AMERICAS INC	12140 WICKCHESTER LANE	SUITE 400	HOUSTON
2	Stena Drilling US Inc	12141 Wickchester Lane	Ste 150	Houston
2	Source One Spares LLC	12141 Wickchester Lane	Suite 600	Houston
2	AOX Inc	1220 W Trinity Mills RD	STE 272	Carrollton
2	INFOZEAL SOLUTIONS INC	1220 W Trinity Mills Rd	Suite 268	Carrolton
2	Cutten Logistics LLC	12202 Cutten Rd		Houston
2	Cutten Logistics. LLC	12202 Cutten Rd		Houston
2	The Texas District of the Lutheran Church - Missouri Synod	1221 Satellite View		Round Rock
2	Texas District of the Lutheran Church - Missouri Synod	1221 Satellite View		Round Rock
2	Keller Williams Realty Inc	1221 South Mopac Expressway	Suite 400	Austin
2	Keller Williams Realty LLC	1221 South Mopac Expressway	Suite 400	Austin
2	Texas Oncology P.A.	12221 Merit Drive	Suite 500	Dallas
2	Texas Oncology, P.A.	12221 Merit Drive	Suite 500	Dallas
2	Staffbee Solutions Inc	12225 Greenville Ave	Suite 1010	Dallas
2	AIM Solutions Inc	12225 Greenville Ave	Suite 925	Dallas
2	Sunlight Entertainment LLC	12266 Queenston Blvd	Suite A	Houston
2	Sunlight Entertainment	12266 Queenston Blvd	Suite A	Houston
2	Dascena Inc	12333 Sowden Rd	Ste B PMB 65148	Houston
2	egghead.io	12333 Sowden Rd	Ste. B, PMB 97429	Houston
2	Vivi LLC	12333 Sowden Road	Suite 58971	Houston
2	Glint Tech Solutions LLC	12333 Sowden Road	Suite B, Number 220552	Houston
2	MHK TECH INC	12345 Jones Rd	STE 126	Houston
2	Adaiam Inc	12345 Jones Rd	Suite 214	Houston
2	Centerstone Insurance & Financial Services	12404  Park Central Drive	STE 400S	Dallas
2	Centerstone Insurance & Financial Services d/b/a BenefitMall	12404  Park Central Drive	Suite 400S	Dallas
2	Galaxy IT LLC	12407 Autumn Crest Dr		Frisco
2	Infinity Software LLC	12407 Autumn Crest Dr		Frisco
2	Saleem Lakhani CPA PLLC	12440 Emily Ct	Ste 404	Sugar Land
2	Avani Systems Inc	12440 Emily Ct	Unit 901	Sugarland
2	RIDDER ORTHODONTICS OF FORT WORTH, PC	12453 TIMBERLAND BOULEVARD	SUITE 101	FORT WORTH
2	RIDDER ORTHODONTICS OF FORT WORTH, P.C.	12453 TIMBERLAND BOULEVARD	SUITE 101	FORT WORTH
2	Iteris Inc	1250 S. Capital of Texas Hwy	Bldg 1, Suite 330	Austin
2	NFP Corp	1250 S. Capital of Texas Hwy	Building 2, Suite 600	Austin
2	Straife LLC	1250 Wood Branch Park Drive	Suite 410	Houston
2	Excel Midstream Solutions Inc	1250 Wood Branch Park Drive	Suite 500	Houston
2	MFK MOBILELINK AUSTIN LLC	12501 REED ROAD		SUGARLAND
2	MOBILY LLC	12501 REED ROAD		SUGAR LAND
2	STRUCTURAL CONSULTANTS ASSOCIATES INC	12511 EMILY COURT		SUGAR LAND
2	SKYDANCING CONSULTANTS ASSOCIATES INC	12511 EMILY COURT		SUGAR LAND
2	YING INTERNATIONAL TRANSPORTATION (AMERICA) LLC	1255 W 15TH ST	STE 440	PLANO
2	Wetrans (United States) Limited.	1255 W 15th St	Suite 210	Plano
2	Bista Solutions Inc	1255 W 15th Street	Suite 210	Plano
2	Kathryn Hardaway CPA, PC	1255 W 15th Street	Suite 810	Plano
2	Bares Capital Management Inc	12600 Hill Country Blvd	Ste. R-230	Austin
2	Rent 3 INC	12600 Hill Country Blvd	Suite R130	Austin
2	EZYPA Operations LLC	12620 Grimes Ranch Court		Austin
2	EZY PA Operations LLC	12620 Grimes Ranch Court		Austin Tx
2	PACIFIC JUSTICE INSTITUTE	12655 North Central Expressway		Dallas
2	EPP TX, PLLC	12655 North Central Expressway	Suite 1014	Dallas
2	STOCK ROAD DESIGN & CONSTRUCT INC	12700 HILLCREST ROAD	SUITE 125	DALLAS
2	Sisamex Inc	12700 Hillcrest Road	Suite 278	Dallas
2	Turner, Stone & Company, LLP	12700 Park Central Drive	Suite 1400	Dallas
2	Trinity Consultants Inc	12700 Park Central Drive	Suite 2100	Dallas
2	IDEAL PEOPLE SERVICES	12770 MERIT DR.	850	DALLAS
2	Interstate Batteries Inc	12770 Merit Dr.	Ste. 1000	Dallas
2	ADVENT GLOBAL SOLUTIONS INC	12777 JONES ROAD	SUITE 445	HOUSTON
2	Advent Global Solutions Inc,	12777 Jones Road	Suite 445	Houston
2	Genslogiques Inc	12808 W Airport Blvd	Ste 270A	Sugar Land
2	Hillsoft Business Solutions LLC	12808 W Airport Blvd	STE 325D	Sugarland
2	Lichtgitter USA Inc	12818 N Lake Houston Pkwy		Houston
2	Lightgitter USA Inc	12818 N Lake Houston Pkwy		Houston
2	LIAMATRIX LLC	12828 Willow Centre Dr	Ste D	Houston
2	ETERNIS LABS INC	12828 WILLOW CENTRE DR	SUITE 891	HOUSTON
2	Tory Technologies Inc	12848 Queensbury Lane	Suite 208	Houston
2	ENVISION ENERGY USA LTD.	12848 Queensbury Lane	Suite 208	HOUSTON
2	Visireka Inc	12880 Hillcrest Rd	Suite J106	Dallas
2	Zentech Consulting Inc	12880 Hillcrest Rd	Suite J109	Dallas
2	SCHILHAB BEZNER PLLC	12900 Preston Road	Ste 300	Dallas
2	CYBER GROUP INC	12900 PRESTON ROAD	SUITE 900	DALLAS
2	de Groot-Bril Earth Sciences USA LLC	12946 Dairy Ashford		Sugar Land
2	de Groot-Bril Earth Sciences, USA LLC	12946 Dairy Ashford	Ste. 220	Sugar Land
2	The Local Shoppe LLC	12977 Trinity Blvd	Ste 105	Euless
2	ARAB VENTURES LLC	12977 TRINITY BLVD	SUITE 105	EULESS
2	KOLIBRI DATA SOLUTIONS	130 N PRESTON RD	STE 345	PROSPER
2	Tyche Softech LLC	130 N Preston Rd	Suite 228	Prosper
2	Bureau Veritas Commodities and Trade Inc	1300 Hercules Avenue	Suite 105	Houston
2	Bureau Veritas North America	1300 Hercules Avenue	Suite 105	Houston
2	Texas Baptist Institute & Seminary	1300 Longview Drive		Henderson
2	Texas Baptist Institute and Seminary	1300 Longview Drive		Henderson
2	Radial Power Opeations LLC	1300 Post Oak	Suite 1000	Houston
2	Radial Power Operations LLC	1300 Post Oak	Suite 1000	Houston
2	Akerman LLP	1300 Post Oak Boulevard	Suite 2300	Houston
2	Flowco Productions LLC	1300 Post Oak Boulevard	Suite 450	Houston
2	Electric Power Engineers Inc	13001 W Highway 71	Ste. G100	Austin
2	Electric Power Engineers LLC	13001 W Highway 71	Ste. G100	Austin
2	Atlas Design Services, PLLC	1301 S. Capital of Texas Hwy	Suite A-236	Austin
2	Esgee Technologies Inc	1301 S. Capital of Texas Hwy	Suite B-330	Austin
2	Prism One Solutions LLC	1301 Solana Blvd.	Bldg 2, Suite 2100	Westlake
2	Friendly Home Services Group LLC	1301 Solana Blvd.	Suite 1460	Westlake
2	South Texas College of Law Houston	1303 San Jacinto St.	Office 803T	Houston
2	South Texas College of Law Houston Inc	1303 San Jacinto St.	Office 803T	Houston
2	SBP Consulting Inc	1303 W. WALNUT HILL LANE	SUITE 350	IRVING
2	Adept Computer Consultants Inc	1303 W. Walnut Hill Lane	Suite 360	Dallas
2	Abacus Insurance & Financial services LLC	1304 W Walnut hill Lane	Ste 245	Irving
2	American Info Inc	1304 W Walnut Hill Lane	Suite 220A	Irving
2	The Shams Group LLC	1304 West Walnut Hill Lane, Suite 240		Irving
2	Mondo Tech LLC	1304 West Walnut Hill Lane, Suite 240		Irving
2	MR GROUP AMERICAS INC	1311 BROADFIELD BLVD	SUITE 300	HOUSTON
2	Expro Americas LLC	1311 Broadfield Blvd	Suite 400	Houston
2	Panda Solutions USA LLC	13151 Emily Road	Ste 240	Dallas
2	Tasacom Technologies Inc	13151 Emily Road	Suite 201	Dallas
2	Ansira Partners LLC	13155 Noel Rd	Suite 600	Dallas
2	Qliqsoft Inc	13155 Noel Rd	Suite 900	Dallas
2	DataGlacier LLC	1320 Arrow Point Dr	STE 501	Cedar Park
2	Quantumsoft Inc	1320 Arrow Point Dr	Unit 501 56	Cedar Park
2	SEE FORGE INC	1321 Upland Dr.	Suite 5673	Houston
2	Nayo Technologies LLC	1321 Upland Dr.	Suite 806	Houston
2	Higher Ground Education Inc	1321 Upland Dr. PMB 20442		Houston
2	Guidepost Global Education Inc	1321 Upland Dr. PMB 20442		Houston
2	Innealta Capital LLC	13215 Bee Cave Parkway	Bldg A, Suite 240	Austin
2	Atlas Technical Consultants LLC	13215 Bee Cave Parkway	Building B, Suite 230	Austin
2	Peramal Services LLC	13284 Pond Springs Road	501	Austin
2	AAXY LLC	13284 Pond Springs Road	Suite 405	Austin
2	REDCOM SERVICES LLC	13303 VISTA BONITA		SAN ANTONIO
2	THE SOUND BOX LLC	13303 VISTA BONITA		SAN ANTONIO
2	ESK Group Inc	1333 Corporate Dr.	Suite 116	Irving
2	PIXENTIA CORPORATION	1333 CORPORATE DR.	SUITE 212	IRVING
2	MAKESENSE INC	1333 W. MCDERMOTT	SUITE 200	ALLEN
2	Tech America Consulting Inc	1333 W. McDermott	Suite 200	Allen
2	Clarksons Shipping Services USA LLC	1333 West Loop South	Ste. 1100	Houston
2	Molecule Software Inc	1333 West Loop South	Suite 820	Houston
2	ALLURTECH LLC	13345 Marmolada Dr		Frisco
2	Verittsoft LLC	13345 Marmolada Dr		Frisco
2	HCC Service Company Inc	13403 Northwest Freeway		Houston
2	Tokio Marine HCC	13403 Northwest Freeway		Houston
2	S&S TECH SOLUTIONS LLC	1341 W MOCKINGBIRD LN.	SUITE 600W	DALLAS
2	HYTEK SOFT INC	1341 W MOCKINGBIRD LN.	SUITE 600W	DALLAS
2	Cloud Imperium Games Texas LLC	13420 Galleria Circle	Suite A-250	Bee Cave
2	CATHROSS INVESTMENTS INC	13420 Galleria Circle	Unit A110	Bee Cave
2	Mr. Jans Math Class LLC	13425 University Blvd.	Ste. 700	Sugar Land
2	FLAVOR FUSION INC	13425 UNIVERSITY BLVD.	SUITE 450	SUGAR LAND
2	Dell Childrens Medical Group	1345 Philomena Street		Austin
2	Ascension Seton	1345 Philomena Street	Suite 151	Austin
2	TECHWAVE CONSULTING INC	13501 KATY FWY	SUITE 1000	HOUSTON
2	Celersoft LLC	13501 Katy Fwy	Suite 1540	Houston
2	Endeavor Managed Services	1354 N Loop 1604 E Ste 103		San Antonio
2	ManageLife Real Estate Inc	1354 N Loop 1604 E Ste 103		San Antonio
2	Trinity Broadcasting of Texas Inc	13600 Heritage Parkway	Suite 200	Fort Worth
2	TRIUMPH DIGITAL INC	13600 Heritage Parkway	Suite 430	Fort Worth
2	SAKSOL TECHNOLOGIES INC	13601 Preston Rd,	Ste E240,	Dallas,
2	ESRA TECHNOLOGIES INC	13601 Preston Rd,	Ste W740,	Dallas, TX
2	ECOM USA LLC	13760 Noel Road	Suite 500	Dallas
2	ECOM Atlantic Inc	13760 Noel Road	Suite 500	Dallas
2	ENQBATOR LLC	13785 Research Blvd.	STE 125-138	Austin
2	Aurionpro Fintech Inc	13785 Research Blvd.	Suite 125	Austin
2	Vtrix Technologies Inc	13809 Research Boulevard	Ste. 546	Austin
2	Vitrix Technologies Inc	13809 Research Boulevard	Ste. 546	Austin
2	Mortgage Payment Corporation	13831 Northwest Freeway	Suite 400	Houston
2	C&C RESERVOIRS INC	13831 NORTHWEST FREEWAY	SUITE 450	HOUSTON
2	Sai Veterinary Clinic PLLC	13881 Midway Rd	Ste 105	Farmers Branch
2	Sai Veterinary Clinic, PLLC	13881 MIDWAY RD	STE 105	FARMERS BRANCH
2	AB Pharmacy Inc	13988 Diplomat Drive, Suite 100		Farmers Branch
2	American Specialty Pharmacy Inc	13988 Diplomat Drive, Suite 100	N/A	Farmers Branch
2	SOURCE CODE TECH LLC	1400 BROADFIELD BLVD	SUITE 206/3	HOUSTON
2	STRATEGY ENGINEERING & CONSULTING	1400 BROADFIELD BLVD	SUITE 500	HOUSTON
2	Standav Corp	1400 Corporate Dr	Suite 132	Irving
2	TT TECHNOLOGIES INC	1400 Corporate Dr	Suite 165	Irving
2	Cloudberly LLC	1400 N Coit Road	2404	McKinney
2	CloudberyL LLC	1400 N Coit Road	2404	McKinney
2	Removery LLC	1400 South Congress Avenue	Suite A270	Austin
2	Invisible AI Inc	1400 South Congress Avenue	Suite B340	Austin
2	McAllen Hospitalist Group, PLLC	1400 W Trenton Road		Edinburg
2	McAllen Hospitalist Group, PLLC d/b/a Valley Care Clinics	1400 W Trenton Road		Edinburg
2	IT ADAVANZ LLC	1401 N Central Expy	Suite 215	Richardson
2	IT ADVANZ LLC	1401 N Central Expy	Suite 215	Richardson
2	SEDG LLC	14025 WEST ROAD		HOUSTON
2	Pipe Exchange LLC	14025 West Road	Suite 100	Houston
2	SOAP Engineering LLC	1409 Brittmoore Rd		Houston
2	Pipecom Incorporated	1409 Brittmoore Rd		Houston
2	PULMONICS PLUS LLC	141 RVG PARKWAY	STE 101	WAXAHACHIE
2	PULMONICS PLUS,  PLLC	141 RVG PARKWAY	STE 101	WAXAHACHIE
2	Jindal Saw USA LLC	1411 South FM 565 Rd		Baytown
2	Jindal Pipe USA INC	1411 South FM 565 Rd		Baytown
2	Oprona Inc	14120 Interdrive East		Houston
2	Oprona Inc dba ROSEN USA Inc	14120 Interdrive East		Houston
2	George R. Willy, PC	14141 Southwest Freeway	Ste 110	Sugar Land
2	ABM Industry Groups LLC	14141 Southwest Freeway	Suite 400	Sugar Land
2	GPG Services LLC	14144 Mueschke Rd	8201	Cypress
2	Care Success Place LLC	14144 Mueschke Rd	8201	Cypress
2	Allcapcorp, Ltd. Co.	14180 Dallas Parkway	Ste 350	Dallas
2	Ahluwalia Law Offices, P.C.	14180 Dallas Parkway	Suite 720	Dallas
2	Infinite Tech Solutions Inc	14200 Midway Road	Ste. 114	Dallas
2	Milestone Technologies LLC	14200 Midway Road	Suite 120	Dallas
2	HOP Global Service Inc	14205 N Mopac Expy	STE 503	Austin
2	1.HOP GLOBAL SERVICE INC	14205 N Mopac Expy	STE 503	Austin
2	Freeman Expositions LLC	14221 Dallas Pkwy	200	Dallas
2	The Freeman Company LLC	14221 Dallas Pkwy	Ste. 200	Dallas
2	ACCELQ Inc	14241 North Dallas Parkway	Suite 520	Dallas
2	Qentelli LLC	14241 North Dallas Parkway	Suite 540	Dallas
2	Cognizaant Mind Consulting LLC	1431 Greenway Dr.		Irving
2	Four Pillars Infosys Inc	1431 Greenway Dr.	Suite 801A	Irving
2	LMI Texas Landscapes LLC	1437 Halsey Way		Carrollton
2	LMI Landscapes Inc	1437 Halsey Way		Carrollton
2	Selleck Chemicals LLC	14408 W Sylvanfield Drive		Houston
2	Selleck Chemical LLC	14408 W Sylvanfield Drive		Houston
2	BT Foundry	1444 Oak Lawn Avenue	119	Dallas
2	Brass Tacks Collective LLC	1444 Oak Lawn Avenue	Ste 119	Dallas
2	Gene by Gene, Ltd.	1445 North Loop West	Suite 820	Houston
2	Genealogy by Genetics Ltd	1445 North Loop West	Suite 960	Houston
2	MPO Solutions LLC	1452 Hughes Road	Ste 200	Grapevine
2	Helioinfo Tech LLC	1452 Hughes Road	Suite 200 - 434	Grapevine
2	Mayeesolutions LLC	1460 E Whitestone blvd	Suite 255	Ceder Park
2	MAYEE SOLUTIONS LLC	1460 E Whitestone blvd	Suite 255	Ceder Park
2	TransSolutions LLC	14600 Trinity Blvd	Suite 200	Fort Worth
2	Allied Pilot Association	14600 Trinity Blvd	Suite 500	Fort Worth
2	Pinnacle Soft Solutions LLC	1464 E WHitestone Blvd	Ste 1803E	Cedar Park
2	Alamedatech Solutions LLC	1464 E Whitestone Blvd	Suite 1803-E	Cedar Park
2	Stellar US Employment Co LLC	14643 Dallas Parkway	Suite 250	Dallas
2	PAH Management	14643 Dallas Parkway	Suite 970	Dallas
2	Peerless Manufacturing Co.	14651 Dallas Pkwy	Suite 500	Dallas
2	Emtrol LLC	14651 Dallas Pkwy	Suite 500	Dallas
2	TDn2K LLC	14785 Preston Road	Suite 290	Dallas
2	International Marina Group I, LP	14785 Preston Road	Suite 975	Dallas
2	HLM Architects Inc	14881 Quorum Drive	Suite 550	Dallas
2	Aperia Solutions Inc	14881 Quorum Drive	Suite 600	Dallas
2	Certus Consulting Engineers LLC	14901 Quorum Drive	Suite 660	Dallas
2	Stellar Home Maintenance Services LLC	14901 Quorum Drive	Suite 900	Dallas
2	Conwall Industrial Construction LLC	14950 Heathrow Forest Parkway	Suite 145	Houston
2	BrooksWatson & Co., PLLC	14950 Heathrow Forest Parkway	Suite 530	Houston
2	CAM Industrial Solutions LLC	1500 CityWest Blvd	Ste. 650	Houston
2	RTW Logistics INC	1500 Citywest Blvd	Suite 425	Houston
2	Hull Information Technology Solutions and Services LLC	1500 Exall Street		Llano
2	Hull Information Technology Solution and Services LLC	1500 Exall Street		Llano
2	Brenntag Latin America Inc	1500 Post Oak Blvd	Suite 1300	Houston
2	SC Global Tubular Solutions LLC	1500 Post Oak Blvd	Suite 1400	Houston
2	Broken Hill Proprietary (USA) Inc	1500 Post Oak Boulevard		Houston
2	Woodside Energy USA Services Inc	1500 Post Oak Boulevard		Houston
2	AIG TECHNICAL SERVICES INC	1500 SOUTH DAIRY ASHFORD ROAD	SUITE 445	HOUSTON
2	AIG TECHNICAL SERVICES LLC	1500 SOUTH DAIRY ASHFORD ROAD	SUITE 445	HOUSTON
2	Modec International Inc	15011 Katy Freeway	Suite 500	Houston
2	Sofec Inc	15011 Katy Freeway	Suite 500	Houston
2	Entech Civil Engineers Inc	15021 Katy Freeway	Suite 500	Houston
2	KBC Advanced Technologies Inc	15021 Katy Freeway	Suite 600	Houston
2	McKinley Paper and Packaging Company	1503 Lyndon B Johnson Fwy		Farmers Branch
2	Raven Software Solutions Inc	1503 Lyndon B Johnson Fwy	STE 250	Farmers Branch
2	LiveMindz Services Inc	1505 LBJ Freeway	STE 245	Farmers Branch
2	Prudent Technologies & Consulting Inc	1505 LBJ Freeway	Suite 327	Dallas
2	Wehire Technologies LLC	1508 Dessau Ridge Ln	STE 201	Austin
2	SPRINGDALE LAW GROUP LLC	1508 DESSAU RIDGE LN	STE 703	Austin
2	Bright World Technologies Inc	151 Regal Row	Suite 201	Dallas
2	Kay Kay Overseas Corporation	151 Regal Row	Suite 201	Dallas
2	Nouryon Chemicals LLC	15115 Park Row Drive	Suite 250	Houston
2	Nouryon Pulp and Performance Chemicals LLC	15115 Park Row Drive	Suite 250	Houston
2	MOMO & CO LLC	15205 WESTHEIMER ROAD	N/A	HOUSTON
2	SILK ENTERPRISES INC	15205 WESTHEIMER ROAD	SUITE C	HOUSTON
2	Kidney Specialists of South Texas, P.A.	1521 S Staples Street	Ste. 601	Corpus Christi
2	Kidney Specialists of South Texas II, PLLC	1521 S Staples Street	Ste. 601	Corpus Christi
2	Zenner USA Inc	15280 Addison Road	Suite 240	Addison
2	AG&E Associates, PLLC	15280 Addison Road	Suite 310	Addison
2	SOFTTEK INTEGRATION SYSTEMS INC	15303 Dallas Parkway	Suite 200	Addison
2	Credera Enterprises Company LLC	15303 Dallas Parkway	Suite 300	Addison
2	CLAPPONE LLC	15305 Dallas Parkway	12th Floor	Addison
2	S5 Stratos Inc	15305 Dallas Parkway	Ste. 1200	Addison
2	MAAAK ENTERPRISES LLC	1531 HWY 6 SUITE 110		SUGARLAND
2	MAAAK ENTREPRISES LLC	1531 HWY 6 SUITE 110		SUGAR LAND
2	IHI E&C International Corporation	15377 Memorial Drive	Suite 300	Houston
2	IHI Energy Solutions Inc	15377 Memorial Drive	Suite 300	Houston
2	Daseke Companies Inc	15455 Dallas Parkway	Suite 550	Addison
2	Nexus Cognitive Technologies LLC	15455 Dallas Parkway	Suite 600	Addison
2	Yantera INC	15500 VOSS RD	STE 534	SUGAR LAND
2	Data Migration Solutions LLC	15500 Voss Rd	Suite 1167	Sugar Land
2	Syntegra Global Consulting LLC	15500 Voss Road,	Suite 678	Sugar Land
2	Syntegra Global Consulting Inc	15500 Voss Road,	Suite 678	Sugar Land
2	Heerema Marine Contractors Holding U.S. Inc	15600 JFK Boulevard	3rd Floor	Houston
2	Aggreko LLC	15600 JFK Boulevard	Suite 900	Houston
2	NextProcess LP	15601 Dallas Parkway	Suite 1075	Addison
2	TRANS AMERICAN INFORMATION SYSTEMS INC	15601 DALLAS PARKWAY	SUITE 250	ADDISON
2	HYPEC INC	15637 ENNIS ROAD		SUGAR LAND
2	D&J Wellhead Service Corporation	15637 Ennis Road	Suite 202	Sugar Land
2	C&M Associates Inc	15770 North Dallas Parkway	Suite 870	Dallas
2	C & M Associates Inc	15770 North Dallas Parkway	Suite 870	Dallas
2	RESOLVE TECH SOLUTIONS INC	15851 N. DALLAS PARKWAY	SUITE 1103	ADDISON
2	RESOLVE TECH SOLUTIONS LLC	15851 N. DALLAS PARKWAY	SUITE 1103	ADDISON
2	IDCUS Inc	15915 Katy Freeway	300	Houston
2	Petx Technologic Inc	15915 Katy Freeway	Suite 560	Houston
2	American Cricket Enterprises Inc	1600 Lone Star Pkwy		Grand Prairie
2	American Cricket Enterprises LLC	1600 Lone Star Pkwy		Grand Prairie
2	Relianse Global LLC	1600 Redbud Boulevard		McKinney
2	We Staffing Inc	1600 Redbud Boulevard	Suite 201	McKinney
2	RESTORE REHAB SERVICES LLC	16000 PARK TEN PLACE	SUITE 204	HOUSTON
2	VIAS Corporation	16000 Park Ten Place	Suite 301	Houston
2	Action Behavior Centers LLC	1601 S. Mopac Expressway	C 300	Austin
2	Holocene Acquisition II LLC	1601 S. Mopac Expressway	C 300	Austin
2	Gulf Interstate Engineering Co	16010 Barkers Point Ln	Suite 600	Houston
2	Gulf Interstate Engineering Co.	16010 Barkers Point Ln	Suite 600	Houston
2	WastePlace LLC	1606 Headway Cir.	9067	Austin
2	ArchiLabs Inc	1606 Headway Cir.	Ste 9351	Austin
2	Faith Family Academy	1608 Osprey Drive		DeSoto
2	Faith Family Kids Inc	1608 Osprey Drive		DeSoto
2	San Antonio Testing Laboratory	1610 S. Laredo Street		San Antonio
2	San Antonio Testing Laboratory Holdings Inc	1610 S. Laredo Street		San Antonio
2	Interstaff Inc	16107 Kensington Drive	140	Sugar Land
2	Arizon Solutions Inc	16107 Kensington Drive	Suite 144	Sugar Land
2	SRI ANAGHA INC	16135 Preston Road	Suite 201	Dallas
2	INNOVATION SQUAD INC	16135 PRESTON ROAD	SUITE 212	DALLAS
2	Nieman Marcus Group	1618 Main Street	7th Floor	Dallas
2	Neiman Marcus Group LLC	1618 Main Street	7th Floor	Dallas
2	Edge Engineering and Science LLC	16285 Park Ten Place	Ste 400	Houston
2	thyssenkrupp Uhde USA LLC	16285 Park Ten Place	Suite 420	Houston
2	Nimmetrix LLC dba Blumetra Solutions	16300 Park Ten Place Blvd.	Ste. 200	Houston
2	Nimmetrix LLC	16300 Park Ten Place Blvd.	Ste. 200	Houston
2	The Consulting Engineers Group Inc a Texas Corporation	16302 Pleasantville Road	Suite 100	San Antonio
2	The Consulting Engineers Group Inc aTexas Corporation	16302 Pleasantville Road	Suite 100	San Antonio
2	Dockwise Engineering Services LLC	16340 Park Ten Place	Ste. 170	Houston
2	R. G. Miller Engineers Inc	16340 Park Ten Place	Suite 350	Houston
2	Stirista LLC	16414 San Pedro Avenue	Suite 150	San Antonio
2	HORIZON DESIGN AND DEVELOPMENT INC	16414 SAN PEDRO AVENUE	SUITE 630	SAN ANTONIO
2	Business Control Systems, LP	16415 Addison Road	STE 150	Addison
2	ASC Operators LLC	16415 Addison Road	Suite 655	Addison
2	IC PRO AMERICAS INC	16420 PARK TEN PLACE	455	HOUSTON
2	Front Energies LLC	16420 Park Ten Place	Suite 455	Houston
2	C3 PRESENTS LLC	1645 E 6th STREET	STE 150	AUSTIN
2	Punchh Inc	1645 E 6th Street	Suite 250	Austin
2	Accolite Inc	16479 Dallas Pkwy	Suite 350	Addison
2	Accolite Digital LLC	16479 Dallas Pkwy	Suite 350	Addison
2	E W Tax and Valuation Group LLC	16660 Dallas Parkway, Suite 2400		Dallas
2	EW Tax and Valuation Group, LLP	16660 Dallas Parkway, Suite 2400		Dallas
2	PriceKubecka, LPPC	16775 Addison Road	Suite 500	Addison
2	PriceKubecka PLLC	16775 Addison Road	Suite 500	Addison
2	AdTel International Inc	16801 Addison Rd	STE 220	Addison
2	Psyncopate Texas Inc	16801 Addison Rd	Ste. 390	Addison
2	Hunting Titan, LTD.	16825 Northchase Dr.		Houston
2	Suncoast Post-Tension, Ltd.	16825 Northchase Dr.	Suite 1100	Houston
2	Ascent Solutions LLC	1700 Alma DR	Suite 220	Plano
2	Softworld Technologies LLC	1700 Alma Dr	Suite 460	Plano
2	Mavenir Systems Inc	1700 International Parkway	Suite 200	Richardson
2	Mavenir Networks Inc	1700 International Parkway	Suite 200	Richardson
2	SCI Acquisition Co. Inc	1701 DIRECTORS BLVD	Ste 800	Austin
2	ClearBlade Inc	1701 Directors Blvd	Suite 250	Austin
2	Rsacolors Inc	1701 W Northwest HWY	STE 100	Grapevine
2	GLANSA LLC	1701 W NORTHWEST HWY	SUITE 100	GRAPEVINE
2	MASC Inc	1702 N Collins Blvd	STE 2006	Richardson
2	Happy Global Inc	1702 N Collins Blvd	STE 252	Richardson
2	WOLFE LAW FIRM, P.C.	1707 POST OAK BLVD.	260	HOUSTON
2	Squirl Inc	1707 Post Oak Blvd.	260	Houston
2	SINCERE DEVELOPERS AND BUILDERS INC	1710 S DAIRY ASHFORD RD	STE 204	HOUSTON
2	Kovan Technology Solutions LLC	1710 S Dairy Ashford Rd	STE 208	Houston
2	Green Bean Consulting LLC	1711 Elmwood Blvd.		Dallas
2	Green Bean Consulting Group LLC	1711 Elmwood Blvd.		Dallas
2	CallisonRTKL Architects P.C.	1717 Pacific Avenue		Dallas
2	CALLISONRTKL INC	1717 Pacific Avenue		Dallas
2	Maritech Commercial Texas Inc	1717 Turning Basin Drive	Suite 190	Houston
2	Marine Commercial LLC	1717 Turning Basin Drive	Suite 190	Houston
2	Quest Window Systems Inc	1720 S Jupiter Rd		Garland
2	Quest USA Inc	1720 S Jupiter Rd		Garland
2	Subsea 7 (US) LLC	17220 Katy Freeway	Suite 100	Houston
2	Subsea 7 US LLC	17220 Katy Freeway	Suite 100	Houston
2	Slesha Software Solutions Inc	1735 KELLER SPRINGS RD	200 F	CARROLLTON
2	Slesha IT Solutions Inc	1735 KELLER SPRINGS RD	200 G	CARROLLTON
2	I2SOLVERS INC	17400 DALLAS PARKWAY	SUITE 122	DALLAS
2	Akula & Associates, P.C.	17400 Dallas Parkway	Suite 216	Dallas
2	X TECHNOLOGIES LLC	17400 DALLAS PKWY	STE 231	DALLAS
2	VERTUCOM INC	17400 DALLAS PKWY	SUITE 122	DALLAS
2	DAE & ASSOCIATES, LTD	17407 HIGHWAY 59 N		HUMBLE
2	Geotech Engineering and Testing	17407 Highway 59 N		Humble
2	EI Systems Corporation	17625 El Camino Real	Suite 180	Houston
2	Knighthawk Engineering Inc	17625 El Camino Real	Suite 412	Houston
2	Sentry Wellhead Systems LLC	1780 Hughes Landing Blvd.	Ste. 675	The Woodlands
2	GMA Garnet USA, Corp.	1780 Hughes Landing Blvd.	Ste. 725	The Woodlands
2	T.A. Cook Consultants LLC	1780 Hughes Landing Boulevard	Suite 625	The Woodlands
2	Talen Energy Supply LLC	1780 Hughes Landing Boulevard	Suite 800	The Woodlands
2	HANOVER R.S. LIMITED PARTNERSHIP	1780 S. POST OAK LANE		HOUSTON
2	HANOVER R.S. LIMITED	1780 S. POST OAK LANE		HOUSTON
2	SLCC Enterprise Inc	1800 Diplomat Drive	Suite 200	Farmers Branch
2	SLCC FLOORING MIDWEST LLC	1800 Diplomat Drive	Suite 200	Farmers Branch
2	STRIKE LLC	1800 HUGHES LANDING BLVD	SUITE 500	THE WOODLANDS
2	THE GLOBAL EDGE CONSULTANTS LLC	1800 HUGHES LANDING BLVD	SUITE 701	THE WOODLANDS
2	Petro-Chem Development Co. Inc	1800 St. James Place	Ste. 500	Houston
2	Axens North America Inc	1800 St. James Place	Suite 500	Houston
2	STRUKMYER LLC	1801 BIG TOWN BLVD	SUITE 100	MESQUITE
2	Strukmyer Medical LLC	1801 Big Town Blvd	Suite 100	Mesquite
2	InsuranceZebra Inc (d/b/a The Zebra)	1801 E 6th St	200	Austin
2	InsuranceZebra Inc	1801 E 6th St	Ste. 200	Austin
2	QT Technologies LLC	1801 Royal Ln	STE 200	Dallas
2	LINKSTAR SOLUTION CORPORATION	1801 ROYAL LN	STE 906	DALLAS
2	eShipGlobal Inc	18111 Preston Road	Ste. 650	Dallas
2	Glow Networks Inc	18111 Preston Road	Suite 400	Dallas
2	Broad-Ocean Motor Houston LLC	18140 Kickapoo Road		Waller
2	Broad-Ocean Motor (Houston) LLC	18140 Kickapoo Road		Waller
2	ENERTECH RESOURCES	1820 WATSON LANE EAST		NEW BRAUNFELS
2	ONTIVITY LLC	1820 WATSON LANE EAST		NEW BRAUNFELS
2	Teamitserve Inc	1825 W WALNUT HILL LN STE 120		IRVING
2	Stonesbridge Software Solutions Inc	1825 W Walnut Hill Ln STE 120	RM 111	Irving
2	KEYLESS.CO LLC	1825 W. WALNUT HILL LANE	SUITE 102	IRVING
2	Trylon USA Inc	1825 W. Walnut Hill Lane	Suite 120	Irving
2	EAGLE GLOBAL SCIENTIFIC LLC	1826 N LOOP 1604 W	STE 336-E	SAN ANTONIO
2	Eagle Global Scientific LLC (Bristol Bay Shared Services LLC)	1826 N Loop 1604 W	STE 336-E	San Antonio
2	Ally Network Solutions USA LLC	18383 Preston Rd	Ste. 202	Dallas
2	Mobilict Technologies LLC	18383 Preston Rd	Suite 202	Dallas
2	CSR Veterinary Services PLLC	1840 Grace Crossing		Friendswood
2	SVK Veterinary Services	1840 Grace Crossing		Friendswood
2	Advantage Experts Services LLC	1840 N. Greenville Avenue	Suite 128	Richardson
2	Service Experts LLC	1840 N. Greenville Avenue	Suite 128	Richardson
2	Barrage Systems LLC	1848 Norwood Plaza	ste100	Hurst
2	Numbers Only Inc	1848 Norwood Plaza	Suite 112	Hurst
2	DeepIQ LLC	1880 Dairy Ashford Road	Suite 208A	Houston
2	DeepIQ Inc	1880 Dairy Ashford Road	Suite 208A	Houston
2	Assent Solutions LLC	1880 S Dairy Ashford RD	Ste 222	Houston
2	ASCENT BUSINESS SYSTEMS INC	1880 S DAIRY ASHFORD RD	STE 535	HOUSTON
2	Sonic Systems International LLC	1880 S. Dairy Ashford Road	Suite 207	Houston
2	Alephys LLC	1880 S. Dairy Ashford Road	Suite 208A	Houston
2	Visualizations LLC	190 E. Stacy Road	Ste. 306-124	Allen
2	Clean Energy Associates LLC	190 E. Stacy Road	Suite 306 108	Allen
2	Con-Real, LP	1900 Ballpark Way	Suite 110	Arlington
2	Con - Real	1900 Ballpark Way	Suite 110	Arlington
2	Permian Premier Health Services Inc	1900 North Pearl Street	Suite 2400	Odessa
2	Mountain Vista Medical Center LP	1900 North Pearl Street	Suite 2400	Dallas
2	Hendrick Medical Center	1900 Pine Street		Abilene
2	Hendrick Provider Network	1900 Pine Street		Abilene
2	ATLAS OPERATING LLC	1900 ST. JAMES PLACE	SUITE 800	HOUSTON
2	PIONEER EXPLORATION LLC	1900 ST. JAMES PLACE	SUITE 800	HOUSTON
2	majestic international electronic Technologies Inc	1900 Surveyor Blvd		Carrollton
2	The Server Store LLC	1900 Surveyor Blvd		Carrollton
2	Transwestern Commercial Services, L.L.C.	1900 West Loop South	Suite 1300	Houston
2	Access Sciences Corporation	1900 West Loop South	Suite 300	Houston
2	Goodman Manufacturing Company, L.P.	19001 Kermier Road		Waller
2	Daikin Comfort Technologies Manufacturing, L.P.	19001 Kermier Road		Waller
2	ADVAITAA TECHNOLOGIES INC	1901 CENTRAL DRIVE	SUITE 315	BEDFORD
2	GOLDLINE TECHNOLOGIES INC	1901 Central Drive	Suite 808	Bedford
2	Envela Corporation	1901 Gateway Dr.	Ste 100	Irving
2	Renew Brands TX LLC	1901 Gateway Dr.	Suite 100	Irving
2	MLee Healthcare Staffing and Recruiting Inc	1901 N Lamar Blvd		Austin
2	ECT Capital Partners LLC	1901 N Lamar Blvd		Austin
2	Anchor General Insurance Agency of Texas Inc	19111 Dallas Parkway	Suite 370	Dallas
2	The Crowther Group LLC	19111 Dallas Parkway	Suite 380	Dallas
2	WIS IVS LLC	1921 State Highway 121	Ste. 100	Lewisville
2	Crossmark Inc	1921 State Highway 121	Ste. 100	Lewisville
2	Objectwin Technology Inc	19219 Katy Freeway	Ste. 275	Houston
2	Servient Inc	19219 Katy Freeway	Suite 250A	Houston
2	Energy Inspectors LLC	19450 Texas 249	Suite 300	Houston
2	Energy Inspectors LLC (formerly DPIS Engineering LLC)	19450 Texas 249	Suite 300	Houston
2	Monitronics International Inc	1990 Wittington Place		Dallas
2	BH Security LLC	1990 Wittington Place		Dallas
2	CRUDECHEM TECHNOLOGY LLC	1998 FM 362		BROOKSHIRE
2	Crude Chem Technology LLC	1998 FM 362		Brrokshire
2	CATHEDRAL OF THE SACRED HEART	20 EAST BEAUREGARD		SAN ANGELO
2	Cathedral Church of the Sacred Heart - San Angelo	20 EAST BEAUREGARD		SAN ANGELO
2	Learnsoft Technology Group Inc	200 Academy Drive		Austin
2	REFRACTION AI INC	200 Academy Drive	Suite 175	Austin
2	ICARERX PHARMACY LLC	200 WJ BOAZ RD	STE 100	SAGINAW
2	VcareRx Pharmacy LLC	200 WJ BOAZ RD	STE 100	SAGINAW
2	Pape-Dawson Consulting Engineers Inc	2000 NW Loop 410		San Antonio
2	PAPE-DAWSON CONSULTING ENGINEERS LLC	2000 NW LOOP 410		SAN ANTONIO
2	Camelot Integrated Solutions Inc	2000 S Dairy Ashford RD	Ste 265	Houston
2	Dataqaud Inc	2000 S Dairy Ashford Rd	Suite 405	Houston
2	Civitas Engineering Group Inc	2000 W Sam Houston Pkwy S	STE 1400	Houston
2	Callon Petroleum Company	2000 W Sam Houston Pkwy S	Suite 2000	Houston
2	Keppel AmFELS Inc	20000 State Highway 48		Brownsville
2	Seatrium AmFELS Inc	20000 State Highway 48		Brownsville
2	Baylor Scott & White Health	2001 Bryan Street		Dallas
2	WDG Architecture Dallas, PLLC	2001 Bryan Street	Suite 3100	Dallas
2	Horkus Solutions Inc	2001 Timberloch Pl	Suite 500	Spring
2	MERIDIAN BIOTECH LLC	2001 TIMBERLOCH PL	SUITE 500	THE WOODLANDS
2	Techture Inc	20079 Stone Oak Pkwy	Suite 1105, 483	San Antonio
2	Hoolaulima Government Solutions	20079 Stone Oak Pkwy	Suite 1215	San Antonio
2	SALVAGE OF EUROPE INC	201 N LIVE OAK STREET		ROUND TOP
2	SALVAGE OF EUROPE LLC	201 N LIVE OAK STREET		ROUND TOP
2	C&T INFOrmation TECHnology Consulting Inc	201 S. Lakeline Blvd.	Ste. 803	Cedar Park
2	SPRINT ZONE TECH LLC	201 S. Lakeline Blvd.	Unit 102-B	Cedar Park
2	Bullaroo Partners LLC	201 W 5th St	16th Floor	Austin
2	Episode Six North America Corporation	201 W 5th St	Ste 1100	Austin
2	Letco Medical LLC	201 W 5th Street		Austin
2	Fagron Holding USA LLC	201 W 5th Street	Suite 1250	Austin
2	Da Vinci Surgical Center LLC	2010 Naomi St	Ste. A690	Houston
2	Ajay K. Aggarwal, MDPA	2010 Naomi St	Suite A-600	Houston
2	Champion Insurance Agency LLC	2011 Ralston Branch Way		Sugar Land
2	Champion Insurance Agency	2011 Ralston Branch Way		Sugar Land
2	GreenLand Innocations LLC	20110 G H Cir		Waller
2	Greenland Innovations LLC	20110 G H Cir		Waller
2	RCC CONSTRUCTIONS LLC	2020 COMMERCE DR		ROSENBERG
2	Titan Consulting Services LLC	2020 Commerce Dr		Rosenberg
2	BCS Stone & Cabinets Inc	2020 Valley View Lane		Farmers Branch
2	BCS Stone and Cabinets Inc	2020 Valley View Lane		Farmers Branch
2	Adaptive Vision & Robotics LLC	2021  Commerce Drive		McKinney
2	Adaptive Resources Inc	2021  Commerce Drive		McKinney
2	180 Multi Family Management LLC	2021 E LAMAR BLVD		Arlington
2	180 Properties Co LLC	2021 E LAMAR BLVD		Arlington
2	TSM Technology Management Inc	2021 McKinney Avenue	Suite 1100	Dallas
2	NETSTREIT Corp.	2021 McKinney Avenue	Suite 1150	Dallas
2	AMERICAN PIONEER CABINETS LLC	2030 W SAM HOUSTON PKWY N		Houston
2	Citiquartz Texas LLC	2030 W Sam Houston Pkwy N		Houston
2	HARMONY SCIENCE ACADEMY-BRYAN/COLLEGE STATION	2031 S TEXAS AVENUE		BRYAN
2	HARMONY SCIENCE ACADEMY - BRYAN/COLLEGE STATION	2031 S TEXAS AVENUE		BRYAN
2	Asset Risk Management LLC	20329 State Highway 249	4th Floor	Houston
2	TKE ENGINEERING & DESIGN INC	20329 STATE HIGHWAY 249	STE 220	HOUSTON
2	ROBO INDUSTRIES INC	20333 STATE HIGHWAY 249	SUITE 200	HOUSTON
2	ChainValue US Co.	20333 State Highway 249	Suite 200	Houston
2	Nefab Packaging	204 Airline Drive	Suite 100	Coppell
2	Nefab Packaging Inc	204 Airline Drive	Suite 100	Coppell
2	Rarefied Atmosphere Inc	2043 South Lamar Boulevard		Austin
2	Rarefied Atmosphere. Inc	2043 South Lamar Boulevard		Austin
2	Base Power Inc	205 E RIVERSIDE DR	STE 100	AUSTIN
2	Preacher LLC	205 E Riverside Dr	Ste 110	Austin
2	C&Y Global Holdings	2050 W SAM HOUSTON PKWY S	STE 1150	HOUSTON
2	Leaf Metal Industry LLC	2050 W Sam Houston Pkwy S	Ste 1150	Houston
2	Satellite Petrochemical USA Corp.	2050 W. Sam Houston Pkwy South	Suite 1050	Houston
2	Satellite Chemical USA Corp.	2050 W. Sam Houston Pkwy South	Suite 1050	Houston
2	Swiss-American CDMO Inc	2055 Luna Road	Suite 126	Carrollton
2	Swiss-American CDMO LLC	2055 Luna Road	Suite 126	Carrollton
2	A & P Pharmacy Inc	207 E Byron Nelson Blvd		Roanoke
2	A&P Pharmacy Inc	207 E Byron Nelson Blvd		Roanoke
2	Black Vernooy Architecture and Urban Design	208 W. 4th Street		Austin
2	BLACK  VERNOOY ARCHITECTURE AND URBAN DESIGN	208 W. 4TH STREET	3A	Austin
2	NAN YA PLASTICS CORPORATION, USA	2081 FM 102 ROAD		WHARTON
2	Nan Ya Plastics Corporation USA	2081 FM 102 Road		Wharton
2	iHeartMedia Entertainment Inc	20880 STONE OAK PKWY		SAN ANTONIO
2	Triton Digital Inc	20880 STONE OAK PKWY		SAN ANTONIO
2	Pfluger Associates Inc	209 East Riverside Drive		Austin
2	Pfluger Architects Inc	209 East Riverside Drive		Austin
2	BizTech Solutions Inc	21  Waterway Avenue	Suite 300	The Woodlands
2	BT Solutions Inc	21  Waterway Avenue	Suite 300	The Woodlands
2	Zinnov LLC	21 Waterway Avenue	Ste. 300	The Woodlands
2	Pennar Global Inc	21 Waterway Avenue	Suite 300	The Woodlands
2	Lockton-Dunning Series  of Lockton Companies LLC	2100 Ross Avenue	Suite 1200	Dallas
2	Lockton Dunning Series  of Lockton Companies LLC	2100 Ross Avenue	Suite 1200	Dallas
2	PERFORMANCE THERAPEUTICS LLC	2101 N 23RD STREET		MCALLEN
2	PERFORMANCE THERAPEUTICS - CORPORATE LLC	2101 N 23RD STREET		MCALLEN
2	BMC Software Inc	2103 City West Blvd		Houston
2	Aker Solutions Inc	2103 City West Blvd	Suite 800	Houston
2	eQ8 Inc	211 E 7th Street	Suite 620	Austin
2	Brightpearl Inc	211 E 7th Street	Suite 800	Austin
2	Shalom Media USA Inc	211 E Wisconsin Road		Edinburg
2	SHALOM MEDIA USA	211 E WISCONSIN ROAD		EDINBURG
2	COGNIZANT TECHNOLOGY SOLUTIONS US CORP	211 QUALITY CIRCLE		COLLEGE STATION
2	Cognizant Technology Solutions US Corporation	211 Quality Circle		College Station
2	Central Texas Community Health Centers.	2115 Kramer Ln	Suite 100	Austin
2	Central Texas Community Health Centers	2115 Kramer Ln	Suite 100	Austin
2	Loxo Holdings Inc	2121 Lohmans Crossing Road	Ste-504 1105	Lakeway
2	Texas United Soccer Clubs	2121 Lohmans Crossing Road	Suite 504810	Lakeway
2	BIZCLOUD ANALYTICS INC	2121 W SPRING CREEK PARKWAY	SUITE 212	PLANO
2	Idea Tech Solutions Inc	2121 W Spring Creek Parkway	Suite 220	Plano
2	Jungheinrich Lift Truck Corp.	2121 West Sam Houston Parkway North		Houston
2	Rocrich AGV Solutions LLC	2121 West Sam Houston Parkway North		Houston
2	Texas A&M AgriLife Research	2147 TAMU		College Station
2	Texas A&M AgriLife Extension Service	2147 TAMU		College Station
2	NANEON LLC	2150 Chenault Drive		Carrollton
2	NANEON INC	2150 Chenault Drive		Carrollton
2	TEKMINDS SYSTEM LLC	2150 S CENTRAL EXPRESSWAY SUITE		MCKINNEY
2	TEKMIND SYSTEMS LLC	2150 S CENTRAL EXPRESSWAY SUITE		MCKINNEY
2	QTech US Inc	2150 South Central Expressway	Suite 200	McKinney
2	IT GIANT SOLUTIONS INC	2150 South Central Expressway	Suite 210	MCKinney
2	Beacon Funeral Partners (Texas) LLC	2150 Town Square Place	Suite 290	Sugarland
2	MEGLOBAL AMERICAS INC	2150 Town Square Place	Suite 750	Sugar Land
2	Texar USA LLC	21750 Hardy Oak Blvd	Ste 102 - 305	San Antonio
2	FullStack Labs LLC	21750 Hardy Oak Blvd	Suite 104	San Antonio
2	Imperial Group Manufacturing	2188 Highway 380 East		Decatur
2	Imperial Group Manufacturing Inc	2188 Highway 380 East		Decatur
2	Texas A&M University-Commerce	2200 Campbell Street		Commerce
2	East Texas A&M University	2200 Campbell Street		Commerce
2	C.H. Guenther & Son,  LLC	2201 Broadway		San Antonio
2	C. H. Guenther & Son LLC	2201 Broadway		San Antonio
2	RealPage Inc	2201 Lakeside Blvd.		Richardson
2	RealPage Utility Management Inc	2201 Lakeside Blvd.		Richardson
2	Golabs INC	2201 Luna Rd		Carrollton
2	TAO MOTOR INC	2201 Luna Rd		Carrollton
2	Vogt Engineering, L.P.	2203 Timberloch Place	Suite 124	The Woodlands
2	LANDology LLC	2203 Timberloch Place	Suite 126	The Woodlands
2	Alpha Testing LLC	2209 Wisconsin Street		Dallas
2	UES Professional Solutions 45 LLC	2209 Wisconsin Street		Dallas
2	Senior Living Properties LLC	221 Bedford Road	Suite 200	Bedford
2	SLP Operations LLC	221 Bedford Road	Suite 200	Bedford
2	TMBP CLICK INC	2218 BRYAN ST.	STE 150	DALLAS
2	Click Engineering	2218 Bryan St.	Suite 150	Dallas
2	AIBDTEK LLC	222 Alpine Ct		Irving
2	AIBD Tek LLC	222 Alpine Ct		Irving
2	TRICON BUILDERS LLC	222 PENNBRIGHT DR.	SUITE 137	HOUSTON
2	ROADSTER MANAGEMENT LLC	222 PENNBRIGHT DR.	SUITE 137	HOUSTON
2	Investar Financial Corporation	222 W Las Colinas Blvd.	Suite 2000	Irving
2	MOTIVITY LABS INC	222 W LAS COLINAS BLVD.	SUITE 755E	IRVING
2	Tekdynamics Inc	222 W. Las Colinas Blvd	Suite 1650E	Irving
2	TechproInc	222 W. Las Colinas Blvd	Suite 1650E	Irving
2	Control Panesl USA Inc	2221 Manana Drive	Ste 170	Dallas
2	Control Panels USA Inc	2221 Manana Drive	Ste 170	Dallas
2	Mu Sigma Business Solutions LLC	2222 Rio Grande Street		Austin
2	Katana Graph Inc	2222 Rio Grande Street	Suite 300	Austin
2	UtilPros LLC	2222 W Spring Creek Pkwy	Ste 100	Plano
2	IT CRATS INC	2222 W SPRING CREEK PKWY	STE 104	PLANO
2	Procorp Systems Inc	2222 W. Spring Creek Pkwy	Suite 202	Plano
2	Stellar Global Solutions Inc	2222 W. Spring Creek Pkwy	Suite 202	Plano
2	DAVID TOUSSI	22226 NORTHWEST FREEWAY		CYPRESS
2	TOYO FINANCE LLC	22226 NORTHWEST FREEWAY		CYPRESS
2	HARISHAD J. CHAUDHARI MD PA	2225 WILLIAMS TRACE BLVD	SUITE 109	SUGAR LAND
2	HARISHDA J. CHAUDHARI MD PA	2225 WILLIAMS TRACE BLVD	SUITE 109	SUGAR LAND
2	GTECH LLC	224 REDWOOD DRIVE		COPPELL
2	Coppel Tech LLC	224 Redwood Drive		Coppell
2	Nautilus Hyosung America Inc	225 E. John Carpenter Freeway	Suite 1000	Irving
2	Trend Micro Inc	225 E. John Carpenter Freeway	Suite 1500	Irving
2	SoftQuip Technologies INC	22503 Katy Freeway		Katy
2	TanPro Technologies LLC	22503 KATY FREEWAY	Suite 211	KATY
2	SoftQuip Technologies LLC	22503 Katy Fwy	STE 14	Katy
2	mPowerTech Inc	22503 Katy Fwy	Suite 60	Katy
2	Oremda Infotech Inc	2251 S Bagdad Rd	Ste 301	Cedar Park
2	LOGICQUBE LLC	2251 S Bagdad Rd	STE 304	Cedar Park
2	AT&T SERVICES INC	2270 LAKESIDE BLVDE	CUBE 710.01	RICHARDSON
2	AT&T MANAGEMENT SERVICES INC	2270 LAKESIDE BLVDE	CUBE 740.05	RICHARDSON
2	Coffeyville Resources Refining and Marketing LLC	2277 Plaza Drive		Sugar Land
2	Octavo Systems LLC	2277 Plaza Drive	Suite 240	Sugar Land
2	Sriven Systems Inc	2300 Dean Way	Suite 110	Southlake
2	Purple Web Inc	2300 Dean Way	Suite 110	Southlake
2	HBK New York LLC	2300 North Field Street	Suite 2200	Dallas
2	HBK Services LLC	2300 North Field Street	Suite 2200	Dallas
2	AIRCOM International Inc	2304 Tarpley Road	Ste. 100	Carrollton
2	Element Materials Technology Dallas Inc	2304 Tarpley Road	Ste. 100	Carrollton
2	PLKB NEW CO LLC	2307 Thornton Road		Austin
2	10 Squared LLC	2307 Thornton Road		Austin
2	DHH North America Inc	2309 Magellan Point Lane		Pearland
2	DDH North America Inc	2309 Magellan Point Lane		Pearland
2	Cobb Tuning Products LLC	2311 W Rundberg Ln	500	Austin
2	Selva Builders Supply Inc	2311 W Rundberg Ln	Suite 150	Austin
2	CHE Center for Health Empowerment	2312 Western Trails Blvd	Suite 103	Austin
2	Maldonado-Burkett, LLP	2312 Western Trails Blvd	Suite C-303	Austin
2	Quartet Engineers, PLLC	2313 W Sam Houston Pkwy N	Ste. 121	Houston
2	ALPHA BRAVO CONSTRUCTION LLC	2313 W SAM HOUSTON PKWY N	SUITE 147	HOUSTON
2	WWEX Franchise Holdings, LCL	2323 Victory Ave	Ste. 1600	Dallas
2	Holly Logistic Services, L.L.C.	2323 Victory Ave	Suite 1400	DALLAS
2	WWEX Franchise Holdings LLC	2323 Victory Avenue	Ste. 1600	Dallas
2	Haynes and Boone, LLP	2323 Victory Avenue	Suite 700	Dallas
2	AP Pharmacy LLC	2329 N Riverside Drive		Fort Worth
2	AP Pharmacy Inc	2329 N Riverside Drive		Fort Worth
2	The Texas Pipe and Supply Company Inc	2330 Holmes Road		Houston
2	Texas Pipe and Supply Company	2330 Holmes Road		Houston
2	NS Brands LTD	2338 N Loop 1604 W Ste 200		San Antonio
2	NatureSweet USA LLC	2338 N LOOP 1604 W STE 200		San Antonio
2	DFW HEALTHCARE MSO LLC	2340 E. Trinity Mills Rd	Ste 250	Carrollton
2	TetriQ Solutions LLC	2340 E. Trinity Mills Rd	Suite 300	Carrollton
2	Thomson Reuters (Tax & Accounting) Inc	2395 Midway Road		Carrollton
2	Manatron Inc	2395 Midway Road		Carrollton
2	SALCOMP MANUFACTURING USA, CORP	2400 Centennial Drive		Arlington
2	Salcomp Manufacturing USA, Corp.	2400 Centennial Drive		Arlington
2	Tokyo Electron U.S. Holdings Inc	2400 Grove Blvd		Austin
2	TEL Technology Center, America LLC	2400 Grove Blvd		Austin
2	Artis Consulting LLC	2400 Lakeside Blvd.	Suite 600	Dallas
2	Lantern Consulting LLC	2400 Lakeside Blvd.	Suite 600	Richardson
2	St. Davids Healthcare Partnership LP, LLP d/b/a St. Davids Round Rock Medical Center	2400 Round Rock Avenue		Round Rock
2	St. Davids Healthcare Partnership LP,LLP d/b/a St. Davids Round Rock Medical Center	2400 Round Rock Avenue		Round Rock
2	SHRIKAM SYSTEMS INC	2410 LUNA ROAD	SUITE 222	CARROLLTON
2	GRAVITON SOLUTIONS INC	2410 LUNA ROAD	SUITE 232	CARROLLTON
2	Silver Oak Management 1 LLC	2410 Luna Road Ste 248		Carrollton
2	Beatus Investment Group Inc	2410 Luna Road Ste 248		Carrollton
2	PAG CONSULTING INC	2410 NASHMOR DR		SUGARLAND
2	PAG CONSULTLING INC	2410 NASHMOR DR		SUGAR LAND
2	KUR Research LLC	2425 Cedar Springs Road		Dallas
2	Atlas Essentials LLC	2425 Cedar Springs Road		Dallas
2	Transamerican Power Products Inc	2427 Kelly Lane		Houston
2	Transamerican Power Products Inc (TAPP Inc)	2427 Kelly Lane		Houston
2	Whitley LLP Attorneys At Law	24285 Katy Freeway	Suite 300	Katy
2	TRISOFT IT SOLUTIONS LLC	24285 KATY FREEWAY	SUITE 300	KATY
2	Systemates Inc	2435 N. Central Expressway		Richardson
2	RMS Design Group LLC	2435 N. Central Expressway	240	Richardson
2	Techgeon Solutions Inc	2435 North Central Expressway	Suite 1200	Richardson
2	Verveba Telecom LLC	2435 NORTH CENTRAL EXPRESSWAY	Suite 1350	Richardson
2	America Powertech Automation Technology Co., Ltd.	2446 Rosemary Sage Dr.		Fulshear
2	AMERICA POWERTECH AUTOMATION TECHNOLOGY CO LYD	2446 Rosemary Sage Dr.		Fulshear
2	AMERICA INSTRUMENTS INC	2450 COURAGE ST	STE 108	BROWNSVILLE
2	AMERICA INSTRUMENT INC	2450 COURAGE ST	STE 108	BROWNSVILLE
2	Cordialsa USA Inc	24900 Pitkin Road	Ste. 190	Spring
2	Element Six U.S. Corporation	24900 Pitkin Road	Suite 250	Spring
2	Texas EZPAWN, L.P.	2500  Bee Caves Road, Building 1	Ste 200	Rollingwood
2	EZCORP Services Inc	2500  Bee Caves Road, Building 1	Ste. 200	Rollingwood
2	Lake Corporate FL LLC	2500 CityWest Boulevard		Houston
2	SABIC INNOVATIVE PLASTICS US LLC	2500 CityWest Boulevard	Suite 100	Houston
2	BNSF Railway Company	2500 Lou Menk Drive		Fort Worth
2	BNSF Railway Compnay	2500 Lou Menk Drive		Fort Worth
2	Brook Telecom Solutions Inc	2500 N. Dallas Pkway	Suite 180	Plano
2	Brook Consultants Inc	2500 N. Dallas Pkway	Suite 180	Plano
2	RECODE SOLUTIONS LLC	2500 WILCREST DR,	SUITE 300	HOUSTON
2	RECODE SOLUTIONS INC	2500 WILCREST DR,	SUITE 300	HOUSTON
2	VALID SYSTEMS LLC	2501 PARKVIEW DRIVE	SUITE 570	FORT WORTH
2	VALID Systems	2501 Parkview Drive	Suite 570	Fort Worth
2	Overhead Door Corporation	2501 S. State Highway 121 Business	Suite 200	Lewisville
2	Horton Automatics	2501 S. State Highway 121 Business	Suite 200	Lewisville
2	Rise With ABA LLC	25031 Westheimer Pkwy	Ste 960	Katy
2	BestCare Family Clinic PLLC	25031 Westheimer Pkwy	Suite 980	Katy
2	Lucent IT Solutions LLC	2507 Williams Trace Blvd	SUITE 101B	Sugarland
2	Lucent IT solutions	2507 Williams Trace Blvd	Suite 101B	Sugar Land
2	SBase Technologies Inc	2511 Texas Dr.		Irving
2	Stratitude LLC	2511 Texas Dr.	Suite 100	Irving
2	VMG Health LLC	2515 McKinney Ave	Ste. 1500	Dallas
2	Riveron RTS LLC	2515 McKinney Ave	Suite 1200	Dallas
2	Riveron Consulting LLC	2515 McKinney Avenue	Floor 16	Dallas
2	Spectral MD Inc	2515 McKinney Avenue	Suite 1000	Dallas
2	Azteca Enterprises LLC	2518 Chalk Hill Road		Dallas
2	Omega Contracting LLC	2518 Chalk Hill Road		Dallas
2	Sanhua International Inc	252 Fallbrook Drive	Suite 400	Houston
2	Leaderway USA Inc	252 Fallbrook Drive	Suite 400	Houston
2	STS Steel Technologies LLC	25219 Kuykendahl RD	Ste 290	The Woodlands
2	Optimus Steel LLC	25219 Kuykendahl Rd	Ste 290	The Woodlands
2	SYAAT USA LLC	25329 Budde Road	Ste 806	Spring
2	Horizon Soft Solutions Inc	25329 Budde Road	Suite 503	The Woodlands
2	Southwest Group Solutions Inc	2535-B E. State Highway 121	Ste. 110	Lewisville
2	Southwest Solutions Group Inc	2535-B E. State Highway 121	Ste. 110	Lewisville
2	Overseas Support LLC	25420 Kuykendahl Rd	Suite B300	Tomball
2	Hajim Usa Corp	25420 Kuykendahl Rd	Suite F400	Tomball
2	SOUTHWEST REGION CONFERENCE OF SEVENTH-DAY ADVENTISTS	2550 Beckleymeade Ave	Ste. 100	Dallas
2	SOUTHWEST REGION CONFERENCE OFSEVENTH-DAY ADVENTISTS	2550 Beckleymeade Ave	Ste. 100	Dallas
2	eNcloud Services LLC	25807 Westheimer Pkwy	STE 333	Katy
2	Sim Tech LLC	25807 Westheimer Pkwy	Suite 324	Katy
2	American Information Technology Corporation	2591 DALLAS PKWY STE 300		FRISCO
2	HiWorth Technology & Management LLC	2591 DALLAS PKWY STE 300		Frisco
2	NEXT TECHNOLOGY SOLUTIONS LLC	2591 DALLAS PKWY.	SUITE 300	FRISCO
2	SYSCONSULT LLC	2591 DALLAS PKWY.	SUITE 300	FRISCO
2	Argon Medical Devises	260 Dallas Pkwy, Suite 440		Frisco
2	Argon Medical Devices	260 Dallas Pkwy, Suite 440		Frisco
2	Sophos Marketing LLC	2600 Network Blvd	Ste 270	Frisco
2	iOLAP Inc	2600 Network Blvd	Suite 570	Frisco
2	Elixirr Digital Inc	2600 NETWORK BLVD.	SUITE 570	FRISCO
2	Northwest Hardwoods Inc	2600 Network Blvd.	Suite 600	Frisco
2	Jupeng Bio Inc	2600 South Shore Blvd	Suite 205	League City
2	INEOS USA LLC	2600 South Shore Blvd	Suite 500	League City
2	Plastronics Socket Partners, LTD	2601 Texas Dr.		Irving
2	Plastronics Socket Partners, Ltd.	2601 Texas Dr.		Irving
2	Henderson Rogers Structural Engineers LLC	2603 Augusta Drive	Suite 800	Houston
2	Miekethe Development Company	2603 Augusta Drive	Suite 950	Houston
2	Minguell-McQuary, llc.	2614 Canterbury Street		Austin
2	Minguell-McQuary Architecture & Design	2614 Canterbury Street		Austin
2	CRG TX LLC	2625 N. Josey Lane	Ste. 301	Carrollton
2	CRG FWTX LLC	2625 N. Josey Lane	Ste. 301	Carrollton
2	HANYIL LLC	2625 OLD DENTON RD STE 508		CARROLLTON
2	SWC BUSINESS SERVICES INC	2625 OLD DENTON RD STE 508		CARROLLTON
2	Avita Holding Company Inc	2630 Exposition Blvd.	Suite 214	Austin
2	Old Three Hundred Capital LLC	2630 Exposition Blvd.	Suite 214	Austin
2	Midstream and Terminal Services LLC	26322 Millies Creek Ln		Cypress
2	Midstream & Terminal Services LLC	26322 Millies Creek LN		Cypress
2	Kangan Technologies Inc	26414 Clear Mill Lane		Katy
2	Sreek Solutions Inc	26414 CLEAR MILL LANE		KATY
2	TEXAS REAL ESTATE NETWORK II LLC	2701 WIND RIVER LANE		DENTON
2	POST OAK REALTY LLC	2701 WIND RIVER LANE		DENTON
2	Tecspirit Corp	2709 Ursula Ct		Leander
2	Analyit	2709 Ursula Ct		Leander
2	SONET INFOSYSTEMS INC	2711 Lyndon B Johnson Fwy	Suite 356	Farmers Branch
2	Vortek Inc	2711 Lyndon B Johnson Fwy	Suite 760	Dallas
2	Lone Star Americas Acquisitions Inc	2711 North Haskell Avenue, Ste	Ste. 1700	Dallas
2	Lone Star Global Acquisitions (NY) LLC	2711 North Haskell Avenue, Ste	Ste. 1700	Dallas
2	Knowledge Hub – Myanmar	2717 Orchid Drive		Richardson
2	Knowledge Hub - Myanmar	2717 Orchid Drive		Richardson
2	IT PRO HUB USA LLC	2735 VILLA CREEK DR.	SUITE - A292	FARMERS BRANCH
2	UNITED TEKINFO HUB LLC	2735 VILLA CREEK DR.	SUITE A-292	FARMERS BRANCH
2	Ecobat Resources US LLC	2777 N Stemmons Fwy	Ste 1850	Dallas
2	Nanoscope Therapeutics Inc	2777 N Stemmons Fwy	Suite 1102	Dallas
2	NForce Technologies Inc	2785 Rockbrook Dr	STE 204	Lewisville
2	TAAJ TECH LLC	2785 Rockbrook Dr	Suite 304	Lewisville
2	AMERICAN MINE MANAGEMENT LLC	2800 POST OAK BOULEVARD	SUITE 4100	HOUSTON
2	Hines Interests Limited Partnership	2800 Post Oak Boulevard	Suite 4800	Houston
2	Netnology LLC	2800 Summit Avenue		Plano
2	Aligned Data Centers LLC	2800 Summit Avenue		Plano
2	Westlake Corporation	2801 POST OAK BLVD	SUITE 600	HOUSTON
2	Westlake Management Services Inc	2801 POST OAK BLVD	SUITE 600	HOUSTON
2	Westlake Chemical Corporation	2801 Post Oak Blvd.	Suite 600	Houston
2	North American Pipe Corporation	2801 Post Oak Blvd.	Suite 600	Houston
2	APEX DENTAL AND ORTHODONTICS PLLC	2810 Roundrock		Mckinney
2	BOUYEAN DENTISTRY PLLC	2810 Roundrock		Mckinney
2	HF SINCLAIR CORPORATION	2828 N HARWOOD ST	SUITE 1300	DALLAS
2	HF SINCLAIR NAVAJO REFINING LLC	2828 N HARWOOD ST	SUITE 1300	DALLAS
2	Publicis Hawkeye Inc	2828 Routh Street		Dallas
2	Catapult Integrated Services LLC	2828 ROUTH STREET	Suite 300	Dallas
2	ECOM Consulting Incorporated	2828 W. Parker Road	Ste 224	Plano
2	ECOM Consulting Inc	2828 W. Parker Road	Suite 224	Plano
2	Sai Veterinary Services	2831 Eldorado Pkwy	Ste 105	Frisco
2	Sai Veterinary Services PC	2831 Eldorado Pkwy	Ste 105	Frisco
2	RED BAY BUSINESS PARK I LTD	28408 SWEETGUM RD	STE B3	MAGNOLIA
2	Previllage R.E.D INC	28408 SWEETGUM RD	STE B3	MAGNOLIA
2	Keenan Development GP LLC	28408 Sweetgum Road		Magnolia
2	TOPRAK INC	28408 SWEETGUM ROAD	B3	MAGNOLIA
2	CyrusOne LLC	2850 N Harwood St.	Suite 2200	Dallas
2	CyrusOne Management Services LLC	2850 N Harwood St.	Suite 2200	Dallas
2	Meneses Law, PLLC	2900 North Loop West	Suite 300	Houston
2	Raptor Technologies LLC	2900 North Loop West	Suite 900	Houston
2	AST & Science LLC	2901 Enterprise Lane		Midland
2	AST SpaceMobile Services LLC	2901 Enterprise Lane		Midland
2	Xingcheng Special Steel America Inc	2901 Wilcrest Drive	Suite 518	Houston
2	CNPC USA Corporation	2901 Wilcrest Drive	Suite 600	Houston
2	Techlance Solutions Inc	2909 Hillcroft st	Ste 103	Houston
2	Tech-Lance Solutions Inc	2909 Hillcroft St	Suite 103	Houston
2	Mark Cuban Foundation	2931 Elm Street		Dallas
2	Radical Ventures, L.L.C.	2931 Elm Street		Dallas
2	AMN Healthcare Inc	2999 Olympus Blvd.	Suite 500	Dallas
2	Medefis Inc	2999 Olympus Blvd.	Suite 500	Dallas
2	Clover Technology Solutions Inc	3 Sugar Creek Center Blvd	Suite 100	Sugar Land
2	QUVA PHARMA INC	3 SUGAR CREEK CENTER BLVD	SUITE 250	SUGAR LAND
2	AKKA Group North America Inc	300 East John Carpenter Freeway	Suite 750	Irving
2	Akkodis Group North America Inc	300 East John Carpenter Freeway	Suite 750	Irving
2	CYBER DYNAMIC SINC	300 EAST ROYAL LN	SUITE 109	IRVING
2	CYBER DYNAMICS INC	300 EAST ROYAL LN	SUITE 109	IRVING
2	TZMedia LLC	300 N Coit Rd	Suite 1200	Richardson
2	Ashtech Intelligent LLC	300 N Coit Rd	Suite 1200	Richardson
2	Origin To Future Inc	300 N Coit Road	Suite 1000	Richardson
2	DTEL CORP	300 N COIT ROAD	SUITE 1000	RICHARDSON
2	Baylor Scott & White Medical Center - Round Rock	300 University Blvd.		Round Rock
2	Scott & White Hospital - Round Rock	300 University Blvd.		Round Rock
2	Landmark Graphics Corporation	3000 N Sam Houston Parkway E		Houston
2	Multi-Chem Group LLC	3000 N Sam Houston Parkway E		Houston
2	GCL Solar Materials US I LLC	3000 N South Street		Pasedena
2	GCI Solar Materials Us I LLC	3000 N South Street		Pasadena
2	HALLIBURTON ENERGY SERVICES INC	3000 N. SAM HOUSTON PARKWAY EAST		HOUSTON
2	Halliburton Technology Partners LLC	3000 N. Sam Houston Parkway East		Houston
2	Bechtel Oil, Gas and Chemicals Inc	3000 Post Oak Blvd.		Houston
2	Bechtel Energy Inc	3000 Post Oak Blvd.		Houston
2	Charles Schwab and Company Inc	3000 Schwab Way		Westlake
2	Charles Schwab & Company Inc	3000 Schwab Way		Westlake
2	Canadian Solar U.S. Module Manufacturing Corporation	3000 Skyline Drive		Mesquite
2	Canadian Solar US Cell Manufacturing Corporation	3000 Skyline Drive		Mesquite
2	Elixir Cosmetics OpCo LLC	3001 Dallas Parkway		Frisco
2	BondiBoost US LLC	3001 Dallas Parkway	Suite 800	Frisco
2	V Gas LLC	3004 VEnergy Dr		Brookshire
2	VGas LLC	3004 VEnergy Dr		Brookshire
2	HERITAGE TRAILS NURSING AND REHAB CENTER	301 LINCOLN PARK DR.		CLEBURNE
2	CLEBURNE NURSING AND REHAB CENTER LLC	301 LINCOLN PARK DR.		CLEBURNE
2	3J International Ltd Co.	3011 Skyway Cir S		Irving
2	3J International Ltd. Co.	3011 Skyway Cir S		Irving
2	VRN Technologies LLC	3016 Polar Lane	Suite 402	Cedar Park
2	Cymansys Solutions LLC	3016 Polar Lane	Suite 404	Cedar Park
2	Texas and Oklahoma Coal (USA) Company	3026 Mockingbird Lane	312	Dallas
2	Texas and Oklahoma Coal Company (USA) LLC	3026 Mockingbird Lane	STE 312	Dallas
2	Waltasoft Technologies	303 , W WALNUT HILL LN	STE 134	Irving
2	Waltasoft Technologies LLC	303 , W Walnut Hill LN	Suite 134	Irving
2	Lee Engineering LLC	3030 LBJ Freeway	Suite 1660	Dallas
2	SCA Promotions Inc	3030 LBJ Freeway	Suite 300	Dallas
2	Transcontinental Energy Services LLC	3033 CHIMNEY ROCK RD	STE 601	HOUSTON
2	i5 Marketing Inc	3033 Chimney Rock Rd	Suite 660	Houston
2	UNIVERSAL SOLAR SYSTEM LLC	305 W SPRING CREEK PKWY	STE 100B	Plano
2	Nia Power LLC	305 W Spring Creek Pkwy	Ste 100B	Plano
2	Ektha Solutions Inc	3050 Regent Blvd	STE 150	Irving
2	Cadmium Technologies LLC	3050 Regent Blvd	STE 330	Irving
2	ZIDDOS INC	3050 REGENT BLVD.	SUITE 160	IRVING
2	TEKONE SYSTEMS INC	3050 REGENT BLVD.	SUITE 160	IRVING
2	DPT Laboratories, Ltd.	307 E JOSEPHINE ST		SAN ANTONIO
2	DPT Laboratories, Ltd., a Mylan company	307 E Josephine St		San Antonio
2	SJA Group Inc	309 NE Georgia Ave		Sweetwater
2	LDH Dentistry PC	309 NE GEORGIA AVE	STE 124	SWEETWATER
2	Conversation Design Institute Services Inc	310 Comal St	Ste 200	Austin
2	Markaaz Inc	310 Comal St	Suite 258	Austin
2	TEXAS SOUTHERN UNIVERSITY FOUNDATION	3100 CLEBURNE STREET		HOUSTON
2	Texas Southern University	3100 Cleburne Street		Houston
2	Dyck-O-Neal Inc	3100 Monticello Avenue		Dallas
2	Sebastian Construction Group LLC	3100 Monticello Avenue	Ste 750	Dallas
2	DE Corp	3100 West Alabama Street		Houston
2	DE Corp dba DEC	3100 West Alabama Street		Houston
2	Canidae Corporation	3101 Stephen F Austin Drive		Brownwood
2	Canidae LLC	3101 Stephen F Austin Drive		Brownwood
2	MASSIMO MOTOR SPORTS LLC	3101 W MILLER RD		GARLAND
2	Vessel Technology Inc	3101 W Miller Rd		Garland
2	Patio Box International Ltd.	3112 Towerwood Drive		Farmers Branch
2	Mansion Warehousing LLC	3112 Towerwood Drive		Farmers Branch
2	Coozmoo Digital Solutions Inc	3129 Kingsley Drive	Ste. 850	Pearland
2	WIA Systems Inc	3129 Kingsley Drive	Suite 1740	Pearland
2	Flix North America Inc	315 Continental Avenue		Dallas
2	FlixBus Inc	315 Continental Avenue		Dallas
2	Cognite Inc	3200 Gracie Kiltz Lane	Suite 200	Austin
2	Cognite LLC	3200 Gracie Kiltz Lane	Suite 200	Austin
2	InfluenceInk Inc	3200 Palm Way	Suite Z3.122	Austin
2	InfluenceInk LLC	3200 Palm Way	Suite Z3.122	Austin
2	BEC Engineers and Consultants LLC	3200 Wilcrest Drive	Suite 440	Houston
2	Cronus Technology Inc	3200 Wilcrest Drive	Suite 500	Houston
2	TECHGRIT INC	3201 Dallas Pkwy	200-314	Frisco
2	ProDigitalWorx Inc	3201 Dallas Pkwy	Suite 200	Frisco
2	Winport Group LLC	3226 Hillcroft St.		Houston
2	Guler Enterprise Inc	3226 Hillcroft St.		Houston
2	HealthMark Medical Group LLC	325 n. saint paul street	Suite 1650	Dallas
2	The Beneficient Company Group L.L.C.	325 N. Saint Paul Street	Suite 3000	Dallas
2	VASS America Inc	325 N. St. Paul Street	Ste. 2825	Dallas
2	EGGLER TECHNOLOGY LLC	325 N. St. Paul Street	Suite 3100 Downtown Republic Center	Dallas
2	The Beneficient Company Group USA	325 North Saint Paul Street	Suite 3000	Dallas
2	Heads or Tales Inc	325 North Saint Paul Street	Suite 3100, 2265	Dallas
2	XCharge Energy	326 North LBJ Drive		San Macros
2	XCharge Energy USA INC	326 North LBJ Drive		San Marcos
2	Givewith LLC	327 Congress Avenue, Suite 490		Austin
2	Givewith Inc	327 Congress Avenue, Suite 490		Austin
2	ESTES, MCCLURE & ASSOCIATES INC	328 S. BROADWAY AVENUE		TYLER
2	EMA ENGINEERING AND CONSULTING INC	328 S. BROADWAY AVENUE		TYLER
2	Tetra Pak Processing Equipment Inc	3300 Airport Rd		Denton
2	Tetra Pak Materials LLC	3300 Airport Rd		Denton
2	ANNA GLOBAL TECHNOLOGIES LLC	3300 DALLAS PARKWAY		PLANO
2	Karya Software Inc	3300 Dallas Parkway	Suite 200	Plano
2	Roll Credits Inc	3300 Dallas Pkwy	Ste. 200	Plano
2	EO Financial Services	3300 Dallas Pkwy	Suite 200	Plano
2	Disability Inventions Sezual Inc	3300 N Interstate 35		Austin
2	Vault12 Inc	3300 N Interstate 35	Suite 700	Austin
2	TekPrism Inc	3300 S GESSNER RD	STE 210	HOUSTON
2	FCM ENGINEERS, P.C.	3300 S GESSNER RD	SUITE 249	HOUSTON
2	Bay Immigration Law, PLLC	3309 ELM ST	STE 110-204	Dallas
2	Yendo Inc	3309 Elm St	Suite 340	Dallas
2	MBA Energy & Industrial LLC	33126 Magnolia Circle		Magnolia
2	ThoughtTrace Inc	33126 Magnolia Circle	Suite B	Magnolia
2	Lina T. Ramey & Associates Inc	3320 Belt Line Road		Farmers Branch
2	Lina T. Ramey and Associates Inc	3320 Belt Line Road		Farmers Branch
2	Khoren Ouzounian	33211 Buckshot Lane		Magnolia
2	ETHOS SCHOOL OF MUSIC	33211 BUCKSHOT LANE	NONE	MAGNOLIA
2	Corpbiz Technologies Inc	333 E. Bethany Drive	Suite 120B	Allen
2	Intelligent Sensors & Systems LLC	333 E. Bethany Drive	Suite H-110	Allen
2	Anora LLC	333 West Campbell Road	Suite 250	Richardson
2	Anora Solutions	333 West Campbell Road	Suite 250	Richardson
2	Shell Global Solutions US Inc	3333 Highway 6 South		Houston
2	Shell Global Solutions (US) Inc	3333 Highway 6 South		Houston
2	L.A. FUESS PARTNERS INC	3333 LEE PKWY	SUITE 300	DALLAS
2	Ponce-Fuess Engineering LLC	3333 Lee Pkwy	Suite 475	Dallas
2	FAYMAN FOOD GROUP LLC	3350 ROGERDALE RD		HOUSTON
2	EXIE USA INC	3350 ROGERDALE RD		HOUSTON
2	AxisData Solutions LLC	3400 N Central Expy	Suite 110	Richardson
2	GEEKAY Wires Limited	3400 N Central Expy	Suite 110-335	Richardson
2	Swirlds Labs Inc	3400 N. Central Expressway		Richardson
2	StoneEagle F&I Inc	3400 N. Central Expressway	Suite 110-228	Richardson
2	Tryittech LLC	3400 SILVERSTONE	SUITE 106	PLANO
2	Cave Computer Solutions Inc	3400 Silverstone	suite 123	Plano
2	Fame Computers LLC	3400 Silverstone Drive	Suite 110	Plano
2	Tekebin LLC	3400 Silverstone Drive	Suite 194	Plano
2	AKRIA TECHNOLOGIES LLC	3401 CUSTER ROAD	SUITE 124	PLANO
2	Bigdany LLC	3401 custer road	Suite 183	Plano
2	INNOVATIVE SCHEDULING LLC	3401 Olympus Blvd	Suite 500	Dallas
2	Optym Inc	3401 Olympus Blvd	Suite 500	Dallas
2	HSTECHNOLOGIES LLC	3415 Custer Road	Suite 118	Plano
2	HS TECHNOLOGIES LLC	3415 Custer Road	Suite 118	Plano
2	QS Quarterhouse Software Inc	3445 Executive Center Drive	Ste. 151	Austin
2	Hurt Jacknow Moore Connor Wells Michels Yurco Listrom & Huang, PA	3445 Executive Center Drive	Suite 250	Austin
2	Orthofix Services LLC	3451 PLANO PARKWAY		LEWISVILLE
2	Orthofix US LLC	3451 PLANO PARKWAY	N/A	LEWISVILLE
2	TURNKEY HOSPITALITY SOLUTIONS LLC	3455 S Dairy Ashford Rd	Ste 180	Houston
2	TURNKEY HOSPITALITY SOLUTIONS	3455 S DAIRY ASHFORD RD	STE 180	Houston
2	Applied Systems Inc	350 Highland Drive	Ste 150	Lewisville
2	WEBCETERA, L.P dba EZLynx	350 HIGHLAND DRIVE	SUITE 150	LEWISVILLE
2	Greyhound Lines Inc	350 North St. Paul Street		Dallas
2	Apex Clearing Corporation	350 North St. Paul Street	Suite 1300	Dallas
2	University of North Texas Health Science Center-Fort Worth	3500 Camp Bowie Blvd.		Fort Worth
2	University of North Texas Health Science Center	3500 Camp Bowie Blvd.	N/A	Fort Worth
2	Structure Tone Southwest LLC	3500 Maple Ave	Suite 1300	Dallas
2	LHP OpCo LLC	3500 Maple Ave	Suite 1600	Dallas
2	Equibrand Products Group LP	3500 West Highway 377		Granbury
2	Equibrand Products Group, LP	3500 West Highway 377		Granbury
2	Hampco Services Inc	35002 Cooper Road		Brookshire
2	Ross Safety & Survival Inc	35002 Cooper Road		Brookshire
2	The Analytics Solution Inc	3509 Hulen St.	Suite 116	Fort Worth
2	Fort Worth Periodontal Specialists, PLLC	3509 Hulen St.	Suite 205	Fort Worth
2	Austin Commercial, LP	3535 Travis St.	Suite 300	Dallas
2	Austin Commercial, L.P.	3535 Travis St.	Suite 300	Dallas
2	Brown Reynolds Watford Architects Inc	3535 Travis Street	Ste. 250	Dallas
2	Travel Research Advisors LLC	3535 Travis Street	Suite 230	Dallas
2	SANS Solution enterprise Inc	3600  S Gessner Road	Suite 205	Houston
2	SANS Solutions Enterprise Inc	3600  S Gessner Road	Suite 205	Houston
2	Knoas Distribution Inc	3600 Brittmoore Road	Suite 190	Houston
2	LVEB Logistics LLC	3600 Brittmoore Road	Suite 190	Houston
2	Mark III Systems Inc	3600 South Gessner Road	Ste. 170	Houston
2	ELITE BIO-REFERENCE LABORATORY INC	3600 SOUTH GESSNER ROAD	SUITE 110	HOUSTON
2	LJA Engineering Inc	3600 W Sam Houston Parkway S	Suite 600	Houston
2	LJA Energy Inc	3600 W Sam Houston Parkway S	Suite 600	Houston
2	Vroom Inc	3600 W. Sam Houston Parkway S	4th Floor	Houston
2	Vroom. Inc	3600 W. Sam Houston Parkway S	Floor 4	Houston
2	MISSIONARY SOCIETY OF ST PAUL INC	3607 Meriburr Lane		Houston
2	MISSIONARY SOCIETY OF ST PAUL	3607 Meriburr Lane		Houston
2	RSI Solutions Inc,	3607 Summer Ranch Dr		Katy
2	RSI Solutions Inc	3607 Summer Ranch Dr		Katy
2	BOOST PILATES HOUSTON LP	3620 KATY FWY	SUITE A	HOUSTON
2	BOOST PILATES LLC	3620 KATY FWY	SUITE A	HOUSTON
2	TCFSR LLC	3625 Paesanos Parkway	Suite 202	San Antonio
2	Rebate Haus LLC	3625 Paesanos Parkway	Suite 202	San Antonio
2	Commercial Steel Products LLC	3626 N. Hall St.	Fl. 9	Dallas
2	SB Specialty Metals LLC	3626 N. Hall St.	Ste. 910	Dallas
2	SK Technologies LLC	363 N Sam Houston Pkwy E	Ste. 1100-61	Houston
2	Gambit Data Consulting LLC	363 N Sam Houston Pkwy E	Suite 1100	Houston
2	Brompton Energy Inc	3648 Cypress Creek Pkwy, Suite 205		Houston
2	Brompton Group Inc	3648 Cypress Creek Pkwy, Suite 205		Houston
2	Memstar USA Inc	3655 Pollok Dr.		Conroe
2	Synder TX Inc	3655 Pollok Dr.		Conroe
2	ADVANCE THERAPY, P.C.	3700 CROSS PARK DRIVE		BRYAN
2	Advance Therapy PC	3700 Cross Park Drive		Bryan
2	Aero Capital Solutions Inc	3700 N. Capital of Texas Hwy	Ste. 530	Austin
2	AffiniPay LLC	3700 N. Capital of Texas Hwy	Suite 300	Austin
2	Tailos Inc	3709 Promontory Point Dr.	Suite 214	Austin
2	Maidbot Inc	3709 Promontory Point Dr.	Suite B214	Austin
2	Neucore Technologies LLC	3710 Rawlins St	STE 1420	Dallas
2	NEUCORE TECHNOLOGIES  LLC	3710 RAWLINS ST	STE 1420	DALLAS
2	Gaedeke Group LLC	3710 Rawlins Street	Suite 1100	Dallas
2	Progressive Rehab Solutions LLC	3710 Rawlins Street	Suite 825	Dallas
2	ELITE TECH INFO INC	3721 S STONEBRIDGE DR	STE 1404B	MCKINNEY
2	Rotation Network Inc	3721 S Stonebridge Dr	STE 903	McKinney
2	Whitley Penn LLP	3737 Buffalo Speedway	1600	Houston
2	Orchard Global	3737 Buffalo Speedway	Suite 700	Houston
2	Saion Solutions Inc	3740 N Josey Lane Ste 225		Carrollton
2	SAION SOLUTION INC	3740 N JOSEY LANE STE 225		CARROLLTON
2	Architectural Engineers Collaborative	3800 N. Lamar	Suite 330	Austin
2	Architectural Engineers Collaborative PLLC	3800 N. Lamar	Suite 330	Austin
2	SRP TH Services LLC	3811 Turtle Creek Boulevard	Suite 1100	Dallas
2	Seven Energy Investments LLC	3811 Turtle Creek Boulevard	Suite 1850	Dallas
2	Life Last Inc	3813 Helios Way	Suite 190	Pflugerville
2	Cumberland Additive Inc	3813 Helios Way	Suite B200	Pflugerville
2	Wayne Fueling Systems LLC	3814 Jarrett Way		Austin
2	Wayne Fueling Systems LLC (d/b/a Dover Fueling Solutions)	3814 Jarrett Way		Austin
2	Burlywall	3835 County Road 175	Bldg 7, Unit 710, Suite B	Leander
2	PEOPLESOFT TECH LLC	3835 COUNTY ROAD 175	SUITE 320 A, MAYFIELD OFFICE PARK	LEANDER
2	Paul Quinn College	3837 Simpson Stuart Rd		Dallas
2	741238438 - PAUL QUINN COLLEGE	3837 Simpson Stuart Rd		Dallas
2	Nascent Global LLC	3838 Oak Lawn Avenue	Suite 1000, PMB 233	Dallas
2	PlantSwitch Inc	3838 Oak Lawn Avenue	Suite 1420	Dallas
2	Happy Hill Farm Childrens Home	3846 North Highway 144		Granbury
2	Happy Hill Farm Childrens Home Inc	3846 North Highway 144		Granbury
2	TMG Utility Advisory Services Inc	388 Feathergrass Dr.		Buda
2	TMG Consulting Inc	388 Feathergrass Dr.		Buda
2	TX-SCD Dental, PC	3882 South Clack Street		Abilene
2	TX-SCD Dental PC	3882 South Clack Street		Abilene
2	LORVEN SOFT  INC	3900 S STONEBRIDGE DRIVE	SUITE 102	MCKINNEY
2	LORVEN SOFT INC	3900 S STONEBRIDGE DRIVE	UNIT 102	MCKINNEY
2	ICU Medical Pearl LLC	3900 West Howard Lane		Austin
2	Otsuka ICU Medical LLC	3900 West Howard Lane		Austin
2	CMS Rehab of WF, L.P.	3901 Armory Road		Wichita Falls
2	CMS Rehab of WF, L.	3901 Armory Road		Wichita Falls
2	JILIAN ENGINEERING INC	3903 Bellaire Blvd	Ste E	Houston
2	HY STAFFING SERVICE INC	3903 Bellaire Blvd	Ste E 206	Houston
2	CH Investment Partners LLC	3953 Maple Avenue	Ste. 250	Dallas
2	Rockpoint Management LLC	3953 Maple Avenue	Suite 300	Dallas
2	Post Acute Analytics Inc	400 E Las Colinas Blvd	Suite 300-48	Irving
2	Aborder Products Inc	400 E Las Colinas Blvd	Suite 920	Irving
2	Kaltech Consulting Inc	400 E Royal lane building 3	Suite 290	Irving
2	Briozon Infotech LLC	400 E Royal Lane Building 3	Suite 290	Irving
2	Coder Logics Inc	400 E Royal Lane, Bldg 3	Suite 290	Irving
2	Coder Logic,s Inc	400 E Royal Lane, Bldg 3	Suite 290	Irving
2	Tek Rubix LLC	400 E Royal Lane,Suite 262		Irving
2	TekRubix LLC	400 E Royal Lane,Suite 262		Irving
2	RC9Tech	400 E Royal Ln STE 290	Building Three Office 69	Irving
2	RC9 TECHNOLOGIES INC	400 E Royal Ln STE 290	Building Three Office 69	Irving
2	Expedent Corp	400 E. Royal Lane	Suite 221	Irving
2	Elan Technologies Inc	400 E. Royal Lane	Suite 260	Irving
2	PLETHEONIT, CORP	400 East Royal Lane, Building 3	Suite 290	Irving
2	Tekcombine Inc	400 East Royal Lane, Building 3	Suite 290	Irving
2	First Financial Bank, N.A.	400 Pine St.		Abilene
2	First Financial Bank	400 Pine St.		Abilene
2	Griffith Construction Management Solutions Inc	4000 Cartwright Rd		Missouri City
2	Dezynd Architecture LLC	4000 Cartwright Rd		Missouri City
2	Aventiv Technologies LLC	4000 International Parkway		Carrollton
2	Aventiv Technologies LLC (f/k/a Securus Technologies Inc)	4000 International Parkway		Carrollton
2	Securus Technologies Inc	4000 International Pkwy.		Carrollton
2	Securus Technologies LLC	4000 International Pkwy.		Carrollton
2	Professional Datasolutions Inc	4001 Central Pointe Pkwy	Suite 300	Temple
2	PDI Technologies	4001 Central Pointe Pkwy	Suite 300	Temple
2	Omni Hotels Management Corporation	4001 Maple Avenue		Dallas
2	Omni Hotels	4001 Maple Avenue	STE 500	Dallas
2	Rensoft Inc	4001 McEwen Rd	Suite 402	Dallas
2	Datanova Technologies Inc	4001 McEwen Rd	Suite 406	Dallas
2	Star Pipe USA LLC	4018 Westhollow Parkway		Houston
2	Star Pipe Products Ltd.	4018 Westhollow Parkway		Houston
2	Asure Operations Inc	405 Colorado Street	Suite 1800	Austin
2	Asure Operations LLC	405 Colorado Street	Suite 1800	Austin
2	SS Tech LLC	405 State Highway 121, Suite A250		Lewisville
2	Eeplus Inc	405 State Highway 121, Suite A250		Lewisville
2	Zimperium Inc	4055 Valley View Lane		Dallas
2	One Network Enterprises Inc	4055 Valley View Lane	Suite 1000	Dallas
2	BIOPRINTING LABORATORIES INC	4099 MCEWEN ROAD	SUITE 450	DALLAS
2	Srdinfotek Inc	4099 Mcewen Road	Suite 550	Dallas
2	Spark Connected LLC	4100 Alpha Road	Suite 1110	Dallas
2	ONEIT SOLUTIONS LLC	4100 ALPHA ROAD	SUITE 478	DALLAS
2	TollPlus LLC	4100 Midway Road	Suite 1040	Carrollton
2	HotelKey Inc	4100 Midway Road	Suite 1130	Carrollton
2	SEED Real Estate Group Inc	4101 Guadalupe St	600	Austin
2	TAMMY YOUNG REAL ESTATE INCORPORATED YOUNG REAL ESTATE	4101 Guadalupe St	600	Austin
2	Asian Foods and Technology LLC	4106 Block Dr	APT 221	Irving
2	Asian Foods and Technology	4106 Block Dr	APT 221	Irving
2	Professional Sound & Acoustics Corp	411 West Tidwell Road		Houston
2	Professional Sound & Acoustics Corporation	411 West Tidwell Road		Houston
2	Linear Roofing & General Contractors LLC	4131 Centurion Way		Addison
2	Stronghouse Solutions LLC	4131 Centurion Way		Addison
2	Cloudintellisoft Inc	415 E Airport Fwy	Suite 205	Irving
2	Acezd Consultancy Services Inc	415 E Airport Fwy	Suite 375	Irving
2	Tezzops Solutions Inc	420 Decker Dr	Suite 115	Irving
2	Tezzops Solutions LLC	420 Decker Dr	Suite 115	Irving
2	Elite IVF & Fertility Solutions LLC	420 East 6th Street	Ste. 101	Odessa
2	ODESSA CONSULTANTS	420 EAST 6TH STREET	SUITE 107	ODESSA
2	Ag Resource Management LLC	420 Throckmorton Street	Suite 1100	Fort Worth
2	MSW Consulting Corp.	420 Throckmorton Street	Suite 200	Fort Worth
2	CONSTRUCTABLE LLC	4200 Research Forest Drive	STE 500	The Woodlands
2	Constructable Inc	4200 Research Forest Drive	Suite 500	The Woodlands
2	Waste Pressure Corp.	4200 San Jacinto St.		Houston
2	Neuralix Inc	4200 San Jacinto St.		Houston
2	MYK Providers LLC	4200 South Fwy		Fort Worth
2	SAF DYNAMIC SOLUTIONS	4200 South Fwy	SUITE 627	Fort Worth
2	HVJ South Central Texas - M&J Inc	4201 Freidrich Lane	Suite 110	Austin
2	HVJ South Central Texas	4201 Freidrich Lane	Suite 110	Austin
2	Macaw Energies LLC	4201 Main St.	4th floor	Houton
2	Eleox LLC	4201 Main St.	Ste. 530-C	Houston
2	Crossvale Inc	4201 Spring Valley Road	Suite 306	Dallas
2	Carleton Construction, Ltd.	4201 Spring Valley Road	Suite 800	Dallas
2	ION Geophysical Corporation	4203 Yoakum Blvd	Suite 100	Houston
2	GX Technology Corporation	4203 Yoakum Blvd	Suite 100	Houston
2	MNEDINA WIRELESS INC	4211 CRESCENT LANE		STAFFORD
2	MEDINA WIRELESS INC	4211 CRESCENT LANE		STAFFORD
2	ALVAYEROS HAULING INC	422 Bayberry Landing Way		Crosby
2	ALVAYEROS HAULING  INC	422 BAYBERRY LANDING WAY		CROSBY
2	RELIABLE VENTURES INC	4230 LYNDON B JOHNSON FWY	STE 235L	DALLAS
2	Enliant Inc	4230 Lyndon B Johnson Fwy	STE 560	Dallas
2	SIEMonster Inc	4245 N Central Expy	Suite 490	Dallas
2	Tealbridge Consulting LLC	4245 N Central Expy	Suite 492,	Dallas
2	8Fold Mfg LLC	4275 Kellway Circle	Ste. 146	Addison
2	The Fregolle Group Inc	4275 Kellway Circle	Suite 166	Addison
2	Auctane Inc	4301 Bull Creek Road		Austin
2	Auctane LLC, dba ShipStation	4301 Bull Creek Road		Austin
2	SNP Transformations Inc	433 E. Las Colinas Blvd	Suite 1050	Irving
2	HW Media LLC	433 E. Las Colinas Blvd	Suite 830	Irving
2	Ksquare Solutions Inc	433 E. Las Colinas Blvd.	Suite 850	Irving
2	CENTAURUS TECHNOLOGY PARTNERS LLC	433 E. Las Colinas Blvd.	Suite 860	Irving
2	Four Js Development Tools Inc	433 E. Las Colinas Boulevard	Ste. 625	Irving
2	Cigniti Technologies Inc	433 E. Las Colinas Boulevard	Suite 1300	Irving
2	West Advanced Solutions LLC	433 North Loop W		Houston
2	JAMBRINA CPA, PC	433 North Loop W	Ste. 100	Houston
2	DyanTen Corporation	4375 Diplomacy Road		Fort Worth
2	DynaTen Corporation	4375 Diplomacy Road		Fort Worth
2	IDG ARCHITECHS INC	440 BENMAR DRIVE	STE 3335	HOUSTON
2	IDG Architects INC	440 Benmar Drive	Suite 3335	Houston
2	ADI ANALYTICS LLC	440 COBIA DR	SUITE 1704	KATY
2	EICE International LLC	440 Cobia Dr	Unit 901	Katy
2	Houston Independent School District	4400 West 18th Street		Houston
2	Houston Independent School  District	4400 West 18th Street		Houston
2	1788 Chicken LLC	4407 Bee Caves Road	Ste. 212	Austin
2	DOVETAIL PARTNERS LLC	4407 Bee Caves Road	Suite 212	Austin
2	Smile Rite Dental	441 Sheldon Road	Suite D	Channelview
2	Melvin M Thomas PLLC	441 Sheldon Road	Suite D	Channelview
2	Uluru Inc	4410 Beltway Drive		Addison
2	Altrazeal Life Sciences Inc	4410 Beltway Drive		Addison
2	Prem Supply LLC	4416 74th Street	Suite 76	LUBBOCK
2	Taj Hospitality Management LLC	4416 74th Street	Suite 85	Lubbock
2	Cybersoft Technologies Inc	4422 Cypress Creek Pkwy	Ste. 400	Houston
2	Amniscient LLC	4422 Cypress Creek Pkwy	Suite 270	Houston
2	KODESYSTEMS LLC	4425 PLANO PKWY	STE 1402	CARROLLTON
2	Allruva Technology Services Incorporated	4425 Plano Pkwy	STE 601	Carrollton
2	VAAKRUTHI SOLUTIONS INC	4425 W. AIRPORT FREEWAY	SUITE 359	IRVING
2	Aaur Consultancy LLC	4425 W. Airport Freeway	Suite 359	Irving
2	E4A Solutions LLC	4433 South Drive		Houston
2	Specialized Fabrication Equipment Group LLC	4433 South Drive		Houston
2	Jones Industrial Holdings Inc	4460 Highway 225		Deer Park
2	UPS Industrial Services LLC	4460 Highway 225		Deer Park
2	BNS INTERNATIONAL INC	4461 Alma Road	SUITE 100	Mckinney
2	V3Tech Solutions Inc	4461 Alma Road	Suite 500	McKinney
2	Lynd Acquisitions Group LLC	4499 Pond Hills Road		San Antonio
2	Lynd Acquisitions Group. LLC	4499 Pond Hills Road		San Antonio
2	OTS Solutions Inc	450 Century Pkwy Suite 250		Allen
2	IT Shoulders Inc	450 Century Pkwy Suite 250	Office 219	Allen
2	ASTOUNDZ LLC	4501 BROOKWOODS DR		HOUSTON
2	WINTERMLB LLC	4501 BROOKWOODS DR		HOUSTON
2	ICHAIN CONSULTING LLC	4502 RIVERSTONE BLVD	SUITE 1202	MISSOURI CITY
2	ABET LIFE INC	4502 Riverstone Blvd	Suite 502	Missouri City
2	1898 Capital Management LLC	4502 Riverstone Blvd.	Suite 1001	Missouri City
2	HQL SOLUTIONS LLC	4502 RIVERSTONE BLVD.	SUITE 701	MISSOURI CITY
2	Dr. Ashwin Nambisan PLLC	4505 Spicewood Springs RD	Suite 100	Austin
2	Vinshe Systems LLC	4505 SPICEWOOD SPRINGS RD	Suite 106	Austin
2	GlobalCFO LLC	4512 Legacy Dr.	Ste 100	Plano
2	Global Value Add Inc	4512 Legacy Dr.	Ste 100	Plano
2	Utilipal LLC	4545 Fuller Dr		Irving
2	Intellisavvy LLC	4545 Fuller Dr	STE 402	Irving
2	The Hughen Center Inc	4545 Highway 73		Port Arthur
2	The Hughen  Center Inc	4545 Highway 73		Port Arthur
2	Star Plastics & Logistics Services LLC	4600 Hwy 6 N	Suite 345	Houston
2	CodeRyze Inc	4600 HWY 6 N	Suite 378	Houston
2	FinDao.com Inc	4610 Riverstone Blvd.		Missouri City
2	Beijing Topzeal Education Development,  LLC	4610 Riverstone Blvd.		Missouri City
2	Intensify Technologies Inc	4645 Avon Lane	Suite 250	Frisco
2	Transcend IT Solutions LLC	4645 Avon Lane	Suite 260	Frisco
2	STAFFWORXS LLC	4645 AVON LN	SUITE 280	FRISCO
2	Microinfo Global Inc	4645 Avon Ln	Suite 285	Frisco
2	Sconce Inc	4645 Wyndham Lane	Suite 140	Frisco
2	PDSVision US Inc	4645 Wyndham Lane	Suite 140	Frisco
2	IRISNDT Inc	4649 South Sam Houston Pkwy East		Houston
2	Apave America Inc	4649 South Sam Houston Pkwy East		Houston
2	RACUBE TECHNOLOGIES	4686 McDermott Road	Suite 204	Plano
2	RACUBE TECHNOLOGIES LLC	4686 McDermott Road	Suite 204	Plano
2	Advanced Medical Physics	47 Florham Park Drive		Spring
2	Advanced Medical Physics Inc	47 Florham Park Drive		Spring
2	Baylor Scott & White Medical Center - Plano	4700 Alliance Blvd.		Plano
2	Baylor Regional Medical Center at Plano	4700 Alliance Blvd.		Plano
2	McLane Company Inc	4747 McLane Parkway		Temple
2	McLane Co. Inc	4747 McLane Parkway		Temple
2	Titan Production Equipment LLC	480 Wildwood Forest Drive	Suite 200	The Woodlands
2	ATCO Structures & Logistics (USA) Inc	480 Wildwood Forest Drive	Suite 225	Spring
2	Claridge Products	480 Wrangler Drive	Suite 200	Coppell
2	Claridge Products & Equipment	480 Wrangler Drive	Suite 200	Coppell
2	PORT ARTHUR INDEPENDENT SCHOOL DISTRICT	4801 9TH AVENUE		PORT ARTHUR
2	PAISD	4801 9TH AVENUE		PORT ARTHUR
2	SAM-Construction Services LLC	4801 Southwest Pkwy, Bldg 2	Ste. 100	Austin
2	Surveying and Mapping LLC	4801 Southwest Pkwy, Bldg 2	Suite 100	Austin
2	Symcon Global Technologies USA LPE	4801 Woodway Dr	Suite 275E	Houston
2	CK Imports LLC	4801 Woodway Dr	Suite 275E	Houston
2	SSC Fort Worth Nursing & Rehabilitation Center Operating Company LP	4825 Wellesley Avenue		Fort Worth
2	Arlington 1 Enterprises	4825 Wellesley Avenue		Fort Worth
2	Integrative Emergency Services Physician Group - Houston, PLLC	4835 LBJ Freeway	Ste. 900	Dallas
2	IES Staffing PLLC	4835 LBJ Freeway	Suite 900	Dallas
2	Cariloop Inc	4848 Lemmon Ave	100-760	Dallas
2	CONTENT PILOT LLC	4848 LEMMON AVE	Suite 515	DALLAS
2	NavoInfo Inc	4851 Keller Springs Road	Suite	Addison
2	Global Digital Resources LLC	4851 Keller Springs Road	Suite - 210	ADDISON
2	Fasteel. LLC	4900 Center Park Blvd.		San Antonio
2	Fasteel LLC	4900 Center Park Blvd.		San Antonio
2	West Lake Distro Inc	4901 Keller Springs Rd	STE 106	Addison
2	DKSS Distribution Inc	4901 Keller Springs Rd	Suite 112	Addison
2	Schaum Shieh Architecture Corporation	4916 Kelvin Dr.	12	Houston
2	Schaum Architecture Corporation	4916 Kelvin Dr.	12	Houston
2	iGLO LLC	4924 Cambridge Rd		Fort Worth
2	Gaspard & Menon Construction LLC	4924 Cambridge Rd		Fort Worth
2	Diodes Inc	4949 Hedgcoxe Road	Suite 200	Plano
2	Diodes US Manufacturing Incorporated	4949 Hedgcoxe Road	Suite 200	Plano
2	CSAT SOLUTIONS LP (F.K.A PERIPHERAL COMPUTER SUPPORT INC)	4949 WINDFERN ROAD		HOUSTON
2	CSAT Solutions, LP	4949 WINDFERN ROAD		HOUSTON
2	SmartLight Analytics LLC	4965 Preston Park Blvd.	Suite 350	Plano
2	Catapult Staffing LLC	4965 Preston Park Blvd.	Suite 800E	Plano
2	Wolfepak Software LLC	500 Chestnut St.	Ste. 500	Abilene
2	PakEnergy LLC	500 Chestnut St.	Ste. 500	Abilene
2	Sherman/Grayson Hospital  LLC	500 N. Highland		Sherman
2	Sherman/Grayson Hospital LLC	500 N. Highland		Sherman
2	Cosmos Institute Inc	500 W 2nd St	Suite 1900	Austin
2	Park Place Finance LLC	500 W 2nd St	Suite 1900-42	Austin
2	Mainsail Management Company LLC	500 W. 5th Street	Suite 1100	Austin
2	Shattuck Labs Inc	500 W. 5th Street	Suite 1200	Austin
2	EYC USA INC	5000 El Dorado Pkwy	Suite 150	Frisco
2	SymphonyAI Retail Inc	5000 El Dorado Pkwy	Suite 150	Frisco
2	CellChorus Inc	5000 Gulf Freeway	Bldg 4, Rm 118	Houston
2	LiBeyond LLC	5000 Gulf Freeway	Bldg 5, RM 121	Houston
2	FRANK G PEARCE PC	5000 LEGACY DR	STE 380	PLANO
2	Evantage Inc	5000 Legacy Dr	Suite 315	Plano
2	Archittek Inc	5000 Riverside Drive, Bldg. 6	Ste. 100E	Irving
2	LBV CONSULTING SERVICES LLC	5000 Riverside Drive, Bldg. 6	Suite 100E	Irving
2	OnePlus USA Corp	5000 Riverside Drive, Building 5	Suite 300	Irving
2	OnePlus USA Corp.	5000 Riverside Drive, Building 5	Suite 300	Irving
2	Texas Tech University Health Sciences Center El Paso	5001 El Paso Drive		El Paso
2	Texas Tech University Health Science Center El Paso	5001 El Paso Drive		El Paso
2	Hext & Associates, P.C.	5001 SPRING VALLEY RD	STE 850W	DALLAS
2	Okorio LLC	5001 Spring Valley Rd	Suite 450E	Dallas
2	Huselton, Morgan & Maultsby, P.C.	5005 Lyndon B Johnson Fwy	Ste 1200	Dallas
2	Nothing Bundt Franchising LLC	5005 Lyndon B Johnson Fwy	Ste 600	Dallas
2	EMFT LLC	501 Congress Ave	Suite 150	Austin
2	Brontech Inc	501 Congress Ave	Suite 150	Austin
2	Heart & Sole Inc	501 West Avenue	Suite 3404	Austin
2	Multicoin Capital Management LLC	501 West Avenue	Unit 3803	Austin
2	BP AMERICA INC	501 WESTLAKE PARK BLVD		HOUSTON
2	BP Americas INC	501 Westlake Park Blvd		Houston
2	Magnum Choice Insurance Agency	5016 Tennyson Pkwy		Plano
2	Magnum Choice Insurance Agency Inc	5016 Tennyson Pkwy		Plano
2	Cloud Force Technologies	5024 Amande Ave		Lewisville
2	Cloud Force Technologies LLC	5024 Amande Ave		Lewisville
2	Sky Chefs LLC	5040 Riverside Drive	Building 1	Irving
2	AURELIUS Operations Advisory Inc	5040 Riverside Drive	Building 1, Suite 200	Irving
2	Open House Texas Realty & Investments LLC	5050 Quorum Dr.	Suite 225	Dallas
2	Upland Capital Group Inc	5050 Quorum Dr.	Suite 700- 473	Dallas
2	Hanwha Ocean Co., Ltd.	5051 Westheimer Road	Suite 1400	Houston
2	Mears Group Inc	5051 Westheimer Road	SUITE 1650	Houston
2	VIVIANO & ASSOCIATES, P.C.	5055 KELLER SPRINGS RD	SUITE 450	ADDISON
2	FORWARD FINANCIAL TAX LLC	5055 KELLER SPRINGS RD	SUITE 450	ADDISON
2	APPSTEK INC	5055 KELLER SPRINGS ROAD	SUITE 150	ADDISON
2	ImageVision.ai LLC	5055 KELLER SPRINGS ROAD	SUITE 160	ADDISON
2	Four Bung USA LLC	5065 Westheimer Road	Suites 1220E	Houston
2	Gent Commodity USA Incorporated	5065 Westheimer Road	Suites 1220E	Houston
2	ABACUS TECHNICAL SERVICES LLC	5068 W PLANO PKWY	SUITE 155	PLANO
2	AsinfoTecz LLC	5068 W Plano Pkwy	Suite 205	Plano
2	Trilok Software Solutions LLC	507 Denali Pass	STE 501	CedarPark
2	VSION TECHNOLOGIES INC	507 DENALI PASS	SUITE 602	CEDAR PARK
2	TYLER TECHNOLOGIES INC	5101 Tennyson Pkwy		Plano
2	Tyler Technologies	5101 Tennyson Pkwy		Plano
2	INNOCITO TECHNOLOGIES LLC	511 E John Carpenter Fwy	Suite 435	Irving
2	Confido Tek Inc	511 E John Carpenter Fwy	Suite 500	IRVING
2	Unifocus Texas, LP	511 E. John Carpenter Freeway	Ste 410	Irving
2	Global Business Information System Solutions Inc	511 E. John Carpenter Freeway	Suite 500	Irving
2	IT WHISTLE CORPORATION	511 East John Carpenter Freeway	Suite 500	Irving
2	KLOUDSLACK LLC	511 East John Carpenter Freeway	Suite 500	Irving
2	Madeval USA Corp	5120 Woodway Drive	Suite 109	Houston
2	Roscommon Analytics LLC	5120 Woodway Drive	Suite 7001	Houston
2	ARK TRADING LLC	515 N. SAM HOUSTON PKWY. E	SUITE 610	HOUSTON
2	OHK GLOBAL INC	515 N. SAM HOUSTON PKWY. E	SUITE 610	HOUSTON
2	Nabors Drilling Technologies USA Inc	515 W. GREENS ROAD		HOUSTON
2	NABORS CORPORATE SERVICES INC	515 W. GREENS ROAD		HOUSTON
2	CITRONIT INC	5150 WARREN PKWY	STE 710	FRISCO
2	Aezion Inc	5150 Warren Pkwy	Ste 720	Frisco
2	FX Holding LLC	5151 Headquarters Dr.	Suite 260	Plano
2	Origina Inc	5151 Headquarters Dr.	Suite 275	Plano
2	Treesap Farms LLC	5151 Mitchelldale Street	Suite B2	Houston
2	TYFCO LLC	5151 Mitchelldale Street	Suite B2	Houston
2	EOX Holdings LLC	5151 San Felipe Street	STE 2200	Houston
2	Goree Architects Inc	5151 San Felipe Street	suite 1700	Houston
2	Coane and Associates, PLLC	5177 Richmond Ave	770	Houston
2	Coane & Associates PLLC	5177 Richmond Ave	Suite 770	Houston
2	DALLAS COUNTY HOSPITAL DISTRICT	5200 HARRY HINES BLVD		DALLAS
2	Parkland Health	5200 Harry Hines Blvd		Dallas
2	SHIPLEY DO-NUT FLOUR & SUPPLY CO LLC	5200 North Main Street		Houston
2	Shipley Do-Nut Flour and Supply Co LLC	5200 North Main Street		Houston
2	Valudental Walzem1 PLLC	5201 Walzem Road		Windcrest
2	Valudental Walzem1 PLLC dba  Celebrate Dental & Braces	5201 Walzem Road		Windcrest
2	Caterpillar Inc	5205 N. OConnor Boulevard	Suite 100	Irving
2	Caterpillar Logistics Inc	5205 N. OConnor Boulevard	Suite 100	Irving
2	CONSULTADD INC	5215 North OConnor Boulevard,	12th Floor	Irving
2	ConsultAdd Incorporation	5215 North OConnor Boulevard,	12th Floor	Irving
2	De Savala Dentistry and Orthodontics, PLLC	5230 De Zavala Rd	Ste 225	San Antonio
2	De Zavala Dentistry and Orthodontics, PLLC	5230 De Zavala Rd	Ste 225	San Antonio
2	SP TECH RESOURCES INC	525 Round Rock West Dr	SUITE A185	ROUND ROCK
2	RE IT SERVICES INC	525 ROUND ROCK WEST DR	SUITE A190	ROUND ROCK
2	Baylor Scott & White Medical Center - McKinney	5252 W. University Dr.		McKinney
2	Baylor Medical Centers at Garland and McKinney	5252 W. University Dr.		McKinney
2	Catapult Health - Dallas	5294 Belt Line Road	Suite 200	Dallas
2	Catapult Health LLC	5294 Belt Line Road	Suite 200	Dallas
2	LALA US Inc	5301 Alpha Rd	Ste 80-300	Dallas
2	Sajit Solutions Inc	5301 Alpha Rd	Suite 80	Dallas
2	EL PASO CHILDRENS PHYSICIAN GROUP	5340 EL PASO DR, SUITE M		EL PASO
2	EL PASO CHILDRENS PHYSICANS GROUP	5340 EL PASO DR, SUITE M		EL PASO
2	SIMR LLC	5340 Legacy Dr.	Suite 175	Plano
2	STATinMED Research	5340 Legacy Dr.	Suite 175	Plano
2	Micro Focus LLC	5340 Legacy Drive	Suite 115	Plano
2	KT&G USA Corporation	5340 Legacy Drive	Suite 160	Plano
2	TechCognize Inc	5345 Towne Square Dr	STE 235	Plano
2	Agyle Networks LLC	5345 Towne Square Dr	Suite 220	Plano
2	ONEDOTSIX CONSULTING INC	539 W COMMERCE ST	3436	DALLAS
2	Cerebre LLC	539 W Commerce St	Suite 857	Dallas
2	Smile Doctors of Minnesota PC	5400 Lyndon B Johnson Fwy	Ste 800	Dallas
2	Dr. Dana E. Fender, D.M.D., P.C.	5400 Lyndon B Johnson Fwy	Suite 800	Dallas
2	CG Infinity Inc	5420 W. Plano Parkway		Plano
2	CG Infinity Services Inc	5420 W. Plano Parkway		Plano
2	Rexel USA,  Inc	5429 Lyndon B Johnson Fwy		Dallas
2	Prospera Financial Services Inc	5429 Lyndon B Johnson Fwy	750	Dallas
2	Technocorp Solutions Inc	5433 Westheimer Rd	Suite 404	Houston
2	Technocorp Solution Inc	5433 Westheimer Rd	Suite 404	Houston
2	Improving	5445 Legacy Dr	STE 100	Plano
2	Top Speed Energy USA LLC	5445 Legacy Dr	Suite 420	Plano
2	Vo Huang Enterprises LLC	545 S Nolen Dr Suite 250		Southlake
2	Vo Huang Enterprises Inc	545 S Nolen Dr Suite 250		Southlake
2	Vigo Construction Group Inc	5460 Babcock Rd	Suite 120-155	San Antonio
2	Alamo Physician Services, PLLC	5460 Babcock Rd	Suite 120C	San Antonio
2	Kirby Corporation	55 Waugh Drive	Suite 1000	Houston
2	Kirby Corporate Services LLC	55 Waugh Drive	Suite 1000	Houston
2	HIGH CIRCLE INC	550 Reserve St	STE 190-250	Southlake
2	Xpectit Mobile Inc	550 Reserve St	Suite 190	Southlake
2	KONFLUENCE SOLUTIONS INC	550 S Watters Rd		Allen
2	Tech Global LLC	550 S Watters Rd	Suite 217	Allen
2	Doctors Hospital at Renaissance, Ltd.	5501  S. McColl Road		Edinburg
2	Renaissance Cardiology Group	5501  S. McColl Road		Edinburg
2	ShockWatch Inc owned and operated by Media Recovery Inc	5501 LBJ Freeway	Suite 400	Dallas
2	DeWolff, Boberg and Associates Inc	5501 LBJ Freeway	Suite 850	Dallas
2	DxForge Inc, a subsidiary of Zyxware Technologies Private Limited	551 S Interstate 35	Ste 300	Round Rock
2	SUNAR TECH SOLUTIONS INC	551 S Interstate 35	STE 377	ROUND ROCK
2	NAMO TECHNOLOGIES LLC	5525 N MacArthur Blvd	Suite 560	Irving
2	Global Bridge InfoTech Inc	5525 N MacArthur Blvd	Suite 670	Irving
2	COMTEC CONSULTANTS INC	5525 N. MACARTHUR BOULEVARD	SUITE 650	IRVING
2	COMTEC CONSULTANTS LLC	5525 N. MACARTHUR BOULEVARD	SUITE 650	Irving
2	Intelligent NRG Solutions LLC	555  ROUND ROCK WEST DRIVE	Building E, Suite E203	Round Rock
2	ACloudX Consulting LLC	555  Round Rock West Drive	STE E210	Round Rock
2	Rush Administrative Services	555 IH 35 South	Suite 500	New Braunfels
2	Rush Administrative Services Inc	555 IH 35 South	Suite 500	New Braunfels
2	Lhoist North America Inc	5600 Clearfork Main Street	Suite 300	Fort Worth
2	Chemical Management Co Inc	5600 Clearfork Main Street	Suite 300	Fort Worth
2	Alkami Technology Inc	5601 Granite Parkway	Suite 120	Plano
2	Advanced Microbial Solutions, L.L.C.	5601 Granite Parkway	Suite 740	Plano
2	VISUAL INNOVATIVE SOLUTIONS INC	5605 N. MACARTHUR BLVD	SUITE 320	IRVING
2	RailPros Inc	5605 N. MacArthur Blvd	Suite 650	Irving
2	V Tech Cloud Solutions LLC	5605 North MacArthur Boulevard	10th Floor	Irving
2	C360 Software Inc	5605 North Macarthur Boulevard	10th Floor -1048	Irving
2	STARTEKK LLC	5700 GRANITE PKWY	SUITE 200	PLANO
2	Augusta Hitech Soft Solutions LLC	5700 Granite Pkwy	Suite 200	Plano
2	DLR LLC, a subsidiary of Digital Realty Trust Inc	5707 Southwest Parkway	Building 1, Suite 275	Austin
2	Kestra Financial Inc	5707 Southwest Parkway	Building 2, Suite 400	Austin
2	ISTAY WIRELESS LLC	5710 FONDREN RD	SUITE D	HOUSTON
2	NOAH WIRELESS	5710 FONDREN RD	SUITE D	HOUSTON
2	PSquareIT Inc	5717 Legacy Dr	Suite 250	Plano
2	ESHIAM SOFTWARE INC	5717 Legacy Dr	Suite 250	Plano
2	RAPID SUPPLIES INTERNATIONAL CORP	5736 Green Ash Dr		Houston
2	RAPID SUPPLIES INTERNATIONAL CORPORATION	5736 Green Ash Dr		Houston
2	CLOUDODYSSEY IT SOLUTIONS INC	5750 Genesis Court	Suite 110	Frisco
2	Adroit Innovative Solutions Inc	5750 Genesis Court	Suite 210	Frisco
2	UNIVERSAL BUSINESS SOLUTIONS INC	5750 Genesis Ct	Suite 130	Frisco
2	Caprus IT Inc	5750 Genesis Ct	Suite 135	Frisco
2	Qatalys Inc	5757 Alpha Rd	STE 400	Dallas
2	Pi6 Corporation	5757 Alpha Rd	Suite 210	Dallas
2	Owen Gu Law Group, P.C.	5757 Flewellen Oaks Ln	Suite 301	Fulshear
2	Black Duke Inc	5757 Flewellen Oaks ln	Suite 301 Room A	Fulshear
2	Zigatta LLC	5757 Main Street	Suite 200	Frisco
2	GEARBOX SOFTWARE LLC	5757 MAIN STREET	Suite 500	FRISCO
2	Triphi Technologies LLC	580 Decker Dr	STE 121	Irving
2	TekLane Solutions Inc	580 Decker Dr	STE 280	Irving
2	Strategic Dental Executives LLC	5800 N. I-35	Ste. 205	Denton
2	Smile Leasing, PLLC	5800 N. I-35	Ste. 205	Denton
2	Aadiya Consulting	5830 Granite Pkwy, 100-226		Plano
2	Aadiya Consulting LLC	5830 Granite Pkwy, 100-226		Plano
2	Wood Mackenzie Inc	5847 San Felipe Street	Suite 1000	Houston
2	Pannell Kerr Forster of Texas, P.C.	5847 San Felipe Street	Suite 2600	Houston
2	CENTER FOR AUTISM AND RELATED DISORDERS LLC	5850 Granite Parkway	Suite 600	Plano
2	BG Staff Services Inc	5850 Granite Parkway	Suite 730	Plano
2	Forty Two Data Services Inc	5851 Legacy Cir	6th Floor	Plano
2	Hive Soft Solutions LLC	5851 Legacy Cir	Suite 600	Plano
2	Celnet Inc	5899 Preston Road	Suite 1103	Frisco
2	CloudMellow Consulting Ltd. Co.	5899 Preston Road	Suite 1103	Frisco
2	ITFluence LLC	5900 South Lake Forest Dr	Ste. 300	McKinney
2	SMART FOLKS INC	5900 South Lake Forest Dr	Suite 390	McKinney
2	Unishow (USA) Inc	5902 Sovereign Dr.	B	Houston
2	UNISHOW (U.S.A.) INC	5902 Sovereign Dr.	Suite B	Houston
2	Visual BI Solutions LLC	5920 Windhaven Parkway		Plano
2	EVIDEN USA INC	5920 Windhaven Parkway	Suite 110	Plano
2	NMS Capital Services LLC	5949 Sherry Lane	Ste 1080	Dallas
2	K-Star Asset Management LLC	5949 Sherry Lane	Suite 950	Dallas
2	SLPM IT SOLUTIONS INC	5960 Berkshire Ln		Dallas
2	AveriSource LLC	5960 Berkshire Ln	6th Floor	Dallas
2	Berm Tec Inc	600 E John W Carpenter Fwy	STE 271	Irving
2	Trugit LLC	600 E John W Carpenter Fwy	STE 320	Irving
2	Viron Technologies Inc	600 E. John Carpenter Freeway	Suite 228	Irving
2	Cloud Takers Inc	600 E. John Carpenter Freeway	Suite 271	Irving
2	Pinnacle Propane LLC	600 East Las Colinas Blvd.		Irving
2	FLEETPRIDE INC	600 EAST LAS COLINAS BLVD.	SUITE 400	IRVING
2	Berean Christian Academy	600 Pin Oak Road		Katy
2	Berean Christian Academy Inc	600 Pin Oak Road		Katy
2	Golden Qi Holdings LLC	600 S Jupiter Rd		Allen
2	American Healthcare Holdings LLC	600 S Jupiter Rd	B-150	Allen
2	North Central Texas Trauma Regional Advisory Council	600 Six Flags Drive		Arlington
2	Kasper Graham & Associates Inc	600 Six Flags Drive	Suite 500	Arlington
2	CORE ASIC INC	6001 W PARMER LN	STE 370 1196	AUSTIN
2	Plivo Inc	6001 W Parmer Ln	Ste 370 PMB 2774	Austin
2	Ben E. Smith Company	601 E. 7th Street		Fort Worth
2	Ben E. Keith Company	601 E. 7th Street		Fort Worth
2	EDF Trading North America LLC	601 Travis Street	Suite 1700	Houston
2	EDF Inc	601 Travis Street	Suite 1700	Houston
2	DPCon Solutions LLC	6010 W Spring Parkway	Suite 204	Plano
2	Taciti Consulting LLC	6010 W Spring Parkway	Suite 204	Plano
2	CLOUD ACT LLC	6010, W.Spring Creek Pkwy	Ste 12	Plano
2	CLOUD9TECH LLC	6010, W.Spring Creek Pkwy	Ste 171	Plano
2	Lubbock County Hospital District	602 Indiana Avenue		Lubbock
2	UMC Health System	602 Indiana Avenue		Lubbock
2	Epsilon Data Management LLC	6021 Connection Drive		Irving
2	Tricolor Auto Group LLC	6021 Connection Drive	Floor 4	Irving
2	Gradient Systematics LLC	603 Munger Avenue	Suite 100	Dallas
2	Bitfo Inc	603 Munger Avenue	Suite 100-1006	Dallas
2	Air Distribution Technologies Inc	605 Shiloh Road		Plano
2	Air System Components Inc	605 Shiloh Road		Plano
2	Hydrogen Consultancy Services LLC	609 Main Street	Floor 25	Houston
2	CleverIT Corp.	609 Main Street	Mailing Suite 2500, Visitors 25-164	Houston
2	AAT, Advanced Aquarium Technologies Corporation	610 Lockhaven Drive		Houston
2	AAT Advanced Aquarium Technologies Corporation	610 Lockhaven Drive		Houston
2	Pegasus Vertex Inc	6100 Corporate Dr.	Suite 448	Houston
2	Element 3 Service Inc	6100 Corporate Dr.	Unit 350	Houston
2	Fugro USA Land Inc	6100 Hillcroft Avenue		Houston
2	Fugro USA Marine Inc	6100 Hillcroft Avenue		Houston
2	Keste LLC dba ArganoKeste	6100 Plano Parkway	Ste. 1800	Plano
2	Keste LLC d.b.a. ArganoKeste	6100 Plano Parkway	Ste. 1800	Plano
2	Mountain State Software Solutions LLC	6100 W Plano Parkway	Ste. 1800	Plano
2	Arbela Technologies Corporation dba ArganoArbela	6100 W Plano Parkway	Ste. 1800	Plano
2	KESTE LLC	6100 W. PLANO PARKWAY, SUITE 1800		PLANO
2	Argano LLC	6100 W. Plano Parkway, Suite 1800		Plano
2	DOUBLE ENERGY INC	6105 Windcom Ct	200	Plano
2	TDTC US CORP.	6105 Windcom Ct	200	Plano
2	Kainergy Consulting INC	6136 Frisco Square Boulevard	Suite 400 - 316	Frisco
2	Bloomworks Inc	6136 Frisco Square Boulevard	Suite 400, PMB 479	Frisco
2	Tech Prescient	6142 Colfosco Drive		Frisco
2	Tech Prescient Inc	6142 Colfosco Drive		Frisco
2	Seventhgen Technologies LLC	615 Blue Horizon Way		Argyle
2	Seventhgeneration Technologies LLC	615 Blue Horizon Way		Argyle
2	Crocus IT LLC	615 Main St	Ste 114 – 4	Frisco
2	V2C Solutions LLC	615 Main St	Suite 114	Frisco
2	McAllen Community Healthcare Inc	615 North Ware Road		McAllen
2	McAllen Community Healthcare LLC	615 North Ware Road		McAllen
2	Muery & Farrell, PC	6200 La Calma Drive	Ste. 100	Austin
2	Carpenter Muery Farrel Despain	6200 La Calma Drive	Ste. 100	Austin
2	Baylor Scott & White Heart and Vascular Hospital	621 N. Hall St.		Dallas
2	Texas Heart Hospital of The Southwest, LLP	621 N. Hall St.		Dallas
2	Elan RGV Wireless LLC	6211 Forest Glade Dr.		Richmond
2	IStayWireless LLC	6211 Forest Glade Dr.		Richmond
2	BioBridge Global	6211 IH-10 West		San Antonio
2	GenCure	6211 IH-10 West		San Antonio
2	Excellent QHSE Consultancy Services	6219 Ledger Ln		Missouri
2	Excellent QHSE Services LLC	6219 Ledger Ln		Missouri
2	SAYEON LLC	6220 CHASE OAKS BLVD	101	PLANO
2	Sbasit Systems Inc	6220 Chase Oaks Blvd	101	Plano
2	SRI VARADAVINAYAKA INC DBA INNOVANT TECH	6250 WESTPARK DR,	SUITE 301	HOUSTON
2	SRI VARADAVINAYAKA INC DBA INNOVANT TEC	6250 WESTPARK DR,	SUITE 301,	HOUSTON
2	BLUE DIAMOND TECHNOLOGIES INC	6275 West Plano Parkway	Suite 500	Plano
2	PibyThree Consulting Services Inc	6275 West Plano Parkway	Suite 500	Plano
2	BREAKTIME CORNER MARKET KANSAS LLC	6300 RICHMOND AVE	STE 300	HOUSTON
2	JB RENTAL PROPERTIES LLC	6300 RICHMOND AVE	STE 300	HOUSTON
2	Agileitservice LLC	6300 Stonewood Drive	Suite 106C	Plano
2	TERRAPROMPT LLC	6300 STONEWOOD DRIVE	SUITE 406	PLANO
2	DAS TECHNOLOGY SERVICES LLC	6300 West Loop South	Suite 395	Bellaire
2	International Safety Systems Inc	6300 West Loop South	Suite 407	Bellaire
2	Vigilant Labels Inc	6301 Gaston Avenue		Dallas
2	Lambeth Engineering Associates, PLLC	6301 Gaston Avenue	Suite 1129	Dallas
2	Texas Childrens Health Plan Incorporated	6330 West Loop South		Bellaire
2	SSRX LLC	6330 West Loop South	Suite 700	Bellaire
2	Whitley Penn, LLP	640 Taylor Street, Suite 2200		Fort Worth
2	Whitley Penn then Elliot Penn effective 11.1.22	640 Taylor Street, Suite 2200		Fort Worth
2	Psychiatric Medical Associates, PA	6404 International Parkway	Ste 1010	Plano
2	BLUEBIRD TECHNOLOGIES INC	6404 INTERNATIONAL PARKWAY	SUITE 1550	PLANO
2	Keurig Green Mountain Inc	6425 Hall of Fame Lane		Frisco
2	Dr Pepper Seven Up Inc	6425 Hall of Fame Lane		Frisco
2	BorrowWorks LLC	6445 Harris Parkway		Fort Worth
2	Borrow Works LLC	6445 Harris Parkway		Fort Worth
2	Texas Mobile PCS LLC	6464 Savoy Drive	Suite 215	Houston
2	AMERICAS EMPOWERMENT INSTITUTE INC	6464 Savoy Drive	Suite 235	Houston
2	Med Claims Compliance Corporation	6500 River Pl Blvd	Bldg 4, Ste 350	Austin
2	BLUEDOT LLC	6500 River Pl Blvd	Building 7, Suite 250	Austin
2	VisionWeb	6500 River Place Blvd	Bldg 7 Suite 250	Austin
2	VisionWeb Holdings LLC	6500 River Place Blvd	Bldg 7, Suite 250	Austin
2	J. C. Penney Corporation Inc	6501 Legacy Drive		Plano
2	SPARC Group LLC	6501 Legacy Drive	Ste B-100	Plano
2	TREADWRIGHT TIRES LLC	6501 NAVIGATION BLVD	SUITE 100	HOUSTON
2	Nacre Innovations LLC	6501 Navigation Blvd	Suite H12	Houston
2	Frisco Community Tennis	6545 All Stars Ave		Frisco
2	OTTennis LLC	6545 All Stars Ave		Frisco
2	KC SYNERGY SOLUTIONS INC	6565 N. MACARTHUR BLVD	SUITE 225	IRVING
2	Apexsync Technologies Inc	6565 N. MacArthur Blvd	Suite 225	Dallas
2	CARSGEN THERAPEUTICS CORPORATION	6575 West Loop South	Suite 455	Bellaire
2	Rand Group Solutions LLC	6575 West Loop South	Suite 700	Bellaire
2	X42 Global Staffing Corporation	6605 Cypresswood Drive	Suite 425	Spring
2	X42 Global Staffing Corp	6605 Cypresswood Drive	Suite 425	Houston
2	Universal Technology Systems and Associates LLC	6675 Mediterranean Dr	Ste 304	McKinney
2	Texara Solutions LLC	6675 Mediterranean Dr	Suite 307	Mckinney
2	Peer Staffing Inc	6675 Mediterranean Drive	Suite 201	McKinney
2	IT RESILIENCE INC	6675 MEDITERRANEAN DRIVE	SUITE 504	MCKINNEY
2	Advanced Homecare Management Inc	6688 N. Central Expressway	Ste. 1300	Dallas
2	Advanced Homecare Management LLC	6688 N. Central Expressway	Suite 1300	Dallas
2	Freedom Design Ventures LLC	6701 N Belt Line Rd	Ste 120	Irving
2	Freedom Furniture and Design Inc	6701 N Belt Line Rd	Suite 120	Irving
2	Absolute Hospitality LP	6738 NW Loop 410		San Antonio
2	KP Hotels LP	6738 NW Loop 410		San Antonio
2	Multifonds USA Inc	675 Town Square Blvd	Ste 200, Bldg 1A	Garland
2	Wide Span LLC	675 Town Square Blvd	Suite 200, Building 1A	Garland
2	Panelmatic Texas Inc	6806 Willowbrook Park		Houston
2	Panelmatic Electrical Solutions Inc	6806 Willowbrook Park		Houston
2	Syntax Technologies LLC	6900 Alma Drive	Suite 190	Plano
2	Syntax Technologies	6900 Alma Drive	Suite 190	Plano
2	THRUSTMASTER OF TEXAS INC	6900 THRUSTMASTER DRIVE		HOUSTON
2	Kinetic Pressure Control Ltd.	6900 Thrustmaster Drive		Houston
2	Fujikura Automotive America LLC	70 NE Interstate 410 Loop	Ste 500	San Antonio
2	Fujikura Automotive Services Inc	70 NE Interstate 410 Loop	Suite 500	San Antonio
2	Gatsby Labs Inc	70 Rainey Street	Apt. 3007	Austin
2	MEA Pescadero LLC	70 Rainey Street	Suite 2504	Austin
2	Mexico Pacific Limited LLC	700 Louisiana St	Suite 2410	Houston
2	Denham Capital Management LP	700 LOUISIANA ST	Suite 3700	Houston
2	TacToys LLC	700 Milam St	Ste 1300	Houston
2	Utthunga LLC	700 Milam St	Suite 1300	Houston
2	Buckner Senior Living Inc	700 N. Pearl Street	STE 1200	Dallas
2	Saville, Dodgen and Company, PLLC	700 N. Pearl Street	Suite 1100	Dallas
2	KUNDANA SOLUTIONS LLC	700 SOUTH CENTRAL EXPRESSWAY		ALLEN
2	Everest Global Inc	700 South Central Expressway	Suite 400	Allen
2	NCTP CPAS, PLLC	700 Westgreen Blvd		Katy
2	NCTP CPAS PLLC	700 Westgreen Blvd		Katy
2	The University of Texas Health Science Center at Houstoon	7000 Fannin Street	Suite 130	Houston
2	UTHealth	7000 Fannin Street	Suite 165	Houston
2	Edgile LLC	7000 N. Mopac Expressway	Suite 200	Austin
2	CYCORP INC	7000 N. MOPAC EXPRESSWAY	SUITE 200	AUSTIN
2	FORTUNE MINDS INC	7000 PARKWOOD BLVD	SUITE B400	FRISCO
2	Agile Adroit LLC	7000 Parkwood Blvd	Suite C300	Frisco
2	STRYDE RESEARCH	7000 W Plano Pkwy	Suite 235	Plano
2	STRYDE CONSULTING LLC	7000 W Plano Pkwy	Suite 235	Plano
2	Application Development Consultants	7001 Burnet Road	Suite 301	Austin
2	Upshop LLC	7001 Burnet Road	Suite 301	Austin
2	Divine Children Inc	7007 N 1st Ln		McAllen
2	Sarojini Bose MD., PA	7007 N 1st Ln		McAllen
2	Granite Construction Inc	701 E. Main Street		Lewisville
2	Granite Construction Company	701 E. Main Street		Lewisville
2	MT Global Freight Solutions Inc	701 Hanover Drive, Suite 208		Grapevine
2	MT Global Freight Solutions LLC	701 Hanover Drive, Suite 208		Grapevine
2	Vivian Technologies LLC	701 Pin Oak Rd	Ste 200B	Katy
2	PRAISE CONSULTING LLC	701 PIN OAK RD	SUITE 200A	KATY
2	Chartbeat Incorporated	701 Tillery St	Unit 12-1019	Austin
2	Worknovas LLC	701 Tillery St	Unit 12, 1154	Austin
2	VSN AGENCY	701 TILLERY STREET		AUSTIN
2	Studio Benny LLC	701 Tillery Street	12	Austin
2	J & Y Restaurant Group LLC	7010 Easy Wind Drive	Suite 100	Austin
2	Personify Inc	7010 Easy Wind Drive	Suite 210	Austin
2	NADIA PALACIOS LAUTERBACH RESIDENTIAL DESIGN LLC	7026 OLD KATY ROAD	STE 259-9	HOUSTON
2	Nadia Palacios Residential Design LLC	7026 Old Katy Road	Suite 259-8	Houston
2	Indus Enterprises Inc	7051 Southwest Freeway		Houston
2	Indus Enterprises LLC	7051 Southwest Freeway		Houston
2	Little Tiger Chinese Immersion School LLC	708 E. 51st St		Austin
2	Little Tiger Chinese Immersions School LLC	708 E. 51st St		Austin
2	TEXAS A&M UNIVERSITY - TEXARKANA	7101 UNIVERSITY AVENUE		TEXARKANA
2	Texas A&M University-Texarkana	7101 University Avenue		Texarkana
2	Ulrich Consulting Group LLC	711 Broadway St.	Ste 355	San Antonio
2	Ulrich Consulting and Investment Group LLC	711 Broadway St.	Ste 355	San Antonio
2	Opportune, LLP	711 Louisiana Street	Suite 3100	Houston
2	Opportune LLP	711 Louisiana Street	Suite 3100	Houston
2	Kairoi Residential	711 Navarro St.	Suite 400	San Antonio
2	Kairoi Management	711 Navarro St.	Suite 400	San Antonio
2	Cloverleaf EmployeeCo LLC	712 Main Street	Suite 3100	Houston
2	Traffic Engineers Inc	712 Main Street	Suite 950	Houston
2	Serialio Ltd	715 Discovery Blvd.	510	Cedar Park
2	Serialio Ltd.	715 Discovery Blvd.	Suite 510	Cedar Park
2	KIBO SOFTWARE INC	717 N HARWOOD ST.	SUITE 1900	DALLAS
2	Lone Wolf Real Estate Technologies Inc	717 N Harwood St.	Suite 2200	Dallas
2	Newgistics Inc	7171 Soutwest Parkway, Bldg 300	Suite 400	Austin
2	Pitney Bowes Global Logistics LLC	7171 Soutwest Parkway, Bldg 300	Suite 400	Austin
2	Pediatric Enterprises of Texas Inc	718 N Buckner Blvd	Suite 312	Dallas
2	Therapy Milestones of Texas Inc	718 N Buckner Blvd	Suite 312	Dalla
2	Adthena Inc	720 Brazos Street		Austin
2	Zilliant Inc	720 Brazos Street	Ste 600	Austin
2	Metalforms, Ltd.	7218 Garth St.		Beaumont
2	Metalforms LLC	7218 Garth St.		Beaumont
2	Innovative Management Solutions Inc	7250 Dallas Parkway	Ste 400	Plano
2	Hilti Inc	7250 Dallas Parkway	Suite 1000	Plano
2	Sari Law Firm, PLLC	730 E Park Blvd	STE 100	Plano
2	Yellow Law Group PC	730 E Park Blvd	STE 100	Plano
2	University of North Texas of Dallas	7300 University Hills Blvd	Room 115D	Dallas
2	University of North Texas at Dallas	7300 University Hills Blvd	Ste Room 105A	Dallas
2	nDivision Services Inc	7301 N. State Hwy 161	Suite 100	Irving
2	Knowledge Support Systems Inc	7301 N. State Hwy 161	Suite 315	Irving
2	Pennycoder LLC	7301 State Highway 161	Suite 148	Irving
2	Penncoder LLC	7301 State Highway 161	Suite 148	Irving
2	Om4Tech Services Inc	7319 Meler Ln		Irving
2	OM4TECH SERVICES INCORPORATED	7319 Meler Ln		Irving
2	Domain Experts Group LC	7322 Southwest Fwy	Ste 1-0620	Houston
2	Hybrid One Construction LLC	7322 Southwest Fwy	Suite 1-140	Houston
2	KGATE Technologies Inc	7324 SW Frwy	SUITE 2-0980	Houston
2	CONQUEST TECH SOLUTION INC	7324 SW FRWY	SUITE 840	HOUSTON
2	ADVault Inc	740 E. Campbell Road	Suite 825	Richardson
2	MyDirectives Inc	740 E. Campbell Road	Suite 825	Richardson
2	Doucet & Associates	7401B HWY 71 WEST	Suite 160	Austin
2	Doucet & Associates Inc	7401B HWY 71 WEST	Suite 160	Austin
2	EasTex Veterinary Clinic, LLP	7417 US HWY 59 N		Nacogdoches
2	EasTex Veterinary Clinic LLC	7417 US HWY 59 N		Nacogdoches
2	Petrosmith	7435 U.S. Highway 277 S.		Abilene
2	Petrosmith Equipment, LP	7435 U.S. Highway 277 S.		Abilene
2	Kens Produce US Inc	7442 Fairbanks N Houston Road		Houston
2	Kens Food Distribution LLC	7442 Fairbanks N Houston Road		Houston
2	ROYAL TECHNOCRATS INC	7447 HARWIN DRIVE	SUITE 270	HOUSTON
2	AZEE SYSTEMS INC	7447 HARWIN DRIVE	SUITE 280	HOUSTON
2	ASTER INC	7453 Los Colinas BLVD	STE 200	Irving
2	SForce Corp	7453 Los Colinas BLVD	STE 300	Irving
2	Petabyte Technologies LLC	7460 Warren Pkwy.	Suite 100	Frisco
2	TEK9 INC	7460 WARREN PKWY.	SUITE 100	FRISCO
2	FSA Store Inc	750 N Saint Paul Street	Suite 250	Dallas
2	Nova Orbis Inc	750 N Saint Paul Street	Suite 250 PMB 78796	Dallas
2	Caris Science Inc	750 W John Carpenter Freeway	Suite 800	Irving
2	Caris MPI Inc	750 W John Carpenter Freeway	Suite 800	Irving
2	A-ONE GOLD & DIAMONDS LLC	7500 BELLAIRE BOULEVARD	SUITE 400	HOUSTON
2	A SHA DIAMONDS INC	7500 BELLAIRE BOULEVARD	SUITE 626	HOUSTON
2	Frost & Sullivan	7550 IH 10 West	Suite 400	San Antonio
2	Frost & Sullivan Inc	7550 IH 10 West	Suite 400	San Antonio
2	Deoleo USA Inc	7557 Rambler Road	STE 700	Dallas
2	Howard, LLP	7557 Rambler Road	Suite 600	Dallas
2	The Bakery Agency LLC	758 Springdale Road		Austin
2	HUNT GATHER LLC	758 SPRINGDALE ROAD		AUSTIN
2	Gritango Consulting LLC	7600 Chevy Chase Dr.	Ste. 300	Austin
2	Awanoo Inc	7600 Chevy Chase Dr.	Suite 300	Austin
2	The Credit Wholesale Co Inc	7602 University Ave		Lubbock
2	Credit Wholesale Co Inc	7602 University Ave		Lubbock
2	Asura IT Consulting LLC	7610 N Stemmons Fwy	460	Dallas
2	Altus Construction LLC	7610 N Stemmons Fwy	Suite 380	Dallas
2	VEER CAPITAL PARTNERS LLC	7670 WOODWAY DR	SUITE 357	HOUSTON
2	GARNET ENERGY CAPITAL LLC	7670 WOODWAY DR	SUITE 357	HOUSTON
2	Property Management Workforce LLC	7670 Woodway Drive	Suite 235	Houston
2	I.S. Engineers LLC	7670 Woodway Drive	Suite 320	Houston
2	Keymouz Technologies Inc	7676 Hillmont St.	Suite 235	Houston
2	TIMONI TECH INC	7676 Hillmont St.	Suite 240L	Houston
2	IT Ridge Technologies LLC	77 Sugar Creek Center Boulevard	Suite 600	Sugar Land
2	Jaide Consulting Group LLC	77 Sugar Creek Center Boulevard	Suite 600	Sugar Land
2	ALIPRO LLC	7736 La Haye Drive		Irving
2	Indus Software Solutions Inc	7736 La Haye Drive		Irving
2	Tellepsen Industrial LLC	777 Benmar	Suite 400	Houston
2	Tellepsen Builders, L.P.	777 Benmar	Suite 400	Houston
2	Igloo Products Corporation	777 Igloo Road		Katy
2	Igloo Products Corp	777 Igloo Road		Katy
2	One Tech Inc	777 Meadow Creek Drive		Irving
2	Plasma Business Intelligence Inc	777 Meadow Creek Drive		Irving
2	Diamond Offshore Management Company	777 N Eldridge Parkway	Ste 1100	Houston
2	Vogler & Spencer Engineering Inc	777 N Eldridge Parkway	Suite 500	Houston
2	Emergent Technology Services LLC	777 Post Oak Blvd	Suite 430	Houston
2	Tricon Energy Inc	777 Post Oak Blvd	Suite 550	Houston
2	Merit InfoTech Inc	780 Walworth Dr		Prosper
2	Merit InfoTech	780 Walworth Dr		Prosper
2	Valco Instruments Co. Inc	7811 Westview Drive		Houston
2	Valco Instruments Company Inc	7811 Westview Drive		Houston
2	MRP LLC	7901 Cameron Road	Bldg. 2, Suite 331	Austin
2	BANSAR TECHNOLOGIES INC	7901 CAMERON ROAD	SUITE 3-320	AUSTIN
2	Dynamed Clinical Research LP	7908 North Sam Houston Parkway W	Ste 200	Houston
2	Dynamed Clinical Research, LP	7908 North Sam Houston Parkway W	Ste 200	Houston
2	Mueller DotKonnect LLC	7924 Preston Rd	Ste 350	Plano
2	ARK Infotech Spectrum Inc	7924 Preston Rd	Ste 350	Plano
2	Winfo Consulting Inc	7924 Preston Road	STE 350	Plano
2	SAFETYSTRATUS INC	7924 PRESTON ROAD	SUITE 350	PLANO
2	NTT DATA Services LLC	7950 Legacy Drive, Suite 900		Plano
2	NTT DATA FED HEALTH INC	7950 Legacy Drive, Suite 900		Plano
2	USA WASTE-MANAGEMENT RESOURCES LLC	800 Capitol, Suite 3000		Houston
2	Waste Management National Services Inc	800 Capitol, Suite 3000		Houston
2	Datadux Inc	800 E Campbell Rd	Suite 159	Richardson
2	Prowesys, inc.	800 E Campbell Rd	Suite 260	Richardson
2	LXR INFOTECH INC	800 Town & Country Blvd	Suite 500	Houston
2	ACME Greentech Ventures Americas Inc	800 Town & Country Blvd	Suite 531	Houston
2	Pathway Vet Alliance LLC dba Thrive Pet Healthcare	800 W. Cesar Chavez St.	Ste. B100	Austin
2	Pathway Vet Alliance LLC	800 W. Cesar Chavez St.	Suite B100	Austin
2	CIRRUS LOGIC INTERNATIONAL SEMICONDUCTOR LTD.	800 WEST 6TH ST.		AUSTIN
2	CIRRUS LOGIC INC	800 WEST 6TH ST.		AUSTIN
2	Michaels Stores Procurement Company Inc	8000 Bent Branch Drive		Irving
2	Michaels Stores Inc	8000 Bent Branch Drive		Irving
2	OCI Solar Power LLC	8000 IH-10 West	Ste. 1201	San Antonio
2	OCI Enterprises Inc	8000 IH-10 West	Suite 1201	San Antonio
2	F45 TRAINING INC	801 Barton Springs		Austin
2	LaylaTex Holdings Inc	801 Barton Springs	Office 09-120	Austin
2	NEMO IT SOLUTIONS INC	801 E CAMPBELL RD	STE 320	RICHARDSON
2	Conexio AI, inc	801 E Campbell Rd	Ste. 590	Richardson
2	Xite Realty LLC	801 E. Campbell Road	Suite 470	Richardson
2	FPT USA CORP	801 E. Campbell Road	Suite 525	Richardson
2	FRIENDS PHARMACY LLC	801 N MAIN STREET	Ste F	Andrews
2	PSM MSM 100 LLC	801 N MAIN STREET	SUITE F	ANDREWS
2	Crown Castle USA Inc	8020 Katy Freeway		Houston
2	Crowne Castle USA Inc	8020 Katy Freeway		Houston
2	San Antonio Infectious Diseases Consultants	8042 Wurzbach Rd	Ste 280	San Antonio
2	GOODSENSE PHARMACY LLC	8042 WURZBACH RD	Suite 150	SAN ANTONIO
2	Portable Solar LLC	805 Central Expressway South		Allen
2	Sol-Ark LLC	805 Central Expressway South		Allen
2	Curtain Wall Design & Consulting Inc	8070 Park Lane	Suite 150	Dallas
2	Curtain Wall Design & Consulting. Inc	8070 Park Lane	Suite 150	Dallas
2	Century Interactive Company, LC	8080 Park Lane	Suite 550	Dallas
2	BOKA Powell LLC	8080 Park Lane	Suite 800	Dallas
2	Minds In Action Inc	8105 Rasor Blvd.	Ste 132	Plano
2	IVISH NETWORKS LLC	8105 Rasor Blvd.	STE 214	Plano
2	Blueciate Inc	811 S Central Expressway	Suite 434	Richardson
2	GLOBAL TELECOM AND IT SERVICES LLC	811 S Central Expressway	Suite 516	Richardson
2	SERENE BUILDER INC	811 S CENTRAL EXPY	STE 600	RICHARDSON
2	INNOVATIVE IT SOLUTIONZ	811 S CENTRAL EXPY	SUIT 201D	RICHARDSON
2	Energy Transfer Partners, L.L.C.	8111 Westchester Drive	Suite 600	Dallas
2	Sunoco GP LLC	8111 Westchester Drive	Suite 600	Dallas
2	Ni, Wang & Massand, PLLC	8140 Walnut Hill Lane	Suite 615	Dallas
2	Ni, Wang &  Massand  PLLC	8140 Walnut Hill Lane	Suite 615	Dallas
2	ITCater Inc	8144 Pitkin Road		Frisco
2	IT Cater Inc	8144 Pitkin road		FRISCO
2	National Healthcare Solutions Inc	8150 N. Central Expressway	Suite 1700	Dallas
2	River Logic Inc	8150 N. Central Expressway	Suite M2025	Dallas
2	Radiology Associates of North Texas	817 W. Cannon St.		Fort Worth
2	Radiology Associates of North Texas P.A.	817 W. Cannon St.		Fort Worth
2	USATECHCONSULTING LLC	8203 WILLOW PLACE DR S	SUITE 515	HOUSTON
2	USA TECH CONSULTING LLC	8203 WILLOW PLACE DR S	SUITE 515	HOUSTON
2	Joeris General Contractors, Ltd.	823 Arion Parkway		San Antonio
2	Joeris General Contractors LLC	823 Arion Parkway		San Antonio
2	DATA INTEGRITY SERVICES INC	825 WATTERS CREEK BLVD BUILDING M	SUITE 250	ALLEN
2	VENNISON TECHNOLOGIES INC	825 WATTERS CREEK BLVD BUILDING M	SUITE 250 OFFICE 203	ALLEN
2	PHYSICIAN INNOVATION COMPANY, L.L.C.	8277 Belleview Drive		Plano
2	Catalyst Care Connect LLC	8277 Belleview Drive		Plano
2	RESA POWER LLC	8300 Cypress Creek Parkway	Suite 225	Houston
2	Alferix Inc	8300 Cypress Creek Parkway	Suite 450	Houston
2	University Federal Credit Union	8303 North Mopac Expressway	Suite 105	Austin
2	FieldForce4 Inc	8303 North Mopac Expressway	Suite A-120	Austin
2	Amani Engineering Inc	8303 Southwest Freeway	Suite 600	Houston
2	Esteem Finance LLC	8303 Southwest Freeway	Suite 755	Houston
2	SMARTEC FINANCE & LEASING CORPORATION	8303 SOUTHWEST FWY.	SUITE 435	HOUSTON
2	RUPANI FOUNDATION	8303 SOUTHWEST FWY.	SUITE 495	HOUSTON
2	Midis Energy Services Inc	8323 Southwest FWY	Ste 750	Houston
2	Global Force USA Inc	8323 Southwest Fwy	Suite 730	Houston
2	JHP Architecture/Urban Design, PC	8340 Meadow Road	Suite 150	Dallas
2	JAMES F. TURNER ENGINEERS, L.P.	8340 MEADOW ROAD	SUITE 160	DALLAS
2	BBG Assessments LLC	8343 Douglas Avenue	Ste. 700	Dallas
2	BBG Inc	8343 Douglas Avenue	Suite 700	Dallas
2	Talenteer Inc	8360 Lyndon B Johnson Fwy	Ste A235	Dallas
2	Kijiji Technology Solutions LLC	8360 Lyndon B Johnson Fwy	Suite B657	Dallas
2	Sigma Infotech Inc	8411 Sterling St.	Ste. 104	Irving
2	SanQuest Inc	8411 STERLING ST.	SUITE 201	Irving
2	Elite eXceed LLC	8445 Freeport Pkwy	Suite 220	Irving
2	Select Onsite Services Inc	8445 Freeport Pkwy	Suite 650	Irving
2	Orthopaedic & Neurological Rehabilitation Inc	8500 Bluffstone Cove	Suite A201	Austin
2	ONR National Speech Pathology Inc	8500 Bluffstone Cove	Suite A201	Austin
2	Neoteksoft Inc	8500 N. Stemmons Fwy	STE 5070	Dallas
2	Stratis Cloud Tech Solutions Inc	8500 N. Stemmons Fwy	Suite 5011	Dallas
2	Ayass Laboratory LLC	8501 Wade Blvd.	Building 9	Frisco
2	Caelius Consulting Inc	8501 Wade Blvd.	Suite 250	Frisco
2	Perk Systems Inc	8505 Freeport Parkway	Suite 385	Irving
2	Rodeo Dental and Orthodontics	8505 Freeport Parkway	SUITE 600	Irving
2	Powell Electrical Systems Inc - USA	8550 Mosley Road		Houston
2	Powell Electrical Systems Inc	8550 Mosley Road		Houston
2	American First Finance Inc	8585 North Stemmons Freeway	Suite N-1000	Dallas
2	American First Finance LLC	8585 North Stemmons Freeway	Suite N-1000	Dallas
2	Amensys	860 Hebron pkwy	STE 604	Lewisville
2	Amensys Inc	860 Hebron Pkwy	Suite 604	Lewisville
2	AVPM CA 40 LP	8620 N New Braunfels Ave	Suite 501	San Antonio
2	AVPM CA 15 LP	8620 N New Braunfels Ave	Suite 501	San Antonio
2	Digital Minds Technologies Inc	8668, John Hickman Pkwy	Suite 906	Frisco
2	Dminds Solutions Inc	8668, John Hickman Pkwy	Suite 906	Frisco
2	Pilvi Systems Inc	870 Hebron Pkwy	Site 102	Lewisville
2	Pilvi Systems	870 Hebron Pkwy	Suite 102	Lewisville
2	EDFOG LLC	8700 Commerce Park Drive		Houston
2	S YU & ASSOCIATES, P.C.	8700 COMMERCE PARK DRIVE	Suite 116	Houston
2	TSI USA LLC	8750 N. Central Expressway	Ste. 300	Dallas
2	Travel Solutions Intl USA LLC dba  TSI USA LLC	8750 N. Central Expressway	Ste. 300	Dallas
2	VISYS CLOUD TECHNOLOGIES LLC	8751 Collin-McKinney Pkwy	SUITE 1102	McKinney
2	Aarna Technologies LLC	8751 Collin-McKinney Pkwy	SUITE 1302	McKinney
2	Foxconn Corporation	8801 Fallbrook Dr.		HOUSTON
2	FTP Technology Inc	8801 Fallbrook Dr.		Houston
2	Houston Advanced Research Center	8801 Gosling Road		The Woodlands
2	Houston Advanced Research Center (HARC)	8801 Gosling Road		The Woodlands
2	RockIT Tech Inc	8807 Emmott Road	Ste 100	Houston
2	MetOx Technologies  Inc	8807 EMMOTT ROAD	SUITE 100	HOUSTON
2	Petroleum Analyzer Corporation, LP (A Roper Company)	8824 Fallbrook Drive		Houston
2	Petroleum Analyzer Company, L.P.	8824 Fallbrook Drive		Houston
2	JMP Solution Inc	8856 Broadway Street		San Antonio
2	JMP Solutions Inc	8856 Broadway Street		San Antonio
2	a.Nitya Capital LLC	8901 GAYLORD DRIVE	suite 100	HOUSTON
2	KPM PROPERTY MANAGEMENT LLC	8901 GAYLORD DRIVE	SUITE 100	HOUSTON
2	Marvel Marketers LLC	8911 N. Capital of Texas Hwy	Suite 4200	Austin
2	Aigo.ai Inc	8911 N. Capital of Texas Hwy	Suite 4200	Austin
2	Nationstar Mortgage LLC	8950 Cypress Waters Blvd		Coppell
2	Xome Realty Services LLC	8950 Cypress Waters Blvd		Coppell
2	Texas Medical Summit Inc	8951 Collin McKinney Parkway	Suite 1104	McKinney
2	CNN IT Corp Inc	8951 Collin McKinney Parkway	Suite 604	McKinney
2	IGen Consult Inc	8951 Cypress Waters Blvd  160		Coppell
2	PROGRITE SYSTEMS INC	8951 Cypress Waters Blvd  160		Coppell
2	Techpath Inc	8951 Synergy Drive	Suite 223	McKinney
2	NUANZA INC	8951 SYNERGY DRIVE	SUITE 230	MCKINNEY
2	Huston-Tillotson University	900 Chicon Street		Austin
2	Senior Institutional Research Analyst	900 Chicon Street		Austin
2	Luminator Technology Group Inc	900 Klein Road		Plano
2	Luminator Technology Group	900 Klein Road		Plano
2	Sulzer GTC Technology US Inc	900 Threadneedle Street	Ste. 800	Houston
2	Sulzer Pumps (US) Inc	900 Threadneedle Street	Suite 700	Houston
2	Move Inc	901 E. 6th Street		Austin
2	Move Sales Inc	901 E. 6th Street	Ste. 500	Austin
2	Cornerstone Christian Fellowship of Midland	901 N Midland Drive		Midland
2	Cornerstone Christian Fellowship of Midland (Presence Church of Midland)	901 N Midland Drive		Midland
2	PlaceMKR LLC	901 S Mopac Expressway	Bld 1 Ste 300	Austin
2	Turnkey Lender Inc	901 S MoPac Expressway	Suite 310	Austin
2	LaCore Labs	901 Sam Rayburn Hwy.		Melissa
2	LACORE Nutraceuticals Inc	901 Sam Rayburn Hwy.		Melissa
2	Akili Inc	901 W. Walnut Hill Lane	Ste. 130-B	Irving
2	Flightscape Inc	901 W. Walnut Hill Lane	Suite 140B	Irving
2	OLNEY HAMILTON HOSPITAL	901 WEST HAMILTON STREET		OLNEY
2	OLNEY HAMILTON HOSPITAL DISTRICT	901 WEST HAMILTON STREET		OLNEY
2	SOFTSYS TECHNOLOGIES LLC	9012 SANDHILLS DR		LANTANA
2	CS CLOUD TECHNOLOGIES LLC	9012 SANDHILLS DR		LANTANA
2	Rahul Prakash, M.D., P.A.	902 Frostwood Drive	Suite 245	Houston
2	RAHUL PRAKASH MD PA	902 Frostwood Drive	Suite 245	Houston
2	PLANNING DESIGN RESEARCH CORPORATION	909 FANNIN STREET	FLOOR 3900	HOUSTON
2	Sooner Inc	909 Fannin Street	Suite 3100	Houston
2	INFOLOB SOLUTIONS INC	909 LAKE CAROLYN PARKWAY	STE 300	IRVING
2	THEO Executive Group LLC	909 Lake Carolyn Parkway	Suite 1900	Irving
2	David N. Shell, DVM Inc	910 Antoine Drive		Houston
2	David N Shell, DVM Inc	910 Antoine Drive		Houston
2	Strategic Information Networking Conferences	9101 Burnet Road	Suite 200	Austin
2	3CORE SYSTEMS INC	9101 BURNET ROAD	SUITE 207	AUSTIN
2	SolarPro Management Services LLC	9111 JOLLYVILLE ROAD	Suite 115	Austin
2	Texas Health Institute	9111 Jollyville Road	Suite 280	Austin
2	Modesto Tech Solutions	9130 Jollyville Road, STE 103		Austin
2	Modesto Tech Solutions LLC	9130 Jollyville Road, STE 103		Austin
2	MEP GREEN DESIGN & BUILD, PLLC	915 GEMINI STREET		HOUSTON
2	MEP GREEN DESIGN & BUILD PLLC	915 GEMINI STREET		HOUSTON
2	Mayflower Tax and Insurance Inc	915 W Parker Rd	Ste 207	Plano
2	Mayflower Tax & Insurance Inc	915 W Parker Rd	Ste. 207	PLANO
2	Pumex Global Solutions Inc	920 FM 1092 (Murphy Rd)	Suite 200P	Stafford
2	Prompt Mortgage LLC	920 FM 1092 (Murphy Rd)	Suite 207	Stafford
2	WILBARGER GENERAL HOSPITAL FOUNDATION	920 HILLCREST DR		VERNON
2	WILBARGER GENERAL HOSPITAL	920 HILLCREST DR		VERNON
2	YUNEX LLC	9225 BEE CAVE ROAD	BUILDING B, SUITE 201	AUSTIN
2	Corel Inc	9225 Bee Cave Road	Ste. Bldg A, Ste. 300	Austin
2	Sellers Shield Inc	925 S. Capital of Texas Highway	Bldg. A, Suite 100	Austin
2	Diona (US) Inc	925 S. Capital of Texas Highway	Suite B-110	Austin
2	Superbag Operating Ltd.	9291 Baythorne Drive		Houston
2	Superbag Operating, Ltd.	9291 Baythorne Drive		Houston
2	TELECOMGATEWAY LLC	9300 JOHN HICKMAN PARKWAY	SUITE 401	FRISCO
2	JADE BUSINESS SERVICES LLC	9300 John Hickman Parkway	SUITE 401	Frisco
2	TruckX Inc	9300 Jollyville Rd	170	Austin
2	Austin Professional Cleaning Services LLC	9300 Jollyville Rd	Suite 106	Austin
2	OPTEL GROUP USA INC	9355 JOHN W ELLIOT DR		FRISCO
2	Rapid Tech LLC	9355 John W Elliot Dr	Suite 25407	Frisco
2	BELMONT ASIA NDT & QUALITY SERVICES LLC	9421 FM 2920 RD BLDG 16M		TOMBALL
2	INTEGRAL PROJECT SOLUTIONS SERVICE LLC	9421 FM 2920 RD BLDG 16M		TOMBALL
2	Arna Pharma Inc	9442 Capital of Texas Highway North	Plaza 1, Suite 500	Austin
2	Subscribili Inc	9442 Capital of Texas Highway North	Plaza 1, Suite 500	Austin
2	Shearwater Geoservices Inc	945 Bunker Hill Rd	Ste. 650	Houston
2	Metro National Corporation	945 Bunker Hill Rd	Suite 150	Houston
2	SLYNC INC	950 E. State Highway 114		SOUTHLAKE
2	HAANTECH LLC	950 E. State Highway 114	Suite 160	Southlake
2	Associated Pipe Line Contractors Inc	950 Echo Lane		Houston
2	GENOSPEC INC	950 Echo Lane	Suite 200	Houston
2	WESTVIEW VETERINARY SERVICES, PLLC	9500 WESTVIEW DR	SUITE 103B	HOUSTON
2	WESTVIEW VETERINARY SERVICES PLLC	9500 WESTVIEW DR	SUITE 103B	HOUSTON
2	MVT Services LLC	9525 Escobar Drive		El Paso
2	MVT Services,  LLC	9525 Escobar Drive		El Paso
2	Qubitsys LLC	9535 Forest Lane	Suite 215G	Dallas
2	Numerique LLC	9535 Forest Lane	Suite 253	Dallas
2	Interglobe IT LLC	955 W John Carpenter Freeway	Suite 100	Irving
2	First Genix LLC	955 W John Carpenter Freeway	Suite 100	Irving
2	TECH SYNERGIES LLC	955 W. John Carpenter Fwy	Suite 100	Irving
2	Kais Associates LLC	955 W. John Carpenter Fwy	Suite 100 1021	Irving
2	VRC7 LLC	9550 Forest Ln	STE 12	Dallas
2	Promet Engineers LLC	9550 Forest Ln	STE 342	Dallas
2	IT SPIN INC	9555 Lebanon Rd	Ste 203	FRISCO
2	Agratha IT Solutions LLC	9555 Lebanon Rd	Suite 201	Frisco
2	Jolie Industries Ltd	9709 Starlight road		dallas
2	Jolie Industries Incorporated	9709 Starlight road		dallas
2	PYP Yog Foundation Inc	9722 US Hwy 90A	Suite 206	Sugar land
2	PYP Yog Foundation INC NFP.	9722 US HWY 90A	Suite 206	Sugar Land
2	National Oilwell Varco, L..P	9724 Beechnut Street		Houston
2	National Oilwell Varco, L.P.	9724 Beechnut Street		Houston
2	SForce Infotech Inc	9741 Preston Road	Suite 107	Frisco
2	DEEP TECH PIONEERS LLC	9741 PRESTON ROAD	SUITE 304	FRISCO
2	GLOBAL SHOP SOLUTIONS INC	975 EVERGREEN CIRCLE		The Woodlands
2	Global Shop Solutions	975 Evergreen Circle		The Woodlands
2	Tango Management Consulting Inc	9797 Rombauer Road	Suite 450	Dallas
2	Tango Management Consulting LLC	9797 Rombauer Road	Suite 450	Dallas
2	Spartan Carrier Group LLC	9800 Hillwood Parkway	Ste 100	Fort Worth
2	Techoauth Solutions LLC	9800 Hillwood Parkway	Suite 140	Fort Worth
2	Encore Medical LP	9800 METRIC BLVD	STE 100	AUSTIN
2	Encore Medical, L.P.	9800 Metric Blvd	STE 200	Austin
2	Dally  Associates Inc	9800 Richmond Avenue	Suite 460	Houston
2	Beyond International Management LLC	9800 Richmond Avenue	Suite 500	Houston
2	G2 Integrated Solutions LLC	9801 Westheimer Road	Suite 600	Houston
2	Precision Task Group Inc	9801 Westheimer Road	Suite 803	Houston
2	Murphy Exploration & Production Company	9805 Katy Freeway	G-200	Houston
2	Murphy Exploration & Production Company USA	9805 Katy Freeway	Suite G-200	Houston
2	Trident IT Services LLC	9896 Bissonnet St	STE 440	Houston
2	Central Home Health Service of Texas LLC	9896 Bissonnet St	Ste. 250	Houston
2	3NRIT INC	9898 BISSONNET STREET	SUITE 375C	HOUSTON
2	Vidorra LLC	9898 Bissonnet Street	Suite 430J	Houston
2	Visi Infotech Solutions Inc	9901 East Valley Ranch Pkwy	Suite 1030	Irving
2	KGSSOFTWARE	9901 East Valley Ranch Pkwy	Suite 2040	Irving
2	QualiZeal Inc	9901 Valley Ranch Parkway	Suite 1030	Irving
2	Qualizeal	9901 Valley Ranch Parkway	Suite 1030	Irving
2	I Net Software Technologies Inc	9901 Valley Ranch Parkway E	Suite 2029	Irving
2	MASTER COMPLIANCE INC	9901 Valley Ranch Parkway E	SUITE 3001	Irving
2	Tekinforce Inc	9901 Valley Ranch Pkwy East	Suite 1030	Irving
2	TIRUVEN INC	9901 VALLEY RANCH PKWY EAST	SUITE 2039	IRVING
2	NeutronIT Inc	9901, East Valley Ranch Parkway	Suite 3015	Irving
2	ConversantIT Inc	9901, East Valley Ranch Parkway	Suite 3035	Irving
2	Concentra Health Services Inc	c/o Concentra Inc.	5080 Spectrum Dr 1200W	Addison
2	Occupational Health Centers of Washington P.S.	C/O Concentra Inc.	5080 Spectrum Drive, 1200W	Addison
2	Occupational Health Centers of California, A Medical Corporation	c/o Concentra, 5080 Spectrum Drive	Ste 1200W	Addison
2	Occupational Health Centers of the Southwest, P.A. (TX)	C/O Concentra, 5080 Spectrum Drive	Suite 1200 W	Addison
2	SHRIKON TECHNOLOGIES	ONE GALLERIA TOWER 13355 NOEL ROAD	STE 1100	DALLAS
2	SHRIKON TECHNOLOGIES Inc	ONE GALLERIA TOWER 13355 NOEL ROAD	STE 1100	DALLAS
2	American National Insurance Company	One Moody Plaza		Galveston
2	American National Group Services LLC	One Moody Plaza		Galveston
2	PinnacleAIS Engineering LLC	One Pinnacle Way		Pasadena
2	Pinnacle Asset Integrity Services LLC	One Pinnacle Way		Pasadena
2	Doeren Mayhew Texas, PLLC	One Riverway	Suite 1200	Houston
2	Nexus Health Systems Inc	One Riverway	Suite 700	Houston
2	The University of Texas at San Antonio	One UTSA Circle	GSR 2.116	San Antonio
2	University of Texas at San Antonio	One UTSA Circle	OIS, MB 1.210	San Antonio
2	Texas Office of the Attorney General	P.O. Box 12548		Austin
2	Office of the Attorney General	P.O. Box 12548		Austin
2	Collaborative Imaging LLC	P.O. Box 251449		Plano
2	Collaborative Imaging Technology LLC	P.O. Box 251449		Plano
1	KRM Tek Inc	1  Chisholm Trail Rd	STE 450	Round Rock
1	Everyday Revivalists Inc	1 Brookhaven Pt		Montgomery
1	The Chinati Foundation	1 Cavalry Row		Marfa
1	Texas Home Healthcare Partners LP	1 Chisholm Trail	Ste. 250	Round Rock
1	First State Bank Shallowater	1 Commerce Park		Shallowater
1	STRAVISO LLC	1 Cowboys Way	Suite 475	Frisco
1	DYNACHEM RESEARCH CENTER LLC	1 COWBOYS WAY, SUITE 572		Frisco
1	Rackspace US Inc	1 Fanatical Place, City of Windcrest	N/A	San Antonio
1	First Command Financial Services Inc	1 FirstComm Plaza		Fort Worth
1	San Antonio Spurs, L.L.C.	1 Frost Bank Center Dr.		San Antonio
1	MicMD Telehealth Inc	1 Greenway Plaza	Suite 1018	Houston
1	Sophie S Zheng PC	1 Greenway Plaza, Suite 1018		Houston
1	Meta Platforms Inc	1 Hacker Way (AKA 1601 Willow Road)		Menlo Park
1	San Antonio Christian Dental Clinic Inc	1 Haven For Hope Way, Building 1 , Suite, 400		San Antonio
1	Helen of Troy Nevada Corporation	1 Helen of Troy Plaza		El Paso
1	Randolph Brooks Federal Credit Union	1 IKEA-RBFCU Pkwy		Live Oak
1	McMurry University	1 McMurry Station	Box 87	Abilene
1	Prime Healthcare Services - Pampa LLC	1 Medical Plaza		Pampa
1	CLUB AT LA ESTANCIA	1 MISSION BLVD		ODESSA
1	Family Animal Hospital of Friendswood	1 Oaktree Street		Friendswood
1	Renovatio Clinical Consultants LLC	1 Riverway, Suite 1700		Houston
1	Space Exploration Technologies Corp.	1 Rocket Road		Brownsville
1	American Capital Financial Trading LLC	1 SE 3rd Rd Ste 1870		Miami
1	American Airlines	1 Skyview Dr.		Fort Worth
1	TimeClock Plus LLC	1 Time Clock Dr		San Angelo
1	Trinity University	1 Trinity Place		San Antonio
1	TEXAS A&M UNIVERSITY - SAN ANTONIO	1 UNIVERSITY WAY		SAN ANTONIO
1	Trygve Enterprises LLC	1 W Bronze Lane		Bryan
1	ORTHOPAEDIC ASSOCIATES LLP	1 W MEDICAL CT		WICHITA FALLS
1	Amarillo Endodontics, LLP	10 Care Circle	Suite A	Amarillo
1	BrainyMed Inc	10 Emerald Forest Drive		Odessa
1	Minuti Coffee LLC	10 Leisure Lane		Houston
1	Nicor Inc	100  Commons Rd	STE 7-355	Dripping Springs
1	IPLUS GLOBAL USA LLC	100 Brushwood Dr		Irving
1	BLOOMING CLOUDS LLC	100 Bunny Run ln	Suite 203	Horseshoe Bay
1	Trinity Valley Community College	100 Cardinal Drive		Athens
1	Dayton Independent School District	100 Cherry Creek Rd		Dayton
1	Sharplink Software LLC	100 Congress Ave	Suite 2000	Austin
1	Protection Engineering Consultants LLC	100 Creek Road	Suite 102	Dripping Springs
1	Ikarian Capital LLC	100 Crescent Court	Suite 1620	Dallas
1	LivaNova USA Inc	100 Cyberonics Blvd		Houston
1	Austin Presbyterian Theological Seminary	100 E 27th Street		Austin
1	Outpace LLC	100 E ROYAL LN	STE 210	IRVING
1	Rodeo Dental Texas LLC	100 E. 15th Street	Suite 520	Fort Worth
1	Greater Texas Capital Corporation	100 E. Ferguson St.	Suite 1100	Tyler
1	CRAWFORD, CARTER AND DURBIN LLC	100 EAST HUBBARD ST.	SUITE 200	MINERAL WELLS
1	Convergent Tech Solutions Inc	100 Glen Borough Dr	Suite 544	Houston
1	SOFT CYGNUS LLC	100 GLENBOROUGH DR	SUITE 544	HOUSTON
1	Hillcrest Baptist Medical Center	100 Hillcrest Medical Blvd.		Waco
1	Brackett & Ellis, P.C.	100 Main St.		Fort Worth
1	Adnan Afzal MD PA	100 Medical Center Blvd	200	Conroe
1	Singleton Associates, P.A. d/b/a RP Brazosport	100 Medical Drive		Lake Jackson
1	San Antonio Sports	100 Montana St.	Ste. 320	San Antonio
1	CLOUD IT TEC INC	100 N Central Expressway,	Suite 500	Richardson
1	Shafiq Hasan CPA P.L.L.C	100 N CENTRAL EXPY	STE 914	RICHARDSON
1	Resound Networks LLC	100 N Cuyler Street		Pampa
1	HERTHA METALS INC	100 N FM 3083 Rd E	Building C	Conroe
1	Burkburnett Independent School District	100 N. Avenue D		Burkburnett
1	Fort Worth Independent School District	100 N. University Dr.		Fort Worth
1	Bleyl Interests Inc	100 Nugent Street		Conroe
1	Brazos Innovation Partners LLC	100 Research Parkway		Waco
1	Alameda Dental Care PLLC	100 S. Americas Avenue		El Paso
1	FORT HANCOCK INDEPENDENT SCHOOL DISTRICT	100 SCHOOL DRIVE		FORT HANCOCK
1	Range Production Company LLC -Sub of Range Resources Corp.	100 Throckmorton, Suite 1200		Fort Worth
1	CHI St. Joseph Health, Madison Hospital	100 W Cross St		Madisonville
1	Southwestern Adventist University	100 W. Hillcrest St		Keene
1	Shiflet Richardson Architects LLC	100 Westlake Drive		Austin
1	Logan Industries International Corporation	1000 Blasingame Road		Hempstead
1	PARKWAY  C&A, LP	1000 Civic Circle		Lewisville
1	LGM Pharma Solutions	1000 Cole Avenue		Rosenberg
1	Rippner Tennis LLC	1000 Cumberland Rd		Austin
1	Scandinavian Spaces Operating LLC	1000 East 6th Street,	Suite B	Austin
1	FESCO, Ltd.	1000 FESCO Avenue		Alice
1	South Plains Rural Health Services Inc	1000 FM 300		Levelland
1	Steve Silver Company	1000 FM 548 North		Forney
1	WINSOFT GLOBAL SYSTEMS INC	1000 Gattis School Rd	Unit 250	Round Rock
1	YONDERTECH INC	1000 Gattis School Rd  Unit 520		Round Rock
1	NEBULE INC	1000 GATTIS SCHOOL ROAD	SUITE 610-B	ROUND ROCK
1	RVY Tech LLC	1000 Heritage Center Circle  332		Round Rock
1	Holland LP	1000 Holland Drive		Crete
1	Texas Lehigh Cement Company LP	1000 Jack C Hays Trail		Buda
1	Koshkil North America Inc	1000 Kennedy Lane	Suite 107	Saginaw
1	Kubota North America Corporation	1000 Kubota Drive		Grapevine
1	New York Mercantile Exchange Inc	1000 Louisiana St		Houston
1	JERA Americas Inc	1000 Main St	Ste. 3100	Houston
1	SWIFT PACE SOLUTIONS INC	1000 N Belt Line Rd	SUITE 203	IRVING
1	AGNETO INC	1000 N Beltline Road	Suite 203	IRVING
1	PG at Work LLC	1000 N Post Oak	STE 220	Houston
1	Mouser Electronics Inc	1000 N. Main St.		Mansfield
1	ATX TECHNOLOGY CORP	1000 S W DR	SUITE 19	LEANDER
1	AIMNext Consulting	1000 S West Dr	Unit 16 APT	Leander
1	Significant Tek Inc	1000 S West Drive	Suite 5	Leander
1	BLUEORIGINITSTAFFING LLC	1000 S. WEST DR.	SUITE 13	LEANDER
1	Remis America LLC	1000 Terminal Road		Fort Worth
1	CloudAspirers LLC	1000 W Airport FWY PMB 5		Irving
1	PPG Health	1000 W. Cannon Street		Fort Worth
1	CKC HOLDINGS LLC	1000 W. CROSBY ROAD	SUITE 136	CARROLLTON
1	PPG Health, P.A.	1000 West Cannon St		Fort Worth
1	Texas Lutheran University	1000 West Court Street		Seguin
1	Deneen Automation Corporation	10000 Memorial Drive	Ste 600	Houston
1	GXC LLC	10000 Metric Blvd	Suite 200	Austin
1	GenXComm Inc	10000 Metric Blvd.	Ste. 200	Austin
1	Animo Services LLC	10000 N Central Expressway	Suite 1300	Dallas
1	ORM Technologies LLC	10000 N Central Expressway Suite 775		Dallas
1	TE Weickgenant & Associates Inc	10000 N Central Expy Suite  400		Dallas
1	With Purpose Inc	10000 North Central Expressway	Suite 1300	Dallas
1	Friedrich Air Conditioning LLC	10001 Reunion Place	Suite 500	San Antonio
1	Chevron Phillips Chemical Company, L.P.	10001 Six Pines Drive		The Woodlands
1	UNCONVENTIONAL GAS SOLUTIONS LLC	10002 WINDFERN RD		HOUSTON
1	Strand Systems Engineering Inc	10003 Technology Boulevard West	Not Applicable	Dallas
1	SCHOOL OF SCIENCE AND TECHNOLOGY - SUGAR LAND	10007 Clodine Rd		RICHMOND
1	PULMONARY CONSULTANTS OF SAN ANTONIO, P.A.	10007 Huebner Road	Building 4	San Antonio
1	Odessa Separator Inc	1001  E. Pearl Street		Odessa
1	Dynamo Soccer LLC	1001 Avenida de las Americas		Houston
1	Appweb LLC	1001 Cobb Creek Rd		Georgetown
1	Eforce Systems Inc	1001 CROSS TIMBERS RD	SUITE 2110	FLOWER MOUND
1	Endiprev USA Inc	1001 Cross Timbers Road	Suite 2130	Flower Mound
1	Christus Trinity Clinic	1001 E SE Loop 323		Tyler
1	DL Global Futures LLC	1001 E. Levee Street		Dallas
1	Southwestern University	1001 E. University Avenue		Georgetown
1	Gollob Morgan Peddy PC	1001 ESE Loop 323	Suite 300	Tyler
1	IKO Southwest Inc	1001 IKO Way		Hillsboro
1	Texas A&M University-Central Texas	1001 Leadership Pl  5901		Killeen
1	TEXAS A&M UNIVERSITY- CENTRAL TEXAS	1001 LEADERSHIP PLACE		KILLEEN
1	Terrasoul Superfoods LLC	1001 NE Loop 820	Suite 525	Fort Worth
1	M&T TAX FIRM LLC	1001 S Dairy Ashford Rd	160	Houston
1	KIDE International (The States) LLC	1001 S Dairy Ashford Road	Suite 380	Houston
1	Hiecept LLC	1001 S. Dairy Ashford	Ste. 100-174	Houston
1	Nuthan Technologies LLC	1001 S. Dairy Ashford Road , Suite, 100-174		Houston
1	Camin Cargo Control Inc	1001 Shaw Avenue	Suite 200	Pasadena
1	BLUE SPACE TECHNOLOGIES INC	1001 SOUTH DAIRY ASHFORD ROAD		HOUSTON
1	OPEN MIND SOLUTIONS LLC	1001 TEXAS AVENUE BINZ BUILDING	14TH FLOOR, SUITE 1407	HOUSTON
1	OPENMIND SOLUTIONS LLC	1001 TEXAS AVENUE, BINZ BUILDING	14TH FLOOR, SUITE 1407	HOUSTON
1	Enuit LLC	1001 Texas Street	Suite 800	Houston
1	iCivil Engineering LLC	1001 W Euless Blvd, Suite 412h		Euless
1	NNAF BUSINESS INC	10010 SAN PEDRO AVENUE 7TH FLOOR	SUITE 714	SAN ANTONIO
1	Konduru Consulting Services LLC	10011  Mallory Dr		Frisco
1	Edminster Hinshaw Russ and Associates Inc	10011 Meadowglen Lane		Houston
1	Chennault Flying Tiger Academy LLC	10013 Military Dr		Conroe
1	ATEK IT Inc	10015 Bowling Green Drive		Frisco
1	GM INFOTECH LLC	1002 GEMINI AVENUE	SUITE 225-B	HOUSTON
1	Chemplast Inc	1002 Texas Parkway		Stafford
1	SAI PRIYA LLC	10021 LONG POINT ROAD		HOUSTON
1	AT AND TT THOMAS BROTHERS INC	10022 Mula Road		Stafford
1	Enchantapps LLC	10027 Gage Daniel Ln		Cypress
1	Tower Extrusions LLC	1003 Highway 79 South	N/A	Olney
1	TPG Pressure Inc	1003 MacArthur Blvd.		Grand Prairie
1	PNS Capital LLC	1003 Priya Lane		Waller
1	Hearthy Consulting Limited	10031 Lilac Croft LN		Richmond
1	EagleBurgmann Industries LP	10035 Brookriver Drive		Houston
1	iGET Services LLC	10039 Bissonnet Street	Suite 336	Houston
1	Dyer Dental Care PLLC	10039 Dyer Street		El Paso
1	FundMiner Inc	1004 Galloway Drive		El Paso
1	Dreig Cambria LLC	10040 Phantom Lane AeroCountry		McKinney
1	Interactive Strength Inc	1005 Congress Ave	Suite 925	Austin
1	Aptus Engineering LLC	1005 E Saint Elmo Rd	Building 7	Austin
1	SparkCognizant Inc	1005 E Yandell Dr		El Paso
1	Lincoln-Goldfinch Law	1005 East 40th Street		Austin
1	Boston Foundry Inc	1005 East St., Elmo Road, Building 5		Austin
1	Crowley Saade Clinic, PA	1005 S Crowley Rd		Crowley
1	swipejobs Inc	1005 Turnberry Lane		Southlake
1	Kemtron Technologies LLC	10050 Cash Rd		Stafford
1	Bechtel Equipment Operations Inc	1006 Park West Drive		Sugar Land
1	Sirius Controls Inc	1006 W County Road 114		Midland
1	Volta Belting USA Inc	10065 FM 462		YANCEY
1	REAL SOURCE IT SOLUTIONS LLC	10069 FARMLAND DR		FRISCO
1	Monsoon Rain Group LLC	1007 Reinhart Ave		Sugar Land
1	Ofi Chito LLC	1008 Macon Street	Suite 101	Fort Worth
1	Koonsman and Co LLC	100B Riveredge Drive		Dallas
1	Brownfield Dental	101  Seagraves Road		Brownfield
1	Hill Regional Hospital	101 Circle Drive		Hillsboro
1	Ionic Partners LLC	101 Colorado St	Ste. 3604	Austin
1	Lufkin Independent School District	101 Cotton Square	N/A	Lufkin
1	First County Inc	101 County Line Road		Willis
1	ITCONNECTUS INC	101 E PARK BLBD	STE 600	PLANO
1	SYSINTELLECTS LLC	101 E Park Blvd , Suite   600		Plano
1	Product Liability Specialty LLC	101 E Park Blvd, Suite 471		Plano
1	Alpha IT LLC	101 E Park Blvd.	Suite 600	Plano
1	Infolyte IT Technologies LLC	101 E Randol Mill Rd, Suite 203		Arlington
1	Ritual IT Consulting Inc	101 E. Park Blvd, Suite 600		Plano
1	Alex Tong CPA and Associates LLC	101 E. Park Blvd., Suite 1100		Plano
1	ERP STEP LLC	101 E. Park Street	Suite 600	Plano
1	Land & Sea Industries LLC	101 East Ave M		Conroe
1	RECURSION TECHNOLOGIES INC	101 EAST PARK BLVD, SUITE 600		PLANO
1	GRACE ANCHOR LLC	101 EASTVIEW DRIVE		GEORGE TOWN
1	Texas Metal Works	101 Industrial Court		Conroe
1	Inteplast Group Corporation	101 Inteplast Blvd		Lolita
1	BetterWorks Systems Inc	101 Jefferson Drive	Floor 1	Menlo Park
1	WMA Products Incorporated	101 LSV Dogwood Ln		Huntsville
1	San Antonio Shoe Inc	101 New Laredo Highway		San Antonio
1	SVAG CONSTRUCTION LLC	101 PARKLANE BLVD	102	SUGAR LAND
1	SVAG INVESTMENTS LLC	101 PARKLANE BLVD.	SUITE 103	SUGAR LAND
1	BROADRANGE TECHNOLOGIES INC	101 S LOCUST ST	SUITE B 06	DENTON
1	Strenv Technologies LLC	101 Saviano Rd		Hutto
1	Gleantap Inc	101 Summer Park Bend		Cedar Park
1	DIALPAD INC	101 W 6th St	6th Floor	Austin
1	BookedBy Inc	101 W Louis Henna Blvd	Suite 450	Austin
1	F & A Management LLC	101 W Renner Rd	STE 140	Richardson
1	FORT STOCKTON INDEPENDENT SCHOOL DISTRICT	101 W. DIVISION		FORT STOCKTON
1	Rossman Media Group	101 West Goodwin Avenue	STE 1119	Victoria
1	Compu-Link Corporation	101 West Louis Henna Blvd	Suite 310	Austin
1	NETSOLUTION CONSULT INC	101 WILD RIVER CT		DESOTO
1	Wilson Implants and Dentures PA	101 Wilson Drive	Suite 107	Floresville
1	Darmor Club LLC	1010 Darmor Club Lane		Columbus
1	REPUBLIC NATIONAL DISTRIBUTING COMPANY LLC	1010 ISUZU PARKWAY		GRAND PRAIRIE
1	ALTAY INC	1010 Oakmead Drive		Arlington
1	Rio Grande Valley Adult & Internal Medicine Specialists, PA	1010 S James St.	Suite B.	Weslaco
1	Ascend Performance Materials Holdings Inc	1010 Travis St	Suite 900	Houston
1	Ascend Performance Materials Operations LLC	1010 Travis Street, Ste. 900		Houston
1	HVAC MANUFACTURING INC	1010 W. Corsicana St.		Athens
1	A & B ENVIRONMENTAL SERVICES INC	10100 EAST FREEWAY	Suite 100	Houston
1	CEMEX Inc	10100 Katy Freeway	Suite 300	Houston
1	Sirius Computer Solutions LLC	10100 Reunion Place	Suite 500	San Antonio
1	SIRIUS COMPUTER SOLUTIONS INC	10100 REUNION PLACE, SUITE 500	N/A	SAN ANTONIO
1	East Lake Veterinary Hospital PC	10101 E Northwest Hwy		Dallas
1	Behar CPA PLLC	10101 Fondren Road	Suite 400	Houston
1	IDOO GLOBAL INC	10101 HARWIN DR	SUITE 373	HOUSTON
1	Lewis Energy Group LP	10101 Reunion Place	Ste. 1000	San Antonio
1	GALAXY PAYMENT SYSTEMS LLC	10101 SOUTHWEST FRWY.	SUITE 300	HOUSTON
1	AMSYS Innovative Solutions LLC	10101 Southwest Fwy  570		Houston
1	Einstein Associates LLC	10101 Stafford Centre Dr. Ste B		Stafford
1	LNG Resource Management USA Inc	10101 Union Square	Ste. 275	San Antonio
1	QUALITY FAMILY HEALTH CARE CLINICS PLLC	10101 WESTRIDGE BLVD	STE 101	MCKINNEY
1	AOR Management Company of Virginia LLC	10101 Woodloch Forest Drive		The Woodlands
1	UNIQ GROUP INC	10103 FONDREN ROAD	STE 215	Houston
1	QUBITZ TECH SYSYTEMS LLC	10103 PROMONTORY DR		FRISCO
1	The Adophe Group	10108 Carter Canyon		San Antonio
1	AMG & Associates Dental, PLLC	1011 Augusta Drive	Units 207 and 209	Houston
1	Ennis Family Dentistry, PLLC	1011 East Ennis Avenue	Suite A	Ennis
1	Nire Holdings Corporation	1011 Gilbert Dr.		Lubbock
1	H-TOWN TECHNOLOGIES NC	1011 HIGHWAY 6 S	STE 118	HOUSTON
1	H - Town Technologies Inc	1011 Highway 6S	STE 118	Houston
1	H-Town Technologies Inc	1011 Hwy 6 S	STE 118	Houston
1	PRIME HEALTHCARE SERVICES - MESQUITE LLC	1011 N GALLOWAY AVENUE		MESQUITE
1	Prime Healthcare Services-Mesquite LLC	1011 N. Galloway Ave		Mesquite
1	Prime Healthcare Services- Mesquite LLC	1011 N. Galloway Avenue		Mesquite
1	Guard-All Building Solutions Manufacturing LLC	1011 Regal Row		Dallas
1	THE EVOLVERS GROUP, L.P.	1011 Surrey Lane	Building 200	Flower Mound
1	Vici Voice Inc	1011 Surrey Ln	Ste. 200	Flower Mound
1	Seiler/Lankes Group LLC	1011 Wilson Ranch Pl	Suite 101	Cedar Park
1	Ding Babb PLLC	10110 Clearmeadow Dr.		Dallas
1	Fox Fuels Retail Group LLC	10110 Harry Hines Blvd		Dallas
1	Shaw Systems Associates LLC	10111 Richmond Ave	Suite 600	Houston
1	JD Healthcare 2 LLC	10113 Chicago Ave		Lubbock
1	Stallion Funding LLC	10119 Lake Creek Pkwy Ste 202		Austin
1	Ennis Smiles PC	1012 E Ennis Ave Suite C		Ennis
1	Cherry Built Construction	1012 Platinum Court		Weatherford
1	Hapax Inc	10124 Lake Creek Parkway	Suite 310	Austin
1	SOGO Wealth & Risk Management LLC	10127 Coachlight St.		San Antonio
1	Jordan Montessori School LLC	10127 Lake Creek Parkway		Austin
1	LC Dental PC	10134 S Texas 6		Sugar Land
1	Catalyst Handling Resources LLC	1014 Ann Street		Pasadena
1	TEK AMPLIFY LLC	1014 Moose Rd		Hutto
1	SMARTWEBS INC	1015 S MAYS ST	STE 201	ROUND ROCK
1	John Soules Foods Inc	10150 FM14		Tyler
1	Baik Brands Inc	10155 Technology Blvd E		Dallas
1	Rifluxyss Softwares LLC	1016 Candlewood Trail		Irving
1	Chandruth Veterinary PLLC	1016 Mufasa Ln		McKinney
1	McFoison LLC	10161 Harwin Drive, Suite 120		Houston
1	WARNER WIRELESS GEARS LLC	10165 HARWIN DRIVE	SUITE 190	HOUSTON
1	Emergency Hospital Systems LLC	1017 S Travis Avenue		Cleveland
1	HARRIS COUNTY	1019 CONGRESS	FLOOR 15	HOUSTON
1	LB Consolidated LLC	10190 Katy Freeway	Suite 350	Houston
1	DOT COMPLIANCE GROUP LLC	102 DECKER CT	SUITE 210	IRVING
1	EMH PROFESSIONAL SERVICES LLC	102 E INTERSTATE 20	SUITE I	ARLINGTON
1	Tires Pro and Alignment Inc	102 N Chesnut		Winnsboro
1	RGV PEDIATRIC CRITICAL CARE, P.A.	102 N. NUECES PARK LANE		HARLINGEN
1	Darrouzett Independent School District	102 W Kansas		Darrouzett
1	Hylio Inc	1020 Agnes Road		Richmond
1	U.S. LAW SHIELD LLC	1020 Bay Area Blvd	Ste 220	Houston
1	RAZ Imports Inc	1020 Eden Road		Arlington
1	KS2 Technologies Inc	1020 Mustang Drive		Grapevine
1	Ace World Companies	10200 Jacksboro Hwy		Fort Worth
1	Ace World Companies, Ltd.	10200 Jacksboro Hwy.		Fort Worth
1	Gold Star Metalex LLC	10201 Hicks Field Road		Fort Worth
1	JEM-D International (Michigan) Inc	10201 S. Jackson Road		Pharr
1	Mattress Firm Inc	10201 S. Main Street		Houston
1	ENMAS USA LLC	102010 Grogans Mill Rd	Suite 325	The Woodlands
1	IES RESIDENTIAL INC	10203 MULA CIRCLE		STAFFORD
1	Audubon Engineering Operations LLC	10205 Westheimer	Suite 100	Houston
1	TAAL TECHNOLOGIES INC	10210 Grogans Mill Rd	Suite 295	The Woodlands
1	Provident General Contractors LLC	10210 N. Central Exwy	Ste. 300	Dallas
1	VENTI AIR PRODUCTS LLC	10215 S SAM HOUSTON PARKWAY W	SUITE 200	HOUSTON
1	BelenITS LLC	10221 Desert Sands St	STE 109	San Antonio
1	PROACTIVE PHYSICAL THERAPY CENTERS, PLLC	10223 BROADWAY	SUITE B	PEARLAND
1	Siripurapu Associates PLLC	1023 Lipscomb Street	Ste 201	Fort Worth
1	Eco Cycle iEPFC Inc	1023 N Lucas Dr		Grapevine
1	Homer Agency	1023 Springdale Road	Unit 1J	Austin
1	Aurora Energy Research LLC	1023 Springdale Road, Bldg. 15A		Austin
1	Lionheart Places LLC	1023 Springdale Road, Building 6	Suite E	Austin
1	Sats Systems Corporation	1023 Springdale Road, Suite 1J		Austin
1	Make Things Better LLC	1023 springdale road, suite 7b		Austin
1	Applicantz Inc	10235 W. Little York	Ste. 435	Houston
1	BR Dental Associates PLLC	10237 Bailey Road	Ste 107	Manvel
1	HARMONY SCIENCE ACADEMY-CARROLLTON	1024 W ROSEMEADE PKWY BUILDING 2		CARROLLTON
1	Uvalde County Hospital Authority	1025 Garner Field Road		Uvalde
1	Buchanan Technologies Inc	1026 Texan Trail	Suite 200	Grapevine
1	INFINITY MEP CONSULTANTS, PLLC	10260 WESHTHEIMER RD	SUITE 400	HOUSTON
1	Infinity MEP Consultants PLLC	10260 Westheimer Road	Suite 400	Houston
1	RIVERWAY REALTY INVESTMENT CORP	1027 Yale Street		Houston
1	Innovate5G Inc	1028 N Lindale Ln		Richardson
1	Software Professionals Inc	1029 Long Prairie Rd	STE A	Flower Mound
1	Personnel IT	1029 Long Prairie Road	Ste. E	Flower Mound
1	VIJAYA LLC	103 PARKWOOD DRIVE		WYLIE
1	Si-Vanguard LLC	103 Pascal Lane		Austin
1	DePeuter Electrical Solutions LLC	103 Riley Rd	B	Houston
1	HP Inc	10300 Energy Drive		Spring
1	JDR Consultants Inc	10300 N. Central Expy	Ste. 330	Dallas
1	Chain Service Solutions LLC	10300 Westpark Drive		Houston
1	Spoon & Company LLC	10307 Rawhide Trail		Austin
1	ADM CPA P.C.	10310 W. GRAND PKWY. S.	SUITE 201	RICHMOND
1	BestPPL Technologies Inc	10313 Attleborough Dr		Frisco
1	Pitchit Inc	10313 Big Thicket Drive		Austin
1	Phalanx International (USA) Inc	10314 Brockwood Road		Dallas
1	Modeler IT Solutions Inc	10315 Offshore Drive		Irving
1	TGS Construction Services LLC	1033 Industrial Road		Baytown
1	METADAIS CONSULTING SERVICES LLC	1033 SUN RIDGE DRIVE		FLOWER MOUND
1	ELEMENT BOX INC	10333 Harwin Dr.	STE 350	Houston
1	Maya & Associates LLC	10333 Richmond Ave	Suite 1000	Houston
1	Viking Cold Solutions Inc	10335 Landsbury Dr	Suite 350	Houston
1	Kitchen Pride Mushroom Farms Inc	1034 Country Road 348		Gonzales
1	Southwest Oilfield Products Inc	10340 Wallisville Road		Houston
1	TFH Reliability Group LLC	10344 Sam Houston Park Dr.	Suite 110	Houston
1	Precision Drilling Company, LP	10350 Richmond Avenue	Suite 700	Houston
1	Aviva Wholesale Inc	10355 Harwin Dr.		Houston
1	J.T. Vaughn Construction LLC	10355 Westpark Dr		Houston
1	Pathfinder Development LLC	1036 Liberty Park Drive	Suite 24	Austin
1	AYC Group LLC	1036 S Jupiter Road	Ste. 200	Garland
1	Tejas InfoTech Systems Inc	1036 Saint Francis Ln		Flower Mound
1	Integrated Test Corporation	10365 Sanden Dr.		Dallas
1	Malone Bailey, LLP	10370 Richmond Ave	Suite 600	Houston
1	TECHNICAL TOOLBOXES POWERTOOLS INC	10370 RICHMOND AVENUE SUITE 1150		HOUSTON
1	Mosaic Paradigm Law Group pC	10370 Richmond Suite 850		Houston
1	HMH Lifestyles, LP	1038 Texan Trail	Building 1	Grapevine
1	VOLCONE WEB SOLUTIONS LLC	104 ARGO CV		GEORGETOWN
1	GUTIERREZ LAW FIRM IMMIGRATION INC	104 BABCOCK RD STE 107		SAN ANTONIO
1	SERVESYS CORPORATION	104 DECKER CT STE 100	STE 100	IRVING
1	CLOUD RESOURCES LLC	104 DECKER CT, STE 110		IRVING
1	TOYAJA IT SOLUTIONS LLC	104 HIGHGATE LN.		GEORGETOWN
1	VERITY SOLUTIONS INC	104 INDUSTRIAL BLVD.	SUITE 100	SUGAR LAND
1	PORT STORE INC	104 LAMAR ST.		POINT COMFORT
1	Quality Excavation LLC	104 Redfearn Road		Aubrey
1	Texas Behavioral Health PLLC	104 Whispering Pines Avenue		Friendswood
1	Aoss Inc Houston	10400 WESTOFFICE DRIVE	Suite 115	Houston
1	SpectraCell Laboratories Inc	10401 Town Park Dr.		Houston
1	Geolog Americas Inc	10402 Valley Forge Drive		Houston
1	THE WINDOW OUTFITTERS LP	10405 SHADY TRAIL	STE 300	dallas
1	Shinar Consulting	10408 Jackson Hole Ln		McKinney
1	Anstek Inc	10408 S 1055 W	Suite 202	Frisco
1	Astitva Artistry LLC	10410  Kicking Horse Pass		Cypress
1	Webber Infrastructure Management U.S. Inc	10415 Morado Circle	Building 2	Austin
1	Meat Mafia Media LLC	10415 Old Manchaca Road	Suite 201	Austin
1	CS OPTIMA INC	10416 Canyon Vista Way		Austin
1	Charity Advertising And Marketing Partners Inc	10440 N Central Expy	Suite 122	Dallas
1	Speed Data LLC	10440 N. Central Expy.	Suite 220	Dallas
1	ISANI CONSULTANTS, L.P.	10448 WESTOFFICE DR		HOUSTON
1	Isani Consultants, LP	10448 Westoffice Dr.		Houston
1	Shifaan Broadway LLC	10449 US Highway 69 N		Tyler
1	Grossman Design Build LLC	1045 Matlock Road	Suite 100	Mansfield
1	AMESON USA PACKAGING INC	10482 Brockwood Road		Dallas
1	SL Global Investments LLC	10497 Town & Country Way	Suite 100	Houston
1	Feuji Inc	105  Decker Court	Suite 850	Irving
1	TEAM CAR CARE EAST LLC	105 DECKER CT	SUITE 900	IRVING
1	Viking Vessel Services LLC	105 E 10th St		Cisco
1	Huanmei Supply Inc	105 Raptor Beak Way		Cedar Creek
1	Lannister Consulting LLC	105 Rosadi Cove		Georgetown
1	Sinoboom North America LLC	105 West Riley Road		Houston
1	Brownsville Spay Neuter Inc	1050 McIntosh Dr, Unit A		Brownsville
1	4CONSULTING INC	1050 West Campbell Road	STE 100	Richardson
1	Execupay Inc	10500 HERITAGE BLVD.	SUITE 110	SAN ANTONIO
1	Sri Tech International LLC	10500 LAKELINE MALL DR	201	AUSTIN
1	WILSONART LLC	10501 NW H. K. DODGEN LOOP		TEMPLE
1	Apollo Arts LLC	1051 Heights Blvd	Suite 230	Houston
1	The Brook Hill School Inc	1051 N. Houston Street		Bullard
1	Natural Gas Fuel Systems LLC	1051 Republic Dr Suite 200		Roanoke
1	Oliver Info Tech LLC	10510 Coastal Violet Rd		Frisco
1	Dentwell PC	10510 Montwood Drive	STE B	El Paso
1	Lela Technologies LLC	10513 Musketball Pl		McKinney
1	GAUTIER FORMAL DRESSES LLC	10515 W I 10		SAN ANTONIO
1	KK Management LLC	10516 Kipp Way Dr	Ste A	Houston
1	OIL PRODUCTS DISTRIBUTION , LTD.	10516 KIPP WAY DR.	SUITE D	HOUSTON
1	KK SUBWAY INC	10516 KIPPWAY DRIVE	SUITE A	HOUSTON
1	Zenith Firearms Inc	10517 Critzers Shop Road		Afton
1	AIRSHIP LLC	10520 EVANGELINE WAY		DALLAS
1	Pinnacle Machine Holdings LLC	10521 Sheldon Rd		Houston
1	Alamo Analytical Laboratories, LTD	10526 Gulfdale Street		San Antonio
1	Integrated Breeders Service Plus LLC	10541 E OSR		Hearne
1	Rave Distribution LLC	10549 King William Drive		Dallas
1	FNR Solutions Inc	1055 S. Sherman St., Suite 150	150	Richardson
1	Institute of Chinese Culture	10550 Westoffice Dr.		Houston
1	OneBlock Holdings LLC	10555 Cossey Road		Houston
1	Achieve Technology Consulting	10555 Indigo Broom Loop		Austin
1	Phonoscope Inc	10555 Westoffice Drive		Houston
1	VELOCITY PROMOTIONS LLC	1056 HERCULES AVE		HOUSTON
1	Technoidentity Inc	1057 S. Sherman Street	Ste 110	Richardson
1	Sampa USA LLC	10570 John W Elliott Dr	Suite 700	Frisco
1	U Blockout Inc	10580 Newkirk street	Suite 301	Dallas
1	Form Bio Inc	106 E 6th St.	Ste. 900-135	Austin
1	Martian Logic Inc	106 E 6th Street	Suite 900	Austin
1	FlowBelow Aero Inc	106 E Old Settlers Blvd	Ste D100	Round Rock
1	Choose Health Services LLC	106 E. 6th Street	Suite 900	Austin
1	SAFERIDE INC	106 Jefferson Street	3rd Floor	San Antonio
1	Augur IT Inc	106 London Way		Coppell
1	Yvijar Inc	106 N Rushwing Cir		The Woodlands
1	EPIC MEDICAL RESEARCH LLC	106 Plaza Drive		Red Oak
1	Texas Behavioral Health, PLLC	106 Whispering Pines Ave	Ste 103	Friendswood
1	River Oaks Tutor Lab Inc	10600 Richmond Avenue		Houston
1	Premium Oilfield Technologies Pvt. Ltd.	10600 W Sam Houston Pkwy N		Houston
1	YEYE STAR LLC	10601 CLARENCE DR	STE 250	FRISCO
1	HEATCORE INC	10601 CLARENCE DR STE 250		Frisco
1	Supreme Sourcing Skills Inc	10601 Clarence Dr. Suite 250		Frisco
1	Cornerstone Automation Systems LLC	10601 Clarence Drive	Suite 100	Frisco
1	ECIGRUSA LLC	10601 KING WILLIAM DRIVE		DALLAS
1	NSVS Consulting LLC	10601 Promenade Terrace		McKinney
1	Aleedex Inc	10603 Menelaws Trail		Richmond
1	ECDHUB	10603 Menelaws Trl		Richmond
1	COLLABORATIVE MIND LLC	10610 Metric Drive	Suite 160	Dallas
1	INNOVATION SA INC	10611 HARWIN DR	STE 406	Houston
1	Red Mountain Solution Inc	10611 Harwin Dr.	Suite 400	Houston
1	Onestopmining Technologies Limited	10611 Harwin Dr., Unit 400,		Houston
1	Talke USA Inc	10611 Langston Drive		Mont Belvieu
1	CHILI CORPORATE SOLUTIONS INC	10612 IVALENES HOPE DR		AUSTIN
1	ABL USA Inc	10613 W. Sam Houston Pkwy North	Ste 400	Houston
1	VIRTUAL AMERICAN COMPANIES LLC	10615 CLODINE RD	UNIT 69	RICHMOND
1	Alliance Project Development LLC	10615 Rockley Road		Houston
1	NGI INC	10615 SHADOW WOOD DRIVE	STE 100	HOUSTON
1	Maya-B Inc	10617 Elmhurst Ln		Fort Worth
1	QADWORKS SOLUTIONS LLC	10619 Hillcroft St		Houston
1	Mirandas Transportation LLC	10624 Rayito Place		(H) Hispanic Origin
1	SEG Manufacturing Inc	10625 Telge Rd		Houston
1	Broad Geophysical Technology Inc	10630 Haddington Dr		Houston
1	BRD New Materials LLC	10630 Newkirk St.	Suite 104	Dallas
1	Wonton Food Corporation	10631 Corporate Drive		Stafford
1	Cortland Company Inc	10633 West Airport Blvd	Suite 300	Stafford
1	MAJESTIC SYNTHETIC OIL LLC	10635 BRIGHTON LANE		STAFFORD
1	Spring Lighting Group Inc	10643 West Airport Blvd., Suite 400		Stafford
1	Dallas Family Dent LLC	10646 Goodnight Lane		Dallas
1	IntraPack Industries	10650 Markison Rd		Dallas
1	IntraPack Industries Inc	10650 Markison Road		Dallas
1	Trylene Inc	10650 Stancliff Road		Houston
1	Motor Controls Inc	10661 Newkirk St		Dallas
1	VetIQ Staffing	10670 N Central Expy.	Suite 500	Dallas
1	Cnect Inc	10670 North Central Expressway	Suite 230	Dallas
1	Xilin USA Corp.	10692 Haddington Drive	Ste 400	Houston
1	FMU Properties Inc	10696 Haddington Drive	Suite 106	Houston
1	RoyPow (USA) Technology Co., Ltd	107 Halmar Cove, Suite 131		Georgetown
1	The Davies Collaborative LLC	107 Leland Street	Suite 1	Austin
1	Center Independent School District	107 Private Road 605	P.O. Box 1689	Center
1	Navigo IT Inc	107 Ranch Road 620 S	Suite 350	Lakeway
1	Refugio County Memorial Hospital District	107 Swift Street		Refugio
1	Laredo Physicians Group	10700 McPherson Road		Laredo
1	Stellium Inc	10700 Richmond Ave	Suite 208	Houston
1	Pioneer Research Solutions Inc	10700 Stancliff Road		Houston
1	UR INTERNATIONAL INC	10701 Corporate Dr Ste	Ste 377	Stafford
1	Emerson Automation Solutions Final Control US LP	10707 Clay Road		Houston
1	MYFAMILY HOSPICE LLC	10707 CORPORATE DR	SUITE 120	STAFFORD
1	United Technology Partners Inc	10707 Corporate Drive	Suite 115	Stafford
1	LA GENTE CONSULTING LLC	10707 Old Blue Lane		San Antonio
1	TOLUNAY-WONG ENGINEERS INC	10710 S. SAM HOUSTON PKWY W.	STE 100	HOUSTON
1	Expandtree Inc	10711 Burnet Rd	Suite 315	Austin
1	KIPP Texas Inc	10711 KIPP Way Drive		Houston
1	Patterson-UTI Drilling Company LLC	10713 West Sam Houston Pkwy N		Houston
1	Precision Scheduling Consultants LLC	10715 Gulfdale St.	Suite 260	San Antonio
1	Enya Studio LLC	10718 W Hidden Lake Ln		Richmond
1	Kolder Inc	1072 E US Hwy 175		Kaufman
1	Indeed Flex Inc	10721 Domain Drive		Austin
1	MOBILE IMAGE LLC	10722 N. STEMMONS FRWY.		DALLAS
1	DSX Access Systems Inc	10731 Rockwall Rd		Dallas
1	XENEX DISINFECTION SERVICES INC	1074 Arion Circle, Suite 116	N/A	SAN ANTONIO
1	GRANITI VICENTIA LLC	1075 W SAM HOUSTON PKWY N STE 214		HOUSTON
1	Stewart & Stevenson LLC	10750 Telge Road		Houston
1	BRP US Inc	10767 Gateway West Boulevard	Suite 400	El Paso
1	Grace Instrument Technologies Inc	10770 Moss Ridge Rd	Building B	Houston
1	Primero USA Inc	10777 Westheimer	Suite 1175	Houston
1	Kongsberg Maritime Inc	10777 Westheimer Road, Ste. 1200		Houston
1	eVerge Group LLC	1079 W. Round Grove Road,  Box 311	Suite 300	Lewisville
1	Deckhouse Inc	108 Alliant Dr		Houston
1	NOBLE TEXAS BUILDERS LLC	108 S. MAIN STREET		LA FERIA
1	CAMBRIDE CASA DEI BAMBINI MONTESSORI LLC	108 TELFAIR CENTRAL BLVD		SUGAR LAND
1	ALINEDS LLC	108 Wild Basin Rd South	Suite 250	Austin
1	SOK Global Sports LLC	108 Wild Basin Road		Austin
1	NV Developments LLC	108 Wild Basin Road South	Suite 250	Austin
1	Truecare Dentistry PLLC	1080 E Cartwright Road	Suite 180	Mesquite
1	Agha Engineering LLC	1080 Eldrige Parkway	Suite 1100	Houston
1	SH 130 Concession Company LLC	10800 N US 183 Hwy NB		Buda
1	Mondee Inc	10800 Pecan Park Blvd.  315		Austin
1	VoltaGrid LLC	10800 Telge Road		Houston
1	BitTitan	10801 N Mopac Expy Bldg 1	Suite 100	Austin
1	Embarcadero Technologies Inc	10801 N Mopac Fwy	Bldg 1, Suite 100	Austin
1	Perficient IT LLC	10801 Smithville Pl.		McKinney
1	QualiSystems USA Inc	10801-2 N Mopac Expressway	Suite 200	Austin
1	Social Solutions, Global Inc	10801-2 N. MoPac Expy	Suite 400	Austin
1	SOCIAL SOLUTIONS GLOBAL INC	10801-2 N. MOPAC EXPY, BLDG 2	SUITE 400	AUSTIN
1	Bonterra Tech LLC	10801-2 N. Mopac Expy.	Suite 300	Austin
1	Bonterra LLC	10801-2 North MoPac Expressway	Suite 400	Austin
1	Bethel Covenant Assembly of God	10802 W Loop 1604 N		San Antonio
1	Dinamica Inc	10808 Fallstone	Suite 350	Houston
1	Proctek Texas Inc	10810 HWY 191	Suite 2	MIDLAND
1	Venus Cabinetry Inc	10810 W. Little York Road	Suite 100	Houston
1	Texas Grass Fed Beef LLC	10813 Decker Lane		Austin
1	Ferrovial Services U.S. Inc	10814 Jollyville Road, Bldg 4	Suite 160	Austin
1	NKB Corporate Ventures Inc	10814 W Bellfort Blvd		Houston
1	New Heart Music Ministries	10815 Fallstone Rd		Houston
1	Techquency LLC	10815 Ranch Rd 2222 Bldg B	Ste 100 573	Austin
1	Enerflex Energy Systems Inc	10815 Telge Road		Houston
1	Morrow Energy LLC	10818 West County Rd 72		Midland
1	Z Cellular LLC	10820 Homesetad Rd		Houston
1	ZCellular LLC	10820 Homestead Rd		HOUSTON
1	Cap Barbell Inc	10820 Westpark Drive		Houston
1	Ajah Technologies Inc	10824 E Crystal Falls Pkwy.,	Suite 502	Leander
1	Anagha Solutions Inc	10824 E. Crystal Falls Pkwy	Unit 503	Leander
1	InfoDataWorx LLC	10829 Sexton Drive		Mckinney
1	Optimal Cares Home Health LLC	10830 N Central Expressway	Suite 375	Dallas
1	OPTI VALUE TEK CORP	10842 BUCKEYE FURNACE LN		SUGARLAND
1	New Gen Telecom LLC	10854 Kinghurst Drive		Houston
1	Brio Pharmaceuticals Inc	10863 Rockley Rd		Houston
1	Quality 1 Energy Systems	10874 Plano Rd	Suite D	Dallas
1	Isha Tech Ltd	109 Calima Cove		Round Rock
1	Robstown Dental, PLLC	109 E Ave J		Robstown
1	Swng Productions LLC	109 Hergotz Ln	Unit 2	Austin
1	TRI-SEN SYSTEMS CORPORATION	109 MAGELLAN CIRCLE		WEBSTER
1	Marathon Independent School District	109 N. 5th Street		Marathon
1	We Are Stardust, LP	109 N. Post Oak Ln		Houston
1	Bridgeland Resources LLC	109 North Post Oak Lane	Suite 230	Houston
1	Rospar Jewellery Inc	109 S Central Expy		Richardson
1	ReShape Rx LLC	109 S Interstate 35	Door B	New Braunfels
1	DISA GLOBAL SOLUTIONS INC	10900 CORPORATE CENTRE DRIVE	SUITE 250	HOUSTON
1	Grace Emergency Room LLC	10900 Gulf Fwy	Suite B102	Houston
1	Kool Kids Pediatrics	10900 Jones Rd	Ste 1	Houston
1	Resonant Inc	10900 Stonelake Blvd	Bldg 2, Ste 100-Office 02-130	Austin
1	Watermark Insights LLC	10900 Stonelake Blvd, Quarry Oaks II	Suite 350	Austin
1	KNIME INC	10900 Stonelake BLVD.	Quarry Oaks2, Suite 150	Austin
1	AUTONOMIZE INC	10900 STONELAKE BOULEVARD	BUILDING 2, SUITE 100	AUSTIN
1	Forcepoint LLC	10900-A Stonelake Blvd., Quarry Oaks 1		Austin
1	Wi-Fi Alliance	10900-B Stonelake Boulevard	Suite 126	Austin
1	eMDs Inc	10901 Stonelake Blvd., Suite 200		Austin
1	Professionalized Products and Services Inc	10905 Brooklet Drive		Houston
1	Chemyx Inc	10905 Cash Road		Stafford
1	KING SOUTHWEST AND CONSULTING OF CYPRESS INC dba KSWC	10909 BARELY LANE		HOUSTON
1	Atova Systems Inc	10925 Estate Ln	Suite W240	Dallas
1	Nucural Inc	10925-10945 Estate Ln	STE S466	Dallas
1	BKO Services Inc	10926 Ashcroft Drive		Houston
1	ULTIMATE PHYSICAL THERAPY LLC	10929 KATY FREEWAY		HOUSTON
1	Oneiroi Consulting Services Inc	1093 CIMARRON RD		FRISCO
1	Techni-Tool	10935 Alder Circle		Dallas
1	SAVIENCE TECHNOLOGIES INC	10935 Estate Ln,	Ste S274,	Dallas, TX
1	TAMMINA INFOTECH INC	10942 PATTISON DRIVE		FRISCO
1	Cornerstone Building Brands Inc	10943 North Sam Houston Parkway W		Houston
1	Mario Sinacola & Sons Inc	10950 Research Road		Frisco
1	Stratosys Solutions Inc	10984 Great Basin Dr		Frisco
1	Technology Revolutions Inc	10998 S Wilcrest Drive	Suite 292	Houston
1	MIND TECH INC	10998 S. WilCrest	SUITE - 272	HOUSTON
1	Svan IT Solutions Inc	10998 S. Wilcrest Dr.,	Ste 281	Houston
1	Zirlen Technologies Inc	10998 S. Wilcrest Drive, Suite 240		Houston
1	CWC INTERNATIONAL INC	10998 SOUTH WILCREST DR,	SUITE 230	HOUSTON
1	ITG Technologies Inc	10998 Wilcrest Dr	Suite 144	Houston
1	GoCo.io Inc	11 Primm Valley Ct		Spring
1	Rishi & Srikanth, P. A.	11 W Bar-Le-Doc Drive		Corpus Christi
1	The Austin Club	110  East 9th ST		Austin
1	Outdoor Voices Inc	110 Chalmers Ave		Austin
1	MD Hospitalists, PLLC	110 E Savannah Ave	Bldg B Suite 202	McAllen
1	MD Hospitalists PLLC	110 E. Savannah Avenue	Building B, Suite 202	McAllen
1	Magic Retail Labs Inc	110 East Houston Street	7th Floor	San Antonio
1	Decon7 Systems Inc	110 Freeport Parkway	Suite 120	Coppell
1	Candor Builders LLC	110 Horseshoe Bend		Fairview
1	FORIS INC	110 N COLLEGE AVENUE	SUITE 500	TYLER
1	Value Dental PLLC	110 N Highway 175, Suite 106		Seagoville
1	FORIS DAX INC	110 N. COLLEGE AVENUE	SUITE 500	TYLER
1	DELL CITY INDEPENDENT SCHOOL DISTRICT	110 NORTH MAIN		DELL CITY
1	Arohi Media LLC	110 Olympia Lane		Coppell
1	COLUMBUS COMMUNITY HOSPITAL	110 SHULT DR		COLUMBUS
1	Sport Clips Inc	110 SPORT CLIPS WAY		GEORGETOWN
1	PRI Operating LLC	110 W Louisiana	Suite 500	Midland
1	COVEN WORKS INC	110 W RANDOL MILL RD		ARLINGTON
1	Adebayo Adeleke LLC	110 W Randol Mill Road	Suite 240	Arlington
1	BAYARDE SERVICES LLC	110 W Randol Mill Road,	STE 240	ARLINGTON
1	Magrym consulting Inc	110 W. Louisiana Ave	Ste 314	Midland
1	Laney Group Inc	1100 Alegacy Place		Waller
1	Action Imports LP	1100 Avenue S		Grand Prairie
1	Integra Systems Shell INC	1100 E NASA Pkwy	STE 501	Houston
1	FORMASPACE LP	1100 E. HOWARD LANE	SUITE 400	AUSTIN
1	PTC Liberty Tubulars LLC	1100 FM 3361 Road		Liberty
1	Johnson Bros. Corporation, A Southland Company	1100 Kubota Dr.		Grapevine
1	Enterprise Products Operating LLC	1100 Louisiana	Floor 10	Houston
1	Genesis Digital Assets	1100 Louisiana Street, Ste. 2750		1100 Louisiana Street, Ste. 2750
1	Mission Squash of Houston	1100 Merrill Street		Houston
1	EAGLE MARITIME CONSULTANTS INC	1100 NASA PARKWAY	SUITE 106	HOUSTON
1	Telegenixx Inc	1100 Northwest Loop 410	Suite 700	San Antonio
1	TriscendNP , LLLP	1100 Parker Square	Suite 245	Flower Mound
1	Olea Networks Inc	1100 San Augustine Drive		Austin
1	Robroy Industries Inc	1100 US Highway 21 South		Gilmer
1	Texas Department of State Health Services	1100 W. 49th Street	MC 1919	Austin
1	TEXAS HEALTH AND HUMAN SERVICES COMMISSION	1100 W. 49TH STREET, MC 1919		AUSTIN
1	Exterran Energy Solutions, L.P.	11000 Equity Drive		Houston
1	DARAM ENGINEERS INC	11000 RICHMOND AVE	STE 300	HOUSTON
1	MIL SPEC WORKS LLC	11000 STANCLIFF ROAD SUITE 160		Houston
1	Wargaming (USA) Inc	11001 Lakeline Blvd Building 2	Suite 300	Austin
1	Continental General Management LLC	11001 Lakeline Boulevard		Austin
1	Dimart Hospital Equipment LLC	1101 Ash Avenue		McAllen
1	Quantum Assurance International Inc	1101 Central Expressway S	Suite 250	Allen
1	L&S PLUMBING PARTNERSHIP, LTD.	1101 E. ARAPAHO ROAD	SUITE 190	RICHARDSON
1	Nearwave Corp.	1101 E. Parmer Ln,  221		Austin
1	YU SOUTH & ASSOCIATES PLLC	1101 EXECUTIVE DRIVE		RICHARDSON
1	The Himalaya Drug Company	1101 Gillingham Lane		Sugar Land
1	AARAMANI LLC	1101 MELBOURNE RD	STE 3045	HURST
1	AGCM Inc	1101 Ocean Drive		Corpus Christi
1	Wetrium LLC	1101 Ohio Drive	Ste. 115	Plano
1	TALLGRID TECHNOLOGIES INC	1101 RIDGE ROAD	SUITE 126	ROCKWALL
1	Shir Capital LLC	1101 S Capital of TX Hwy, Bldg B	Suite B-220	Austin
1	DCS Engineering LLC	1101 S. Capital of Texas Hwy	Building G-100	Austin
1	Alameda Oaks Medical Investors LLC	1101 South Alameda Street		Corpus Christi
1	SynchroGrid Inc	1101 University Dr. E	Suite 108	College Station
1	PETROLEUM DISTRIBUTION LLC	11010 COACHLIGHT ST,  STE 101		San Antonio
1	GENMEGA INC	11011 REGENCY CREST DR STE 100		DALLAS
1	HR GREEN INC	11011 Richmond Ave	Suite 200	Houston
1	Fulton Construction Corporation	1102 2nd St.		Corpus Christi
1	Monarch Resorts LLC	1102 S Shoreline Blvd.		Corpus Christi
1	Texas School for the Deaf	1102 S. Congress Ave		Austin
1	PB FOODS LLC	1102 W LYNDON B JOHNSON FWY		IRVING
1	The IT Mates Inc	1102 Weldon Park Dr		Sugar Land
1	Cimarron Energy Inc	11025 Equity Dr.	Ste. 200	Houston
1	Seadrill Americas Inc	11025 EQUITY DRIVE	Suite 150	Houston
1	Value Global LLC	11027 Northpointe Blvd	Suit A	Tomball
1	NORTH CENTRAL DISTRIBUTORS, POWERED BY RAVIS LLC	11029 HARRY HINES	BLDG. A	DALLAS
1	Import Warehouse Inc	11029 Harryhines Blvd,	Bldg - A	Dallas
1	PHX Agile LLC	1103 LAFAYETTE LANE		PFLUGERVILLE
1	Wichita Falls Independent School District	1104 Broad Street		Wichita Falls
1	METAGEN SOLUTIONS INC	1104 S Mays St	Suite 220	Round Rock
1	ESB Technologies Corporation	1104 S Mays St.	STE 203	Round Rock
1	DATAD SOLUTIONS INC D/B/A ACRM	1104 S Mays Street	Suite 206	Round Rock
1	ROVER RESOURCES INC	1104 S MAYS STREET  214		ROUND ROCK
1	Fatemi Enterprises Inc	11043 Harry Hines Blvd		Dallas
1	enChoice Inc	11044 Research Blvd.	STE B220	Austin
1	Imperva Inc	11044 Research Boulevard	Suite A325	Austin
1	Standard Assets Incorporated	1105 Azie Morton Road		Austin
1	CMA Education LLC	1105 E Parker Road Ste 105		Plano
1	Bumble Trading LLC	1105 West 41st Street		Austin
1	TDR Maintenance Inc	11050 Regency Green Dr.		Cypress
1	RICHMOND SENIOR SERVICES INC	1106 GOLFVIEW DRIVE		RICHMOND
1	Trans Texas Tire LLC	1106 Industrial Road		Mount Pleasant
1	Teqdata Inc	1106 N State Hwy 360 Service Rd E	STE 425	Grand Prairie
1	ITinduct Inc	1106 N State Hwy360	Suite 216	Grand Prairie
1	ASTEROID PROPERTY MANAGEMENT INC	1106 S 8TH ST		AUSTIN
1	Guide Architecture LLC	1108 Quaker St.	SUITE 130	DALLAS
1	FOCUZMINDZ	1108 SOLDIERS FIELD DR	STE 675	SUGAR LAND
1	FocuzMindz Inc	1108 Soldiers Field Dr.	Suite 360	Sugar Land
1	BITDEER INC	11081 Domain Blvd	3rd FIoor	Austin
1	LORD OF THE BOUNCE PARTY RENTALS	1109 E RUSSELL AVE		CARROLLTON
1	Swaniti Initiative	1109 Marconi Street	Apt. A	Houston
1	ONEILL INDUSTRIES INTERNATIONAL INC	111 Berry Rd		Houston
1	OxyCarbon US Inc	111 Congress Avenue,	Suite 500,	Austin
1	Loram Technologies Inc	111 Cooperative Way	Suite 400	Georgetown
1	Neiman Marcus Group	111 Customer Way		Irving
1	Tek Geeks LLC	111 Dallas Street	Suite 111	Argyle
1	HESTIA Capital Holding LLC	111 E 17th St  13327	SMB 60762	AUSTIN
1	BuildGroup Management LLC	111 Sandra Muraida Way	Suite 100	Austin
1	DisperSol Technologies LLC	111 W. Cooperative Way	Building 3, Suite 300	Georgetown
1	Cullen/Frost Bankers Inc	111 W. Houston Street		San Antonio
1	MAK HVAC LLC	1110 East Collins Boulevard		Richardson
1	De Nora Water Technologies LLC	1110 Industrial Blvd		Sugar Land
1	De Nora Water Technologies Texas LLC	1110 Industrial Blvd.		Sugar Land
1	Gonzales Healthcare Systems	1110 N. Sarah Dewitt Drive		Gonzales
1	HARMONY SCHOOL OF INNOVATION-WACO	1110 S VALLEY MILLS DR		BEVERLY HILLS
1	Velocity Cellular LLC	11102 Briar Forest Dr Ste F		Houston
1	Hitch Technologies Inc	1111  East 11th Street	200	Austin
1	EOG Resources Inc	1111 Bagby	Sky Lobby 2	Houston
1	Maverick Natural Resources LLC	1111 Bagby St.	Suite 1600	Houston
1	AMERICAN ZHONGYOUHUATONG OIL COMPANY LTD	1111 BAGBY STREET	STE 2500	Houston
1	Bloom Learning Inc	1111 East 11th Street	Ste. 200	Austin
1	Wael Asi, M.D., P.A.	1111 Medical Plaza Drive	250	The Woodlands
1	MIDLAND CARE PHARMACY LLC	1111 N MIDKIFF RD		MIDLAND
1	Weekley Homes LLC	1111 North Post Oak Road		Houston
1	VR OP LLC	1111 ROCKINGHAM		RICHARDSON
1	ZORBIS INC	1111 S. Main Street	Suite 220	Grapevine
1	NEXT-ChemX Corporation	1111 W 12 St.	Suite 113	Austin
1	Capital Partners Management LLC	1111 W 6th Street	Building A, Suite 200	Austin
1	Law Office of Ify Ononogbu pllc	1111 W Mockingbird Ln	Suite 812	Dallas
1	Online Marketing Gurus Inc	1111 W MOCKINGBIRD LNE STE		DALLAS
1	ANAND KUMAR LLC	1111 W. MOCKINGBIRD LN	SUITE 130	DALLAS
1	RF & SONS PROPERTIES LLC	1111 W. MOCKINGBIRD LN.	SUITE 945	DALLAS
1	Community Health Network	1111 West Adoue Street		Alvin
1	The SJS Group of Companies Inc	1111 Witte Road		Houston
1	Angels Over Us LLC	11110 Bellaire Blvd.	Suite 250	Houston
1	Harmonic Bionics Inc	11110 Metric Blvd, Suite A		Austin
1	Energy Cognito LLC	11111 Katy Frwy	Suite 910	Houston
1	Eagle Analytical Services Inc	11111 S. Wilcrest Dr.	S1000	Houston
1	ALTUS ACE MANAGEMENT LLC	11111 WILCREST GREEN DRIVE	SUITE 300	HOUSTON
1	MILESTONES PUBLISHING LLC	1112 JACKSON BLVD		HOUSTON
1	OnePointe Solutions LLC	1112 Swenson Blvd.		Elgin
1	St. Andrews Episcopal School	1112 West 31st Street		Austin
1	Sailpoint Technologies Inc	11120 Four Points Drive	Suite 100	Austin
1	HRT Logistics Inc	11121 WESTPARK DRIVE		HOUSTON
1	Neubrex Energy Services US LLC	11125 Highway 159 W	Suite 160	Bellville
1	E&P DFW Investment LLC	11126 Shady Trl	Suite 108	Dallas
1	Events by Faiza	11130 Petal Street	Suite 800	Dallas
1	PIVOT ENGINEERS, PLLC	1114 Lost Creek Blvd	Suite 220	Austin
1	Rivendale Homes Texas LLC	1114 Lost Creek Blvd.	Suite 200	Austin
1	Ecoscience LLC	1114 S. First Street		AUSTIN
1	Sarah Balinskas Art Services LLC	1114 Taft Street		Houston
1	Rajbhog Distributors Texas Inc	11140 Petal Street	Suite 800	Dallas
1	INDUS Road & Bridge Inc	11143B Goodnight Ln.		Dallas
1	Blue Lagune Therapy Inc	1115 Avenue D		Katy
1	LJ Haynes Company	1115 Fort Worth Highway	Suite 1200	Weatherford
1	Atlink Communications Inc	1115 Gemini St	Ste 200	Houston
1	Adaptis LLC	1115 Gemini Street	Suite 162	Houston
1	FPK Services LLC	11150 S. Wilcrest Drive	Suite 200	Houston
1	Valley Womens Specialists	1116 E. 8th Street	Suite 2	Welasco
1	Perle Inc	1116 STETSON HAT TRL		GEORGETOWN
1	Azma Ahmed PLLC	1116 W. MAIN ST	Suite B	GUN BARREL CITY
1	Crocket Martin Corp	11166 Crocket Martin Rd		Conroe
1	PCS Ferguson Inc	11177 S. Stadium Dr.		Sugar Land
1	Kolvan Corporation	1118 Twilight Dr.		Lewisville
1	Thomas Turf Services Inc	11183 State Highway 30		College Station
1	BZO Wheel and Tire Distributor LLC	1119 Adkins Road		Houston
1	Intellisvista Inc	1119 Zoe Springs Way		Richmond
1	Cloud Comps Consulting LLC	112 Canyon Lake Ln		Georgetown
1	Mailgun Technologies Inc	112 E Pecan Street	Suite 1135	San Antonio
1	TransPecos Banks, SSB	112 E. Pecan Street, Suite 800		San Antonio
1	Hill College	112 Lamar Drive		Hillsboro
1	World Asia Logistics Inc	112 Wrangler	Ste 100	Coppell
1	Lanvera Ltd	112 Wrangler Dr.	Ste. 150	Coppell
1	KOWERT HOOD MUNYON RANKIN & GOETZEL, P.C.	1120  S. Capital of Texas Hwy, Building 2	Suite 300	Austin
1	Odyssey Space Research LLC	1120 E. Nasa Parkway	Ste. 505	Houston
1	Sirtecom USA LLC	1120 Jupiter Road, Suit 180		Plano
1	Techlead International Inc	1120 Nasa Pkwy	Ste. 220E	Houston
1	Art of Mentoring Inc	1120 S Capital of Texas Hwy		Austin
1	TalentGuard Inc	1120 S Capital of TX Hwy	Suite 3-105	Austin
1	COHERENT LOGIX INCORPORATED	1120 S. CAPITAL OF TEXAS HWY, BLDG. 3, SUITE 200		AUSTIN
1	iTalk Global Communications Inc	1120 South Capital of Texas Hwy	Building 3, Suite 110	Austin
1	WorthWhile Inc	1120 South Freeway	Suite 122	Fort Worth
1	Semergytech Inc	1120 South Freeway, suite 123 E		Fort Worth
1	ConvexTech Inc	11200 Broadway	Suite 2743	Pearland
1	Fire Fox Pump Services LLC	11200 Interstate 20		Odessa
1	CCL Contracts Consultancy Inc	11200 Richmond Ave	Suite 430	Houston
1	RPD Systems LLC	11200 Sacahuista CT		Austin
1	Firefox Pump Services LLC	11200 W Interstate 20		Odessa
1	Nguyen and Chen LLP	11200 Westheimer Suite 120		Houston
1	Fivengineering LLC	11200 Westheimer, Suite 353		Houston
1	Novetus Engineering LLC	11200 Westhimer Road	STE 360	Houston
1	Edvenswa Tech Inc	11205 ALPHARETTA HWY	STE H-2	ROSWELL
1	PRECIOUS REALTY & MORTGAGE	11205 BELLAIRE BLVD	STE B-33	HOUSTON
1	April Han Studio LLC	11207 Brightwood Heights Ct		Cypress
1	IT SOLVE LLC	1121 HAMPSHIRE LN	STE 228	RICHARDSON
1	Waco Kids Dental PC	1121 lake Air Drive		Waco
1	TSICOM LLC	11211 Katy Fwy	Ste 425	Houston
1	83bar Inc	11211 Taylor Draper Lane	Suite 115	Austin
1	Nanthaveth & Associates PLLC	11211 Taylor Draper Ln	Ste 107	Austin
1	Animal Defense League of Texas	11215 Iota Drive		San Antonio
1	RNSA LLC	11215 MOSSRIGG CIRCLE		Richmond
1	Clarendon College	1122 College Drive		Clarendon
1	MCIP Industrial Enterprises Corporation	1122 N MAIN ST		PEARLAND
1	Petty Karma Interactive LLC	1122 Tillery Street		Austin
1	UX is Fine LLC	11220 Blackmoor Dr.		Austin
1	Gulbani Construction Inc	11221 Katy Fwy	Suite 209	Houston
1	THERAMEDIC REHAB INC	11221 Katy Fwy.	Suite 209	Houston
1	Mobilize LLC	11224 Southwest Fwy	Suite 250-2	HOUSTON
1	IBN SINA FOUNDATION INC	11226 S WILCREST DR.		HOUSTON
1	IBN SINA FOUNDATION	11226 S. WILCREST DR.		HOUSTON
1	Pure Flux Technology Solutions LLC	1123 Bringewood Chase Dr		Spring
1	Arthur Lawrence US LLC	11233 Shadow Creek Parkway	Suite 313	Pearland
1	Indus Valley Software Inc	11237 Soutwest Freeway	Suite 100	Houston
1	Squirrels Square LLC	11239 Grapevine Ln		Frisco
1	D&D LENDERS LLC	11246 S. WILCREST DR.	SUITE 120A	HOUSTON
1	Seema Enterprises Inc	11249 Bissonnet Street		Houston
1	Genpact Global Tech inc	11249 copperstone lane		frisco
1	Turbo Drill Industries Inc	1125 Beach Airport Road		Conroe
1	Agni Chemicals	1125 Cypress Station Drive	Suite G1	Houston
1	Gilbert May Inc	1125 Longpoint Avenue		Dallas
1	VK Pediatric Dentistry PLLC	1125 W FM 544	Suite 50	Wylie
1	TRESCOPE INC	11250 Charles Rd	STE E	JERSEY VILLAGE
1	American HTV Supply Inc	11250 Harry Hines Blvd	Ste 104	Dallas
1	IDARE LLC	11251 Northwest Frwy	Suite 310	Houston
1	Salient Global Technologies CORP	11252 Leo Lane		Dallas
1	RAVIG INC	11252 Leo Ln		Dallas
1	Versacom LP	1126 Commerce Dr.		Richardson
1	Surely Health Inc	1126 Salina Street		Austin
1	Cecilia torres	1127 eastview drive		canyon lake
1	DivisionOne Construction LLC	11280 West Road		Houston
1	Fate International Hotel Management LLC	11280 Westheimer Road		Houston
1	VS Solutions  Inc	113 TX-121	Suite 102	Coppell
1	EG4 Electronics LLC	1130 Como Street S.		Sulphur Springs
1	Singleton, Clark & Company, PC	1130 Cottonwood Creek Trail	Bldg B Ste 4	Cedar Park
1	Cardinal Tec INC	1130 E Arapaho Rd	STE 295	Richardson
1	Cloud Digital Technologies Inc	1130 E. Arapaho Road	Suite 695	Richardson
1	Marsh/PMK International LLC	1130 E. Araphaho Road	Suite 580	Richardson
1	Endodontic Consultants of San Antonio, PC	1130 E. Sonterra Boulevard	Suite 140	San Antonio
1	VantageERP LLC	11301 Richmond Ave	Suite K111A	Houston
1	BigCommerce Inc	11305 Four Points Dr.	Building 2, Suite 100	Austin
1	Makeready LLC	1131 Dragon Street		Dallas
1	D & B Precision cutting and manufacturing LLC	11311 Wayland Way		San Antonio
1	3Thix	11313 Saddlebred Trail		Manor
1	PEDRAZA A/C LLC	11318 TIMBER CREST DR.		HOUSTON
1	Colorado Independent School District	1132 Hickory Street		Colorado City
1	VINASHOP LLC	11322 Bellaire Blvd	Suite 111	houston
1	SLG Lighting Inc	11325 Cash Road	Suite 100	Stafford
1	B & B GLASS INC	11325 Gemini Lane		Dallas
1	Geome Analytics Inc	11326 Burmese Ln		Sugar Land
1	KF VALVES LLC	11327 Tanner Road		Houston
1	Surge Operating LLC	11330 Clay Road	Suite 200	Houston
1	Hash Communications LLC	11330 Rossie Moor ln		Richmond
1	METOX INTERNATIONAL INC	11331 TANNER ROAD		HOUSTON
1	Bearded Guys LLC	11333 Emerald Street		Dallas
1	L135 Analytics LLC	11340 Parma Ln.	122	Keller
1	US CABINETS & RUSTIC FURNITURE INC	1135 E PLANO PKWY	SUITE 1	PLANO
1	Por Vida Inc	1135 Mission Road		San Antonio
1	Handraise Inc	1135 W 6th Street	Suite 110A	Austin
1	TEKEngineers Inc	11351 Tusk Trl	Suite 102	Frisco
1	ARDOR IT SOLUTIONS INC	1136 Hidden Ridge	Apt 2200	IRVING
1	AlphaOne Robotics Inc	11363 Denton Dr.	Suite 110	Dallas
1	New Horizon Insurance Company	1137 Key Street		Houston
1	GET CORP PAYROLL ACCOUNTING & TAX	11375 S KIRKWOOD RD STE B		STAFFORD
1	GT Remarketing LLC	11390 Old Corpus Christi Hwy		San Antonio
1	NP Strategies LLC	114 1/2 E Lousiana Street Suite 206		McKinney
1	Leverture LLC	114 E Main St	Suite C1	Decatur
1	BIOTEX INC	114 HOLMES ROAD		HOUSTON
1	KRAKEN TECHNOLOGIES US INC	114 Main Street	Suite 300	Houston
1	Kiwi Hospitality Houston LLC	114 Richey Street		Pasadena
1	Concerto Card Company	114 W 7th St Ste 600		Austin
1	TrussTECH Inc	1140 Milfoil Dr		Justin
1	Creative Learning Center - Austin	11401 us hwy 290 e	Suite b	Manor
1	RBI Enterprises Inc	11411 Gowanhill Dr		Richmond
1	IQIT SOLUTIONS INC	11415 GOWANHILL DR		RICHMOND
1	Syndica Inc	11419 Ashford Haven Drive		Sugar Land
1	Innoblock Technology Inc	11420 HWY 36		Comanche
1	Yanagi Trading LLC	11422 Harry Hines Blvd Suite 121		Dallas
1	SMOKEETOWN WHOLESALE LLC	11424 REEDER ROAD		DALLAS
1	Track Commerce Inc	11424 Spring Cypress	Ste. B2	Tomball
1	89 Solutions USA Inc	11428 Archstone Dr		Austin
1	Southwest Sealers Inc	11430 Newkirk Street		DALLAS
1	Touch Tell Inc	11430 Reeder Rd		Dallas
1	Event Technology Services LLC	1144 Bethel Road	Suite 400	Coppell
1	Mio IT Solutions LLC	1144 Vernon Drive		Krugerville
1	Hewlett Packard Enterprise Company	11445 Compaq Center W. Dr.		Houston
1	Synergenx Physician Services	11445 Compaq Center West Dr	A6.8 Suite A	Houston
1	Standard Alloys Inc	1145 Kerry Twin Thomas Dr.		Port Arthur
1	Skimmer LLC	1145 W. 5th Street	Ste. 200	Austin
1	Inventec Manufacturing (N.A.) Corporation	11450  Compaq Center West Drive, Suite 200		Houston
1	Inventec Distribution (North America) Corporation	11450 Compaq Center Drive West	Ste. 200	Houston
1	Goldspring Consulting LLC	11450 US Hwy 380	Ste 130 281	Cross Roads
1	Memorial Dental Associates, PLLC	11451 Katy Fwy	Suite 105	Houston
1	Analytic Focus LLC	11467 Huebner Road	Suite 200	San Antonio
1	Durango Resources Corp.	1147 Brittmoore Road	Suite 1	Houston
1	Morimatsu Houston Corporation	11490 Westheimer Road	Suite 800	Houston
1	Potel Projects LLC	11491 Glen Rose Dr		Frisco
1	JS MERCHANT SOLUTION INC	11494 LUNA RD  222		Dallas
1	Frontiers Market Technologies Inc	115 E 5th		Austin
1	Paramedic Logistics Operating	115 Jordan Plaza Suite 200		Tyler
1	Adventa Soft Inc	115 N 12th ST		Highlands
1	County of Victoria	115 N Bridge		Victoria
1	DSGN Associates Inc	115 W. Greenbriar Lane		Dallas
1	ADVI Health LLC	115 Wild Basin Rd	Suite 300	Austin
1	The Devereux Foundation	1150 Devereux Drive		League City
1	Texas Service Life Insurance Company	1150 Lakeway Dr	Ste. 100	Lakeway
1	Accruent LLC	11500 Alterra Parkway	Suite 110	Austin
1	CSE W-INDUSTRIES INC	11500 Charles Road		Houston
1	Airship Syndicate Entertainment Inc	11500 Metric Blvd	STE 430	Austin
1	NATIONAL INSTRUMENTS CORPORATION	11500 NORTH MOPAC EXPRESSWAY		AUSTIN
1	Michelle Ling Shen Ltd	11500 South Pipeline Road		Euless
1	Greatwall Inc	11500 State Highway 121	Ste. 410	Frisco
1	Astute Business Solutions	11501 Dublin Blvd	Suite 200	Dublin
1	HTX INSURANCE AGENCY LLC	11503 SOUTHWEST FRWY.	SUITE B	HOUSTON
1	NB Alpha Omega LLC	11505 Brompton Drive		Frisco
1	11506 CENTURY OAKS TERRACE LLC	11506 CENTURY OAKS TERRACE	SUITE 128	AUSTIN
1	Advanced M & A Expert INC	11510 Data Drive		Dallas
1	Gomez Law, PLLC	11511 Katy Freeway, Suite 610		Houston
1	Mission Servicing Residential Inc	11511 Luna Road	Suite 625	Farmers Branch
1	EAGLE METAL PRODUCTS LLC	11511 LUNA ROAD SUITE 100		FARMERS BRANCH
1	KELSEY-SEYBOLD MEDICAL GROUP, PLLC	11511 SHADOW CREEK PARKWAY		PEARLAND
1	Rehoboth Fare Inc	11512 Mcdows Hole Ln		Austin
1	SULZER TURBO SERVICES HOUSTON INC	11518 Old La Porte Road		La Porte
1	Build A Sign LLC	11525 A Stonehollow Dr.	Suite 100	Austin
1	GREEN REVOLUTION COOLING INC	11525 STONEHOLLAW DRIVE	SUITE A-135	AUSTIN
1	LNSK Associates	11528 Harry Hines Blvd	STE B213	Dallas
1	ContiTech Oil & Marine Corp.	11535 Brittmoore Park Drive		Houston
1	The Livo Inc	11536 Harry Hines Blvd, STE 105		Dallas
1	BUMPSUIT LLC	1155 BARTON SPRINGS ROAD	SUITE 502	AUSTIN
1	SIERRA FRAC SAND LLC	1155 E. JOHNSON STREET		TATUM
1	UNIVERSITY OF NORTH TEXAS	1155 Union Circle		Denton
1	Ham, Langston & Brezina, LLP	11550 Fuqua St.	Suite 475	Houston
1	Envirobiomics INC	11550 IH 10 W	Suite 105	San Antonio
1	TPA BENEFITS INC	11550 IH-1O WEST	SUITE 220	SAN ANTONIO
1	APNY Inc	11551 Forest Central Dr Num	210	Dallas
1	Global Civil Solutions LLC	11551 Forest Central Drive	Suite 220	Dallas
1	Austin Pets Alive Inc	1156 West Cesar Chavez St.		Austin
1	ROTECH SOLUTIONS LLC	116 CUPREATA LN.		LEANDER
1	GLOBAL CLIENT TECHNOLOGY LLC	116 ELDRIDGE RD	STE E	SUGARLAND
1	Bentoli Inc	116 Hoxie Street		Coupland
1	Huaru Pipe Inc	116 Maple Street		Commerce
1	Donna Independent School District	116 North 10th Street		Donna
1	Ocelo Enterprises Inc	1160 Paredes Line Road		Brownsville
1	Citizen Best LLC	11601 Century Oaks Terrace	4123	Austin
1	RADIUS INFO SYS INC	11607 SPRING CYPRESS RD	SUITE A	TOMBALL
1	VBI Group Inc	1161 W. Corporate Drive		Arlington
1	The Lamplighter School	11611 Inwood Road		Dallas
1	Scheibe Consulting LLC	11612 Bee Cave Road Bldg. 1, Ste. 240		Austin
1	NEXON IT SOLUTIONS INC	11615 FOREST CENTRAL DR	SUITE 323	DALLAS
1	El Paso Pellicano Family Dentistry, PLLC	11615 Pellicano Drive	Suite 100	El Paso
1	HyCloud Technologies LLC	11619 Independence Pkwy	Ste 300	Frisco
1	XM Computers Inc	11628 Southwest Fwy		Houston
1	Odyssey Precision Fabricating LLC	11669 Brittmoore Park Drive		Houston
1	Esolvit Inc	11675 JOLLYVILLE ROAD	Suite 152	Austin
1	Superfast Pharmacy and Medical Supplies LLC	11690 Spring Cypress Road	Suite 100	Tomball
1	Gemmy Industries Corporation	117 Wrangler Drive	Suite 100	Coppell
1	Paxel Consulting LLC	1170 Corporate Drive W	Suite 204	Arlington
1	International Transportation Services Inc	1170 Joe Battle Blvd.		El Paso
1	Hanwha Power Systems Americas Inc	11700 Katy Freeway	Suite 650	Houston
1	KyotoCooling North America LLC	11700 Preston Road	Ste. 660-636	Dallas
1	Crimson Vista Inc	11701 Bee Caves Rd	STE 215	Austin
1	Apptronik Inc	11701 Stonehollow Dr		Austin
1	Tuopu USA LLC	11708 McAngus Rd		Del Valle
1	OJ LAWAL LAW FIRM AND ASSOCIATES	11711 bedford St. Unit 1		HOUSTON
1	Law Firm of O.J. Lawal and Associates	11711 Bedford Street,	Suite 1	Houston
1	Asian American Cultural Center LLC	11713 Jollyville Road		Austin
1	A-Cure Physical Therapy And Wellness Center LLC	11717 Highland Meadow Dr.	Suite 100	Houston
1	New Era Life Insurance Company	11720 Katy Frwy.	Suite 1700	Houston
1	MEADOWS DIAGNOSTICS LLC	11720 W AIRPORT BLVD	SUITE 800	MEADOWS PLACE
1	Houston Poly Bag I, Ltd.	11726 Holderrieth Rd		Tomball
1	PangTong Wellhead USA Inc	11730 S. Sam Houston Pkwy W.		Houston
1	Avmtechies LLC	11733 AUTUMN BREEZE DR		Frisco
1	Prism Energy International Americas Inc	11740 Katy Fwy	Ste 1600	Houston
1	48Forty Solutions LLC	11740 Katy Fwy Suite 12		Houston
1	Sunny Sky Products LLC	11747 Windfern Road	Ste. 100	Houston
1	Wan Bridge Group	11750 Katy Freeway Suite 1400		Houston
1	The Timothy Center LLC	11754 Jollyville Road	Ste 110	Austin
1	GeoComputing Group LLC	11757 Katy Freeway	Suite 1300	Houston
1	Bovay Engineers Inc	11757 Katy Frwy	Suite 700A	Houston
1	XNOVAQ LLC	11762 Creekwood Dr		Frisco
1	AES Drilling Fluids	11767 Katy Freeway	Suite 230	Houston
1	The John Paul II Foundation for Life and Family	1177 W. Loop South	Suite 940	Houston
1	Real International Investments LLC	11770 Jollyville Rd		Austin
1	Hunting Titan Inc	11785 Highway 152		Pampa
1	Payteros LLC	118 Vintage Park Blvd	Suite W750	Houston
1	ECOM Elite Computer Consultants LP	118 Vintage Park Blvd.	Suite W418	Houston
1	Finixa USA Inc	1180 West Loop North	Suite A	Houston
1	ADVANCED ORTHOPAEDICS & SPORTS MEDICINE	11800 FM 1960 W		HOUSTON
1	ORTHOLONESTAR, PLLC	11800 FM 1960 W ROAD		HOUSTON
1	Technical Adhesives USA LLC	11801  Domain Blvd	FLR 3rd	Austin
1	Venus Industry LLC	11801 County Road 506		Venus
1	Frisco Analytics LLC	11801 Domain Blvd,	3rd Floor	Austin
1	Forward Lending Inc	11801 Domain Blvd. 3rd Floor		Austin
1	Wolfia Inc	11801 Domain Blvd., 3rd Floor		Austin
1	Impressive Digital LLC	11801 Domain Boulevard		Austin
1	Adventist Health System of Texas Hospital Inc	11801 South Freeway (I-35W)		Burleson
1	Worldwide Oilfield Machine Inc	11809 Canemont St		Houston
1	RMS Marine Service US LLC	11810 W Farimont Parkway	Suite B100	La Porte
1	Future Pipe Industries Inc	11811 Proctor Street		Houston
1	AmeriSurveyors LLC	11815 Warfield St		San Antonio
1	ComCap Holdings LLC	11816 Inwood Road	PMB 70246	Dallas
1	Engen Contracting Inc	11824 Jollyville Rd	Suite 202	Austin
1	ConnectTel Inc	11824 Jollyville Road	Ste 302	Austin
1	Omega Air Inc	11827 Tech Com Rd	Suite 220	San Antonio
1	MOURI Tech LLC	1183 W. John Carpenter Freeway		Irving
1	CarbonFree Chemicals SPE I LLC	11839 Nacogdoches Road		San Antonio
1	Tan45 Tech Inc	11843 Braesview 1308		San Antonio
1	Infomedia Group Inc	11845 IH 10 West	Ste 400	San Antonio
1	PLANET9TEK LLC	11847 GREAT TRL		FRISCO
1	Ciphermax LLC	1185 Aldrich Pl		IRVING
1	Arbor Oaks Dental	11851 Jollyville Rd	Suite 101	Austin
1	SASHIDHAR V GANTA, MD PA	11851 JOLLYVILLE ROAD	SUITE 104	AUSTIN
1	DIAMOND C STORE INC	11855 Tanner Rd		Houston
1	BIZINSYS Inc	11859 Yoakum Dr.		Frisco
1	Victoria Q. Cisneros Dentistry, PLLC	11861 S. Sam Houston Pkwy. W. Ste. B		Houston
1	RamTech Solutions LLC	11891 Henderson Dr		Frisco
1	Khush Dentistry PLLC	119 Business Park Blvd	Suite 200	Kenedy
1	NexGenT Inc	11900 Jollyville Road,  200969 (mailing address)		Austin
1	Builder Homesite Inc	11900 Ranch Road 620 N		Austin
1	American Constructors LLC	11900 W. Parmer Lane	Suite 200	Cedar Park
1	Integritas Solutions Inc	11901  W. Parmer Lane	Suite 220	Cedar Park
1	Brentwood Oaks Church of Christ	11908 North Lamar Blvd.		Austin
1	Oceaneering International Inc	11911 FM 529 Road		Houston
1	HomeAway.com Inc	11920 Alterra Parkway		Austin
1	Isenberg Bath Corporation	11927 Mustang Rd	Suite 100	DALLAS
1	NORTH AMERICAN UNIVERSITY	11929 W Airport Blvd		Stafford
1	Indus River Technologies Inc	1193 W John Carpenter Freeway	STE 100 A	IRVING
1	SILVER BAY CONSULTING LLC	11931 WICK CHESTER LN	STE 450	HOUSTON
1	Silverbay Consulting LLC	11931 Wickchester Lane	450	Houston
1	DUROTECH INC	11931 WICKCHESTER LN	SUITE 205	HOUSTON
1	Dover Precision Components	11951 N Spectrum Blvd		Houston
1	Hithium Tech USA Inc	11955 FM 2932		Forney
1	Temple Baptist Church	1197 Old Lorena Road		Lorena
1	ELEGANT STONE FABRICATION LLC	11981 FM 529 RD		HOUSTON
1	DiCentral Corporation	1199 NASA Parkway		Houston
1	Metalist LLC	11993 FM 529		Houston
1	KMS Technologies - KTJ Enterprises Inc	11999 Katy Freeway	STE 160	Houston
1	Magnetar Consulting Services LLC	11999 Katy Fwy	STE 396	Houston
1	Avelo Airlines Inc	12 Greenway Plaza	Suite 400	Houston
1	Horizon Insights Inc	12 GREENWAY PLAZA, 11TH FLOOR		Houston
1	Mediaocean LLC	120 Broadway, 8th Floor		New York
1	RegenTX Partners LLC	120 Chula Vista Drive		San Antonio
1	Shannon Clinic	120 E Beauregard Ave		San Angelo
1	Shannon Medical Center	120 E Harris Ave		San Angelo
1	KWS Structural Inc	120 River Oaks Drive	Suite 100	Southlake
1	Calcite Systems Inc	120 S Denton Tap Rd	Suite 100	Coppell
1	Khampal LLC	120 W MESQUITE AVE		ROGERS
1	Killeen Pediatric Dentistry, PLLC	120 W. Central Texas Expressway	Ste. 200	Harker Heights
1	River Magic Inc	1200  E. Davis Street	Suite 114	Mesquite
1	ARBOR INTERNATIONAL LLC	1200 Lakeside Pkwy	Suite 375	Flower Mound
1	Anchor Fabrication of Nevada Corp	1200 Lawson rd		Fort Worth
1	The Wing Bucket LLC	1200 Main St suite 100		Dallas
1	Prestige DFW Inc	1200 Mustang Dr	Ste 200	GRAPEVINE
1	FANNIN COUNTY HOSPITAL AUTHORITY	1200 S HALL STREET		ENNIS
1	KZ Electronic LLC	1200 Sildiers Field Dr STE 188		Sugar Land
1	KZE Group LLC	1200 Soldiers Field Dr STE 188		Sugar Land
1	Strategic Estimating Systems	1200 Soldiers Field Drive	Suite 300	Sugar Land
1	THE TRINITY METHODIST CHURCH OF ARLINGTON, TEXAS INCORPORATED	1200 W GREEN OAKS BLVD		ARLINGTON
1	CLOUDSERVE SOLUTIONS LLC	1200 W WALNUT HILL LN.	SUITE 3600	IRVING
1	Ivistasoft LLC	1200 W. Walnut Hill Ln.	Suite 3100	Irving
1	Global Systems LLC	1200 Walnut Hill Lane Suite 2220		Irving
1	TOADFLY TECHNOLOGIES LLC	12000 AEROSPACE AVE	Suite 100	Houston
1	Rochal Technologies LLC	12000 Network Blvd	Suite B-200	San Antonio
1	Dickson Process Systems,	12000 W Hwy 80E		Odessa
1	Hellas Construction Inc	12000 W. Parmer Lane		Austin
1	TEXAS DIAGNOSTIC LABORATORIES LLC	12000 WESTHEIMER RD	SUITE 100	HOUSTON
1	TechSemble Inc	12000-12100 Ford Road, Suite B161		Farmers Branch
1	JZNEE Renewable Energy Technology INC	12001 N Houston Rosslyn Rd		Houston
1	Maitland Property Management	12005 Ford Rd	Ste 520	Dallas
1	HARMONY SCIENCE ACADEMY-DALLAS	12005 FORESTGATE DR		DALLAS
1	Texas Association of School Boards Inc	12007 Research Blvd.		Austin
1	Hi-Pro Feeds LLC	1201 E 11th St		Friona
1	Royal Protocol Software Corporation	1201 E 15th Street	Suite 407	Plano
1	Qorvo Texas LLC	1201 E CAMPBELL RD		RICHARDSON
1	Pine Street Labs Inc	1201 E Cesar Chavez St	Suite 2	Austin
1	Southwest Viral Med Inc	1201 E Schuster Ave	Bldg. 7	El Paso
1	Qorvo US INC	1201 E. Campbell Road		Dallas
1	ECOLIT TXS LLC	1201 Fannin St	Ste 262	Houston
1	Spencer Ogden Inc	1201 Fannin St.	Suite 300	Houston
1	Sun Tech Solutions Inc	1201 International Parkway,  180		Richardson
1	Skyven Technologies Inc	1201 International Pkwy	STE 300	Richardson
1	SIGNATURE SYSTEMS GROUP LLC	1201 LAKESIDE PARKWAY	SUITE 150	FLOWER MOUND
1	TotalEnergies Renewables USA LLC	1201 Louisiana St	Ste 1300	Houston
1	Energy Aspects Corp	1201 Louisiana St, Level 5	Ste. 580	Houston
1	Atlantic Trading & Marketing Inc	1201 Louisiana Street Ste. 1400		Houston
1	Calise Partners LLC	1201 Main Street	Suite 1800	Dallas
1	American Health & Rehab LLC	1201 N WATSON RD	STE 220	Arlington
1	The Akpom Firm PC	1201 N. Watson Road	Suite 286	Arlington
1	Halff Associates Inc	1201 North Bowser Road		Richardson
1	DATALAB INFOTECH INC	1201 RICHARDSON DRIVE	SUITE 180	RICHARDSON
1	Ellie Diagnostics	1201 S Sherman St		Richardson
1	9th Wonder Global LLC	1201 San Jacinto St.	Suite 267	Houston
1	Joblogic-X Corporation	1201 W 15th St	Suite 240	Plano
1	PROSIS TECHNOLOGIES INC	1201 W 15th St.	SUITE 310	Plano
1	SEVIS SYSTEMS LLC	1201 W. 15TH STREET	SUITE 300	PLANO
1	Memorial Health System of East Texas	1201 W. Frank Ave		Lufkin
1	THE UNIVERSITY OF TEXAS RIO GRANDE VALLEY	1201 West University Drive		Edinburg
1	Gulf Rice Milling LLC	12010 Taylor Rd		Houston
1	GULF RICE MILLING INC	12010 TAYLOR ROAD		HOUSTON
1	Rone Engineering Services LLC	12012 Wickchester Lane	Suite 550	Houston
1	Lightspeed Systems	12013 Fitzhugh Rd		Austin
1	Align Dental Specialties, PLLC	12014 Huebner Road	Suite 102	San Antonio
1	PCP for Life PA	12015 Louetta Rd	200	Houston
1	Advanced Telecom Services Co.	12016 Deer Trail		Frisco
1	Hyliion Inc	1202 BMC Drive		Cedar Park
1	8tree LLC	1202 Richardson Drive	Suite 104	Richardson
1	PRISTEN IT SYSTEMS INC	1202 S 31ST STREET	SUITE 1204	TEMPLE
1	RAIZ FEDERAL CREDIT UNION	12020 ROJAS DRIVE		EL PASO
1	INTEGRATED TESTING AND ENGINEERING COMPANY OF SAN ANTONIO, L.P.	12028 RADIUM STREET		SAN ANTONIO
1	MIDLAND CENTRAL LLC	1203 N. Lamesa Road		Midland
1	LUSSO LABS INC	1203 S WHITE CHAPEL BLVD	SUITE 100	SOUTHLAKE
1	Ling Asian Restaurant LLC	1203 W 6th St.		Austin
1	Reliance Restoration LLC	1203 Willow St		Austin
1	Nuevosoft LLC	12030 Bandera Rd	STE 108-E	Helotes
1	L.T.I. SALES INC	1204 ½ N STEMMONS FWY		LEWISVILLE
1	Decision Minds Inc	1205 BMC Drive	Suite 305	Cedar Park
1	BROWNSVILLE PHARMACY 1 LLC	1205 CENTRAL BLVD		BROWNSVILLE
1	Inevitable Tech Inc	1205 Reed Drive		Lockhart
1	Vroom Automotive LLC	12053 Southwest Freeway		Stafford
1	STMA Business LLC	12054 Starcrest Dr.		San Antonio
1	Quest Distributors LLC	12054 Starcrest Drive		San Antonio
1	Allen Heights Dental	1206 E Main St, Ste  107, Allen, TX 75002	Ste 107	Allen
1	Sharp Iron Group LLC	1206 Hatton Road		Wichita Falls
1	Scott & White Health Plan	1206 West Campus Drive		Temple
1	TECHSERV CONSULTING AND TRAINING LTD.	12078 STATE HWY 64 WEST		TYLER
1	Ideal Turf LLC	1209 Baurline St.		Fort Worth
1	Tek Dynamiks LLC	1209 Sioux St		Carrollton
1	Purocol LLC	12097 Corporate Drive		Dallas
1	Lewisville North Animal Clinic PC	121 Degan Avenue		Lewisville
1	Fusion Dental PLLC	121 Eastgate Plaza		Bellemead
1	Riverside Engineering Inc	121 Interpark Boulevard	Suite 604	San Antonio
1	C & Y Global Inc	121 N PASADENA BLVD		Pasadena
1	Jatayu Solutions LLC	121 W Hickory ST	Suite 105	Denton
1	Avvinya Tech Solutions LLC	1210 Ancrum Hill Ln		Sugar Land
1	SMS Clinical Research LLC	1210 N Galloway Ave		Mesquite
1	The Texas Association of County Officials	1210 San Antonio		Austin
1	Texas Association of County Officials	1210 San Antonio Street		Austin
1	Thirteen23 Corp.	1210 W. 49th Street	Suite 200	Austin
1	AnTech Oilfield Services Inc	12100 FM 725		Seguin
1	GISPATH INC	12100 Ford Rd suite  B354		Farmers Branch
1	PINACLE IT CORP LLC	12100 Ford Rd, B 164		Dallas
1	viaSDLC LLC	12100 ford Rd, B115		Farmers Branch
1	Hashtek Inc	12100 FORD ROAD, , Suite, B155		Farmers Branch
1	TraxID LLC	12100 Ford Road, Suite 302		Farmers Branch
1	SAMSUNG AUSTIN SEMICONDUCTOR, L.L.C.	12100 SAMSUNG BLVD		AUSTIN
1	Samsung Austin Semiconductor LLC	12100 Samsung Boulevard		Austin
1	EnerMech Mechanical Services Inc	12101 Cutten Road		Houston
1	Enduring Games Inc	12102 Carmel Park Lane		Austin
1	Ekki Water Technologies Inc	12104 US Hwy 87	Suite 6008	Lubbock
1	Research Update Inc	12106 River Dee Drive		Humble
1	DroidEstates Inc	1211 Castle Dr		Prosper
1	Pentagon Freight Services Inc	1211 E. Richey Road		Houston
1	United Pipe & Steel	1211 Kress Street		Houston
1	Texas Conference of Seventh-day Adventists	1211 W Highway 67		Alvarado
1	Gameto Inc	12117 Bee Caves Road	Suite 160	Bee Cave
1	STSSIT LLC	12119 Vance Jackson Rd, STE 1205		San Antonio
1	Mythri Minds LLC	1212 Community Ave		Mckinney
1	Karat Home Inc	1212 Corporate Dr.	Suite 350	Irving
1	Yasme Soft Inc	1212 Corporate Drive, Ste  150		Irving
1	SILVERLINE TECHNOLOGIES OF AMERICA LLC	1212 E. ARAPAHO ROAD		RICHARDSON
1	Allen Construction Co.	12121 Silver Crown Road		Horizon City
1	BBH&E Perfumes Inc	12121 Westheimer Road	Suite 106	Houston
1	OIL FIELD DEVELOPMENT ENGINEERING LLC	12121 WICKCHESTER LANE	SUITE 700	HOUSTON
1	Boost Technologies LLC	12125 Bammel North Houston Rd		Houston
1	Runjesnor, LP	12126 Roxie Drive		Austin
1	Alarcas Trucking Inc	12127 Westwold Dr		Tomball
1	E-CQR INC	1213 Ranch Road 620 South, Suite 201		Lakeway
1	PGTEX USA Inc	12135 Esther Lama Dr.	Ste. 100	El Paso
1	TECH TRANSFER INC	12141 WICKCHESTER LANE, SUITE 700		HOUSTON
1	HOME SWEET HOME RESIDENTIAL CARE FACILITY FOR THE ELDERLY	12142 7TH STREET		HOUSTON
1	Midway ISD	12142 State Highway 148 South		Henrietta
1	DeliverIt Pharmacy Infusion Center LLC	12144 Dairy Ashford Road	Suite 100	Sugar Land
1	KNOVIQ IT SOLUTIONS LLC	1214W GREENOAKS BLVD.	SUITE 151	ARLINGTON
1	E-Consulting Inc	1215 Backbay Drive		Irving
1	Lozanos Harvesters Corp	1215 Poblano Ln		Edinburg
1	Nationwide Auto Services Inc	1215 Trend Dr.		Carrollton
1	Faith Academy of Bellville	12177 Hwy 36		Bellville
1	L7 Informatics Inc	1219 W 6th St.		Austin
1	Odessa Reproductive Medicine Center	122 Candelaria		Helotes
1	Scaleworks Inc	122 E Houston Street	Suite 105	San Antonio
1	Hutto Area Chamber of Commerce	122 East Street		Hutto
1	Correct Designs Inc	122 Lenz Drive		Seguin
1	Maks Inc	122 Rose Ln	suite E1	Frisco
1	Quest IT Solutions Inc	122 Venice St		Sugar Land
1	SATHYA LLC	1220 COTTONWOOD CREEK TRAIL		CEDAR PARK
1	SAGE VETERINARY IMAGING	1220 E. MCNEIL ROAD		ROUND ROCK
1	Saifee Company LLC	1220 Shotwell St.		Houston
1	Oni Studios LLC	1220 Toro Grande		Cedar Park
1	GENERIC SOLUTIONS INC	12200 FORD ROAD, STE. 484		DALLAS
1	G1 Construction Inc	12200 N Stemmons	Ste 305	Dallas
1	Steely Farm LLC	12200 N. Stemmons FWY	Ste. 303	Dallas
1	LDA Management Company Inc	12201 Merit Drive	Suite 900	Dallas
1	Hoerbiger Service Inc	12206 West Fairmont Parkway		La Porte
1	G&S&L HOLDING LLC	1221 AVE F		BAY CITY
1	BELLA LIFESTYLE LLC	1221 CHAMPION CIRCLE STE 115		Carrollton
1	Raizen North America Inc	1221 Lamar	Suite 1328	Houston
1	Triple Point Technology LLC	1221 Lamar Street	500 Suite	Houston
1	Diamond Gas North America Corporation	1221 McKinney Street	Suite 3500	Houston
1	Dave & Busters Management Corporation LLC	1221 S Belt Line Rd	Suite 500	Coppell
1	DevelopScripts LLC	1221 W. Campbell Road, Suite 181		Richardson
1	Commsys Technology Corp	12210 Bedford St		Houston
1	Commsys Technology Corp.	12210 Bedford Street		Houston
1	Synergyassure Inc	12211 Rice Crst		San Antonio
1	Bayport Polymers LLC	12212 Port Road		Pasadena
1	LUMINEX CORPORATION	12212 TECHNOLOGY BLVD.		AUSTIN
1	NorrisLeal, PLLC	1222 E Tyler Ave		Harlingen
1	MSIT Systems Inc	1222 E. Arapaho Road	Suite 318	Richardson
1	GSP Technologies LLC	12221 FM 529 RD		HOUSTON
1	RECODEAL ENERGY INC	12221 N. HOUSTON ROSSLYN ROAD	STE E	HOUSTON
1	Enterprise America Inc	12222 Merit Drive	Suite 1870	Dallas
1	Qubeway Consulting LLC	12222 Merit Drive,  130		Dallas
1	Versatile Content LLC	1223 Holly Drive		Richardson
1	Forum Communication Systems Inc	1223 North Glenville Drive		Richardson
1	4S FINANCIAL SOLUTIONS	12234 QUEENSTON BLVD	SUITE 200	HOUSTON
1	BACKCHINA LLC	12234 SHADOW CREEK PKWY	STE 5100	PEARLAND
1	Studio Luck LLC	1224 E 12th Street	Suite 313	Austin
1	Ten Eyck Landscape Architects Inc	1224 East 12th Street, Suite 323		Austin
1	Payne & Smith LLC	12240 Inwood Road	Suite 440	Dallas
1	HANU CONSULTING LLC	12246 Queenston Blvd,		Houston
1	Lytton Warehouse LLC	1225 CAPITAL DR., SUITE 130		CARROLLTON
1	Gantek Systems Solutions Inc	1225 Cassiopeia Way		Austin
1	Hallmark Hose Organization Inc	1225 Crosby Dayton Road		Crosby
1	The Wheel Brothers LLC	1225 E. Seminary Drive		Fort Worth
1	H2B Inc	1225 North Loop West	Suite 800	Houston
1	PROTESTANT EPISCOPAL CHURCH DIOCESE OF TEXAS	1225 Texas Street		Houston
1	Shost & Company, P.C.	1225 Thomasville Court		Garland
1	Mosel & Ginn, PLLC	1225 W 15th St., Suite 135		Plano
1	National Wire LLC	12262 FM 3083	N/A	Conroe
1	Crestone Ventures Inc	1227 W. Campbell Road	Suite 315	Richardson
1	Social Factor Inc	1227 W. Magnolia Avenue	No. 300	Forth Worth
1	The Nudge Foundation	1227 Willowdale Lane		Irving
1	Forensix Consulting LLC	1227 Windmere Way		Allen
1	Tech Brix Consulting Services Inc	12280 Broadway St.	Unit 4116	Pearland
1	Teknims Group LLC	123 Ford Rd	Suite B324	Dallas
1	Warrior Rig Technologies US LLC	123 Land of Goshen Drive		Springtown
1	SIGMA VENTURES INC	123 N POST OAK LANE	SUITE 410	HOUSTON
1	NEXTT AFFILIATED INC	123 Oak Lawn Ave		DALLAS
1	DATAMARK INC	123 W. MILLS AVENUE	Suite 400	El Paso
1	Sante Clinical Research	1230 Bandera Hwy		Kerrville
1	Quiltcraft Industries Inc	1230 E Ledbetter Drive		Dallas
1	Liveology Digital Media INC	1230 River Bend Dr	Suite 160	Dallas
1	SolarCraft Inc	12300 DAIRY ASHFORD ROAD	SUITE 100	Sugar Land
1	Dashiell Corporation	12301 Kurland Drive	Suite 400	Houston
1	Skyline Cabinetry Inc	12301 N Stemmons Freeway	Suite 100	Farmers Branch
1	E-Future Logistics Inc	12301 N Stemmons Fwy	STE 110	Farmers Branch
1	NYOS Charter School Incorporated	12301 N. Lamar Blvd.		Austin
1	Planview Inc	12301 Research Blvd	Research Park Plaza V, Suite 101	Austin
1	The Innova Group LLC	12301 Research Blvd, Bldg IV	Suite 290	Austin
1	Planview	12301 Research Boulevard, Research Park Plaza V	STE 101	Austin
1	NEECO INDUSTRIES INC	12302 FM 529 ROAD		HOUSTON
1	Dominium Holdings Inc	1231 Cross Timbers Road		Flower Mound
1	AGAP TECHNOLOGIES INC	1231 GREEN WAY DR	SUITE 105	IRVING
1	Tekzenit Inc	1231 Greenway Dr.	1010	Irving
1	Encompass Health Rehabilitation Hospital of Prosper LLC	1231 Mahard Parkway		Prosper
1	AGAPTECH TECHNOLOGIES INC	1231, GREENWAY DR,  suite 105		IRVING
1	TeDan Surgical Innovations Inc	12320 Cardinal Meadow Dr	150	Sugar Land
1	WAUKESHA-PEARCE INDUSTRIES LLC	12320 SOUTH MAIN STREET		HOUSTON
1	MIRROR HOUSES USA INC	12321 CUTTEN RD		HOUSTON
1	Chemicals Incorporated	12321 Hatcherville Road		Baytown
1	Emmanor Investments L.P.	1233 Yale St		Houston
1	OCEAN BLUE HOLDINGS LLC	12333 Bear Plaza, Ste 100		Burleson
1	NYOS CHARTER SCHOOL INC	12333 N. LAMAR BLVD		AUSTIN
1	Unimacts Global LLC	12333 Sowden Rd Ste B PMB 22833		Houston
1	QRI INTERNATIONAL LLC	12333 Sowden Road, Ste B	PMB 43241	HOUSTON
1	Marc Amsili D.D.S.,PA	12335 Hymeadow	250	Austin
1	Marc Amsili D.D.S., PA	12335 Hymeadow Dr	Ste. 250	Austin
1	SAINTPHAREUX LLC	12337 Jones Rd	ST. 112	Houston
1	SKY PARTNERS LLC	12337 Jones Road	SUITE 200-25	Houston
1	SAI BUSINESS SOLUTIONS LLC	12337 JONES ROAD, SUITE 229	N/A	HOUSTON
1	HALL RESEARCH TECHNOLOGIES INC	1234 Lakeshore	Suite 150	Coppell
1	Neurolens Inc	1234 Lakeshore Drive	Suite 200	Coppell
1	Mayfield Medical Supply LLC	1234 North Mechanic Street		El Campo
1	Eternal Blessing Corp.	12345 Bellaire Blvd		Houston
1	Veeratech LLC	12345 Jones Rd 287- 07		Houston
1	PCE Technology Inc	12345 N. Lamar Blvd.	Suite 160	Austin
1	eCMM Services Inc	12345 North Lamar Blvd.	Suite 160	Austin
1	CLARIUS MEDICAL GROUP PLLC	1235 LAKE POINTE PKWY.	SUITE 205	SUGAR LAND
1	NorvaNivel USA LLC	1235 Profit Dr		Dallas
1	Norvanivel USA LP	1235 Profit Drive		Dallas
1	Pioneer Stores Inc	1235 S STATE HIGHWAY 121		Lewisville
1	Heart Water Inc	1235 South Loop 4	Suite 100	Buda
1	Sonic Healthcare USA Inc	12357-A Riata Trace Pkwy	210	Austin
1	VRIT TECH INC	1237 Southridge Ct	Suite 100-C	Hurst
1	Armadillotek Inc	124 Rose Lane	Ste 203	Frisco
1	RDS Solutions LLC	124 shady hill loop		Liberty hill
1	Blackgem Capital Investments Inc	124 W. Harwood Rd	Suite B	Hurst
1	Allied Interior Solutions LLC	1240 E. Center Park Blvd.	Suite 100	DeSoto
1	The FirstGen Agency LLC	12400 Coit Road	Suite 900	Dallas
1	Dominion Care Home Health	12400 Network Blvd.		San Antonio
1	Hilltop Stones Inc	12401 N Stemmons Fwy	Suite 140	Farmers Branch
1	Campero USA CORP	12404 PARK CENTRAL DR. SUITES 250N		Dallas
1	AMERICAN ANALYST INC	1241 W GREENOAKS BLVD.		ARLINGTON
1	Chaoda Group USA Co. Ltd.	12411 Citypark Drive, Suite 100		Missouri City
1	3D Marine USA Inc	12411 Donna Drive		Houston
1	TTS Solutions Inc	12411 Hymeadow Drive	Ste. 3C	Austin
1	Abel Schillinger, LLP	12414 Alderbrook Dr	STE 201	Austin
1	SCK Solutions LLC	12422 Spring Cypress Rd	Suite G	Tomball
1	PETS WORLD LLC	12430 Metric Boulevard	apartment 9102	Austin
1	MD BIlling Services LLC	12436 FM 1960 Rd West		Houston
1	Designs and Details Interiors LLC	12438 West Avenue		San Antonio
1	Geminitech LLC	12440 Emily Ct., Ste 602		Sugar Land
1	Ideal Impact Inc	1245 South Main Street	Suite 140	Grapevine
1	North Food Group Inc	1245 W. Royal Lane		Dallas
1	Flextronics America LLC	12455 Research Blvd		Austin
1	Flextronics International USA Inc	12455 Research Boulevard		Austin
1	NETPRIME TECHNOLOGIES LLC	12469 WILLOWGATE DR		Frisco
1	iClassPro Inc	1249 L.L. Mackey Pkwy		Longview
1	HHS Culinary and Nutrition Solutions LLC	12495 Silver Creed Rd		Dripping Springs
1	Hospital Housekeeping Systems LLC	12495 Silver Creek Road		Dripping Springs
1	United Capital Financial Advisors LLC	125 E John Carpenter Fwy	Suite 1300	Irving
1	Amadeus Global Operations Americas Inc	125 E John W Carpenter Fwy	Suite 1100	Irving
1	Smurfit Kappa North America LLC	125 E. John Carpenter Freeway	Suite 1500	Irving
1	Kentzy International Inc	125 Richardson Ct	Ste 100	Allen
1	Arcade Merger Sub 1 Inc	1250  S. Capital of Texas Hwy.	Building 1, Suite 650	Austin
1	SR Systems LLC	1250 Capital of Texas South, Building 3	Suite 400	Austin
1	Daman Inc	1250 Capital Texas Highway South Building One	Suite 460	Austin
1	Intelligent Epitaxy Technology Inc	1250 E. Collins Blvd.		Richardson
1	Beauty Manufacturing Solutions Corporation	1250 Freeport Pkwy.		Coppell
1	Apex Cargo International (DFW) Inc	1250 Mustang Dr.	Ste 300	DFW Airport
1	Apex Cargo International DFW Inc	1250 Mustang Drive  DFW Airport	Suite 300	Dallas
1	Automatic Technology America LLC	1250 S Capital of Texas Highway	Building 3 Suite 400	Austin
1	SilverBox Capital LLC	1250 S. Capital of Texas Hwy, Building 2	Suite 285	Austin
1	OpenSymmetry LLC	1250 S. Capital of Texas Hwy, Building One	Suite 470	Austin
1	WSD LED INC	1250 Wattley Way	Suite 100	McKinney
1	TerraFirma Inc	12500 Nutty Brown Road		Austin
1	LabAlley LLC	12501 Pauls Valley Rd, Suite A		Austin
1	Punditz LLC	12501 REED RD	Suite C	SUGAR LAND
1	RTG Cabinets LLC	12502 Hempstead Rd		Houston
1	Baylor Scott & White Medical Center - Centennial	12505 Lebanon Road		Frisco
1	Jascole Inc	12505 REED RD	STE 135	SUGAR LAND
1	LINKWELL SOLUTIONS INC	1251 S SHERMAN ST	SUITE 105	RICHARDSON
1	AMS Business LLC	1251 S Sherman St, Ste 101		Richardson
1	Unique Industrial Product Company, L.P.	12510 Cardinal Meadow Dr.		Sugar Land
1	PolyMelt Manufacturing Inc	12515 CityPark Dr.	Ste 300	Missouri City
1	Monarca Management Group LLC	12515 Research Blvd Bldg 7, Ste 100		Austin
1	Aurigo Software Technologies Inc	12515 Research Blvd., Building 7	Suite 300	Austin
1	Flextronics Automotive USA Inc	12515-8 Research Blvd	Suite 300	Austin
1	TESMEC USA INC	12520 E. FM 917		ALVARADO
1	PG Golf LLC	12520 W Airport Blvd	ste 900	Sugar Land
1	Innocloud Technologies LLC	12530 Lebanon Rd	Suite 204	Frisco
1	Yokogawa USA Inc	12530 W. Airport Blvd.		Sugar Land
1	Yokogawa Corporation of America	12530 WEST AIRPORT BLVD.	N/A	SUGAR LAND
1	WEB SYNERGIES AMERICAS INC	12530 WEST AIRPORT BOULEVARD		SUGAR LAND
1	Nevvera Inc	12538 Larkington Ln		Richmond
1	Cutting Edge Decking LLC	12543 Unison Road		Houston
1	Apple Processing LLC	12545 Riata Circle		Austin
1	ASE (U.S.) Inc	1255 E. Arques Avenue		Sunnyvale
1	SBM Offshore USA Inc	1255 Enclave Pkwy		Houston
1	Reactor Eye Inc	1255 Enclave Pkwy.	Suite E	Houston
1	PROD DESIGN & ANALYSIS INC	1255 PETER COOPER, DR.		EL PASO
1	Silicon Inc	1255 W. 15th Street	Suite 520	Plano
1	PRIME COMMUNICATIONS, L.P.	12550 REED ROAD	SUITE 100	SUGAR LAND
1	XGARE TECHNOLOGIES LLC	12557 Royal Oaks ln		Farmers Branch
1	NEXTSTAR INC	12558 Honeyflower drive		Frisco
1	Gauge Capital LLC	1256 Main Street	Suite 256	Southlake
1	SRI Energy Inc	12565 W. Airport Blvd.		Sugar Land
1	R4Soft Technologies LLC	12573 Mercer Parkway		Farmers Branch
1	TECH TREE IT SOLUTIONS	1258 Ocean Breeze Dr		Flower Mound
1	Diversified Wellness Associates LLC	1259 FM 1463	Suite 500	Katy
1	Softway Solutions Inc	126 Eldridge Road	Suite A	Sugar Land
1	Insight AI Inc	1260 Hill Country Blvd.		Bee Cave
1	MEYWIN. LTD	1260 PIN OAK ROAD	SUITE. 108	KATY
1	SPP Products LLC	12600 Cardinal Meadow Dr.		Sugar Land
1	Sigma Piping Products 2019 LLC	12600 Cardinal Meadow Drive		Sugar Land
1	InsiteAI Inc	12600 Hill Country Blvd, Ste R130 PMB 1005		Bee Cave
1	Crusade Technologies USA Limited Liability Company	12600 HILL COUNTRY BLVD.	SUITE R-275	BEE CAVE
1	Lotic AI LLC	12600 Hill Country Boulevard	Ste R-130	Bee Cave
1	Blingblingdingding LLC	12600 Hill Country Boulevard, Suite R-275		Bee Cave
1	EXPOSED FLOOR DESIGN GROUP LLC	12600 INTERNATIONAL PARKWAY		DALLAS
1	Leasing Associates Inc	12600 N Featherwood Dr.	Ste 400	Houston
1	Koch Heat Transfer Company, LP	12602 FM 529		Houston
1	BEYOND MEALS INC	12603 SOUTHWEST FWY	STE 551	STAFFORD
1	BP&L Industry Energy Services Inc	12605 W County Road 100		Odessa
1	AXON PRESSURE PRODUCTS INC	12606 N HOUSTON ROSSLYN RD		HOUSTON
1	Keystone Tile Inc	12608 Hempstead Road		Houston
1	Aptitude Solution Inc	12610 Riata Trace Pkwy, Suite   523		Austin
1	SIS-TECH Solutions, LP	12621 Featherwood Dr.	Suite 120	Houston
1	SIS-Tech Solutions, L.P.	12624 Featherwood Drive	Ste. 120	Houston
1	Evoque Group LLC	12626 Silicon Drive		San Antonio
1	EDGE CLOUD TECHNOLOGIES INC	12645 Prescott Pl		Farmers Branch
1	A&P Calypso LLC	12649 Memorial Drive	Suite G1	Houston
1	Cenergy International Services Inc	12650 Crossroads Park Dr.	Suite 100	Houston
1	Enkon Energy Advisors LLC	12651 Briar Forest Dr	Suite 246	HOUSTON
1	KEM ENERGY INC	12651 BRIAR FOREST DR.	SUITE 151A	HOUSTON
1	SPICY WORLD OF USA INC	12651 STAFFORD RD		STAFFORD
1	Armstrong Douglass Partners LLC	12655 N. Central Expressway, Suite 720		Dallas
1	GSB Services LLC	12660 S. Kirkwood Rd		Stafford
1	GSR Restaurants LLC	12660 S. Kirkwood Road		Stafford
1	Accredo Packaging Inc	12682 Cardinal Meadow Drive		Sugar Land
1	AC Horn Manufacturing - A Division of Probat	1269 Majesty Drive		Dallas
1	QSMX Group INC	1270 N Loop 1604 EAST	Suite 1312	San Antonio
1	Turner, Stone & Company, L.L.P.	12700 Park Central Drive, Suite 1400		Dallas
1	GI ELECTROTECH Inc	12701 ROYAL DR.		Stafford
1	Hamshire-Fannett Independent School District	12702 2nd Street		Hamshire
1	PSG INFO BIZ Inc	12702 Sherbourne St	Suite B	Austin
1	IT8 USA CORPORATION	12707 NUTTY BROWN RD	C200	Austin
1	FPT Operating Company LLC	12712 Park Central Drive	Suite 350	Dallas
1	5B USA LLC	12716 Fitzhugh Rd		Austin
1	5B USA  HOLDINGS LLC	12716 Fitzhugh Road		Austin
1	Salmon Sims Thomas & Associates, PLLC	12720 Hillcrest Road	Suite 500	Dallas
1	Infotech Houston Solutions LLC	12727 Featherwood Dr.	Ste. 119	Houston
1	MUSICAL ARTS CENTER OF SAN ANTONIO INC	12732 Cimarron Path, Ste. 100		SAN ANTONIO
1	Decorative Flooring, L.L.C.	12733 Stafford Rd	Suite 100	Stafford
1	Decorative Flooring LLC	12733 Stafford Road, Suite 100		Stafford
1	Virtual Geomatics Inc	12741 Research Blvd.	Suite 403	Austin
1	TEC INTUITION INC	12741 Teton Street		Frisco
1	MSI Credit Solutions LLC	12750 Merit Dr, Ste 400		Dallas
1	Karpal Inc	12750 Perimeter Dr.	Suite 154	Dallas
1	Excellus IT INC	12753 Teton St		Frisco
1	IDEAL PEOPLE SERVICES LLC	12770 Merit Drive	Ste 850	Dallas
1	INTEGRITY STRUCTURAL CORPORATION	12777 JONES RD	STE 388	HOUSTON
1	Noor Dental PLLC	128  Garette Morris Parkway		Mineral Wells
1	Simplifi Holdings LLC	128 E. Exchange Avenue	Suite 700	Fort Worth
1	STARR COUNTY MEMORIAL HOSPITAL	128 N FM ROAD 3167		RIO GRANDE CITY
1	Brazos Valley Animal Hospital and Pet Resort	1280 Arrington Rd	Suite 300	College Station
1	TLSC Manufacturing Inc	1280 West Main Street		Lewisville
1	AUSTIN SIGN WORKS Inc	12800 ANDERSON MILL RD	D-1 (Suite 400)	Cedar Park
1	SCHOOL OF SCIENCE AND TECHNOLOGY - ADVANCEMENT	12801 BRANT ROCK DR		HOUSTON
1	Kurtz and Company, P.C.	12801 N Central Expressway	Suite 1150	Dallas
1	oneservice Inc	12801 N Stemmons Fwy	Suite 710	Farmers Branch
1	Camden Homes LLC	12801 N. Central Expressway	Suite 1650	Dallas
1	Omotayo CPA LLC	12801 N. Central Expressway Suite 750		Dallas
1	Louis Berger DCE LLC	12801 North Central Expressway	Ste. 1565	Dallas
1	Yasmin Impex USA Inc	12802 Capricon St.		Stafford
1	SelecTransportation Resources LLC	12802 Crosby Freeway		Houston
1	J & H Kadiwal Inc	12803 Hiram Clarke Rd		Houston
1	Clinton Young Foundation	12806 Arrowhead Pass		Austin
1	eve Vehicles Corporation	12807 Magnolia Mound Trail		Austin
1	Core IT Solutions Inc	12808  West Airport Blvd	Ste 260H	Sugar Land
1	Pepon Inc	12808 W Airport Blvd, Ste. 325P		Sugar Land
1	MAADHU GLOBAL BUSINESS SOLUTIONS LLC	12808 W AIRPORT BLVD.	SUITE 303 N	SUGAR LAND
1	Wilson Engineering & Construction Services, PLLC	12808 W. Airport Blvd	Ste 292	Sugar Land
1	Sirvist HRC LLC	12808 W. Airport Blvd.	Suite 275B	Sugar Land
1	Acroplans	12808 West Airport BLVD  265B		Sugar Land
1	PROPEL SOLUTIONS INC	12808 WEST AIRPORT BOULEVARD	SUITE 275E	SUGAR LAND
1	Bitswave Inc	12810 Jess Pirtle Blvd		Sugar Land
1	Bright Springs Foods LLC	12815 Mula Lane		Stafford
1	MRBL Investments Inc	12815 Timberland Trce		Houston
1	Five Star Downhole Service Inc	12818 Murphy Rd,		Stafford
1	Raba Kistner Inc	12821 W. Golden Lane		San Antonio
1	Je Matadi Inc	12822 CAPRICORN STREET		STAFFORD
1	EDUCATIONAL DEVELOPMENT GROUP	12825 SUMMIT RIDGE		HOUSTON
1	Sun Glory International LLC	12826 Willow Centre Dr.	Unit C & D	Houston
1	Naheed Health PLLC	12828 Eldorado Pkwy  110		Frisco
1	A & B Excavation LLC	12836 Steadman Farms Dr.		Fort Worth
1	SteegeXP Inc	12848 Queensbury Ln.	Suite 208	Houston
1	AS Painting Contractors LLC	12850 Hillcrest Rd	Suite D111-8	Dallas
1	BAVE Technologies Inc	12885 N. Hwy 183	Ste. 110A	Austin
1	Syncunit Inc	12885 Research Blvd	Suite 102A	Austin
1	AlgebraIT LLC	12885 Research Blvd.	Suite 109	Austin
1	ARISTOS TEK	12885 W SH 29	Suite 100	Liberty Hill
1	ANALYTICAL SQUARE LLC	12890 HILLCREST RD	SUITE K207	DALLAS
1	Hexagon Geosystems Technology Inc	129 S. Main Street	Suite 200	Grapevine
1	Terra-Ace Intermediate Holdings LLC	129 Solo Road		Odessa
1	Glex Inc	12900 FM 529		Houston
1	TKC Wealth Management LLC	12900 Preston Rd	Suite 700	Dallas
1	Kratos Building Products Inc	12901 Nicholson Rd	Suite 330	Farmers Branch
1	Xenonsofttech LLC	12901 TX-29,		Liberty Hill
1	Tenstorrent USA Inc	12912 Hill Country Blvd	Building F, Suite 235	Austin
1	Vikas Patel CPA & Associates, P.C.	12920 Dairy Ashford Rd	Ste 120	Sugar Land
1	PRIME PROCESS SAFETY CENTER LLC	12925 CYPRESS NORTH HOUSTON ROAD		CYPRESS
1	CITGO Petroleum Corporation	1293 Eldridge Parkway		Houston
1	NEWDREAM DATA SYSTEMS LLC	12930 CATERPILLAR DRIVE		FRISCO
1	E-TECHNOLOGY LLC	12930 DAIRY ASHFORD RD	STE 904	SUGAR LAND
1	Guerra Truck Center LLC	12930 Interstate 10 East		Converse
1	Tek Tap LLC	12945 Ignatius Dr		Frisco
1	Tutorfly Holdings Inc	12954 Rockham Ln		Farmers Branch
1	Tramontina USA Inc	12955 W Airport Blvd		Sugar Land
1	PLV INFO GENIUS LLC	12967 RISEN STAR RD		FRISCO
1	Quickr Inc	12983 Averi Lane		Farmers Branch
1	iCore Technologies LLC	12987 Allenwood Avenue		Frisco
1	Lanecert Inc	12989 Bellaire Blvd.	Suite 4A	Houston
1	Ulterior Motives International LLC	1299 Commerce Dr.,  Bldg. B		Richardson
1	PREMIER ELDORADO INC	12990  ELDORADO PKWY	STE 100	FRISCO
1	3BEES TECHNOLOGIES INC	130 Darbonne Ln		Irving
1	Artificial Lift Performance Inc	130 Industrial Blvd.,  100		Sugar Land
1	Lashley South Texas LLC	130 Interloop Road		San Antonio
1	ACCLENCE LLC	130 N. PRESTON RD	SUITE 224	PROSPER
1	LAVSUN Technologies Inc	130 N. Preston Road, Ste 100-436		Prosper
1	IT NEST SERVICES INC	130 North Preston Rd	Suite 483	Prosper
1	North Water District Laboratory Services Inc	130 South Trade Center Parkway		Conroe
1	TECHMAGIX INC	1300  W WALNUT HILL LANE	Suite 150	IRVING
1	MVK Technologies Inc	1300 E RIVERSIDE DR	D311	AUSTIN
1	Lean Build LLC	1300 N Sam Houston Pkwy E	STE 310	Houston
1	Synthesis Health Partners Inc	1300 Post Oak Blvd	Suite 1010	Houston
1	energyRe Services LLC	1300 Post Oak Blvd.	Suite 1000	Houston
1	CUDD Pressure Control Inc	1300 S John Ben Sheppard Pkwy.		Odessa
1	SOLARE ENGINEERING UNLIMITED INC	1300 SUMMIT AVE	SUITE 514	FORT WORTH
1	FileControl Partners Limited	1300 Texas Street		Houston
1	WAM USA INC	1300 Triad Blvd		Saginaw
1	Lanco Global Systems Inc	1300 W  Walnut Hill Ln. Suite  251		Irving
1	Techorbit Inc	1300 W  Walnut Hill Ln. Suite  260		Irving
1	Advanced Scanners Inc	1300 W Anderson Lane		Austin
1	Rao Medical PLLC	1300 W Koenig Lane	Ste. 103	Austin
1	ANAND PAG INC	1300 W WALNUT HILL LANE,	SUITE 111,	IRVING
1	Global IT Engineers LLC	1300 W Walnut Hill Lane, Suite 108		Irving
1	RSM Technology Solutions Inc	1300 W Walnut Hill Ln  247		Irving
1	MARVI INFOTECH INC	1300 W Walnut Hill Ln ste 265 d		Irving
1	Riteclik Corporation	1300 W Walnut Hill Ln suite 159		Irving
1	Global IT Inc	1300 W Walnut Hill Ln., Suite  263		Irving
1	POMMALA LLC	1300 W, walnut Hill Lane	Suite 256	Irving
1	ENDURANCE GROUP INC	1300 W. WALNUT HILL LANE, STE. 110		IRVING
1	Euniverse Technologies LLC	1300 W. Walnut Hill Ln	STE 107	Irving
1	IT Vision Group	1300 W. Walnut Hill Ln.	Suite 104	Irving
1	IDOL SOFT INC	1300 W.WALNUT HILLS LANE	SUITE 155E	IRVING
1	RamITstaffing Inc	1300 Walnut Hill Lane	Suite 246	Irving
1	Additech Inc	13000 Executive Drive		Sugar Land
1	Rythm Rehab Center LLC	13001 Hymeadow Dr	Unit 40	Austin
1	ENER-i.Al Inc	13001 W. Hwy 71	Suite G100	Austin
1	NAVROZMEDIA NETWORK INC	13004 Murphy Road	212	Stafford
1	Triangle Aviation Inc	13004 Murphy Road, Suite 220		Stafford
1	ETS-Lindgren Inc	1301 Arrow Point Drive		Cedar Park
1	Oliver Design & Build LLC	1301 crawford ct	Ste 1	Granbury
1	McKinney Architects Inc	1301 E. 7th Street		Austin
1	DFG Energy Company LLC	1301 E. Arapaho Road, Suite 206		Richardson
1	ABYSS SOLUTIONS USA INC	1301 FANNIN STREET	SUITE 2440	HOUSTON
1	Axip Services Company LLC	1301 McKinney	Suite 900	Houston
1	MRC Global Services Company LLC	1301 McKinney St	Ste 2300	Houston
1	Walter P. Moore	1301 McKinney, Suite 1100		Houston
1	Car Capital Corp	1301 Municipal Way Suite 260		Grapevine
1	Prosperity Bank	1301 N. Mechanic	PO Box G	El Campo
1	Teliatry Inc	1301 N. Plano Road		Richardson
1	XpressDocs Partners Ltd.	1301 NE Loop 820		Fort Worth
1	Relevant Technologies Corporation	1301 Presidential Drive, Suite 200		Richardson
1	Sandbox Pacific Group LLC	1301 S Bowen RD	Ste 140	Arlington
1	VESTI TECHNOLOGY SOLUTIONS INC	1301 S BOWEN ROAD	STE 450	ARLINGTON
1	Sandbox Pacific Group Limited Co.	1301 S. Bowen Road Ste 140,		Arlington
1	INSPIRA ENTERPRISE INC	1301 SOLANA BOULEVARD, SUITE 2570		WESTLAKE
1	Jasmine Apartments Inc	1301 South Maddox Avenue		Dumas
1	Birch Grove Software Inc	1301 South MoPac Expressway	Suite LL25	Austin
1	Gratiture Solutions LLC	13018 Alvarado Ln		Frisco
1	Achieve Properties	13018 Research Blvd	Suite A	Austin
1	Navsan LLC	13019 Moselle Forest		Helotes
1	Sarkar Dental, PC	1302 S Main St		Weatherford
1	Sarkar Dental PC	1302 S. Main Street	Ste 120	Weatherford
1	NeoSensory Inc	1302 Waugh Drive	447	Houston
1	PersianKingdom LLC	1303 Edgemont DR		Sachse
1	Think Analytix LLC	1303 W Wallnut Hill Ln , Suite 290		Irving
1	PHIDIMENSIONS INC	1303 W WALNUT HILL LANE	SUITE 103	IRVING
1	METAHORIZON INC	1303 W. WALNUT HILL LN	STE 340	IRVING
1	S4 CONSULTANTS INC	1303 W. WALNUT HILL LN.	SUITE 280	IRVING
1	ADAPTRA LLC	1303 W.Walnut Hill Ln	Suite 352	Irving
1	PHIDIMENSIONS	1303 WEST WALNUT HILL LANE	SUITE 103	IRVING
1	80inc LLC	1304 SUMNER STREET		Aubrey
1	BINANCE SYSTEMS INC	1304 W Walnut Hill Ln	Suite 260	Irving
1	Cyber Nirvana LLC	1304 W. Walnut Hill Lane	Suite 205	Irving
1	Allied Consultants Inc	1304 West Avenue		Austin
1	Mid-Cities Neurology Associates, P.A. of H/E/B	1305 Airport Freeway	Suite 205	Bedford
1	BBG Advanced Therapies	1305 E. Houston St.		San Antonio
1	Smile Arts PLLC	1305 N Bluegrove Road	Ste 103	Lancaster
1	JSW Enterprise LLC	1305 N Watters Rd, Suite 180		Allen
1	STIVER ENGINEERING INC	1305 PEDEN STREET		HOUSTON
1	Alexandria Extrusion South LLC	1305 W. Crosby Road		Carrollton
1	Huxted Trenchless LLC	1306  North FM 3083 Road East		Conroe
1	Huxted Tunneling LLC	1306 North FM 3083 Road East		Conroe
1	Evolve Scents LLC	1306 S Oak Cliff Blvd		Dallas
1	Parmer County Community Hospital	1307 Cleveland Avenue		Friona
1	Armstrong Medical Group	1307 W League City Parkway		League City
1	UNIIAN LLC	13077 Affirmed Avenue		Frisco
1	Towards Equilibrium LLC	1308 Tinnin Ford Rd	Unit 1	Austin
1	Priyanka Uppal MD PA	13080 Dallas Parkway	Suite 320	Frisco
1	Valley Retina Institute, PA	1309 E Ridge Rd	Ste 1	McAllen
1	Ophthalmic Consultants of Texas, PA	1309 E Ridge Road	Suite 1	McAllen
1	GuruFocus.com LLC	1309 W 15th St	Ste 370	Plano
1	CAMPTRA TECHNOLOGIES LLC	1309 W 15TH STREET	STE 240	PLANO
1	ASK TEXAS DENTAL SOLUTIONS PLLC	1309 W FAIRMONT PARKWAY	SUITE C	LA PORTE
1	ASK TEXAS DENTAL SOLUTIONS PLLC; DBA PRISTINE FAMILY DENTAL	1309 W FAIRMONT PKWY	SUITE C	LA PORTE
1	Raawee Inc	1309 W. 15th Street, Suite  110		Plano
1	Datapower LLC	13091 Seattle Slew St		Frisco
1	Toppan Photomasks Inc	131 E. Old Settlers Blvd.		Round Rock
1	Tekscend Photomask US Inc	131 Old Settlers Blvd.		Round Rock
1	Palli-Med Hospice LLC	1310 E. Main Avenue	Suite B	Alton
1	Regional Employee Assistance Program	1310 Paluxy Road		Granbury
1	CRANE COUNTY HOSPITAL DISTRICT	1310 S. ALFORD	N/A	CRANE CITY
1	Decor IQ LLC	1310 W. Laurel		San Antonio
1	Berger Geosciences LLC	13100 Northwest Freeway	Ste 600	Houston
1	TESLA INC	13101 HAROLD GREEN ROAD		AUSTIN
1	Freeman & Curiel Engineers LLC	13101 Northwest Freeway	Suite 320	Houston
1	STATinMED LLC	13101 Preston, Suite 110	Suite 3395	Dallas
1	AI RandomTrees LLC	13103 FM 1960 West	Unit 220	Houston
1	Village Green Alzheimers Care Home LLC	13105 Northwest Freeway	Suite 1110	Houston
1	Saipem America Inc	1311 Broadfield Blvd.	Floor 6	Houston
1	CHRISTUS Spohn Hospital - Kleberg	1311 General Cavazos Blvd.		Kingsville
1	Bonsai Solutions Inc	13111 N Central Expressway	Ste 150C	Dallas
1	SAGATIANZ INC	13111 N CENTRAL EXPWY	SUITE 8025	DALLAS
1	John Tesla Inc	13111 N Central Expy	Suite 200	Dallas
1	Cenergy International Services LLC	13111 Westheimer Rd	Suite 340	Houston
1	KIEWIT INFRASTRUCTURE SOUTH CO.	13119 OLD DENTON ROAD.		FORT WORTH
1	Tide Dental-Corpus Christi, PLLC	1312 Airline Rd		Corpus Christi
1	International Standard Valve Inc	13124 Trinity Drive		Stafford
1	Specialty RTP Inc	13125 Royal Dr.		Stafford
1	Crystal City Pharmacy LLC	1313 Veterans Avenue, Suite 1		Crystal City
1	Team Industrial Services Inc	13131 Dairy Ashford	Ste. 600	Sugar Land
1	Toshiba International Corporation	13131 West Little York Road		Houston
1	SIGGA USA LLC	13135 Dairy Ashford	Suite 525	Sugar Land
1	Noble Services Company LLC	13135 South Dairy Ashford Road	Suite 800	Sugar Land
1	Applied Optoelectronics Inc	13139 Jess Pirtle Blvd.		Sugar Land
1	Texas State Pharmacy LLC	1314 E SONTERRA BLVD	Ste. 2102	San Antonio
1	DKR Hospitality LLC	1314 E. Milam St.		Mexia
1	Education Service Center Region 20	1314 Hines Avenue		San Antonio
1	Camillo Properties LTD	13141 Northwest Freeway		Houston
1	Southwest Funding, LP	13150 Coit Road, Suite 100		Dallas
1	Softel Techsource LLC	13151 Emily Rd	Suite 210B	Dallas
1	AGI FLUX LLC	13151 Emily Road Ste 200		Dallas
1	Tyler Independent School District	1319 Earl Campbell Parkway		Tyler
1	Niche IT Software Solutions LLC	13194 Dust Commander CT		Frisco
1	Saxon Global Inc	1320  Greenway Dr.	Suite 660	Irving
1	ACHIEVE PEDIATRIC THERAPY & REHAB, P. C.	1320 ARROW POINT DR.	STE 413	CEDAR PARK
1	Thompson Patent Law Offices PC	1320 Arrow Point Drive	Suite 501 142	Cedar Park
1	Intellect Business Solutions LLC	1320 Greenway Dr	Ste 770	Irving
1	Tower Engineering Solutions LLC	1320 Greenway Drive, Suite 600		Irving
1	C.M.H. Manufacturing Co.	1320 HARVARD ST		LUBBOCK
1	Simple Union LLC	1320 Montrose Blvd	Suite 530	Houston
1	Nepa Insurance Agency Inc	1320 S Story Rd		Irving
1	Alan Plummer & Associates Inc	1320 S UNIVERSITY DR	SUITE 300	FORT WORTH
1	Alan Plummer Associates Inc	1320 S. UNIVERSITY DRIVE	SUITE 300	FORT WORTH
1	Paquin Ramezani Inc	13201 Northwest Fwy	Suite 760	Houston
1	Hansi Technologies	13201 Prairie Sky Lane		Krum
1	PrimeSource Building Products Inc	1321 Greenway Drive		Irving
1	MITHA INVESTMENTS LLC	1321 N TENNESSEE ST	SUITE 108	McKINNEY
1	Mine Survey Plus LLC	1321 Upland Dr	PMB 12302	Houston
1	MARS TECHNOMINDS INC	1321 Upland Dr,   6960		Houston
1	Guidepost A LLC	1321 Upland Dr., PMB 20442		Houston
1	Redbud Ventures Management LLC	1321 Upland Drive, PMB 10664		Houston
1	SKYLAND GROUP INC	13211 STAFFORD ROAD	STE 300	MISSOURI CITY
1	Summit Hotels Properties Inc	13215  Bee Cave Parkway	STE B-300	Austin
1	Incline Insurance Group LLC	13215 Bee Cave Parkway, Building B	Suite 150	Austin
1	Pelorus Holdings Inc	13215 Bee Cave Pkwy	Ste A-260	Austin
1	SKYLAND PROPERTY MANAGEMENT INC	13219 STAFFORD RD	STE A	MISSOURI CITY
1	Insight AWP LLC	1322 Space Park Dr	Ste C139	Houston
1	Exploration Company US LLC	1322 Space Park Dr.	Suite C-201D	Houston
1	Preferred Engineering, LP	1322 Space Park Drive	Suite B 216	Nassau Bay
1	Tatvam Technologies Inc	13221 Juilliard st		Frisco
1	TATVAM TECHONOLOGIES INC	13221 JUILLIARD STREET		FRISCO
1	Polymaker LLC	13223A Stafford Road		Missouri City
1	UNIVERSAL FLOORING SUPPLY LLC	13230 MURPHY ROAD	Suite 600	Stafford
1	Advanced Cloudlink Technologies Inc	1324 Thrasher Dr	N/A	Little Elm
1	Pacific Plus International Inc	13241 Valley Branch Lane, Suite 200		Farmers Branch
1	BENCHLEY TRAVEL PLAZA LLC	13244 S. STATE HWY. 6		BRYAN
1	Boy Scouts of America	1325 West Walnut Hill Lane		Irving
1	R. Stahl Inc	13259 N. Promenade Blvd.		Stafford
1	Jupiter Educational Services, L.L.C.	13259 Tall Grass Trail		Frisco
1	ZTEX Construction Inc	1326 Henry Brennan Dr		El Paso
1	Audiencent LLC	1327 Empire Central Dr.	Suite 230-D	Dallas
1	Prohance Technologies LLC	1327 Empire Central Drive	Suite 260F	Dallas
1	Idealforce LLC	13276 N. Highway 183	Suite 202	Austin
1	Mercury Clinical Research Inc	1328 S Loop W	Ste 200	Houston
1	NEXUS IQ TECHNOLOGY INC	13284 POND SPRINGS RD	STE 405	AUSTIN
1	Encore Wire Corporation	1329 Millwood Rd		McKinney
1	DUSARA CORPORATION	1329 W Walnut Hill Ln	Suite 100	IRVING
1	UniversalMed Supply- Dusara Corporation	1329 W.  Walnut Hill Ln		Irving
1	AHACLOUDS LLC	1330 Blue Gill Bay Road		Coppell
1	Axiom Professionals LLC	1330 Lake Robbins	Suite 250	The Woodlands
1	Amni International Petroleum Resources LLC	1330 Lake Robbins Drive	Ste 600	The Woodlands
1	Global Financial Services LLC	1330 Post Oak Blvd.	Suite 2100	Houston
1	Osaka Gas USA Corporation	1330 Post Oak Boulevard	Suite 1900	Houston
1	HUMANETICS II LTD	1330 Regal Row		Dallas
1	Tanaka Motors inc.	1330 sherwood forest St.	Suite 206	Houston
1	Sunrise Plastic Enterprise Inc	13301 Beaumont Hwy		Houston
1	Chipletz Inc	13301 Galleria Circle	Suite B-250	Bee Cave
1	S&B INDUSTRY INC	13301 PARK VISTA BLVD., SUITE 100		FORT WORTH
1	Tanaka Motors INC	1330SHERWOOD FOREST ST.	SUIT 206	Houston
1	Galen Data Inc	1331 Gemini Ave	Suite 300	Houston
1	TIETRONIX SOFTWARE INC	1331 GEMINI AVE, SUITE 300		HOUSTON
1	TRACLABS INC	1331 Gemini Avenue		Houston
1	Borger Dental PLLC	1331 W Wilson St		Borger
1	HOUSTON CANCER TREATMENT CENTERS, P.A.	13310 BEAMER RD STE B		HOUSTON
1	ILINESOFT LLC	13313 SOUTHWEST FREEWAY	SUITE 208	SUGAR LAND
1	EdvenSoft Solutions LLC	1333 Corporate Drive,	Suite 264	Irving
1	Tecovas Inc	1333 S. Congress Avenue	Suite 200	Austin
1	Owl Bridge Media LLC	1333 Shore District Drive	Suite 1442	Austin
1	U AND ME COMMUNICATIONS INC	1333 W MC DERMOTT DR	Ste 150	Allen
1	Ayra Tech LLC	1333 W Mcdermott Dr	Suite 200	Allen
1	VSK Infosystems LLC	1333 W McDermott Dr.	Suite 200	Allen
1	Maxgrip Americas Inc	1333 W. Loop S.	Suite 730	Houston
1	Tarleton State University	1333 W. Washington		Stephenville
1	DIASUN FINE JEWELRY LLC	1333 WEST MCDERMOTT DR	SUITE 200	ALLEN
1	KeyDrill Technology LLC	13330 S Gessner Rd		Missouri City
1	INNOVATIVE STRUCTURAL CONSULTANTS	13333 NORTHWEST FRWY	STE 650	HOUSTON
1	Baxi Engineering Inc	13333 Northwest Fwy	Suite 650	Houston
1	Bray International Inc	13333 Westland East Blvd.		Houston
1	Essilor America Inc	13335 N. Stemmons Freeway		Dallas
1	Lindsey Inc	1334 Brittmoore Rd  1327	Suite 1000B	Houston
1	Aqua-Tots Cedar Park	1335 E Whitestone Blvd	Ste. Y-100	Cedar Park
1	LEO DOES IT INC	1335 Regents Park Dr	Suite 270	Houston
1	dMb Health at Corpus LLC	1335 Santa Fe St.	Ste. 1	Corpus Christi
1	HomeStory Real Estate Services Inc	13359 N Highway 183	Ste 406, PMB 2044	Austin
1	ALTUMTECH SOLUTIONS LLC	13361 Rembrandt dr		Frisco
1	Long Hing Wholesale Express LLC	13366 Murphy Road		Stafford
1	ROYAL CELLULAR INC	13375 N. STEMMONS FWY.	SUITE 325	FARMERS BRANCH
1	Prestonwood Home Healthcare LLC	134 E CHURCH ST		Grand Prairie
1	Cardiovascular Consultants of Houston PLLC	134 Vision Park Blvd	Suite 130	Shenandoah
1	Kyle Bunting Holdings Inc	1340 Airport Commerce Drive	Suite 325	Austin
1	Equity In Leadership LLC	13403 Sundowner Drive		Houston
1	VS Software LLC	13405 Agile Drive		Frisco
1	Origin Physical Therapy (FL), PLLC	1341 W Mockingbird Ln	STE 600W	Dallas
1	POWERWAND INC	13419 PIKE ROAD	SUITE 100	MISSOURI CITY
1	Prasanna LLC	1342 Fair Avenue		San Antonio
1	Prepaid Cellular LLC	13423 Peach Orchard Ln		Richmond
1	Coral Consulting Services LLC	13428 Omaha Dr		Frisco
1	Village Care Homes LLC	13428 Park Ave		Conroe
1	DYOPATH LLC	13430 NORTHWEST FREEWAY	SUITE 1000	HOUSTON
1	Cobb, Fendley & Associates Inc	13430 Northwest Freeway, Suite 1100		Houston
1	Triguna Technologies LLC	13436 Empire Maker Road		Frisco
1	FORTUNE FOUR TECH SOLUTIONS LLC	13455 Marmolada Dr		Frisco
1	Risk Theory LLC	13455 Noel Road	Suite 2300	Dallas
1	TechnipFMC USA Inc	13460 Lockwood Road		Houston
1	Resource Personnel Consultants Company LLC	13465 Midway Road Suite 204		Dallas
1	iNetFrame Technologies LLC	1347 Patch Grove Dr		Frisco
1	Sunique Cabinets LLC	13489 CHALET AVE		FRISCO
1	TIP STRATEGIES INC	13492 N. Highway 183	Suite 120-254	Austin
1	K Anand Corporation	13498 Pond Springs Road	Building D	Austin
1	Equipt Innovation Inc	135 Kendrick Pines Blvd		The Woodlands
1	PRAVASTECH INC	135 MEADOW RUN DR		CONROE
1	UMA World Inc	1350 Industrial Blvd	Suite 300	Sugar Land
1	Safekick Americas LLC	1350 Ravello Drive		Katy
1	Ooln Inc	13500 Lyndhurst St.	Suite 4068	Austin
1	DiNovo Medical	13511 Lew Briggs Rd		Houston
1	Noble Security Inc	13521 Immanuel Road		Pflugerville
1	HARMONY SCHOOL OF INNOVATION-SUGAR LAND	13522 W. AIRPORT BLVD		SUGARLAND
1	Liberty County Hospital District No 1	1353 North Travis Street		Liberty
1	Denim Group	1354 N Loop 1604 E	Ste. 110	San Antonio
1	Essilor Laboratories of America Inc	13555 N. Stemmons Freeway		Dallas
1	Essilor of America Inc	13555 Stemmons Freeway		Dallas
1	Texas Instruments Incorporated	13570 NORTH CENTRAL EXPRESSWAY	MS 3990	DALLAS
1	MURTHY TECHNOLOGIES LLC	13576 EMPIRE MAKER ROAD		FRISCO
1	Flexera Global Inc,.	136 Eldridge Rd	Suite C	Sugar Land
1	Flexera Global Inc	136 Eldridge Road	Unit C	Sugar Land
1	Elevax Technologies Inc	1360 Star Court, T322		Plano
1	Rahman & Nahar Enterprises Inc	13601 C F Hawn Freeway		Dallas
1	North Tarrant Infrastructure LLC	13601 North Freeway	Suite 200	Fort Worth
1	Family Health Systems LLC	13601 Preston Road  E300		Dallas
1	MINES RETAIL LLC	13602 FM 1472		LAREDO
1	SmartStart Systems LLC	13610 Monteigne Ln		Cypress
1	Arche Resources LLC	13612 Midway Rd	STE 405	Farmers Branch
1	Montessori Training and Research Center of Dallas	13612 Midway Road	Suite 292	Dallas
1	Gaumer Company Inc	13616 Hempstead Rd		Houston
1	Wickander & Associates Inc	13618 Poplar Circle	303	CONROE
1	Spire Building Supplies Inc	1362 W Carrier Pkwy		Grand Prairie
1	CHARGER LOGISTICS USA INC	13620 EVOLUTION LOOP		LAREDO
1	HI-TECH PRECIOUS METALS & REFINERY LLC	13620 GAMMA ROAD		DALLAS
1	eHealthInsurance Services Inc	13620 Ranch Road 620	Suite A-250	Austin
1	ALL AMERICAN ELECTRONIC TECHNOLOGY INC	13624 NUETRON RD		FARMERS BRANCH
1	TE Construction Group LLC	13626 Poplar Circle	Ste 501	Conroe
1	LINEV Systems US Inc	13631 Poplar Cicle		Conroe
1	Kalusha Investments, LTD.	13641 Dublin Court		Stafford
1	TWC The Valve Company LLC	13641 Dublin Ct		Stafford
1	SAExploration Inc	13645 N Promenade Blvd.		Stafford
1	Familia Dental Abilene PLLC	1365 Barrow St.		Abilene
1	Groth Corporation	13650 Promenade Boulevard North		Stafford
1	VKRINNOVATIONS LLC	13661 Cardigan Ln		Frisco
1	Sprint Byte Technologies LLC	137 Purple Sandpiper Ln		leander
1	Coe Dentistry PLLC	137 W STATE HIGHWAY 121	STE 110	COPPELL
1	Coke Machine Inc	13701 A-Stafford Point Dr		Stafford
1	Vista Global Tech Inc	13706 research blvd, suite 209		AUSTIN
1	RH TECHNOLOGIES INC	13706 Research Blvd, suite 211G		Austin
1	iTek People Inc	13706 Research Blvd.	Suite 307	Austin
1	GUPTA AND ASSOCIATES INC	13717 NEUTRON ROAD		DALLAS
1	ENGINEERED CUSTOM SOLUTIONS LLC	13720 FM 529	SUITE 200	HOUSTON
1	LAIDON LLC	13721 FLAGSTONE LANE		DALLAS
1	Saiforce Tech Inc	13726 Crossbow Ridge		San Antonio
1	Fischer Solutions Inc	13727 Noel Road	Suite 900	Dallas
1	H&D Distributors Inc	1373 Round Table Drive		Dallas
1	RMZ Oilfield Engineering Inc	13731 FM 529		Houston
1	Envision Healthcare Corporation	13737 Noel Road	Suite 1600	Dallas
1	Farlife LLC	13740 N Highway 183 Unit E4		Austin
1	Talentum Group	13740 Research Blvd	Suite M-6	Austin
1	B2B Infosys Inc	13740 Research Blvd Unit O-2		Austin
1	Trust Infosys LLC	13740 Research Blvd., Suite O-2		Austin
1	iNSPIRE GROUP iNC.	13747 Montfort Dr.	Suite 310	Dallas
1	Information Processing Corporation Inc	13747 Montfort Drive	Suite 300	Dallas
1	DINKLE CORPORATION, USA	13748 PIKE ROAD		MISSOURI CITY
1	Gulf States Toyota Inc	1375 Enclave Parkway		Houston
1	HITACHI HIGH-TECH AMERICA INC	1375 N. 28th Avenue		Dallas
1	Assured Partners Houston LLC	13750 San Pedro Avenue	Suite 550	San Antonio
1	AG Fintax LLC	13750 Willow Bend Dr		Frisco
1	Vacuum Interrupters LLC	13765 Beta Road		Farmers Branch
1	4M Analytics Inc	13785 Highway 183		Austin
1	Tetrahed Inc	13785 N Highway183	Ste. 125	Austin
1	Genesis Health At Home LLC	13785 Research Blvd, Suite 125		Austin
1	LDS PREMIER LOGISTICS INC	1380 HIGHWAY 287 NORTH	SUITE 102	MANSFIELD
1	Sinton Services USA Inc	13800 Dex Dr		Farmers Branch
1	FL Inc	13800 Diplomat Dr.		Dallas
1	Stress Engineering Services Inc	13800 Westfair East Drive		Houston
1	Semicat Inc	13801 Hutton Drive		Farmers Branch
1	HENG YE CHEMICAL LLC	13802 MURPHY RD		STAFFORD
1	Capella Software LLC	13802 Rivendell Crest Ln		Cypress
1	Lubbock-Cooper Independent School District	13804 Indiana Avenue		Lubbock
1	Alba Technologies LLC	13805 Horseshoe Canyon Rd		Roanoke
1	Vego Innovations Inc	13808 Boudreaux Road	Bldg. 2	Tomball
1	RightRev Inc	13809  Research Blvd	Suite 500	Austin
1	Aitium Inc	13809 Research Blvd,	Suite 500,	Austin
1	RODRIGUEZ ENGINEERING LABORATORIES LLC	13809 TURBINE DRIVE		Austin
1	CTS-COMPLETE TECHNICAL SERVICES INC	13810 CHAMPION FOREST DRIVE	SUITE 202	HOUSTON
1	Nippon Pillar Corporation of America	13810 Hollister Drive	Suite 170	Houston
1	Equisales Associates Inc	13811 Cullen Blvd.		Houston
1	Deepwater Corrosion Services Inc	13813 FM 529 Road		Houston
1	Apex Polymer Corp	13827 W Hardy Rd	Bldg A	Houston
1	C & C Reservoirs Inc	13831 Northwest Fwy	Ste. 450	Houston
1	TDIndustries Inc	13850 Diplomat Dr		Dallas
1	WS International LLC	13850 N Stemmons FWY	120	Farmers Branch
1	AGS TREES SERVICES	13850 Walnut Hollow Ln		Houston
1	Gold Standard Auctions LLC	13859 Diplomat Dr.	Ste. 150	Farmers Branch
1	Midway Independent School District	13885 Woodway Dr.		Woodway
1	FRIENDS TEXAS CAPITAL COMPANY  LLC	139 CYPRESSWOOD DR,  158		SPRING
1	Sysco Corporation	1390 Enclave Parkway		Houston
1	FAIR CONTRACTORS LLC	13902 Schmidt Rd		Cypress
1	Prache Consulting Inc	13915 Penrose Avenue		Frisco
1	Spicy Zest LLC	13920 JOSEY LANE	STE 100	FARMERS BRNCH
1	Qualcomm Technologies Inc	13929 Center Lake Dr.	Suite 100 & 200	Austin
1	Aminchi Foods International	13940 Bammel North Houston Rd	110	Houston
1	TANKOT-KIRNA LLC	13945 NORTH, 183 LAKELINE MALL DR.	SUITE C89	AUSTIN
1	ASTI MANUFACTURING CORP. INC	13950 SENLAC DRIVE	SUITE 300	FARMERS BRANCH
1	Asiatics USA Inc	13953 Fondren Road		Missouri City
1	Travis Body and Trailer Inc	13955 FM 529 RD		Houston
1	Epimed International Inc	13958 Diplomat Drive		Dallas
1	Omni Endodontics, PLLC	1397 George Dieter Dr.	Suite B	El Paso
1	Apollocare1 LLC	1397 W 7th Ave		Corsicana
1	American Star Pharmacy Inc	13988 Diplomat Dr., Ste 100		Farmers Branch
1	ABP International Inc	13988 Diplomat Drive	Suite 180	Dallas
1	Kanika Compute LLC	14 North Peak Road		West Lake Hills
1	Cortec Global Services Inc	140 Cupress Station Drive	Suite 217	Houston
1	Conclar Inc	140 LAKEWOOD TRL		LEANDER
1	Sansotti Technologies LLC	140 Rainbow Drive	Unit 4051	Livingston
1	VIRTUOUS TEK INC	1400  N Coit Road	Suite 804	McKinney
1	MOL Chemical Tankers America LLC	1400  Post Oak Blvd	Suite 1100	Houston
1	Axess North America Inc	1400 Broadfield	Suite 300	Houston
1	Insight Equity Management Company LLC	1400 Civic Place	Suite 250	Southlake
1	A Perfect Smile Orthodontics, P.C.	1400 E. Expressway 83, STE 155		McAllen
1	Topographic Inc  now known as Topographic OM Inc	1400 Everman Parkway	Suite 146	Fort Worth
1	Assurancelab Inc	1400 Lavaca St	Suite 700	Austin
1	BWH Development Inc	1400 Lavaca St.	Suite 100	Austin
1	JDX Flower Mound LLC	1400 Long Prairie Road, Suite 110		Flower Mound
1	Staffor Consulting LLC	1400 N Coit Rd	Suite 803	McKinney
1	Honeyrey Solutions Inc	1400 North Coit Road Suite 801		Mckinney
1	LAVACA HOSPITAL DISTRICT	1400 NORTH TEXANA		HALLETTSVILLE
1	Oswood Stallion Station Inc	1400 Old Garner Rd		Weatherford
1	Genuent Global LLC	1400 Post Oak Blvd.	Suite 200	Houston
1	Infolance Inc	1400 Preston Rd, Suite 499B	N/A	Plano
1	SJRC Texas Inc	1400 Ridge Creek Lane		Bulverde
1	3C Environmental Solutions Inc	1400 VALWOOD PKWY	STE 120	Carrollton
1	TECHROLES INC	1400 Villalonga Dr		Little Elm
1	Intuilize Inc	1400 W Northwest Hwy	Ste 240	Grapevine
1	McAllen Hospitalist Group, PLLC D/B/A South Texas Health System Clinics	1400 W. Trenton Road		Edinburg
1	CROCKETT INDEPENDENT SCHOOL DISTRICT	1400 WEST AUSTIN STREET		CROCKETT
1	MODULARDESIGN LLC	1400 WESTWAY PARK		EULESS
1	Gladiator Energy LLC	1400 Woodloch Forest Drive	Suite 425	The Woodlands
1	Tech Quotient LLC	14001 W Hwy 29	Ste 102	Liberty Hill
1	TALENT MINE SOLUTIONS INC	14001 W State Hwy 29	Ste 102	Liberty Hill
1	ETM Legacies LLC	14005 US-183	Suite 300	Austin
1	Datamind Analytics LLC	14009 Dorset Ln		Frisco
1	Familia Dental Odessa PLLC	1401 E 8th Street		Odessa
1	KNAPP MEDICAL CENTER	1401 E. 8TH STREET		WESLACO
1	PRO-SHOOTER LLC	1401 GREENGRASS DR		HOUSTON
1	Maxx Technologies Inc	1401 Lake Plaza Dr		Spring
1	Trafigura Trading LLC	1401 McKinney Street	Ste. 1500	Houston
1	Echempower Inc	1401 N Central Expwy, Suite 100		Richardson
1	Dallas Area Rapid Transit	1401 Pacific Avenue	2nd floor	Dallas
1	Pflugerville Independent School District	1401 W. Pecan Street	N/A	Pflugerville
1	RAVA Construction LLC	14015 Southwest Freeway	Suite 3	Sugar Land
1	TechAlpha LLC	1402 S Custer Rd	Suite 604	McKinney
1	Globus IT Inc	1402 S Custer Rd, Ste 603		McKinney
1	Globus IT Incorporated	1402 S Custer Road, Suite 603		McKinney
1	Conduit Consultancy Services LLC	1402 S. Custer Road	Suite 801	McKinney
1	Texas Energy Poverty Research Institute	1402 W 6th St		Austin
1	JPS Graphics Corporation	14030 Welch RD		Dallas
1	Copeland Healthcare Inc	1404 Max Copeland Drive		Marble Falls
1	Law Office of Oxana Bowman	1404 Oneil St	Unit B	Houston
1	SAVANCYS INC	1404 W Walnut Hill Lane	Suite 123	IRVING
1	GoalSpace IT Inc	1404 W Walnut Hill Ln.	1404 W Walnut Hill Ln.	Irving
1	Oberon IT Inc	1404 W. Walnut Hill Lane, Suite 102		Irving
1	HS2 Medical Services Inc	14045 Saddlesoap Ct		Haslet
1	Kallison Ranch Smiles PLLC	14048 Culebra Road	Suite 121	San Antonio
1	FITTZ & SHIPMAN INC	1405 CORNERSTONE COURT		BEAUMONT
1	Sage Meadow Healthcare Inc	14058 Bee Cave Parkway, Building B		Bee Cave
1	Peek Law Group PLLC	1406 Waller St		Austin
1	Knowledge Based Systems Inc	1408 University Drive East		College Station
1	Vision Cloud,  Inc	14085 Steadman Dr		Frisco
1	VISION CLOUD INC	14085 Steadman Drive		Frisco
1	Japale LLC	14088 Silver Falls Ct		Shenandoah
1	Jaquez Interior Designs LLC	1409 BOTHAM JEAN BLVD	Apt. 405	Dallas
1	Epiphany Community Development Foundation	1409 Botham Jean Blvd., Suite 503		Dallas
1	Pena Legacy Consulting, PLLC	1409 S 9TH AVE	Suite 102	Edinburg
1	Shritech Solution LLC	1409 Shiloh Rd	Suite 140	Plano
1	Vibrantcare Rehabilitation Inc	14090 Southwest Freeway Suite 101		Sugar Land
1	Acquaintek Inc	14090 Southwest Fwy.	Suite 300	Sugar Land
1	emaestro Technologies Inc	141 New Road	suite 208	liberty Hill
1	Kalla Consulting Services LLC	141 Rainbow Dr	Suite 4110	Livingston
1	PULMONICS PLUS PLLC	141 RVG PKWY	STE 101	WAXAHACHIE
1	CHASE OAKS ANIMAL CLINIC PLLC	141 Spring Creek Pkwy	415	Plano
1	Supply Services & Solutions LLC	1410 Guadalupe St	Suite 109	San Antonio
1	Mannatech Inc	1410 Lakeside Parkway,  Suite 200		Flower Mound
1	Cacique Foods LLC	1410 Westridge Circle North		Irving
1	VeraLogics Inc	14100 San Pedro Avenue	Suite 405	San Antonio
1	OPTIMUS UNIT LLC	14109 DOONAN CROSSING		FRISCO
1	Shermco Systems Integration LLC	1411 Twin Oaks Street		Wichita Falls
1	Land Strategies Inc	1411 W 5th Street	Suite 100	Austin
1	Zelus Analytics Inc	1411 W. 6th St.		Austin
1	VonExpy Softech LLC	1411 West Ave	Suite 205	Austin
1	ThoughtFocus Inc	14110 Dallas Pkwy	Suite 250	Dallas
1	HANSI TECHNOLOGIES LLC	14110 DALLAS PKWY.		DALLAS
1	Commit Consulting Group LLC	14110 N Dallas Pkwy		Dallas
1	Integrating Logistics Services Co. Inc	14110 Transportation Avenue		Laredo
1	AI Pioneer LLC	14111 King RD	Ste 610	Frisco
1	Conyx IT Solutions LLC	14111 King Rd STE 100	Office UNIT W	Frisco
1	IFCONFIG TECHNOLOGIES LLC	14111 King Rd, Office – G	Suite 410	Frisco
1	StayConnect LLC	14114 Dallas Parkway Suite 420		Dallas
1	Fishbone Technical Services LLC	14118 Vincent Dr.		Corpus Christi
1	HAR Group Doctors PLLC	1412 Durham Ave		Wolfforth
1	SV Meditrans Inc	1412 Main St.	Ste. 610	Dallas
1	ITBuild Solutions LLC	1412 Meandering Creek Path		Flower Mound
1	favish.com	1412 W 6th St		Austin
1	Culebra Family Dentistry PLLC	14124 Culebra Rd	Ste 113	San Antonio
1	Metropolitan Infrastructure, PLLC	1413 E IH30	STE 3	Garland
1	CBG Surveying Texas LLC	1413 E. Interstate 30	Suite 7	Garland
1	HOBAS Pipe USA Inc	1413 E. Richey Road		Houston
1	American Trailer World Corp d/b/a ATW	14131 Midway Road	Ste. 1000	Addison
1	Transocean Offshore Deepwater Drilling Inc	1414 Enclave Parkway		Houston
1	Twisted X Inc	1414 FM 51		Decatur
1	Las Colinas International Inc	1414 Round Table Dr.		Dallas
1	Berry Contracting, LP	1414 Valero Way		Corpus Christi
1	MGA Research Corporation	1414 W Walnut Hill Ln		Irving
1	George R. Willy, P.C.	14141 Southwest Fwy	Suite 110	Sugar Land
1	Leosoft solutions LLC	1415 HuffMeister Rd	Suite 200	Cypress
1	UTEGRATION LLC	1415 Louisiana St.	Suite 2375	HOUSTON
1	Bot Auto TX Inc	1415 North Loop West	STE 300-14 123 1073	Houston
1	VILUX ACADEMY LLC	1415 South Voss rd	110	Houston
1	MTK Global Inc	1415 W Johnson	Ste 103	Denison
1	SDLG North America Corp.	14155 West Hardy Road		Houston
1	Gurutech Solutions LLC	14157 Badger Creek Dr.		Frisco
1	Prasoft LLC	1416 Bird cherry lane		Prosper
1	Seguin Dentalcare, PLLC	1417 E Walnut Street	Suite 100	Seguin
1	Seguin Dentalcare PLLC	1417 E Walnut Street, Ste  100		Seguin
1	ChenMega Machinery LLC	1417 N Sam Houston pkwy W		Houston
1	GOLDEN WEST CONSULTING INC	1417 Sawmill Crossing		Round Rock
1	PRINCE ROYAL INC	1417 SUNSET ST.		WACO
1	Aletheia Marketing and Media Inc	14175 Proton Road		Dallas
1	Logicexcell LLC	14175 Valley Mills Drive		Frisco
1	SREELAN LLC	14185 Dromoland Drive		Frisco
1	China acupuncture clinic	1419 S. Center  ST		Arlington
1	ARIAS & ASSOCIATES INC	142 CHULA VISTA DRIVE		SAN ANTONIO
1	Global View Solutions Inc	142 cole street	suite 100	Dallas
1	Solara Ironworks LLC	142 Howell St	Ste. 100	Dallas
1	IntelliCentrics Inc	1420 Lakeside Pkwy	Suite 110	Flower Mound
1	Ngen Technology LLC	1420 Placer Dr		Allen
1	Christ Counseling Ministry INC	1420 Twin Oaks Street		Wichita Falls
1	Datum Engineers Inc	1420 W. Mockingbird Lane	Suite 100	Dallas
1	VIGORCARE PARTNERS OF TEXAS	1420 W. MOCKINGBIRD LN	STE 290	DALLAS
1	WILWOOD CABINETRY INC	14200 Hollister Rd	Suite 200	Houston
1	Patel & Ved	14200 Midway Road, Suite 120		Dallas
1	Ayulla Inc	14200 The Lakes Blvd	Suite 1028	Pflugerville
1	NOVUS INTEGRATED TECHNOLOGY SOLUTIONS LLC	14201 GENESEE TRAIL		AUSTIN
1	Loanify Inc	14205 Burnet Rd	Suite 100C	Austin
1	Velocity Artificial Intelligence solutions Inc	14205 N Mopac Expwy	Suite 600 C	Austin
1	Ojas Innovative Technologies Inc	14205 N Mopac Expy   100 C		Austin
1	Vashek Inc	14208 Blueberry Hill Drive		Little Elm
1	SIMPLEX INFO SYSTEMS INC	1421 Champion Drive	Suite 352	Carrollton
1	Nings Development LLC	1421 Lake Pointe Pkwy		Sugar Land
1	Davis Air Conditioning and Heating Inc	1421 S Front St		Angleton
1	Trajan Scientific Americas Inc	1421 W Wells Branch Parkway	Suite 108	Pflugerville
1	HARMONY SCIENCE ACADEMY-PFLUGERVILLE	1421 WELLS BRANCH PKWY  200		PFLUGERVILLE
1	Avani Marble & Granite Inc	14210 Aston St		Houston
1	Amistco Separation Products Inc	14211 Industry Street		Houston
1	Omali Diagnostics LLC	14219 Proton Road		Farmers Branch
1	Freeman Corporate LLC	14221  N. Dallas Parkway	STE 200	Dallas
1	The Freeman Company	14221 N. Dallas Parkwas	Floor 2	Dallas
1	TRINITY INDUSTRIES INC	14221 N. DALLAS PARKWAY	INTERNATIONAL PLAZA II, SUITE 1100	Dallas
1	Pi Cube LLC	14222 Dallas Pkwy	2118	Dallas
1	BUFFBUNNY COLLECTION LLC	1423 LAKE POINTE PARKWAY		SUGAR LAND
1	ENGINEERING ALLIANCE INC	1423 S. HIGLEY ROAD	SUITE 121	MESA
1	Aiffel Inc	14233 Proton Rd		Dallas
1	HHG Holdings	14233 West Road		Houston
1	New Benefits, Ltd.	14240 Proton Road		Dallas
1	HOUSE X WORLD LLC	1425 W 24TH Street		Houston
1	Bridge Flair LLC	1425 W Pioneer Dr , 254		Irving
1	Aspen Tek Systems LLC	1425 West Pioneer Dr	Suite 252	Irving
1	Crosby Family Dental Inc	14270 FM 2100		Crosby
1	ACE Dental06 PC	1428 Wooded Acres Dr.	Suite 126	Waco
1	SDS Infotech LLC	1429 Four Corner Ln.		Frisco
1	Nurturing Home Care Inc	14295 Midway Rd	Suite 400	Addison
1	America at Home Healthcare and Nursing Services, Ltd.	14295 Midway Road, Suite 200		Addison
1	MAYFLOWER INVESTMENTS LLC	1430 BARKER CYPRESS ROAD		HOUSTON
1	Electro Plate Circuitry Inc	1430 Century Drive		Carrollton
1	Wiwynn International Corporation	1430 Henry Brennan Dr.		El Paso
1	ATMA Energy Inc	1430 N Flores St	Ste. 200	San Antonio
1	Parinama LLC	14300 Ronald Regan Blvd	Unit 406	Leander
1	Hearing Lab Technology LLC	14301 FAA Blvd	Suite 105	Fort Worth
1	Hexadata Technologies Inc	14307 Strawflowers Dr		Frisco
1	PRIMUS Global Services Inc	1431  Greenway Dr.	Suite 750	Irving
1	QUICKASSERT CONSULTING INC	1431 Greenway Drive Suite 800		Irving
1	FLOUR BLUFF DENTAL PLLC	1431 PALO ALTO RD	SUITE 104	SAN ANTONIO
1	Cyentech Consulting LLC	14330 HAZELDALE DR		Cypress
1	MARSOL TRADING LLC	14331 FM529 ROAD		HOUSTON
1	ALSINA FORMS CO. INC	14335 W. HARDY ROAD	SUITE A	HOUSTON
1	Emerge IT Solutions LLC	14336 Gatewood ln		Frisco
1	Lindsayca Inc	14350 Chrisman Road		Houston
1	Aspenwood Real Estate LLC	14350 Whitetop Peak Ct		Conroe
1	Campbell Learning Center Inc	1440 Campbell Road		Houston
1	E.F. Johnson Company	1440 Corporate Drive		Irving
1	MiView Integrated Solutions LLC	1440 Halsey Way		Carrollton
1	BlackPearl Technology Inc	1440 Lake Front Circle	Suite 170	The Woodlands
1	RGV Equine Services LLC	1440 Mile 8 N		Mercedes
1	Sow Good Inc	1440 N. Union Bower Road		Irving
1	WPTX Fulfillment LLC	14402 Fallbrook Dr	Suite 290	Cypress
1	Methodist Health System	1441 N. Beckley Ave		Dallas
1	Edge Imports Inc	1441 Patton Place - Suite 101		Carrollton
1	North Houston Sports Medicine LLC	1441 Woodstead Court	STE 200	The Woodlands
1	Service Success Academy LLC	14420 W Sylvanfield Dr	Ste 110	Houston
1	Softvel LLC	14425 Falcon Head blvd Building E	Suite 100	Austin
1	OnTarget Drilling LLC	14427 Interdrive W		Houston
1	FILPAC INC	1444 N Cockrell Hill Rd Suite 106		Dallas
1	Auzmet Architectural LLC	1444 North Cockrell Hill Road	Suite 101	Dallas
1	Gene by Gene Ltd	1445 Loop W	Suite 820	Houston
1	KIM CPA FIRM PLLC	1445 MAC ARTHUR DR STE 100		CARROLLTON
1	Jash Healthcare LLC	1445 SW Military Drive		San Antonio
1	Primoris Energy Services Corporation	14455 Primoris Way		Houston
1	IDD INCORPORATED	14455 Webb Chapel Rd	STE 200	Farmers Branch
1	BSN Sports LLC	14460 Varsity Brands Way		Farmers Branch
1	Moazam PA	14470 Horizon Blvd.	Suite J	El Paso
1	Giant Sales LLC	14485 Bellaire Blvd		Houston
1	Empire Paytech LLC	1449 Hwy 6	Ste 300	Sugar Land
1	James Avery Craftsman Inc	145 Avery Drive North		Kerrville
1	Akamai Technologies Inc	145 Broadway		Cambridge
1	City of San Antonio Acting by and through City Public Service Board	145 Navarro		San Antonio
1	Career Soft Solutions Inc	145 Talmadge Rd	Suite 12	Edison
1	Crawford Pharmacy of Pleasanton	145 W Hart Ave	Suite 104	San Antonio
1	South San Antonio Independent School District	1450 Gillette Blvd.		San Antonio
1	Linear Labs LLC	1450 Markum Ranch Road	Suite 100	Fort Worth
1	Riverwalk Education Foundation	1450 NE Loop 410		San Antonio
1	Buford-Thompson Company, LTD	1450 North Jim Wright Freeway		White Settlement
1	North Star Identity LLC	1450 Waterton Dr		Prosper
1	Ingram Micro Texas L.P.	14500 FAA Blvd.		Fort Worth
1	GALDERMA LABORATORIES L.P.	14501 North FWY		Fort Worth
1	INNOVATECH LLC	14505 Dry Creek Drive		Cypress
1	The Highland School	1451 E. Northgate Dr		Irving
1	Cathedral Plumbing of Texas LLC	1451 Halsey Way		Carrollton
1	AXIS PIPE AND TUBE LLC	1451 Louis E Mikulin Rd		Bryan
1	Tranter Inc	14510 Wagg Way Road		Houston
1	Pranu Business Group LLC	14511 Old Katy Rd	STE 366	Houston
1	Axxis Geo Solutions Inc	14511 Old Katy Road	Suite 150	Houston
1	Construction Solutions USA LLC	1452 Halsey Way	Suite 100	Carrollton
1	Synnefo Solutions LLC	1452 Hughes Road Ste. 200		Grapevine
1	Data Sys IT Inc	1452 Hughes Road,	Ste. 200	Grapevine
1	Energy Maxi Group LLC	14520 Old Katy Road	Suite 119	Houston
1	Clint Independent School District	14521 Horizon Blvd		El Paso
1	STAR BITES LLC	14525 Hwy 249	Ste A	Houston
1	FORGED COMPONENTS INC	14527 SMITH RD		HUMBLE
1	QUALITY PRECISION COATINGS LLC	14538 Lemay St.		Houston
1	Brighten Dental, PLLC	1454 Campbell Road		Houston
1	VIVA RAILINGS LLC	1454 HALSEY WAY		CARROLLTON
1	Solugen Inc	14549 Minetta St.		Houston
1	KERSHAW K KHUMBATTA, PLLC	1455 HIGHWAY 6 SOUTH, Suite A		SUGAR LAND
1	Topaz Labs LLC	14555 Dallas Parkway, Suite 350		Dallas
1	HeartCentrix Solutions LLC	14555 Dallas Pkwy	Suite 100-357	Dallas
1	Careexpand LLC	14555 Dallas Pkwy.	Suite 100-276	Dallas
1	Maxter Healthcare Inc	14559 County Road 48		Rosharon
1	BRINGWISE LLC	14584 FARMING RD		FRISCO
1	Telios Corporation	146 Payne Street		Dallas
1	Tecspirit Corp.	1460 E. Whitestone Blvd.	Suite 270	Cedar Park
1	Executive Management Group LLC	1460 Main St	Suite 245	Southlake
1	Royal White Cement Inc	14601 Bellaire Blvd		Houston
1	Noma Engineering & Construction LLC	14601 Bellaire Blvd.	Suite 110	Houston
1	ALL-Ways Engineering LLC	14603 Huebner Road	Bldg. 30, Suite 3002	San Antonio
1	PROVENTUS METRICS INC	14604 BALLYCLARC DR.		AUSTIN
1	Navistar San Antonio Manufacturing LLC	14607 S. US HWY 281		San Antonio
1	ZC Distribution LLC	1461 Exchange Dr		Richardson
1	RAC Infotech Inc	14614 Falling Creek Dr	Suite 232	Houston
1	Bridge Logix Solutions LLC	14614 Falling Creek Drive, Suite 207		Houston
1	Overland Construction & Estates LLC	14618 Manfsield Dam Ct	Ste 34	Austin
1	SHAVE Dental PLLC	14620 Huebner Road		San Antonio
1	Parents of Autistic Children of Texas	14623 FM 849		Lindale
1	Arun Mago CPA PLLC	1464 E Whitestone Blvd , Suite, 504		Cedar Park
1	PEBAL BRIGHT TECHNOLOGIES LLC	1464 EAST WHITESTONE BLVD.	SUITE 504	CEDAR PARK
1	TechIntelli Solutions Inc	14643 Dallas Pkwy	Suite 120	Dallas
1	CECO Industrial Solutions inc	14651 Dallas Parkway	Suite 500	Dallas
1	SAGEMCOM USA LLC	14651 NORTH DALLAS PKWY	SUITE 900	DALLAS
1	L&T VALVES USA LLC	1465A BRITTMOORE ROAD		HOUSTON
1	Crescent Dental, PLLC	1467 East Court St		Seguin
1	Projekt202 LLC	14675 Dallas Pwky	Ste 200	Dallas
1	CONGLOMERATEIT LLC	14679 MIDWAY RD	SUITE 216	ADDISON
1	Rojas School of Music	1469 W. State Hwy 114	Ste. 604	Grapevine
1	ROCK SPORTS & SPINE THERAPY PLLC	14690 Memorial Drive		Houston
1	Sage International Inc	1470 Avenue T		Grand Prairie
1	Spire Engineering Services LLC	14701 St. Marys Lane	Suite 200	Houston
1	WREFS WELDING LLC	14710 Jersey Shore Dr.		Houston
1	ULTRA CORPOTECH INC	14737 FIRETOWER ROAD		CONROE
1	Code Insights LLC	14739 Yorktown Dr		Frisco
1	Zivi Labs Inc	14744 Harmony Ln		Frisco
1	Ignite Sales Inc	14755 Preston Road	Suite 400	Dallas
1	Detail Mold & Manufacturing	14773 RM 2338		Georgetown
1	MODE Transportation LLC	14785 PRESTON RD	STE 850	Dallas
1	Fifth Partners ManagementLLC	14785 Preston Rd, Ste 290		Dallas
1	Greenroad International Logistics USA Inc	14788 Heathrow Forest Parkway		Houston
1	MSP CONCEPTS INC	14793 Pensham Drive		Frisco
1	ROI SOLUTIONS LLC	148 WESTLAKE POINT		MONTGOMERY
1	DerbySoft Inc	14800 Landmark Blvd	Suite 640	Dallas
1	Precocity LLC	14800 Landmark Boulevard	Ste. 320	Dallas
1	ILE Homes Investment Manager LLC	14800 Quorum Dr.	Ste. 510	Dallas
1	Ser Technology Corporation	14800 Quorum Drive, Suite 283		Dallas
1	Zentech Technical Services Inc	14800 St. Marys Lane	Suite 270	Houston
1	Splitwaters LLC	14800 St. Marys Ln	Suite 270	Houston
1	MANAGNI SYSTEMS	14809 Rollover Pass Lane		Frisco
1	TRAF-IQ INC	14811 ST. MARYS LANE	SUITE 180	HOUSTON
1	Siristek Inc	14814 Venture Dr.		Farmers Branch
1	AMALA ZONE LLC	14815 Westheimer Road		Houston
1	Alen USA LLC	14825 Northwest Freeway	Suite 500	Houston
1	HPF Consultants Inc	14825 St. Marys	Suite 200	Houston
1	Progan US Corp.	14830 Talcott St.		Houston
1	Venturity	14841 Dallas Parkway,  600		Dallas
1	TECHCORR USA MANAGEMENT LLC	1485 E. SAM HOUSTON PARKWAY SOUTH	SUITE 160	PASADENA
1	VisualAIM LLC	1485 East Sam Houston Parkway	Ste. 160	Pasadena
1	Centric Pipe LLC	14850 Montfort Drive	Ste 100	Dallas
1	MV Engineering Inc	14850 Quorum Dr	Suite 120	Dallas
1	SPINSCI TECHNOLOGIES LLC	14850 Quorum Dr.	Suite 150	Dallas
1	Anjuman E. Haideri	14855 Richmond Ave		Houston
1	Texas Premier Locksmith Inc	14860 Montfort Drive	Suite 100	Dallas
1	Gurian, PLLC	14881 Quorum Drive, Suite 350		Dallas
1	Mitsubishi Heavy Industries Compressor International Corporation	14888 Kirby Drive		Houston
1	Yukon Accounting & Consulting Inc	1489 CR 1858		Yantis
1	GNB Global Inc	149 Capital Lane		Rhome
1	Loopback LLC	14900 Landmark Blvd	Ste. 240	Dallas
1	Phoenix Infrastructure LLC	14901  FAA Boulevard		Fort Worth
1	Cyxtera Technologies Inc	14901 FAA Blvd		Fort Worth
1	IFM Restoration Inc	14901 Quorum Dr	Suite 900	Dallas
1	LONZA HOUSTON INC	14905 KIRBY DR		HOUSTON
1	Dibit Measuring Technique USA Inc	14911 Ash Landing Drive		Conroe
1	Maruthi Technologies Inc	14911 Quorum Drive	Suite 390	Dallas
1	Sigma Group Services	14912 Jerry Armstrong ct		El Paso
1	BesCutter LLC	14915 East Hampton Circle		Houston
1	RACHADEE RESOURCE LLC	14919 BELLAIRE BLVD		HOUSTON
1	Zalles Electrical Power Services LLC	14923 Fondren Rd, Suite 100		Missouri City
1	Cognax Tech LLC	1493 Hazel Green DR		Frisco
1	QMPM LLC	14934 Webb Chapel Rd, Suite 16A		Farmers Branch
1	Apex IT Systems Global USA LLC	14934 Webb Chapel Road,	Suite 12	Farmers Branch
1	Smart Supply Chain Inc	14935 East Hampton Circle		Houston
1	Hunter Buildings & Manufacturing, LP	14935 JACINTOPORT BLVD		HOUSTON
1	Avalanche Technologies LLC	1495 CHASE LN		IRVING
1	Cargolux Airlines International S.A.	14950 Heathrow Forest Pkwy	Suite 490	Houston
1	Rexel USA Inc	14951 Dallas Parkway		Dallas
1	Guadalupe Corporation	14951 Dallas Pkwy	Suite 219	Dallas
1	Argus Partners LLC	14951 Kings Port Road		Fort Worth
1	USA Cinema Services LLC	14951 North Dallas Parkway	Suite 300	Dallas
1	Polara Enterprises LLC	1497 CR2178		Greenville
1	Alpha First Dental Clinic P.A.	1499 E Marshall Ave		Longview
1	PROWISE SOLUTIONS INC	15 CORPORATE PLACE SOUTH	SUITE 419 D	PISCATAWAY
1	COREAA LLC	15 Webb Creek Pl		The Woodlands
1	Integration Specialists Inc	150 Brand Road	Suite 300	Murphy
1	Bantec Engineering LLC	150 Cobia Drive	4422	Katy
1	EverLine Tech Ops LLC, f.k.a. NuGen Automation LLC	150 FM 1959		Houston
1	EverLine Tech Ops LLC	150 FM Road 1959		Houston
1	Shell Catalysts & Technologies US LP	150 N Dairy Ashford Road		Houston
1	Geriatric and Palliative Care Associates, PA	150 Pine Forest Dr.		Shenandoah
1	UVALLE LAW FIRM PLLC	150 W JOHN CARPENTER FWY	SUITE 200	IRVING
1	Monty & Ramirez LLP	150 W. Parker Road	3rd Floor	Houston
1	Omnitracs LLC	1500  Solana Blvd. Blg. 6	STE 6300	Westlake
1	BrandExtract LLC	1500 Bingle Road		Houston
1	Discovery Medical Network Inc	1500 Broadway	Ste 1000	Lubbock
1	KAPPA NORTH AMERICA INC	1500 CITY WEST BOULEVARD SUITE 741		HOUSTON
1	Fox Three Inc	1500 Industrial Blvd.	Suite 403	McKinney
1	HealthTrackRx Inc	1500 Interstate 35W		Denton
1	Natpor Properties Inc	1500 Lawndale Plaza		Houston
1	Alpor Properties Inc	1500 Lawndale Plaza  4		Houston
1	Chevron USA Inc	1500 Louisiana Street,  13134		Houston
1	CITY OF DALLAS	1500 Marilla Street		Dallas
1	CHILDRESS ENGINEERING SERVICES INC	1500 N. GREENVILLE AVENUE	SUITE 1000	RICHARDSON
1	ELITE DIGITAL SERVICES INC	1500 N. INTERSTATE 35E	SUITE 100	CARROLLTON
1	LAMAR STATE COLLEGE-PORT ARTHUR	1500 PROCTER STREET	P O Box 310	PORT ARTHUR
1	Crane Worldwide Logistics LLC	1500 Rankin Rd		Houston
1	Dent Professionals Inc	1500 S Central Expwy		McKinney
1	Vidu Solutions LLC	1500 S Dairy Ashford Road	Suite 320	Houston
1	eDriving LLC	1500 Solana Blvd	Bldg. 6, Ste. 6300	Westlake
1	Spireon Inc	1500 Solana Blvd Bldg 6	Ste. 6300	Westlake
1	CLAIMS SERVICES GROUP LLC	1500 Solana Blvd., Building  6	Suite 6300	Westlake
1	Brazos Valley Community Action Agency Inc	1500 University Drive East		College Station
1	Genyus LLC	1500 W Hebron Pkwy	Suite 108	Carrollton
1	BPM Microsystems Inc	15000 Northwest Freeway		Houston
1	TROOPER SOLUTIONS INC	15002 LAKEFAIR DR.	SUITE 300	RICHMOND
1	Ayaan LLC dba GBS Wireless	1501 10th Street	Ste 150	Plano
1	AB Health Corp LLC	1501 Edgewateere Dr.		Allen
1	Seoyon E-HWA Texas	1501 Innovation Blvd		Hutto
1	o9 Solutions Inc	1501 LBJ Freeway	Suite 140	Dallas
1	o9 Solutions Group	1501 LBJ FWY	SUITE 140	DALLAS
1	Enviolo International Inc	1501 Leander Dr., Ste 2, Bldg C		Leander
1	Enviolo Inc	1501 Leander Drive	Building C, Suite 2	Leander
1	Care.com Inc	1501 S Mopac Expy, Suite   340		Austin
1	CSIdentity Corporation	1501 S. Mo Pac Expressway		Austin
1	Breedlove & Associates LLC	1501 South MoPac Express Way	Ste. 340	Austin
1	Civitas Learning Inc	1501 SOUTH MOPAC EXPRESSWAY	Suite 100	AUSTIN
1	Possmei Texas Inc	15015 E. Beltwood Parkway		Addison
1	SCHOOL OF SCIENCE AND TECHNOLOGY - CHAMPIONS	15015 T C Jester Blvd		HOUSTON
1	AMERICAN GLOBAL TECH INC	15019 OLD HORSESHOE	LAKE DR	CYPRESS
1	Neuman & Esser USA Inc	1502 East Summitry Circle		Katy
1	AB Health Corp	1502 Edgewater Dr.	Allen Texas	Allen
1	ITExpertix LLC	1502 Gabriel Ln		Princeton
1	MILANBLOCKS LLC	1502 Sawyer St	Suite 309	HOUSTON
1	Misa Imports Inc	1502 Viceroy Drive		Dallas
1	Guide Dogs of Texas Inc	1503 Allena Drive		San Antonio
1	Applied Bioplastics Corp	1503 E 13th St	Unit A	Austin
1	Aeroxchange Ltd.	1503 LBJ Freeway	Suite 275, Park West	Farmers Branch
1	Mckinley Packaging company	1503 LBJ Frwy	Suite 625	Dallas
1	Tex-Tube Company	1503 North Post Oak Road		Houston
1	School of Montessori Inc	1503 S 16th Street		Nederland
1	Acumen Enterprises Inc	1504 Falcon Drive		DeSoto
1	M&R MANUFACTURING LLC	15040 NORTHGREEN BLVD		HOUSTON
1	Atlas Copco Compressors LLC	15045 Lee Road		Houston
1	Dallas SCI Recovery Inc	15046 Beltway Drive		Addison
1	THE CATHOLIC DIOCESE OF VICTORIA IN TEXAS	1505 E. MESQUITE LANE		VICTORIA
1	Dallas Nephrology Associates	1505 LBJ Freeway,	Ste 700	Dallas
1	Fusion Consulting Inc	1505 Lyndon B Johnson Freeway	Suite 450	Farmers Branch
1	BCRR RX INC	1505 S HIGHWAY 69		NEDERLAND
1	Corsair Consulting LLC	1505 Volta Dr.	Suite 200	Cedar Park
1	Bilinguistics Inc	1505 W Koenig Ln		Austin
1	HAECO Global Engine Support LLC	1505 Wallace Drive	Suite 102	Carrollton
1	Precision BioMEMS Corporation	15050 E Beltwood Pkwy		Addison
1	FirstDay Foundation	1506 Bexar Crossing St.		San Antonio
1	NIRVANA CARE PLLC	15068 SAND PEDRO AVENUE		SAN ANTONIO
1	Green Frog Systems Inc	1507 Capital Avenue	Suite 102	Plano
1	Hyphen Solutions LLC	1507 Lyndon B. Johnson Freeway	Suite 300	Dallas
1	Samoo Austin Inc	1508 Dessau Ridge Lane	Suite 603	Austin
1	Alpha Cognition LLC	1509 Gautami Dr		Austin
1	WONDERLAND MONTESSORI ACADEMY OF TROPHY CLUB LLC	1509 W. HEBRON PKWY.	SUITE 100	CARROLLTON
1	ELECTRONICS BAZAR INC	151 REGA L ROW	SUITE 201	DALLAS
1	Kumar Hiremath DDS PA	151 Ridge Point Pkwy	Suite 100	Keller
1	America Beauty Forms Inc	1510 Bellevue Ave		Garland
1	CMC Neptune	1510 East Grande Blvd.		Tyler
1	Better Buying Institute	1510 Postbridge Court		Arlington
1	Landrys Management, L.P.	1510 West Loop South		Houston
1	MUUS Media LLC	1511 Oak Heights Drive	Unit A	Austin
1	KATY HOSPITALITY VENTURES LLC	15111 Katy Fwy		HOUSTON
1	Nouryon Surface Chemistry LLC	15115 Park Row	Suite 250	Houston
1	prosource.it, LTD	15115 Park Row Boulevard	Suite 120	Houston
1	PRECON INDUSTRIES USA II LLC	15119 MEMORIAL DR.	SUITE 205	HOUSTON
1	Alamo Architects Inc	1512 South Flores		San Antonio
1	vivoVerse LLC	1512 W. 29th St.		Austin
1	Erdos Miller Inc	15120 Northwest Freeway	Suite 100	Houston
1	C T & S Metal Fabricators	1513 Maryland Drive		Irving
1	SIRI INFOTEC LLC	15135 ALSTONE DR.		FRISCO
1	EXCELLENCE EMERGENCY HOSPITAL LLC	15149 WALLISVILLE ROAD		HOUSTON
1	MV & Sons-Texas, L.P.	1515 Hebert Street		Houston
1	John P. McGovern Museum of Health and Medical Science	1515 Hermann Drive		Houston
1	Inspired Spine Enterprise LLC	1515 Highway 13 E		Burnsville
1	THE UNIVERSITY OF TEXAS M.D. ANDERSON CANCER CENTER	1515 HOLCOMBE BLVD.	N/A	Houston
1	Gateway Community Health Center Inc	1515 Pappas St.		Laredo
1	OPC Marketing Inc	1515 Round Table Dr.		Dallas
1	ASA Food Equipment Inc	1515 Royal Pkwy		Euless
1	LIVE OAK PUBLIC FINANCE LLC	1515 S CAPITAL OF TEXAS HWY	SUITE 206	AUSTIN
1	Ameriflight LLC	1515 West 20th Street		Dallas
1	S&B Infrastructure Ltd.	15150 Memorial Dr		Houston
1	TAI ENGINEERS LLC	15150 Memorial Drive		Houston
1	Josh Software Inc	15150 Preston Rd	Suite 300	Dallas
1	Steven E Miller CPA PC	15150 Preston Road	Suite 210	Dallas
1	RelaDyne Reliability Services Inc	15150 West Drive		Houston
1	BridgeSec Technologies Corp.	15154 Beckley Ln.		Frisco
1	HARMONY SCIENCE ACADEMY-LUBBOCK	1516 53RD STREET		LUBBOCK
1	CAM-Career Management Inc	1517 Bardella Dr	N/A	Leander
1	Farooq and Sons Corporation	1517 Tanglewood Dr.		Wichita Falls
1	Reliable Technology Services Inc	1518 Legacy Drive	Suite 240A	Frisco
1	Maverick Labs Inc	1518 S Alamo Street, Ste 120,		San Antonio
1	Stealth Monitoring Inc	15182 Marsh Lane		Addison
1	Taylor Chamber of Commerce	1519 N Main St.		Taylor
1	LOGOS GLOBALTECH LLC	15190 Badger Ranch Blvd.	Ste. 102	Woodway
1	Modernform Cabinets & Closet Inc	1520 Luna Road, Suite 140		Carrollton
1	REYES TX INC	1520 PARKER ROAD		GRAND PRAIRIE
1	Electronic Power Design Inc	15200 I-45 North		Houston
1	Paton Engineers and Constructors Inc	15201 East Freeway	Suite 201	Channelview
1	PLATINUM HOTSHOT LLC	15205 Westheimer Rd	Ste C	HOUSTON
1	Quantum Energy Technologies LLC	1521 E. Richey Road		Houston
1	PIONEER MUTUAL FEDERAL CREDIT UNION	1521 LAKE POINTE PKWY		SUGAR LAND
1	2M Research Services LLC	1521 N. Cooper Street	Suite 600	Arlington
1	HHA Hospital Medicine of TX	1521 S. Staples St.	Ste 606	Corpus Christi
1	DATAVERTEX ANALYTICS LLC	15222 FM 620 N	APT 5304	AUSTIN
1	Service NextGen USA Inc	15222 King Road, Unit 1001		Frisco
1	T.H. TRANSPORTER	1523 BUCHANAN CT		Richmond
1	FRISCO COMMUNITY TENNIS LLC	1524 NAVASOTA TRAIL		PLANO
1	PRIMROSE HEALTHCARE INC	1525 PLEASANT VALLEY ROAD		GARLAND
1	Caliber Home Loans Inc	1525 S. Belt Line Rd		Coppell
1	HAIN Solutions Inc	15256 Christopher Lane		Frisco
1	ANDONIE CONSTRUCTION LLC	1526 Katy Gap Dr	Suite 904	Katy
1	E3 Global Inc	1526 Katy Gap Rd	STE 501	Katy
1	First Community Credit Union	15260 Farm to Market Road 529		Houston
1	MALABAR GOLD & DIAMONDS AU LLC	15261 RONALD W REAGAN BLVD.		LEANDER
1	Lockwood Donis Leadership	1527 W State Hwy 114	Suite 500-219	Grapevine
1	Helena Laboratories Corporation	1530 Lindbergh Dr.		Beaumont
1	Risk Theory Management LLC	15301 Dallas Pkwy	Ste. 500	Addison
1	Agnes Kim and Associates P.C.	15301 Spectrum Dr.	STE 380	Addison
1	CountryPlace Mortgage, Ltd.	15301 Spectrum Drive, Suite 550		Addison
1	RevMedRx Inc	15305 Dallas Pkwy	12th floor	Addison
1	CONSOR Engineers LLC	15310 Park Row		Houston
1	BOT AUTO CA INC	15310 PARK ROW DR		HOUSTON
1	Vibrantz Corporation	15311 Vantage Parkway W.	Suite 350	Houston
1	KFO LLC	1532 HI LIne		Dallas
1	Quantumtech Inc	1532 Longhorn Ranch drive		Leander
1	Winfull Corporation	15320 Park Row Blvd		Houston
1	AMISTAD COMMUNITY HEALTH CENTER	1533 BROWNLEE BLVD.		CORPUS CHRISTI
1	MAXICARE THERAPEUTIC OF DALLAS LLC	1533 HARVEST RUN DR.		ALLEN
1	Amistad Community Health Center Inc	1533 S Brownlee Blvd		Corpus Christi
1	Utility Global Inc	15330 Park Row		Houston
1	Trimac Transportation Inc	15333 JFK Blvd.	Suite 800	Houston
1	WELL HEAD COMPONENT INC	1535 INDUSTRIAL DR.		MISSOURI CITY
1	ZT WEALTH LLC	1535 WEST LOOP SOUTH	SUITE 450	HOUSTON
1	Greentech Engineering LLC	1536 Hutton Dr	Suite 110	Carrollton
1	Gas Equipment Co. Inc	1536 Hutton Drive	Suite 140	Carrollton
1	KE Interstate Transport LLC	1537 Barrolo DR		Rockwall
1	Vesta Living Corp	15390 Hwy 29 suite 903-904		Liberty Hill
1	Paluxy River Childrens Advocacy Center	1540 Southtown Drive	Suite 103	Granbury
1	Doyensys Inc	15400 Knoll Trail Dr	SUITE 310	Dallas
1	Crowther Group LLC	15400 Knoll Trail Drive	Suite 300	Dallas
1	Bron & Claude Engineering LLC	15407 Misty Hollow Drive		Houston
1	United Laboratories Manufacturing LLC	1541 Champion Drive		Carrollton
1	BLOCKnit LLC	15410 Christopher Ln		Frisco
1	IRS International Pty Ltd.	15415 International Plaza Drive		Houston
1	BIOGENE ORGANICS INC	1544 SAWDUST ROAD	STE 507	THE WOODLANDS
1	AA Software & Networking Inc	1544 Sawdust Road, Ste. 270		The Woodlands
1	Simon Engineering & Consulting Inc	15443 Knoll Trail Drive, Suite 200		Dallas
1	Surlean Foods	1545 South San Marcos Street		San Antonio
1	Tectonicx LLC	15455 Dallas Parkway suite 600		Addison
1	BW Group Inc	15455 Dallas Parkway, Suite 600		Addison
1	KIDDLETON INC	15455 Dallas Pkwy		Addison
1	Bridge Rubber Bearing LLC	15467 State Highway 64 W.		Tyler
1	Lapeer Industrial Inc	155 Remount Dr		San Antonio
1	URBAN MINING COMPANY	1550 CLOVIS BARKER ROAD		SAN MARCOS
1	Acorn DPO Management LLC	1550 NORWOOD DR	STE 207	HURST
1	NDT Global LLC	15500 International Plaza Drive		Houston
1	Favored Personalities Intl Company	15500 Voss Road Suite 324		Sugarland
1	Str Constructors, Llc	15500 W. Highway 29	Suite A	Liberty Hill
1	Hart InterCivic Inc	15500 Wells Port Dr		Austin
1	Emerald Cloud Lab Inc	15500 Wells Port Drive		Austin
1	MEDNA Scientific Inc	1551 Corporate Drive	Suite 150	Irving
1	Peak Point Construction Group LLC	15510 Rana Court		Houston
1	Adaptive Holdings Inc	15511 Hwy 71 West	Suite 110-186	Bee Cave
1	JAT Home Services LLC	1557 W Sam Houston Pkwy N	Suite 140	Houston
1	POLYGON HQ LLC	15591 CREEKBEND DR	SUITE 201	SUGAR LAND
1	One Way Up LLC	15599 Plane View Dr		Wallet
1	MSKV Technologies Inc	156 Katy Gap Road	Unit 904	Katy
1	PeerIslands U.S. Inc	1560 E Southlake Blvd.	Ste. 100	Southlake
1	Zebit Inc	1560 E. Southlake Blvd	Ste. 100	Southlake
1	Pro17Analytics LLC	1560 East Southlake Blvd	Ste. 100	South Lake
1	LTD Material LLC	15600 Bratton Lane		Austin
1	Management Controls Inc	15600 JFK Blvd.	Suite 850	Houston
1	Intelometry Inc	15600 John F Kennedy Blvd	Suite 680	Houston
1	WORK Technologies LLC	15600 San Pedro Avenue	Suite 307	San Antonio
1	CarOffer LLC	15601 Dallas Parkway Suite 600		Addison
1	Mastek Inc	15601 Dallas Pkwy	Suite 250	Addison
1	AppSec IT Solutions LLC	15601 Wild Cherry LN		Roanoke
1	PROPLANT INC	15603 KUYKENDAHL RD	SUITE 320	HOUSTON
1	Pixion Batteries Inc	15604 Cedar Ledge Street		Austin
1	Oza Dental PLLC	1561 SW Wilshire Blvd	Ste 435	Burleson
1	CSS Dental, PLLC	15615 Bristol Lake Dr		Houston
1	Stolt Tankers USA Inc	15635 Jacintoport		Houston
1	ISS Marine Services Inc	15635 Jacintoport Blvd	STE 200	Houston
1	Bonchon Franchise LLC	15660 N Dallas Parkway	Suite 1150	Dallas
1	Paranet Solutions LLC	15660 North Dallas Parkway	Suite 600	Dallas
1	Deep Enterprises Inc	1570 Clint Cut Off Road		Clint
1	TBC - The Boring Company	15709 Impact Way	Building 2	Pflugerville
1	DWT Inc	15710 John F. Kennedy Blvd.	Suite 550	Houston
1	JTX MARKET 2 LLC	15714 HUEBNER ROAD, BLDG. 4		SAN ANTONIO
1	V&A Consulting Engineers Inc	15720 Park Row	Suite 500	Houston
1	CIMA Cash Handling America Inc	15720 Park Row Drive	Suite 400	Houston
1	CLOUD CONNECT SYSTEMS LLC	15731 SHASTA DAISY RD		FRISCO
1	OQ TRADING (US) INC	15735 MEMORIAL DRIVE		HOUSTON
1	KESH TEC INC	1575 Redbud Blvd	STE 100	McKinney
1	APG Polytech USA Holdings Inc	1575 Sawdust Road	Suite 320	Spring
1	ONNEA EQUIPMENT LLC	15751 HWY 59		Splendora
1	Inter Woodlands FC	15770 KOENIG LN		CONROE
1	EVOLON TECHNOLOGY INC	15770 N. DALLAS PARKWAY SUITE 475		ADDISON
1	La Paneria USA Inc	158 Leslie Street		Dallas
1	Citrus Smiles, P.C	158 W FM 544	Ste. 126	Murphy
1	Texas Vision Associates, P.A.	15800 South Fwy		Pearland
1	Yankon Lighting Inc	1581 Corporate Dr, Ste100		McKinney
1	Vaani Dental PLLC	1581 US 181 Frontage	Suite 100	Portland
1	Skeiron Projects Inc	15810 Park Ten Pl	Suite 380	Houston
1	Sentient Energy Inc	15815 Executive Dr.		Frisco
1	DIRECT PROFESSIONALS NETWORK INC	15816 FARRINGDON STREET		JUSTIN
1	CUBICOID SOLUTIONS LLC	15831 Vanderpool Ricer Dr		Cypress
1	Linde Engineering North America LLC	1585 Sawdust Road	Suite 300	The Woodlands
1	Morsco Inc	15850 Dallas Parkway		Dallas
1	Worksoft Inc	15851  Dallas Parkway	Suite 550	Addison
1	Mercy Ships	15862 State Hwy 110 N		Lindale
1	TPD Texas LLC	15893 RONALD W REAGAN BLVD	suite 395	LEANDER
1	dbSpectra Inc	1590 E. Hwy. 121 Business Building A		Lewisville
1	Dry LLC	1590 Ranch to Market Rd 2871		Fort Worth
1	AQUILA ENGINEERING LLC	15911 KATY FREEWAY	SUITE B	HOUSTON
1	Quadrogen Pressure Products Inc	15920 US Highway 377 South		Fort Worth
1	Victory Capital Management Inc	15935 La Cantera Parkway		San Antonio
1	Mattern & FitzGerald Custom Builders LLC	1595 S Main St	Suite 127	Boerne
1	Semetrix Inc	15950, N. Dallas Pkwy	Suite 400	dallas
1	Harland Clarke Corp.	15955 La Cantera Pkwy.		San Antonio
1	Yogi Texas Holding INC	1597 Bradford Trace Dr		Allen
1	Thompson, Derrig & Craig P.C.	1598 Copperfield Parkway		College Station
1	INTERMOOR INC	15990 N Barkers Landing Rd	Suite 200	Houston
1	One Class Global LLC	15990 N Barkers Landing Road	Ste 130	Houston
1	Clarus Subsea Integrity Inc	15990 N. Barkers Landing Road, Suite 200		Houston
1	Medical Care Center LLC	15990 North Barkers Landing Rd suite 100		Houston
1	2H Offshore Inc	15990 North Barkers Landing, Suite 200		Houston
1	PipeSense LLC	15995 North Barkers Landing Rd	Ste. 264	Houston
1	DATA FABRIC SOLUTIONS LLC	160 CHESTNUT MEADOW DR		CONROE
1	United Regional Health Care System	1600 11th Street		Wichita Falls
1	Google LLC	1600 Amphitheatre Parkway		California
1	ADeepdive Solutions Inc	1600 Bellini Lane		Leander
1	US LIVING MANAGEMENT LLC	1600 BRITTMOORE RD		HOUSTON
1	Abilene Christian University	1600 Campus Ct.		Abilene
1	At Home Stores LLC	1600 E Plano Pkwy		Plano
1	Mid-West Textile LLC	1600 E. San Antonio Avenue		El Paso
1	Liberty Independent School District	1600 Grand Ave		Liberty
1	TPS Thayer LLC	1600 Highway 6, Ste. 100		Sugar Land
1	HTL International LLC	1600 Highway 6, Suite 100		Sugar Land
1	SABIC AMERICAS LLC	1600 Industrial Blvd		Sugar Land
1	Jefferson Independent School District	1600 M.L.K. Drive		Jefferson
1	Progate Technologies INC	1600 N Redbud Blvd	Suite 104	Mckinney
1	Alliance Architects Inc	1600 N. Collins Blvd.	Suite 1000	Richardson
1	Electronic Transaction Consultants LLC	1600 N. Collins Boulevard	Suite 4000	Richardson
1	BTFPRO LLC	1600 redbud blvd	Ste 105	Mckinney
1	Monumental LLC	1600 Rio Grande Street		Austin
1	JET LIFE SCIENCES CO. INC	1600 S.  Arpt Road	Suite 100	Mckinney
1	CONTROL RISKS GROUP LLC	1600 Smith Street	Suite 4900	Houston
1	Freeman Digital Ventures LLC	1600 Viceroy Drive	Suite 100	Dallas
1	Active Cyber LLC	16000 Dallas Parkway, Suite 550		Dallas
1	AXXESS CONSULT INC	16000 DALLAS PKWY	SUITE 700N	DALLAS
1	Berry Petroleum Company LLC	16000 N. Dallas Parkway	Ste. 500	Dallas
1	Virtual Integrated Analytics Solutions LLC	16000 Park Ten Place Suite 301		Houston
1	Rite Software Solutions & Services LLC	16000 Park Ten Place, Suite 702,		Houston
1	Third dentition PLLC	16009 Farm to Market Rd 1325	St 200	Austin
1	RP Dental PC DBA Clover Smile Studio	16009 Farm to Market Road 1325	Suite 200	Austin
1	RP Dental, PC.	16009 FM 1325	Ste. 200	Austin
1	Texas Department of Insurance	1601 Congress Avenue		Austin
1	Industrial Analytics and Modeling Inc	1601 E Cesar Chavez Street	Suite 205	Austin
1	voestalpine Bohler Welding USA LLC	1601 Gillingham Lane	Suite 110	Sugar Land
1	AKINFOSYSTEM	1601 INDUSTRIAL	STE 3024	SUGAR LAND
1	Atlas Sound	1601 Jack McKay		Ennis
1	Familia Dental Plainview PLLC	1601 Kermit St.	Suite 650	Plainview
1	KIDNEY CARE OF DALLAS PLLC	1601 N. BELTLINE ROAD SUITE B		MESQUITE
1	Action Behavior Centers Therapy LLC	1601 S MoPac Expressway	STE C300	Austin
1	LIFESIZE INC	1601 S. MOPAC EXPY.	SUITE 100	Austin
1	FOH Furniture LLC	1601 Summit Avenue	Suite 120	Plano
1	La Union del Pueblo Entero	1601 US-83 BUS	P.O. Box 188	San Juan
1	Big Spring Texas Hospital Company LLC	1601 West Eleventh Place		Big Spring
1	Al Fatah Inc	1601 Wimberly Hollow Lane		Rosenberg
1	SPG Consulting Services LLC	16015 Keystone Ridge Ln		Houston
1	Eagle Procurement & Industrial Contractor LLC	1602 Old Underwood Rd		La Porte
1	Really Communications Inc	1602 S Congress Ave		Austin
1	Intellix Inc	1602 Sunnyvale St		Austin
1	Premium Labs Inc	16026 University Oak		78249
1	EYONGEGBE GLOBAL FOUNDATION	16029 CHARING CROSS DR		JUSTIN
1	281 Solutions Inc	1603 Babcock Road	258	San Antonio
1	RUS INDUSTRIAL LLC	16030 BEAR BAYOU DR		CHANNELVIEW
1	BESTWAY OILFIELD INC	16030 MARKET STREET		CHANNELVIEW
1	New Liberty LLC	16033 Perdido Creek Trl		Prosper
1	EYNCON LLC	1604 N KAUFMAN ST.		ENNIS
1	Biomerics FMI LLC	1605 Enterprise Street		Athens
1	RISKTEC SOLUTIONS INC	16055 Space Center Blvd	Ste. 700	Houston
1	EC Source Services LLC	16055 Space Center Boulevard	Suite 500	Houston
1	TektonOS Inc	1606  Headway Circle	Ste. 9582	Austin
1	Planogram LLC	1606 Headway Circle, STE   9512		Austin
1	Naturelab Corp	1606 Vantage Drive		Carrollton
1	Big Dany LLC	1608 HARRINGTON DR		PLANO
1	NorthStar Energy Services Inc	1608 Margaret St.		Houston
1	China Aid Association Inc	1608 North Big Spring Street		Midland
1	Studio 8 Architects Inc	1608 W 5th St	Suite 100	Austin
1	Exodus Intelligence LLC	1608 W 6th ST		Austin
1	Familia Dental NB PLLC	161 Creekside Way	Ste 102	New Braunfels
1	ASIYA INC	1610 OHLEN ROAD		AUSTIN
1	PNA Associates Inc	16100 Cairnway Dr	Unit 295	HOUSTON
1	JDWK Inc	16109 Rockies Run Summit		Austin
1	Stockade Companies LLC	1611 Chisholm Trail Road	Suite 210	Round Rock
1	BuDhaGirl LLC	1611 Dragon St.		Dallas
1	BSU Inc	1611 Headway Circle	Building 1, Suite 200	Austin
1	Kavuri Solutions Inc	1611 Pebblebrook Ln.		Prosper
1	Rankin County Hospital District	1611 Spur 576		Rankin
1	RVE Inc	1611 West 5th Street	Suite 175	Austin
1	CHARLIE ENGINEERING TECH	16111 CAIRNWAY DRIVE	SUITE 160	HOUSTON
1	B & B AVIATION LLC	16111 FM 521 RD		ROSHARON
1	4Front Engineered Solutions Inc	1612 Hutton Drive, Ste. 140		Carrollton
1	Legion Health Inc	1613 Coyote Ridge		Carrollton
1	KPI Data Sys Inc	16135 Preston Road, Ste 119		Dallas
1	S4Cloud LLC	16138 Moonseed Rd		Frisco
1	Loving Community Church	1615 W. Belt Line Road		Carrollton
1	SForce Cloud Consulting LLC	16150 Oak Grove Rd		Buda
1	DFW Consulting Group INC	1616 Corporate Ct.	Suite 100	Irving
1	COMMAND COMMISSIONING LLC	1616 CORPORATE CT., SUITE 120		Irving
1	IT MICROSTACK LLC	1616 Doral Dr, , TX,		Frisco
1	DeepOcean US LLC	1616 Southcreek Lane		Houston
1	ONCOR ELECTRIC DELIVERY COMPANY LLC	1616 WOODALL RODGERS FREEWAY		DALLAS
1	NUNZIO MARC DESANTIS ARCHITECTS LLC	1617 HI LINE DRIVE	SUITE 190	DALLAS
1	Axon Development Inc	1617 Park Pl Ave	Suite 110	Fort Worth
1	EECU	1617 West 7th Street		Fort Worth
1	CKV Pediatric Dentistry pllc	1618 FM 423	Suite 100	Frisco
1	ANSUYA INC	1619 LOCKSLEY LN		SUGAR LAND
1	Cybverve Consulting LLC	1620 E	Beltline Rd	Carrollton
1	Sigmago Solutions Inc	1620 E Beltline Rd		Carrollton
1	ARKA SERVICES LLC	1620 RED BUD LANE, SUITE 211		ROUND ROCK
1	AY Technologies LLC	1620 Tulare Dr.		Allen
1	TEKPROS Inc	16200 Dallas Pkwy.	Suite 234	Dallas
1	THERMAX INC	16200 PARK ROW	SUITE 190	HOUSTON
1	XINGFA USA CORPORATION	16200 Park Row Dr	Suite 195	Houston
1	Illinois Tool Works Inc	16200 Park Row Dr.	Suite 120	Houston
1	DownUnder Geosolutions America LLC	16200 Park Row Drive	Suite 100	Houston
1	Antares Tech Services Inc	16203 Park Row Blvd	Suite 125	Houston
1	RevoChem LLC	16203 Park Row Drive	Suite 100	Houston
1	Alpha & Omega Professional Service Group LLC	1621 Falcon Dr	Bldg. 2	Desoto
1	Alpha & Omega Professional Services Group LLC	1621 Falcon Dr.	Bldg. 2	Desoto
1	EJ SMITH CONSTRUCTION COMPANY LLC	1621 FALCON DRIVE		DESOTO
1	Howard Midstream Energy Partners LLC	16211 La Cantera Pkwy	Ste 202	San Antonio
1	IDRISS MOBARAK INC	16219 1/2 NORTH FREEWAY		HOUSTON
1	Melt Technologies LP	16220 Greenwood Dr.		Del Valle
1	JOTUN PAINTS INC	16223 PARK ROW	SUITE 120	Houston
1	SimTech LLC	16225 Park Ten	STE 500	Houston
1	ZSN Systems & Solutions LLC	16225 Park Ten Pl	suite 500	Houston
1	SmyanSoft LLC	16225 Park Ten Place, Suite 500		Houston
1	SBTS Systems LLC	1624 Doral Drive		Frisco
1	Energy Exploration Technologies Inc	1624 Headway Circle		Austin
1	Yaqeen Research Institute	1624 Valwood Pkwy.		Carrollton
1	HF Controls Corporation	1624 W Crosby	Ste 124	Carrollton
1	DRESSER UTILITY SOLUTIONS LLC	16240 PORT NORTHWEST DRIVE	SUITE 100	HOUSTON
1	New Century Montessori Academy	1625 Ferris Road		Garland
1	EpicRealm Technologies LLC	1625 North Stemmons Freeway		Dallas
1	AMIN KOTADIA CPA, PC	1625 PRECINCT LINE RD	SUITE 100	HURST
1	Cooper Machinery Services LLC	16250 Port Northwest Drive		Houston
1	GENERON IGS Inc	16250 Tomball Parkway		Houston
1	Mary Kay Inc	16251 Dallas Parkway		Addison
1	Jose Luis Roman Sr.	1627 E 10TH		Austin
1	LiquidStack Inc	1628 W Crosby Rd	Suite 100	Carrollton
1	International Stair Products Inc	1628 W. Crosby Road	Ste 109	Carrollton
1	Bluware Inc	16290 Katy Freeway	Suite 400	Houston
1	The Levy Company Inc	16294 Interstate 35 N		Selma
1	El Paso Communication Systems Inc	1630 E. Paisano Drive		El Paso
1	CELLULAR AND MORE INC	1630 SPENCER HWY.		SOUTH HOUSTON
1	RELOS IT INC	1630 W Prosper Trail	Suite 630	Prosper
1	KALLURI GROUP INC	16300 Katy Freeway	Suite 172	Houston
1	Blumetra Solutions LLC	16300 Katy Fwy	Ste. 200	Houston
1	La Magna Health, PLLC	1631 11th Street, Suite B		Wichita Falls
1	KRK Solutions LLC	1631 Star Creek Dr		Prosper
1	Virtex Enterprises LP	16310 Bratton Lane		Austin
1	SAYA SOLUTIONS PROVIDER LLC	16310 STATE HIGHWAY 249	SUITE 302	HOUSTON
1	Headspring LLC	1632 South First St.	Ste. 200	Austin
1	Prospero Soft Inc	16320 Horse Trap Ln.		Austin
1	Elite Controls Inc	16330 Central Green Blvd.	Ste. 100	Houston
1	Aayog Solutions LLC	16333 Great Oaks Dr STE 450	STE 108	Round Rock
1	Ooloo Group LLC	1634 Yellow Iris Trl		Richman
1	Aurora International Corporation	16341 Mueschke Road		Cypress
1	UPD WS INC	1635 Delta Oaks Dr		Missouri City
1	HANYANGENG USA Inc	1635 Scottsdale Dr.		Cedar Park
1	7C Engineering LLC	16360 Park Ten Pl	Ste. 114	Houston
1	Omega Engineers Inc	16360 Park Ten Place, Suite 325		Houston
1	Southland Stucco & Masonry LP	16370 Addison Road		Addison
1	Penality LLC (f/k/a nowGRC LLC)	16380 Moss Haven Lane		Frisco
1	AMS HELI DESIGN LLC	164 GOSNELL RD	NORTH TEXAS REGIONAL AIRPORT	DENISON
1	STACKLOGY INC	1640 HIGHLAND FALLS DRIVE, SUITE 1003		LEANDER
1	Sports Field Holdings Management LLC	16400 Dallas Parkway	Suite 305	Dallas
1	Fifth Partners Management LLC	16400 Dallas Parkway Suite 305		Dallas
1	United Methodist Rio Texas Conference	16400 Huebner Road		San Antonio
1	Giammalva Tennis Inc	16400 Sir William Drive	N/A	Spring
1	Atilar Pharma Corporation	16416 Northchase Dr.		Houston
1	Artha Technologies Inc	16420 Park Ten Blvd	Suite 415	Houston
1	VisionTek AL Inc	16420 Park Ten Pl	STE 415	Houston
1	First Service Credit Union	16430 Park Ten Place		Houston
1	SUMO Group Inc	1645 E. 6th Street	Ste. 125	Austin
1	Matica Biotechnology Inc	1645 Greens Prairie Dr.,	Suite 402B	College Station
1	Pasadena Substance Abuse Clinic	1645 Pasadena Blvd.		Pasadena
1	Nextgendi Solutions LLC	16475 Dallas Pkwy Ste.400		Addison
1	Kimball Tech Inc	165 S Kimball Ave	STE 100	Southlake
1	DOTS TECHNOLOGIES INC	165 S KIMBALL AVENUE	SUITE 100	SOUTHLAKE
1	American Smiles, PC	165-A Greens Rd		Houston
1	American Smiles, PLLC	165-A Greens Road		Houston
1	Majestic Developers LLC	1650 Highway 6	Suite 120	Sugar Land
1	Roberts Wealth Management LLC	1650 Highway 6 South	Suite 250	Sugar Land
1	The B&P Team LLC	1650 Hwy 6	Ste 350	Sugar Land
1	TaskUs USA LLC	1650 Independence Drive		New Braunfels
1	METLINK SERVICES LLC	1650 JOHN KING BLVD	SUITE A	ROCKWALL
1	Minigrip LLC	1650 North Heideke Street		Seguin
1	QC INSPECT INTERNATIONAL LLC	1650 PAREDES, LINE ROAD STE 101		BROWNSVILLE
1	Baylor Regional Medical Center at Grapevine	1650 W. College St.		Grapevine
1	Nidaan Systems Inc	1651 N Collins Blvd	Ste 220	Richardson
1	International American Education Federation Inc	1651 N. Glenville Drive	Suite 216	Richardson
1	DSI Systems Inc	1651 North Collins Blvd	Ste 300	Richardson
1	ILMA Corporation	16510 Lee Rd		Humble
1	Cloudvantage Company	16510 Northchase Drive		Houston
1	Champions Lending LLC	16525 Lexington Blvd.	Suite 200	Sugar Land
1	Inside Petroleum Inc	16526 Whiteoak Canyon Dr		Humble
1	ComboCurve Inc	16526 Whiteoak Canyon Dr.		Humble
1	Transcend Solutions LLC	16580 Air Center Blvd	Suite 400	Houston
1	NUMBERS STATION INC	166 HARGRAVES DR.	C-400-431	AUSTIN
1	HerdX Inc	166 Leslie Street		Dallas
1	Hondo Dental PLLC	166 Menefee St	Suite C	Hondo
1	Technospace Solutions Inc	1660 Sunrise Drive		Mckinney
1	AZT Corporation	16600 Dallas Parkway	Suite 300	Dallas
1	ZEEKSTAR LLC	16605 Milwaukee St		Justin
1	Ritesh A. Mathur MD, PA	16605 Southwest Freeway	Suite 570	Sugar Land
1	KORMARINE ENGINE SERVICE LLC	16610 Barker Springs Rd		HOUSTON
1	HD Hyundai Marine Solution Americas Co., Ltd.	16610 Barker Springs Road		Houston
1	Ezzi Signs Inc	16611 West Little York Road		Houston
1	Inpatient Progressive Healthcare of America PLLC	16620 San Pedro Ave	Ste. 300	San Antonio
1	Renal Associates, P.A.	16620 US Hwy. 281 N.	Ste. 300	San Antonio
1	Space Dumpling LLC	16630 El Camino Real		Houston
1	PHP Agency Inc	16650 Westgrove Drive	Ste. 500	Addison
1	Ideal Oil and Gas Connections Inc	16655-2 Telge Road		Houston
1	Garnet Hotels LLC	16666 Northchase Dr	Suite 303	Houston
1	GrowthAXL	16676 Northcase	Suite 410	Houston
1	ThoughtSpark US LLC	16676 Northchase	Ste. 410	Houston
1	GrowthAXL Shared Services LLC	16676 Northchase Dr.	Ste. 410	Houston
1	Baker Concrete Construction Inc	16676 Northchase Drive	Suite 100	Houston
1	3S BUNSINESS CORPORATION	16700 HOUSE & HAHL RD	BLDG 6B	CYPRESS
1	Fracht FWO Inc	16701 Greenspoint Park Drive, Suite 300		Houston
1	OlaCv Inc	16701 Tomcat Dr		Round Rock
1	Rock Oil Tools LLC	16705 Telge Road	Suite A	Cypress
1	LBI USA Inc	1671 S. Broadway Street		Carrollton,
1	Chemtos LLC	16713 Picadilly Ct		Round Rock
1	Spring Independent School District	16717 Ella Blvd		Houston
1	Artech Business Systems Inc	16718 Cedar Yard Ln		Cypress
1	TECSHAPER INC	16770 Imperial Valley Dr	STE 245	Houston
1	Bureau Veritas Certification North America Inc	16800 Greenspoint Park	Suite 300s	Houston
1	KWA Construction LP	16800 Westgrove Dr.	Suite 300	Addison
1	Potranco Family Dental PLLC	16803 Roberts Hill Drive		Cypress
1	RISE RESIDENTIAL CONSTRUCTION LP	16812 DALLAS PARKWAY		DALLAS
1	MERGEN IT LLC	16821 BUCCANEER LN	SUITE 103	HOUSTON
1	Vinmar International Ltd	16825 Northchase Dr	Ste. 1400	Houston
1	Hunting Energy Services LLC	16825 Northchase Dr., Ste. 600		Houston
1	VINMAR INTERNATIONAL, LTD.	16825 Northchase Drive	Suite 1400	HOUSTON
1	Multi AI Inc	16830 Highland Country Drive		Houston
1	Onestep Power Solutions Inc	16840 Clay Rd	Suite 106	Houston
1	Jani-King Franchising Inc	16885 Dallas Parkway		Addison
1	Kolibri Data Solutions LLC	1690 FM423	Apt 2311	Frisco
1	Jelec USA Inc	16901 Park Row		Houston
1	MindSkill Pedia LLC	16903 Red Oak Drive	suite 174A	Houston
1	HealthHelp LLC	16945 Northchase Drive	Suite 1300	Houston
1	Saratoga Software Solutions Inc	1695 W Forest Grove Rd		Lucas
1	SeAH Steel USA LLC	16952 Leonard Road		Houston
1	Tranquil Clinical Research	16969 N Texas Ave	Suite 600	Webster
1	Jonas Fitness Inc	16969 North Texas Avenue	Suite 500	Webster
1	AWESOME TECHNOLOGIES INC	16970 DALLAS PKWY.	SUITE 800	DALLAS
1	Zaragoza Endodontic Group PLLC	1699 N. Zaragoza Road	Ste. B	El Paso
1	Progea Inc	16990 Dallas Parkway	Suite 202	Dallas
1	Double Good Holdings Inc	16W030 83rd St.		Burr Ridge
1	Boingo Wireless Inc	17 Cowboys Way	Suite 400	Frisco
1	Dodo LLC	17 Westpoint Dr.		Missouri City
1	ProSource Industries Inc	1700 111th St.		Grand Prairie
1	Arroyo Energy Investment Partners LLC	1700 City Plaza Drive	Ste. 400	Spring
1	Scurry County Hospital District	1700 Cogdell Boulevard		Snyder
1	Master Yangs World Class Taekwondo Incorporated	1700 E. Palm Valley Blvd.		Round Rock
1	HIS HIGHNESS PRINCE AGA KHAN IMAMI ISMAILI COUNCIL FOR USA	1700 FIRST COLONY BLVD.		SUGAR LAND
1	J4 Development, LP	1700 Jay Ell Drive	Suite 100	Richardson
1	Texas Water Development Board	1700 N. Congress Avenue	6th Floor	Austin
1	Advanta US LLC	1700 Research Parkway	Suite 210	College Station
1	OKC Allergy Supplies Inc	1700 Royston Lane		Round Rock
1	Birrell Street LLC	1700 S Lamar Blvd  338		Austin
1	Archdiocese of Galveston-Houston	1700 San Jacinto Street	N/A	Houston
1	OpenStack Foundation	1700 South Lamar	Suite 338	Austin
1	Dayrise Residential LLC	1700 West Loop South	Suite 350	Houston
1	Critical Project Services LLC	17000 Dallas Parkway	Suite 104	Dallas
1	AVL Consulting Services Inc	17000 Dallas Pkwy	Suite 119	Dallas
1	We Long Trading LLC	17000 Preston Road	Suite 360	Dallas
1	Universal Conversion Technologies I LLC	1701  W. Northwest Highway	Suite 100	Grapevine
1	Ant Savings Corp	1701 Bagdad Road		Cedar Park
1	Savvy Staffer LLC	1701 Collins Blvd	suite 1025	Richardson
1	Costco Wholesale Corporation	1701 Dallas Parkway		Plano
1	Centrix Group LLC	1701 Directors Blvd.	Ste. 110	Austin
1	Southern Careers Institute Inc	1701 Directors Boulevard	Suite 800	Austin
1	Sportec Solutions Inc	1701 E Lamar Blvd.		Arlington
1	Happy Nation LLC	1701 Fort Worth Drive		Denton
1	Techdruple Inc	1701 Gateway Blvd	Suite 467	Richardson
1	TEMA DEVELOPMENT (1988) INC	1701 HERMANN DRIVE	STE 305	HOUSTON
1	W3GLOBAL INC	1701 Legacy Dr	SUITE 1000	Frisco
1	Zeyospace Inc	1701 Legacy Dr, Suite 1200		Frisco
1	BOT TECHNOLOGIES LLC	1701 N Collins Blvd , Suite, 135		Richardson
1	Sawtest Solution Inc	1701 N Collins Blvd.	Suite 1225	Richardson
1	Texas Commission on Fire Protection	1701 N Congress Avenue	Suite 1-105	Austin
1	Topco Scientific USA Corp.	1701 N. Collins Blvd. Suite 2500		Richardson
1	Nixon Capital LLC	1701 Nueces Street	Unit C	Austin
1	One Source Commercial Flooring LLC	1701 Summit Avenue	Suite 10	Plano
1	AGW INVESTMENTS LLC	17011 Harpers Way	Apartment 311	Conroe
1	Fortune Accounting LLC	17019 Pheasant Ridge Drive		Sugar Land
1	MEHTA MEDICAL GROUP DBA WELLSPIRE MEDICAL	1702 FM 1960 BYPASS RD E		HUMBLE
1	Leax Arkivator Telecom USA Inc	1702 N. Collins Blvd.	Suite 200	Richardson
1	OurCalling Inc	1702 S Cesar Chavez Blvd		Dallas
1	DL Meacham L.P.	1702 Washington Ave		Houston
1	Ingenious IT Systems LLC	17023 Mulben Ct		Richmond
1	Credit Human Federal Credit Union	1703 Broadway		San Antonio
1	Cooper CPA Group Inc	1703 W. 12th St.		Houston
1	Cooper CPA Group PC	1703 W. 12th Street		Houston
1	Craig International Inc	1704 Rankin Road	Suite 190	Houston
1	Crimson Building Company LLC	1705 Forest Ridge Drive		Bedford
1	Atlas Technology Group LLC	1705 Guadalupe St	Suite 400	Austin
1	Manifold Labs Inc	1705 Guadalupe Street	Suite 300	Austin
1	The Broussard Group Inc	1705 Guadalupe Street, Suite 500		Austin
1	Onramp Funds Inc	1705 South Capital of Texas Hwy	Suite 500	Austin
1	Su Clinica Familiar	1706 Treasure Hills Blvd.		Harlingen
1	High Standards Inc	1707 Gardenia St		Prosper
1	Lennar Homes of Texas Land and Construction Ltd.	1707 Marketplace Blvd.	Suite 100	Irving
1	Circle Y Properties Inc	1708 N South St		Yoakum
1	Casting International Composites LLC	1709 E. Pike		Weslaco
1	Genesys Works	1710  Keller Parkway	Suite 2233	Keller
1	Manda Developers & Builders Private Limited	1710 Keller Pksy	Suite 107	Keller
1	Invention Future Group Inc	1710 Keller Pkwy	Suite 107	Keller
1	Binkley & Barfield INC	1710 Seamist Drive		Houston
1	Jonsco Inc	1711 Briercroft Ct	Suite 100	Carrollton
1	JBI, Ltd.	1711 East Beltline Rd		Coppell
1	Eclipse Laboratories Inc	1711 Old Spanish Trail	Apt 244	Houston
1	McGuire Moorman Hospitality LLC	1711 S Congress Ave  200		Austin
1	San Jac Marine LLC	17112 Market Street	N/A	Channelview
1	UPD USA Inc	17114 Bullaye Way		Dallas
1	Elixir Diagnostics LLC	17115 Red Oak Dr		Houston
1	TreeNewal LLC	1712 FM 407 E		Argyle
1	TEXAS FSG LLC	1712 HOUSTON BLVD		SOUTH HOUSTON
1	Q RECYCLING & CONSTRUCTION SERVICES INC	17122 LEWIS DR		CYPRESS
1	Jesmar Inc	1713 Boca Chica Blvd		Brownsville
1	International Capital LLC	17130 Dallas Parkway	Ste. 240	Dallas
1	Palette Hotels LLC	1714 N Mesa St		El Paso
1	Jacobi Motors LLC	17146 Feathercraft Lane	Suite 450	Webster
1	Welch Consulting, Ltd.	1716 Briarcrest Drive	Suite 700	Bryan
1	Plunder from Down Under LLC	1716 Pine Knoll Drive		Austin
1	Integrity Controls Services LLC	1716 Rotary Drive		Humble
1	TowWorks LLC	1716 Washington Avenue G		Houston
1	ETTL Engineers & Consultants Inc	1717 E. Erwin Street		Tyler
1	THR Property Management LP	1717 Main St	Suite 2000	Dallas
1	ParkHub Inc	1717 McKinney Avenue	Suite 800	Dallas
1	Open Spend Inc	1717 N. Interstate 35	Ste 210	Round Rock
1	8Elements Technologies LLC	1717 Shawnee Trl		Allen
1	B&T ENGINEERING INC	1717 SOUTH BOULDER AVE	SUITE 300	TULSA
1	Gessner Wealth Strategies LLC	1717 St James Place	Suite 625	Houston
1	Telnav USA LLC	1717 Turning Basin	Suite 443	Houston
1	Consero Global Solutions	1717 W 6th St	Ste. 410	Austin
1	GroupBy USA Inc	1717 W. 6th Street	Suite 260	Austin
1	Zello Inc	1717 West 6th Street Suite 450		Austin
1	PCJ Universal LLC	1717 Woodstead Court	Suite 115	Spring
1	Code Beacons Inc	1720 Bray Central Drive	100 - P	McKinney
1	United Commerce Centers Inc	1720 E State Highway 356		Irving
1	ADComp Systems Inc	1720 S Edmonds Lane	Suite 201	Lewisville
1	Sercel Inc	17200 Park Row		Houston
1	Preston Trail Golf Club	17201 Preston Trail Drive		Dallas
1	PRAMIS SOLUTIONS LLC	1721 E Southlake Blvd suite 140		Southlake
1	JC Mayfair Inc	1721 W Plano Pkwy	Ste 211	Plano
1	Lunar USA Inc	1721 W Plano Pkwy.	Suite 128	Plano
1	pSOLV LLC	17217 Waterview Parkway	Suite 1.202AA	Dallas
1	BackStop Neural Inc	17217 Waterview Pkwy	Suite 1.202	Dallas
1	Xcellence IT Consulting LLC	17218 Preston Rd suite 2250		Dallas
1	Unbound Bryan College Station	1722 Broadmoor Dr	Ste 208	Bryan
1	Dallas Limetree LLC	1722 Routh St  900		Dallas
1	SQUARE PEG DESIGN	1722 Routh Street, Suite 900		Dallas
1	Phelan Dental Health Center PLLC	17222 Red Oak Drive		Houston
1	FORTUNE INSIGHTS LLC	1723 E SOUTHLAKE BLVD.	SUITE 230	SOUTHLAKE
1	JNC Real Estate Development LLC	1723 North Loop 1604 E.	Suite 202	San Antonio
1	Koolkarni Consulting LLC	17231 Pentland Ct		Richmond
1	BJP Healthcare LLC	1724 S Colorado Street		Lockhart
1	USA Fortescue Future Industries Inc	1725 Hughes Landing	Suite 300	The Woodlands
1	Bonjoy LLC	1725 Hughes Landing Boulevard	11th Floor	The Woodlands
1	Fortineav LLC	1725 Main Street	Suite 1	Houston
1	Oculus 360 Inc	17250 Dallas Parkway		Dallas
1	Headstorm LLC	17250 Dallas Pkwy		Dallas
1	ROSELOVER TRADING INC	1728 Big Bend Blvd.		Fairview
1	Empyreal Jet Inc	17281 John F. Kennedy Blvd.		Houston
1	Vision Centers of Houston-Deerbrook, PLLC	17282 ST HWY 249		Houston
1	AN & U Inc	1729 S Jackson St.		Jacksonville
1	Upptic Inc	173 Rainbow Drive	Suite 7375	Livingston
1	HARMONY SCHOOL OF SCIENCE-EL PASO	1730 JOE BATTLE BLVD		EL PASO
1	BL TECHNOLOGY INC	1730 S. CHERRY STREET		TOMBALL
1	Physician Paradigms LLC	17300 Dallas Parkway	Suite 3010	Dallas
1	FB BANCORP	17300 HENDERSON PASS	SUITE 280	SAN ANTONIO
1	GRC TECHNOLOGIES LLC	17300 Park Row Blvd		Houston
1	Qsource Group Inc	17302 House Hahl Rd	STE 310	Cypress
1	Barton CPA PLLC	17302 House Hahl Road	Suite 333	Cypress
1	NEXUS INNOVATE LLC	17304 PRESTON RD, OFFICE 823C	SUITE 800	DALLAS
1	Encore IT Solutions Inc	17307 Barzun Way		Richmond
1	MARITIME DRILLING CONSULTANCY	17309 Saturn Lane		Houston
1	Roberto Canales, M.D, P.A.	1733 Curie Dr.	Ste 103	El Paso
1	Prime Data Soft LLC	17330 Preston Rd	Suite 170-A	Dallas
1	ILUMI SOLUTIONS INC	17330 PRESTON ROAD	SUITE 140A	DALLAS
1	Serenity Plus Group LLC	17330 Preston Road,	STE 100A,	Dallas
1	BRAIN SQUARED INC	17330 Preston Road, Suite 1028		DALLAS
1	Luna Squares Texas LLC	1734 US Hwy 285		Pecos
1	Western Extrusions Corporation	1735 Sandy Lake Road		Carrollton
1	Digital360Solutions LLC	17350 STATE HIGHWAY 249 STE 220		HOUSTON
1	Meta IT Corp	17350 State Hwy 249,  8871 Houston	Suite 220	Houston
1	APPS Technology LLC	17400 Dallas Pkwy   121		Dallas
1	Lorand  Laboratories LLC	17400 Kingspoint Road	Suite 4	Houston
1	Master CVV Technologies LLC	1741 Santa Fe Lane		Prosper
1	Serco Construction Management LLC	17430 Campbell Road	Suite 110	Dallas
1	Technocrats Domain Inc	17431 Memorial Mills Dr		Spring
1	DFW Staffing LLC	17440 Dallas Pkwy suite 124		Dallas
1	Singular Analysts Inc	17440 Dallas Prky	Suite 250	Dallas
1	Satcon Inc	17440 N. Dallas Parkway	Suite 108	Dallas
1	Elong International USA Inc	1745 Hayden Dr., Suite 100		Carrollton
1	ER OF MESQUITE LLC	1745 N BELT LINE RD		MESQUITE
1	Nucor Corporation - Vulcraft Texas	175 CR 2345		Grapeland
1	Visionworks of America Inc	175 E Houston St.		San Antonio
1	Outamation Inc	175 Westwood Dr		Southlake
1	Lion Skills LLC	1750 N COLLINS BLVD	SUITE 106, F	RICHARDSON
1	Jacob Judah LLC	1750 N COLLINS BLVD.	SUITES NO 106 C, D & E	RICHARDSON
1	Superior Mermaid Managment LLC	1750 Northpark Drive		Kingwood
1	Toucan Payments LLC	1750 Valley View Lane	Suite 115	Farmers Branch
1	Nexo Global Inc	1750 Valley View LN		Farmers Branch
1	ECHELON CONSTRUCTION AND MAINTENANCE LLC	1750 VALLEYVIEW LANE	SUITE 450	FARMERS BRANCH
1	EPS Ehrhardt Partner Solutions Inc d/b/a Ehrhardt Partner Group	17505 Interstate Hwy 35W		Northlake
1	Dillengr Inc	1751 Hurd Drive	Suite 111	Irving
1	Lonestar 24Hrer Management LLC	1751 Medical Way		New Braunfels
1	Ghost Founder LLC	1752 Jay Ell Dr		Richardson
1	Elo Touch Solutions Inc	1755 North Collins	Suite 525	Richardson
1	Timothy F. McBride, PC	1756 KELLER PARKWAY	STE 200	KELLER
1	MAN Energy Solutions USA Inc	1758 Twinwood Parkway		Brookshire
1	Terbium Technologies INC	1760 FM 967	STE 201	Buda
1	IPeople Heathcare LLC	1760 S Stemmons Fwy	Suite 180	Lewisville
1	Miller Sierra Contractors Inc	1760 S. Pipeline Rd		Euless
1	National Electrical Services Inc	1760 W. Walker St.	Suite 100	League City
1	ATS WIRELESS INC	17607 MIDWAY ROAD	SUITE 110	DALLAS
1	BENT TREE FOODS INC	17610 MIDWAY ROAD	SUITE 101	Dallas
1	Quality Institute of America Inc	17625 EI Camino Real	Suite 395	Houston
1	Davenport Printing N Designz LLC	17630 Davenport Rd	Ste 105	Dallas
1	INVEST RE LLC	17630 Preston Rd		Dallas
1	Anamta LLC	17631 Yorkhill Ct		Richmond
1	SLM Warehousing TX2 LLC	1770 East Fwy		Baytown
1	Creativemass Holdings Inc	1770 South Post Oak Lane	2805	Houston
1	HESTIA CAPITAL LLC	17701 FLAGLER DR		AUSTIN
1	Casa do Brasil LLC	1771 GREENS PRAIRIE RD W		College Station
1	Medisol Plus LLC	1771 International Parkway, Suite 121	N/A	Richardson
1	Brisk Pharmaceuticals LLC	1771 International Pkwy	Suite 121	Richardson
1	Coderace Inc	17715 Dawn Mill Lane		Cypress
1	Livingston Smiles PLLC	1772 W. Church Street		Livingston
1	Alert Logic Inc	1776 Yorktown Street	Suite 150	Houston
1	SOMBRA NEXUS LLC	17762 PRESTON RD	STE 208	DALLAS
1	Maxwell Tech Systems LLC	17762 Preston Road suite 106		Dallas
1	Konec USA LLC	1777 Gears Rd		Houston
1	Synaty LLC	1777 NE Loop 410	STE 600	San Antonio
1	Co Mgmt LLC	17774 Preston Road		Dallas
1	Pentaro LLC	1778 County Road 723		Nacogdoches
1	AeroXpert Consulting Group LLC	17795 TREE OF HEAVEN		CONROE
1	Immunotec Research Inc	1780  Hughes Landing Blvd.	Suite 1175	The Woodlands
1	Maxim Inc	17802 1H 10W	Suite 400	San Antonio
1	East Texas Imperial Petroleum LLC	17803 Forest Glen Cir.		Flint
1	Force Asset Management LLC	17803 La Cantera Terrace	Ste. 12201	San Antonio
1	Shushan Tech. Inc	17806 1H-10 W	Suite 300	San Antonio
1	N1 Solutions LLC	17806 IH-10 W	Suite 300	San Antonio
1	DALLAS INTERNATIONAL SCHOOL	17811 WATERVIEW PARKWAY		DALLAS
1	FUEL DISTRIBUTORS INC	17819 STUEBNER AIRLINE DR.	SUITE D	SPRING
1	Triangle Engineering LLC	1782 W McDermott Dr.		Allen
1	East Capital Funding LLC	1784 W McDermott	Ste 110	Allen
1	AccentCare Inc	17855 North Dallas Pkwy.	Ste 200	Dallas
1	Zaragoza Dental Care PLLC	1788 N Zaragoza Road		El Paso
1	Munich Re Trading LLC	1790 Hughes Landing Blvd	SUITE 275	The Woodlands
1	SI Group Inc	1790 Hughes Landing Blvd.	Suite 600	The Woodlands
1	Design Tech Homes, LP	1790 Hughes Landing Boulevard	Suite 550	The Woodlands
1	IT Aspirants Corp Inc	1790 King Arthur Blvd	Ste 130-1	Carrollton
1	Newable Power LLC	17907 Bandera Ridge Ln		Cypress
1	United Laser Cladding LLC	17919 Cypress Rosehill Road		Cypress
1	Better Today Inc	1792 Gardenia Street		Irving
1	KEM POWER LLC	17939 Kieth Harrow Blvd	Suite 205	Houston
1	HUDSON INSTITUTE OF PROCESS RESEARCH INCORPORATED	17950 Preston Road	Ste 235	Dallas
1	KINGWOOD METHODIST CHURCH	1799 WOODLAND HILLS DR		HARRIS
1	CrownQuest Operating LLC	18 Desta Drive		Midland
1	St. Ann Catholic Parish - Coppell	180 Samuel Blvd		Coppell
1	Integrated IT Systems Inc	1800 Abbeygale Dr		McKinney
1	SMC Squared LLC	1800 Caman Park Drive		Lucas
1	MARBLE FALLS INDEPENDENT SCHOOL DISTRICT	1800 COLT CIRCLE		MARBLE FALLS
1	Cocolevio LLC	1800 E 4th Street	Unit 123	Austin
1	Forward Food Inc	1800 E. 4th Street, Unit 101,		Austin
1	Encompass Health Rehabilitation Hospital of Midland Odessa LLC	1800 Heritage Blvd		Midland
1	WebCreek Technology Inc	1800 Hughes Landing Blvd. Suite 125		The Woodlands
1	Thermal Edge Inc	1800 Hurd Dr.		Irving
1	Industrial Distribution Corporation	1800 Hurd Drive		Irving
1	Extreme Exteriors	1800 Industrial Blvd.		Abilene
1	Academy, LTD	1800 N Mason Road		Katy
1	TYG Products LP	1800 N. McDonald Street		McKinney
1	MOUNT FRANKLIN FOODS LLC	1800 NORTHWESTERN DRIVE		EL PASO
1	Tokyo Shokudo Holdings Inc	1800 Preston Park Blvd	Ste. 120	Plano
1	UGAM SOLUTIONS SEZ PVT. LTD	1800 PRESTON PARK BLVD, SUITE 115	SUITE 115	PLANO
1	Ugam Solutions Inc	1800 Preston Park Blvd.	Ste. 115	Plano
1	COBRA INDUSTRIAL ACTIVITIES INC	1800 Saint James Place	Suite 650	Houston
1	IAMJ Enterprises Inc	1800 Southerland Ave		Dallas
1	Cosmo E&P USA Inc	1800 West Loop S	Suite 1810	Houston
1	MEDICAL INFORMATICS CORP.	1801 BINZ STREET	STE 450	HOUSTON
1	TEXAS RACING COMMISSION	1801 Congress Avenue	Suite 7.600	Austin
1	Post House LLC	1801 E 51st St.	Ste 365-285	Austin
1	Snow Software Inc	1801 East 6th Street	Suite 350	Austin
1	Vail & Park, P.C.	1801 Gateway Blvd., Suite 212		Richardson
1	Advanced Electrical and Motor Controls Inc	1801 Hurd Drive		Irving
1	Red Phoenix Entertainment LLC	1801 Main St.	Suite 1300	Houston
1	DBR Digital Services LLC	1801 N Hampton Road		Dallas
1	DBD Ventures LLC	1801 N Lamar Blvd		Austin
1	Yellowstar Healthcare LLC	1801 Pearson Avenue		Mckinney
1	Makz Management LLC	1801 Reserve Street		Garland
1	Measured Inc	1801 Rockmoor Avenue		Austin
1	Vantage Bank Texas	1801 S. 2nd Street		McAllen
1	AI Driller Inc	1801 W Wall St		Midland
1	STANDARD MOTOR PRODUCTS INC	1801 WATERS RIDGE DRIVE		LEWISVILLE
1	Sam Houston State Univesity	1802 Avenue I, Suite 331		Huntsville
1	Art Empire LLC	1802 Mossy Stone Dr		Houston
1	Blue Land Partners LLC	1803 Evergreen Avenue		Austin
1	Process Data Control Corp.	1803 W. Park Row Drive, Suite A		Arlington
1	Process Data Control Corporation	1803 West Park Row Drive, Suite A		Arlington
1	Mechanical & Process Systems LLC	1804 Central Commerce Court		Round Rock
1	Trinity Chinese Church	1804 Endicott Drive		Plano
1	Benthic USA LLC	1805 Brittmoore Rd		Houston
1	RecruitXL LLC	1805 Lakeshore Ct		McKinney
1	Bosstab Corp	1805 Royal Lane	Suite 113	Dallas
1	MDA Systems Inc	18050 Saturn Ln	Suite 200	Houston
1	DLG LOGISTICS LLC	1806 Rolling Hill Lane		Rosenberg
1	Frontier Logistics LP	1806 S 16th Street		La Porte
1	Midway Importing Inc	1807 Brittmoore Rd		Houston
1	Contoro Inc	1807 W Braker Ln	Ste C500	Austin
1	Canon Nanotechnologies Inc	1807 West Braker Lane	Building C-300	Austin
1	K & H DENTAL PA	1808 CHICO HIGHWAY		BRIDGEPORT
1	Inbox Booths LLC	1808 S Good Latimer Expy		Dallas
1	GRAVA LLC	1808 Snake River Road Ste D		Katy
1	CellRight Technologies LLC	1808 Universal City Blvd		Universal City
1	Cookies n Milk Inc	181 Industrial Blvd		Mckinney
1	Vfourtech Inc	1810 Chisholm Trl		Prosper
1	Mahadev RX LLC	1810 East State Hwy 97		Jourdanton
1	Skiles Group LLC	1810 N Greenville Avenue		Richardson
1	MOBISOFT INFOTECH LLC	1811 BERING DRIVE	SUITE 200	HOUSTON
1	Rotork Controls Inc	1811 Brittmoore Road	Suite 100	Houston
1	Viva Smiles Georgetown PLLC	1811 N Austin Ave   101		Georgetown
1	Maestro Leadership Foundation	1811 S. Laredo St.		San Antonio
1	City Cell LLC	1811 Sabine Lane		Richmond
1	SejalIT INC	1811 Santa Rita Road	Suite 112	94566
1	Allied Xpert Logistics Inc	18120 West Bellfort Blvd.	Building E	Richmond
1	US-CS INC	18120 WEST BELLFORT BOULEVARD	BUILDING E	RICHMOND
1	GENPX INC	1813 Lake Pine Dr		Little Elm
1	HitGen Pharmaceuticals Inc	1814 Binz Street Unit A		Houston
1	JB NETFIVE INC	1814 ENNIS JOSLIN ROAD		CORPUS CHRISTI
1	Leader Marine USA Inc	1814 Hwy 146	Ste 100	La Porte
1	New Math Data LLC	1815 W 14th Street		Houston
1	Vortex Companies LLC	18150 Imperial Valley		Houston
1	Vortex Services LLC	18150 Imperial Valley Drive		Houston
1	ADYAN Consulting LLC	1816 Kipling Drive		Flower Mound
1	TEKWAVES CONSULTING	1817 ESTERS RD,	APT 2081	IRVING
1	Double Line Inc	1817 West Braker Lane	Suite 100	Austin
1	Vizhen Inc	1819 Augusta Dr	Apt 425	Houston
1	CP&Y INC	1820 REGAL ROW		DALLAS
1	SMARTCOMMS LLC	18208 PRESTON ROAD	SUITE D9 350	DALLAS
1	Oilfind International LLC	1821 Garden Rd		Pear Land
1	TEXAS MUNICIPAL LEAGUE INTERGOVERNMENTAL RISK POOL	1821 RUTHERFORD LANE	1ST FLOOR	AUSTIN
1	Drilling Systems (USA) Inc	18211 Katy Fwy	Suite 275	Houston
1	Harantech LLC	18219 Hewetson Cv		Austin
1	PARKWAY PHARMACY LLC	1824 Parkway Dr  100		Lubbock
1	Kershner Trading Group LLC	1825 B Kramer Lane	Suite 200	Austin
1	Olivier Incorporated	1825 Market Center Blvd	Suite 340	Dallas
1	Hollman Inc	1825 W Walnut Hill	Suite 110	Irving
1	Armand Consulting Inc	1825 W Walnut Hill Lane	Suite 120	Irving
1	Ittechnica Inc	1825 W Walnut Hill Ln, Ste 120	RM 402	Irving
1	ADALITEK GROUP LLC	1825 W.Walnut Hill Ln., Suite 120		Irving
1	Volusion LLC	1825-B Kramer Lane	Ste. 100	Austin
1	Fifth Lane Capital, LP	1825B Kramer Ln	STE 200	Austin
1	Eagle Health Analytics	1826  N Loop 1604 W	Ste 336-F	San Antonio
1	The George D. Alan Company	1829 W. Shady Grove Road		Grand Prairie
1	BWEP Energy Services Inc	183 Old Post Oak Road		Kilgore
1	Howard Tseung CPA	1830 E. Abram St.		Arlington
1	Drillmec Inc	18320 Imperial Valley Drive		Houston
1	Garcia Heart and Vascular LLC	1835 Hewitt Dr		Houston
1	BINARYWAY LLC	1836 SNAKE RIVER ROAD	SUITE B	KATY
1	KNP Solutions LLC	18383 Preston Rd,  202		Dallas
1	360 ENGINEERING GROUP, PLLC	18383 Preston Road,	Suite 402	Dallas
1	IEA Inc	18383 PRESTON ROAD, SUITE 500		Dallas
1	SS Business Services LLC	1839 Sherwood Forest Dr	Suite 102	Houston
1	ASPS Services LLC	1839 Sherwood Forest St	Suite 300	Houston
1	Terradyne Engineering Inc	1840 Hutton Dr	Ste 190	Carrollton
1	JNC Real Estate Development	18402 US HWY 281 N	Suite 267	San Antonio
1	Pi Cloud Consulting LLC	18403 Shallow Oak CT		Tomball
1	Red Lantern LLC	1841 N Zaragoza Rd	Ste 301-303	El Paso
1	Meneses Design Inc	18414 U.S. Highway 281 North	Ste. 108	San Antonio
1	University of Dallas	1845 East Northgate Drive		Irving
1	Awesometik Inc	1845 Summit Avenue	Suite 404	Plano
1	Omniplan Inc	1845 Woodall Rodgers Freeway	Suite 1600	Dallas
1	Believe Therapies LLC	18484 Preston Road	Ste. 102	Dallas
1	Technology Service Professionals Inc	1850 N. Greenville Avenue	Suite 157	Richardson
1	Kratos Measurements LLC	1850 Old Main St	Ste 2907	Houston
1	THE EAR INSTITUTE OF TEXAS	18518 Hardy Oak Blvd	SUITE 300	SAN ANTONIO
1	Miller Hirko Management LLC	18534 Forty Six Pkwy		Spring Branch
1	Houston Fur Dressing LLC	18535 Imperial Valley Dr.		Houston
1	Texas Best Care Home Health Inc	18601 LBJ Freeway	Suite 110	Mesquite
1	TheB Services Inc	18609 Amberg Pl		Austin
1	JOYOSEA INC	1862 Firman Dr.		RICHARDSON
1	North Texas Dental Surgery PLLC	1870 N Stonebridge Drive	110	McKinney
1	Streamax America LLC	18702 Kieth Harrow Blvd Suite C		Houston
1	Fluid Systems	18703 Intercontinental Crossing		Houston
1	S4S Tech LLC	18708 Hufsmith Kohrville Rd	Suite 500	TOMBALL
1	Third Coast Packaging Inc	1871 Mykawa Road		Pearland
1	Stoker-Kirkpatrick Ranches	1871 US Highway 84		Post
1	Performance Quest Enterprise Inc	18747 Mueschke Road	Suite D	Cypress
1	BioTE Medical LLC	1875 W. Walnut Hill Lane	Suite 100	Irving
1	New Relic Inc	188 Spear Street	Suite 1000	San Francisco
1	DALLAS USA FOODS INC	1880 LONE STAR DRIVE, SUITE 100		DALLAS
1	AMERICAN TECH VISION SOLUTIONS LLC	1880 S DAIRY ASHFORD RD STE 216	BLDG 1	HOUSTON
1	IPCOS INC	1880 S Dairy Ashford, Suite 330		Houston
1	digiBlitz Holdings LLC- energyKarma - Series 7	1880 S. Dairy Ashford Rd	Suite 207	Houston
1	Intellivista Inc	1880 South Dairy Ashford	Suite 211-A	Houston
1	Pizza Patron Inc	18803 Meisner Dr		San Antonio
1	CW FIVE KYLE LLC	18810 IH 35		KYLE
1	Riverstone Montessori LLC	18812 Noble Seven Ln		Sugar Land
1	Aycock & Company, LLP	1885 St. James Place	Suite 1050	Houston
1	LODC Group Ltd.	1887 Geesling Road		Denton
1	LONE STAR DEFENDERS OFFICE	18911 HARDY OAK BLVD STE 267		SAN ANTONIO
1	Meraki Labs	18911 Hardy Oak Boulevard	Suite 122	San Antonio
1	Rigid Global Buildings LLC	18933 Aldine Westfield Road		Houston
1	ADAPTECH INC	18939 NEW BIRMINGHAM DR		CYPRESS
1	Dental Surgeons and Associates, PLLC	18939 Villa Bergamo Ln		Houston
1	Arrowall Company	18985 Goll Street		San Antonio
1	Axelrad Clinic LLC	19 Briar Hollow Lane	Suite 240	Houston
1	Kasberg, Patrick & Associates, LP	19 N Main St		Temple
1	Supreme Golf Inc	190 Civic Circle	Suite 210	Lewisville
1	Automotive Financial Group Inc	1900 Champagne Blvd		Grapevine
1	Methodist Hospital Levelland	1900 College Avenue		Levelland
1	Safespill Systems LLC	1900 Crosspoint Ave		Houston
1	SIT Tech Co., Ltd.	1900 E. Howard Ln.	Suite C-2	Pflugerville
1	J&M FAMILY MANAGEMENT LLC	1900 Enchanted Way	Suite 200	Grapevine
1	RELIANCE INDUSTRIES INC	1900 FM 1092		MISSOURI CITY
1	Gainesville Community Hospital Inc	1900 Hospital Blvd		Gainesville
1	Stewardship Health Inc	1900 N Pearl St	STE 2400	Dallas
1	HUNT OIL COMPANY	1900 N. AKARD ST.		DALLAS
1	Hunt Consolidated Inc	1900 NORTH AKARD STREET		DALLAS
1	Houston Cardiothoracic and Vein Surgeons	1900 North Loop W Suite 180		Houston
1	NSMG Shared Services LLC	1900 Saint James Place	Suite 300	Houston
1	Tandy Leather Company LP	1900 SE Loop 820		Fort Worth
1	PANDION ASSET MANAGEMENT, LP	1900 ST JAMES PLACE	SUITE 125	HOUSTON
1	ProMiles Software Development Corporation	1900 Texas Ave		Bridge City
1	Highbrow LLC	1900 Vinaros Court		Leander
1	Wayland Baptist University	1900 W 7th Street	CMB 1274	Plainview
1	Likewize Device Protection LLC	1900 W Kirkwood Blvd	Suite 1600C	Southlake
1	Likewize Corp.	1900 W. Kirkwood Blvd	Bldg C	Southlake
1	RIPRA CONSTRUCTION	1900 WEST KIRKWOOD BLVD	SUITE 2500A	SOUTHLAKE
1	UneeQ Inc	19000 Research Blvd	Ste 160C, PMB 3075	Austin
1	Insperity Services, L.P.	19001 Crescent Springs Drive	N/A	Kingwood
1	Bible Study Fellowship	19001 Huebner Rd		SAN ANTONIO
1	NuStar Services Company LLC	19003 IH-10 West		San Antonio
1	Principal Technology Inc	1901 10th Street	Ste 400	Plano
1	Wind Energy Transmission Texas LLC	1901 Capital Pkwy	Ste. 200	Austin
1	Rooster Teeth Productions LLC	1901 E. 51st Street		Austin
1	ITAD USA Holdings LLC	1901 Gateway Drive	Suite 100	Irving
1	RADIANT INFOSYS INC	1901 Industrial Blvd. Suite   210		Colleyville
1	University of North Texas System	1901 Main Street		Dallas
1	4M Capital, Ltd.	1901 Midway Rd	Ste. 100	Lewisville
1	NEOSOL INC	1901 N CENTRAL EXPRESSWAY	STE 410	RICHARDSON
1	Revelation Media Inc	1901 N Glenville Drive 401		Richardson
1	Joesta Construction LLC	1901 N State Hwy 360	Suite 660	Grand Prairie
1	ACARI Management Group Inc	1901 N. Highway 360, Suite 660		Grand Prairie
1	Baylor Medical Center at Irving	1901 N. MacArthur Blvd.		Irving
1	FYI Television Inc	1901 N. State Highway 360, Suite 200		Grand Prairie
1	Elink Elite LLC	1901 Rickety Ln	Suite 209	Tyler
1	Bazaarvoice Inc	1901 Stonelake Blvd.		Austin
1	Excel Fitness Management LLC	1901 W. Braker Lane	Suite 400	Austin
1	Enerview Inc	1901 West 14th ½ Street B		Houston
1	Envases Commerce LLC	1901 Wycon Drive		Waco
1	Architectural Granite & Marble LLC	19012 HWY 71 WEST	Suite 300	SPICEWOOD
1	SAFAL PARTNERS LLC	19019 WINDSOR CREST DR		HOUSTON
1	Cartograph LLC	1902 Haskell St.		Austin
1	Essentium Inc	19025 N Heatherwilde Blvd.	Suite 100	Pflugerville
1	First Rate Inc	1903 Ascension Blvd		Arlington
1	Reliable Paving Inc	1903 North Peyco Drive		Arlington
1	McCann Adams Studio PLLC	1905  Aldrich Street	Suite 140	Austin
1	Inflection Point LLC	1905 Ascension Blvd	Suite 161	76006
1	Vinli Inc	1905 McMillan Avenue		Dallas
1	BSR Properties Holdings LLC	1906 Avenue D	Suite 200	Katy
1	Peppered Software LLC	1906 Cullen Ave		Austin
1	Marsden Holdings LLC	1906 East Cesar Chavez Street		Austin
1	Falcon InfoTech LLC	1907 HAYS RANCH DR		RICHMOND
1	Wagners CFT LLC	19077S US Highway 377		Cresson
1	Wagners Manufacturing LLC	19077S US HWY 377		Cresson
1	Adonis Auto Group LLC	1908 110th St		Grand Prairie
1	OfficerTRAK LLC	1908 Avenue D	A100	Katy
1	MOBICLOUD LLC	1908 YAUPON TRAIL	SUITE 203 B	CEDAR PARK
1	Xendit Incorporated	1909 Stratton Court		Colleyville
1	Linus Analytics LLC	1909 W Braker Ln	Ste 400E	Austin
1	Visualization LLC	190E Stacy Rd	Suite 306-124	Allen
1	Sulzer EMS Inc	1910 Jasmine Drive		Pasadena
1	Renson N.A. Inc	1910 N Josey Ln		Carrollton
1	LeadEssence Consulting LLC	1910 Pacific Ave Suite 2000  3224		DALLAS
1	Coherent Metal Inc	1910 Rock Island Street		Dallas
1	ELECTROBOT INC	19107 SUMMER FARM TRAILS		RICHMOND
1	ADVANCED DIAGNOSTICS HEALTHCARE SYSTEM	1911 BAGBY ST		HOUSTON
1	Advanced Dallas Hospital & Clinics LLC	1911 Bagby Street		Houston
1	RELIABLE PARTS US HOLDINGS INC	19111 N DALLAS PARKWAY	SUITE 240	DALLAS
1	Farmer Bros. Co.	1912 Farmer Brothers Drive		Northlake
1	XCharge Energy North America	19121 Market Place Avenue	Building 2, Suite 2-145	Kyle
1	Familia Dental Big Spring LLC	1915 S Gregg St		Big Spring
1	Familia Dental Big Spring PLLC	1915 S Gregg St.		Big Spring
1	NCP Management LLC	1917 Ashland St		Houston
1	IA Motors LLC	1917 Dry Season Trail		Austin
1	TSUKURU TEXAS CORPORATION	1918 WALNUT PLAZA		CARROLLTON
1	South Texas Family Dentistry, PLLC	1919 Lake Winds Dr		Missouri City
1	Trio Clinical Trials LLC	1919 North Loop West	Suite 105	Houston
1	Jungle Books Inc	1919 Old Denton Road	Ste 104	Carrollton
1	GlobeOne LLC	1919 S 1st St.	Suite C	Austin
1	Laniakea Companies LLC	1920 Cathedral Dr.		Farmers Branch
1	Ailife Diagnostics Inc	1920 Country Place Parkway	Suite 100	Pearland
1	Low-T Centers Inc	1920 E. State Hwy 114		Southlake
1	VOLTEA INC	1920 HUTTON CT	STE 300	FARMERS BRANCH
1	SLS Consultants LLC	1920 McKinney Avenue	Floor 7	Dallas
1	Consolidated Electrical Distributors Inc	1920 Westridge Drive		Irving
1	Consolidated Electrical Distributiors Inc	1920 Westrige Drive		Irving
1	Simwon NA, Corp.	19200 Marketplace Ave	Building 3	Kyle
1	ABC Technologies Texas LLC	19200 Marketplace Avenue	Bldg 2, Suite 200	Kyle
1	Plastikon Texas LLC	19200 Marketplace Avenue, Suite 200		Kyle
1	Emerson Process Management Valve Automation Inc	19200 Northwest Freeway		Houston
1	Fusion Childrens Dentistry PLLC	19200 Preston Rd	Ste 100	Dallas
1	San Antonio Christian School	19202 Redland Rd		San Antonio
1	Protocoding LLC	1922 La Croix Pl		Dallas
1	Films On Video Arlington Inc	1922 Park Springs Blvd	Suite A	Arlington
1	Unbound Now	1923 Fort Ave		Waco
1	Twisted V. Ranch LLC	19233 County Road 2160		Troup
1	West Houston Endodontics PLLC	19235 Katy Freeway	Suite 300B	Houston
1	NeoBeginnings PLLC	1924 Pine St	Suite 401B	Abilene
1	Fusion LED Inc	1924 Rankin Road	Ste 300	Houston
1	HMT LLC	19241 David Memorial Drive	Suite 150	The Woodlands
1	Navasal Inc	1925 E Belt Line Road	Suite 232	Carrollton
1	Ashish Holdings LLC	1925 E. Beltline Rd	180	Carrolton
1	Ace IT World Inc	1925 East Belt Line Road	Suite 232	Carrollton
1	RiceTec Inc	1925 FM 2917		Alvin
1	Biopharma Informatic LLC	19255 Park Row Dr.	Suite 205	Houston
1	BIOPHARMA INFORMATIC, L.L.C.	19255 PARK ROW DRIVE	Suite 205	Houston
1	LearnSAP LLC	1927, County Road 129		Pearland
1	RIVIANT INC	1928 LOMA LINDA DR		IRVING
1	SCI Shared Resources LLC	1929 ALLEN PARKWAY		HOUSTON
1	Interamerican Foods Corporation	1929 Sparks Dr		Cleburne
1	Interamerican Foods Corp	1929 Sparks Drive		Cleburne
1	Mohan & Sid PLLC	1930 E Park Row Drive		Arlington
1	Sansutek Inc	1930 E Rosemeade Pkwy, Ste 208		Carrollton
1	VERIDIAN TECH SOLUTIONS INC	1931 Wickchester Lane	STE 150	HOUSTON
1	TechsRUs corp	1933 Westridge Drive		Irving
1	Childrens Medical Center of Dallas	1935 Medical District Drive		Dallas
1	EYECARE-PRO P.A.	1935 SW Military Dr.		San Antonio
1	NCS Multistage LLC	19350 State Highway 249	Suite 600	Houston
1	Stephen F. Austin State University	1936 North St		Nacogdoches
1	Usieset Inc	1937 McClane Drive		Allen
1	Evira Technologies LLC	194 Encanto Place		Austin
1	Quest Educational Services	1940 Fountain View Dr	3278	Houston
1	CBC Group LLC	1944 Loma Linda Drive		Irving
1	COFAN USA INC	1945 W. WALNUT HILL LANE		IRVING
1	DPIS ENGINEERING LLC	19450 STATE HWY 249	SUITE 300	HOUSTON
1	Ameriforge Group Inc	19450 State Hwy. 249	Suite 500	Houston
1	The Companions of the Cross	1949 Cullen Boulevard		Houston
1	Austin Business Finance	1949 S I-35 Frontage Rd		Austin
1	Intx Insurance Software Inc	1949 South Interstate 35 Frontage Road		Austin
1	Interceramic Inc	1950 E Parker Road	n/a	Carrollton
1	StackPath Management Inc	1950 N. Stemmons Fwy	Suite 1001	Dallas
1	Stowes Independent Services LLC	1951 E. Continental Blvd.		Southlake
1	Spring Chiropractic & Rehab, P.C.	19510 Kuykendahl Road		Spring
1	The Dallas Morning News Inc	1954 Commerce Street		Dallas
1	Bufkor Incorporated	1955 Lakeway Dr Suite 210		Lewisville
1	TCB Energy Services LLC	19577 FM 2854 RD		Montgomery
1	Kiranam Technologies Inc	196 SOUTHWESTERN BLVD		COPPELL
1	Alitek Solutions, LP	19627 I-45 North	Suite 700	Spring
1	Alitek Solutions LP	19627 Interstate 45	Suite 700	Spring
1	Suchi ERP Inc	19639 Azalea Brook Way		Houston
1	Horizon Mental Health Management LLC	1965 Lakepoint Drive	Suite 100	Lewisville
1	Bit Brother New York Inc	1968 N I-20 Access Rd		Clyde
1	Trade Management Solutions, LP	1970 Rawhide Drive	Suite 316	Round Rock
1	United Dentistry of Far East El Paso, PLLC	1971 N Zaragoza Rd Blg A	Ste. B	El Paso
1	United Orthodontics of Far East El Paso, PLLC	1971 N. Zaragoza Road	Suite A	El Paso
1	Eliezer Hernandez, MD, PA	1975 N. Veterans Blvd.	Ste. 5	Eagle Pass
1	Burckhardt Compression (US) Inc	19750 FM 362 Rd		Waller
1	T.N.M. Partners LLC	1980 Bowler Rd		Waller
1	Oliasoft Houston LLC	1980 Post Oak Blvd.	Suite 100	Houston
1	Titan Metal Industries Inc	19814 GH Circle		Waller
1	ESCOBEDO CONSTRUCTION, LP	199 DISTRIBUTION COVE		BUDA
1	Food Safety Net Services Nebraska LLC	199 W. Rhapsody		San Antonio
1	Brown Sims, P.C.	1990 Post Oak Blvd	Suite 1800	Houston
1	AA Solutions Inc	19901 Southwest Freeway	Suite 220	Sugarland
1	Wintel Technologies LLC	19901 Southwest Fwy	STE 206	Sugar Land
1	Mshana Group LLC	19901 Southwest Fwy, Suite   164		Sugar Land
1	NexGen Technologies Inc	19924 Chayton Circle		Pflugerville
1	Trico Products Corporation	1995 Billy Mitchell Boulevard		Brownsville
1	CAMINO REAL COMMUNITY MHMR CENTER	19965 FM 3175	POB 725	Lytle
1	Robur Group USA Inc	19972 FRANZ RD		Katy
1	Evergreen Residential Employee Services Corp.	1999 Bryan St.	FL 13	Dallas
1	Specialist Staffing Solutions Inc	2 Houston Center Building	909 Fannin Street, Suite P350	Houston
1	UTC Overseas Inc	2 Northpoint Drive	Suite 213	Houston
1	Houston NFL Holdings, L.P.	2 NRG Park		Houston
1	IES Management, LP	2 Riverway	Suite 1730	Houston
1	Fuji Merchandise Corporation	20 Prestige Cir		Allen
1	Kollective Medical LLC	200 Academy Dr	Suite 100	Austin
1	Adell Group LLC	200 Adell Blvd.		Sunnyvale
1	InsuredMine Inc	200 Chisholm Pl	Suite 103	Plano
1	Hobbs Bonded Fibers NA LLC	200 Commerce Dr.		Waco
1	Hu Products LLC	200 Congress Avenue	27C	Austin
1	OMEGA DIGITAL RENEWABLE ENERGY LLC	200 E 6th Street	Ste 222	Austin
1	Supergoop LLC	200 E Grayson	Suite 112	San Antonio
1	WestEast Design Group LLC	200 E Grayson St	STE 207	San Antonio
1	AIM & N Graphic Solutions LLC	200 E Valley Ridge Blvd		Lewisville
1	Canva US Inc	200 E. 6th Street	Ste. 200	Austin
1	Jasper AI Inc	200 East 6th St.  210		Austin
1	NOLAN COUNTY HOSPITAL DISTRICT	200 EAST ARIZONA AVENUE	PO BOX 690	SWEETWATER
1	GlobalWafers America LLC	200 FM 1417 West		Sherman
1	ALL-PLASTICS LLC	200 HOLDSWORTH DRIVE		KERRVILLE
1	Chambers County Public Hospital District no 1	200 Hospital Dr	PO BOX 398	Anahuac
1	FRIO HOSPITAL ASSOCIATION	200 IH South		Pearsall
1	North Central Texas Community Health Care Center Inc	200 Martin Luther King, Jr. Blvd.		Wichita Falls
1	BAYLOR COUNTY HOSPITAL DISTRICT	200 N STADIUM DR		SEYMOUR
1	IWP Services LLC	200 N. Mesquite Street	Suite 205	Arlington
1	Beeville Independent School District	200 N. St. Marys		Beeville
1	Citizens National Bank Of Texas	200 North Elm Street		Waxahachie
1	Aviat U.S. Inc	200 Parker Drive	Suite C100A	Austin
1	STEPHENS MEMORIAL HOSPITAL DISTRICT	200 S GENEVA ST		BRECKENRIDGE
1	Dallas Chinese News	200 S Interurban St.		Richardson
1	Rhodes Management Services LLC	200 S. 10th St.	Ste. 1700	McAllen
1	Ideal Dental of San Marcos, PLLC	200 Springtown Way	Ste 108	San Marcos
1	Texas A&M Engineering Extension Service	200 Technology Way		College Station
1	Texas A&M Forest Service	200 Technology Way, Suite 1281		College Station
1	Rosseau Group Texas LLC	200 University Blvd.		Round Rock
1	Glassdoor LLC	200 W 6th St		Austin
1	Dear Media LLC	200 W 6th Street	Suite 2660	Austin
1	Next Exit Logistics LLC	200 W Commerce St	Suite 103	Dallas
1	Trubi 1 LLC	200 Wesley Drive		Kerrville
1	Culberson County-Allamoore Independent School District	200 West 7th Street		Van Horn
1	ENTHOUGHT INC	200 WEST CESAR CHAVEZ	SUITE 202	AUSTIN
1	Sensia LLC	200 Westlake Park Blvd	Suite 1400	Houston
1	Noven Inc	2000 Bering Drive	Suite 250	Houston
1	IT Great Minds Inc	2000 Carlisle Ct		Prosper
1	APERTURE COMPANIES LLC	2000 E LAMAR BLVD.	STE 550	ARLINGTON
1	Effective Spend Media LLC	2000 E Martin Luther King Jr Blvd		Austin
1	RITECH GLOBAL	2000 E. Lamar BLVD	Suite 600	Arlington
1	Westra Consultants LLC	2000 E. Lamar Blvd., Suite 600		Arlington
1	RITECH GLOBAL LLC	2000 E. Lamar Boulevard	Suite 600	Arlington
1	Wonder Works Studio Inc	2000 Interstate 20 W		Arlington
1	PROGRAMSOFT LLC	2000 N CENTRAL EXPY	SUITE 219	PLANO
1	Central Marble And Tile Inc	2000 Paul Quinn St.		Houston
1	Apache Corporation	2000 Post Oak Boulevard	Suite 100	Houston
1	INTERPRETIVE SOFTWARE PRODUCTS INC	2000 S DAIRY ASHFORD SUITE 300		Houston
1	Software Global Ltd	2000 S Interstate 35	Suite A	AUSTIN
1	Dataquad	2000 S. Dairy Ashford Rd	Suite 405	Houston
1	Dataquad Inc	2000 S. Dairy Ashford Road	Suite 405	Houston
1	Software Global Ltd.	2000 S. Interstate 35	Suite A	Austin
1	Stage 3 Separation LLC	2000 SILBER ROAD		Houston
1	Weatherford International LLC	2000 St James Place		Houston
1	Weatherford U.S., L.P.	2000 St. James Place		Houston
1	VRS Technologies LLC	2000 stefani pl		carrollton
1	NHOA Americas LLC	2000 W Loop S	Suite 1310	Houston
1	KIT PROFESSIONALS INC	2000 W SAM HOUSTON PARKWAY S	SUITE 1400	HOUSTON
1	GeoSoftware LLC	2000 W. Sam Houston Pkwy S	Ste. 950	Houston
1	AARC Environmental Inc	2000 W. Sam Houston Pkwy S.	Suite 850	Houston
1	LALIZAS/ALEXANDER LLC HOUSTON formerly known as Alexander/Ryan Marine & Safety LLC	2000 Wayside Drive		Houston
1	Safran Seats USA LLC	2000 WEBER DRIVE		Gainesville
1	Vopak North America Inc	2000 West Loop South	Suite 1550	Houston
1	SMARTBRIDGE LLC	2000 West Sam Houston Parkway South	Suite 200	Houston
1	Touma Inc	2000 Windy Terrace	Bldg. 5B	Cedar Park
1	Jins Tech Corporation	20008 Champion Forest Dr	Suite 901	Spring
1	Globus IIT Incorporated	2001 Auburn Hills  Pkwy	Ste 702	Mckinney
1	HONDO SNF OPERATIONS LLC	2001 AVENUE E		HONDO
1	GAC Media LLC	2001 Beach Street	4th Floor	Fort Worth
1	Builders FirstSource Inc	2001 Bryan St	Suite 1600	Dallas
1	BFS Operations LLC	2001 Bryan St.	Suite 1600	Dallas
1	WDG Architectural Dallas, PLLC	2001 Bryant St	Ste 3110	Dallas
1	CENTER FOR PARTICLE THERAPY AND RESEARCH INC	2001 HIGHWAY 6	MAILING ADDRESS - PO BOX 173	WACO
1	Your Logistics Corp.	2001 Midway Road	Suite 200	Lewisville
1	Mesa Design Associates Inc	2001 North Lamar Street	Suite 100	Dallas
1	BAKER HUGHES COMPANY	2001 Rankin Road		HOUSTON
1	VIPStreamers Inc	2001 Ross Ave	Suite 700-149	Dallas
1	Zeal Capital Management LLC	2001 RossAve	Ste 700	Dallas
1	J & H DENTAL PLLC	2001 S GLENBROOK DR		Garland
1	Surlean Meat Company	2001 S. Laredo Street		San Antonio
1	J&H Dental PLLC	2001 SOUTH GLENBROOK DR.		GARLAND
1	Source Holdings Delaware LLC	2001 Timberlock Place, Suite 300		The Woodlands
1	Delucca Food Concepts LLC	2001 W Southlake Blvd	Suite 103	Southlake
1	Southwestern Baptist Theological Seminary	2001 W. Seminary Dr.		Fort Worth
1	Michael E. DeBakey VA Medical Center	2002 Holcombe Blvd	Bldg 110, Room 118	Houston
1	Artemis Infotech Inc	2002 Timberloch Pl	Suite 200-130	The woodlands
1	Bluvium Inc	2002 Timberloch Place	Suite 200	The Woodlands
1	HARTIGEN SOLUTIONS LLC	2002 W Grand Parkway N	Suite 210	Katy
1	SJH SHEFFIELD AEROSPACE LLC	2002 W. GRAND PARKWAY N. SUITE 210		KATY
1	Inframark LLC	2002 W. Grand Pkwy., Suite 100		Katy
1	Southwest Regional PCR LLC	2002 W. Loop 289	Suite 116	Lubbock
1	City of Manvel	20025 Highway 6		Manvel
1	War Horse Management Inc	2003 Summit Ave		Dallas
1	Clazar Inc	20032 Abigail Way		Pflugerville
1	DFW LINQ TRANSPORT INC	2004 L DON DODSON DR		BEDFORD
1	IN FOAL INC	2004 NEWBERRY RD		MILLSAP
1	Secord and Lebow Architects, LLP	2004 Quail Creek Drive	Suite 200	Wichita Falls
1	COEVAL HOSPITALITY DESIGN	2005 Farrington St.		Dallas
1	Coeval Hospitality Design LLC	2005 Farrington Street		Dallas
1	RealSavvy Inc	2005 S 5th	Ste. 2	Austin
1	Khushmeet Dental PLLC	2006 10th St		Floresville
1	Ancile Inc	2006 S Bagdad Road	Suite 180	Leander
1	GR8 Remodel LLC	2006 W. Koenig Lane		Austin
1	Clock Technologies Inc	2006 Windcastle Dr		Mansfield
1	INCREDIBLE SOFTWARE SOLUTIONS LLC	2007 N COLLINS BLVD.	SUITE 305	RICHARDSON
1	Fast Forward Wheels Corp	2007 Royal Ln	Ste 190	Dallas
1	Mr Yum Trading Inc	2007 S 1st Street	Unit 103	Austin
1	VSD Infotech LLC	2007 Texoma Pkwy	Suite 380	Sherman
1	Sapientai LLC	2008 Holland Ave	Unit B	Austin
1	K3 Technologies Inc	2009 Ranch Rd 620 N	Ste 214	Lakeway
1	MedReview Inc,	2009 RANCH RD 620N	SUITE 211	Lakeway
1	ProArch Technologies LLC	2009 Ranch Road 620 North	Suite 224	Austin
1	Safety Erudite Inc	201  Long Canyon Court		Richardson
1	RSG AERODESIGN LLC	201 American Concourse	Suite 220	Fort Worth
1	Mensor, LP	201 Barnes Drive		San Marcos
1	Collier Materials Inc	201 CO ROAD 121		MARBLE FALLS
1	Nehemiah Real Estate Advisors LLC	201 E Lamar Blvd.	Suite 115	Arlington
1	City of Crowley	201 E Main St		Crowley
1	Texas Ethics Commission	201 E. 14th Sreet	10th Floor	Austin
1	GALAXY ELECTRONICS COMPANY	201 E. ARAPAHO ROAD		RICHARDSON
1	BStrong Computers Inc	201 E. Arapaho Road, Suite 88		Richardson
1	Formosa Plastics Corporation Texas	201 Formosa Drive		Point Comfort
1	MP STUDIO LANDSCAPE ARCHITECTURE LLC	201 GROVETON ST		SAN ANTONIO
1	Gaston College	201 Highway 321 South		Dallas
1	AI CloudVerse Inc	201 N Heatherwilde Blvd,	Ste 503,	Pflugerville
1	TEXAS CENTER FOR LOCAL FOOD	201 NORTH MAIN STREET		ELGIN
1	Quorum International II LP	201 Railhead Road		Fort Worth
1	ACE Dental PC	201 Sparta Rd		Belton
1	Waelder Independent School District	201 US Hwy 90 West		Waelder
1	Athena Dance Academy LLC	201 Vanderpool Lane	Unit 38	Houston
1	Kuiper OpCo LLC	201 W 5th St  11		Austin
1	MARCO FINE ARTS INC	201 W Howard Lane		AUSTIN
1	GLOBAL INSTITUTE OF SPINE AND JOINT CARE	201 W RANDOL MILL RD		Arlington
1	Tillo Inc	201 W. 5th Street	11th Floor	Austin
1	Z Constructors Nationwide LLC	201 W. Kaufman ST		Richardson
1	ODESSA JUNIOR COLLEGE	201 W. UNIVERSITY BLVD.		ODESSA
1	Ownwell Inc	201 West 5th Street	Suite 1100	Austin
1	The Men of Nehemiah Inc	2010 Al Lipscomb Way		Dallas
1	Americas Best Value Inn	2010 E. Hwy 90		Alpine
1	Westfield Urgent Care, PLLC	2010 FM 1960 Rd East		Houston
1	CLEVERSMITHS INC	2010 VALLEY VIEW LN	SUITE 240	FARMERS BRANCH
1	NEWMAN INTERNATIONAL ACADEMY	2011 S FIELDER RD		ARLINGTON
1	Direct Covenant Construction Services	2012 E HWY 90A RICHMOND TEXAS		RICHMOND
1	FKF Studio LLC	2012 East Cesar Chavez Street		Austin
1	APACHE POWER INDUSTRIAL LLC	2013 LAMAR DR		ROUND ROCK
1	RC4Vets LLC	2014 S Hackberry		San Antonio
1	LiftFund Inc	2014 S Hackberry St		San Antonio
1	Premier Chiropractic LLC	2018 Broadway St		Pearland
1	Premier Chiropractic	2018 E. Broadway St		Pearland
1	Veryable Inc	2019 N. Lamar Street	Suite 250	Dallas
1	Urban Genesis LLC	202 Avondale St		Houston
1	US Helicals	202 S. Dixon St		Gainesville
1	City of Plainview	202 W 5th Street		Plainview
1	COREPATH LABORATORIES	2020 BABCOCK ROAD SUITE 30		SAN ANTONIO
1	Street Simplified LLC	2020 Centerline Lane		Georgetown
1	Sarasija Inc	2020 Ironside Drive		Lewisville
1	The Grand 1894 Opera House	2020 Postoffice St		Galveston
1	LINDAMOOD INC	2020 S NURSERY RD		IRVING
1	Vivo Professional Music School LLC	2020 Southwest FWY	Suite 323	Houston
1	BCS Stone & Cabinets	2020 Valley View Ln		Farmers Branch
1	Third Coast Bank, SSB	20202 Hwy 59 N	Suite 190	Humble
1	Third Coast Bank	20202 Hwy 59N	Suite 190	Humble
1	JFE FRANCHISING INC	2021 BINGLE RD		Houston
1	Accelerated Engineering	2021 Guadalupe St,	Suite 260	Austin
1	Veyor Digital Corp	2021 Guadalupe St.	Suite 260	Austin
1	Gamut Source LLC	2021 Guadalupe Street   Texas	Suite 260,	Austin
1	SAHAJ SOFTWARE INC	2021 Guadalupe Street Dobie Center	Suite 260	Austin
1	Zenind Inc	2021 Guadalupe Street, Suite 260		Austin
1	G3 Soft Inc	2021 Lakeside Pkwy	Suite 100	Flower Mound
1	Ashford Hall Inc	2021 Shoaf Drive		Irving
1	METAPRO USA LLC	2022 W Northwest Hwy	SUITE 100	Grapevine
1	Golden Jawsii LLC	20220 Bellaire Blvd		Richmond
1	Genesis Womens Shelter and Support	2023 Lucas Dr.		Dallas
1	LZ Organics LLC	2024 Belle Avenue		Fort Worth
1	Thomas and Lewin Associates Inc	2025 Avenue G		Rosenberg
1	EngFlow Inc	2025 Guadalupe St.	Suite 260	Austin
1	Tidel Engineering L.P.	2025 W. Belt Line Road	Suite 114	Carrollton
1	Assure Rx Pharmacy LLC	2026 Babcock Road	Suite 104	San Antonio
1	Rocket Dollar Inc	2028 E Ben White Blvd., Ste. 240-4010		Austin
1	Diona US Inc	2028 E. Ben White Blvd.	Suite 500	Austin
1	HUGH M. CUNNINGHAM INC	2029 WESTGATE DRIVE	SUITE 120	CARROLLTON
1	Overland Partners Inc	203 E Jones Ave	Suite 104	San Antonio
1	Steves and Sons Inc	203 Humble Avenue		San Antonio
1	Comfort Dentistry, PLLC	203 N Loop 1604 W	Suite 101	San Antonio
1	RRC Scada Solutions LLC	20308 Frankie Lane		Pflugerville
1	RANCS TECHNOLOGIES LLC	2032 Juniper Ridge Rd		Cedar Hill
1	New DWD International LLC	2033 Johanna Drive		Houston
1	Innovaly Corp	2033 W MCDERMOTT DR	STE 320	ALLEN
1	FLOWCHEM LLC	20333 BLINKA ROAD		WALLER
1	Network Republic Inc	2035 Farrington Street		Dallas
1	KANSHE INFOTECH INC	2039 N Mason	Suite 604	Katy
1	MindCoord Inc	204 Debbie Ann Dr.		Leander
1	Community Action Corporation of South Texas	204 E. First St.		Alice
1	GREEN TECH LLC	204 Nusho Pl	Mckinney	Mckinney
1	SW Utility Billing LLC	20405 State Highway 249	Suite 140	Houston
1	RPS Group Inc	20405 Tomball  Parkway	Suite 200	Houston
1	RPS Infrastructure Inc	20405 Tomball Parkway	Suite 200	Houston
1	GST America Inc	20412 Keilman Ln.		Pflugerville
1	Techwhiz Solutions LLC	2043 Empire Central Dr.	Ste. 116	Dallas
1	WILLIAMS & DAVIS BOILERS	2044 INTERSTATE 45 SOUTH		Hutchins
1	Independence Contract Drilling Inc	20475 S.H. 249	Suite 300	Houston
1	Southwest Engineers Inc	205 Cimarron Park Loop		Buda
1	uShip Inc	205 E Riverside Drive		Austin
1	LONE STAR CIRCLE OF CARE	205 EAST UNIVERSITY AVENUE	SUITE 200	GEORGETOWN
1	IE US Operations Inc	205 North Main		Childress
1	Stray Vista Holdings LLC	205 Real Quiet Cove		Austin
1	Televerse Inc	2050 Double Creek Drive	Suite 110	Round Rock
1	Wunderman Thompson LLC	2050 N Greenville Avenue		Richardson
1	Diverse Marketing Enterprises, LTD	2050 N. Stemmons Frwy	Unit 191	Dallas
1	Dragados USA Inc	2050 W. Sam Houston Parkway S	Suite 1100	Houston
1	SATELLITE CHEMICAL USA CORP	2050 W. SAM HOUSTON PARKWAY SOUTH	STE 1050	Houston
1	RIL USA Inc	2050 W. Sam Houston Pkwy S.	Suite 1400	Houston
1	Chiyoda International Corporation	2050 West Sam Houston Pkwy South	Suite 850	Houston
1	TNTX LLC	2051 Hughes Road		Grapevine
1	BombShelter Diesel Supply LLC	2055 Discovery Hills Park Way		Brookshire
1	Laboratory Tops Inc	206 ALLISON RD		Taylor
1	SONARSOURCE US Inc	206 E 9th St	Suite 1800	Austin
1	VML MAP US Inc (formerly Wunderman Thompson MAP US Inc)	206 E. 9th Street	Floor 16	Austin
1	Munsch Monopoly, L.L.C.	206 E. Trinity St.		Victoria
1	VML Map US Inc	206 E.9th Street	Floor 16	Austin
1	Familia Dental Amarillo PLLC	206 NE 7th Avenue		Amarillo
1	Hejl Lee & Associates Inc	206 Taylor Street		Hutto
1	Two Hearts Home Health LLC	206 W 10 St		Odessa
1	Minicircle Inc	206 Wild Basin Rd	Suite 105	Austin
1	Mammoth Freighters LLC	2060 Eagle Parkway		Fort Worth
1	Zhongs Accounting & Tax Services LLC	2060 N Collins Blvd	Ste 118	Richardson
1	Bosco Tools Inc	2060 N. Collins Blvd	Unit 118	Richardson
1	BGS Transport LLC	20607 N Blue Hyacinth Dr		Cypress
1	AP SMART LOGISTIC LLC	20627 PATRIOT PARK LANE		KATY
1	SRR Group 2 LLC	2069 FM 2498		Crockett
1	IQumulus LLC	207 Phlox Dr		Austin
1	Royal Markets Inc	207 San Jacinto Blvd		Austin
1	Texas Treasury Safekeeping Trust Company	208 East 10th Street	4th Floor	Austin
1	Quantum Fulfillment and Support LLC	208 Old 71		Cedar Creek
1	AT&T Cyber Services LLC	208 S AKARD STREET	Room 1450	Dallas
1	PNPLine Inc	20807 Clay Center Drive		Katy
1	Dobot USA LLC	2081 Hutton Dr	STE 107	Carrollton
1	Texas Sterling Construction Co.	20810 Fernbush Lane		Houston
1	IHeartMedia Management Services Inc	20880 Stone Oak Parkway		San Antonio
1	TEAHOUSE BEVERAGE INC	2089 WESTHEIMER ROAD		HOUSTON
1	Seminole Hospital District	209  NW 8th Street		Seminole
1	Particle41 LLC	209 Driscoll Lane		Frisco
1	VALENTINE INDEPENDENT SCHOOL DISTRICT	209 E. Kentucky Ave		Valentine
1	Waco Bottling LLC	209 Otis Drive		Woodway
1	RobustWare Inc	209 State Highway 121 bypass, Suite  11		Lewisville
1	ENABLED ANALYTICS INC	209 State Hwy 121 BYP  36	Suite C	Lewisville
1	Sage Music LLC	209 W Poplar St		San Antonio
1	Pro-Lab Incorporated	21 Cypress Blvd	Ste 1155	Round Rock
1	ClearCorrect Operating LLC	21 Cypress Boulevard	Suite 1010	Round Rock
1	Pawsh Inc	21 Drifting Wind Run		The Hills
1	Hand Center, PA	21 Spurs Lane, Suite 248		San Antonio
1	Idealagi LLC	21 Waterway Ave	Suite 300	The Woodlands
1	Karros Technologies LLC	210 Barton Springs Road	Ste. 410	Austin
1	Rugged Robotics Inc	210 E. 13th Street		Houston
1	Windwalk Games Corp	210 Lavaca St	Unit 2304	Austin
1	Starco Oil Company Inc	210 State Hwy 87 S		Newton
1	The University of Texas/Texas A&M Investment Management Company	210 W 7th St.	Suite 1700	Austin
1	The University of Texas System	210 W. 7th St.		Austin
1	iGavel Inc	210 W. Mill St		New Braunfels
1	Dumas Dental PLLC	2100 Dumas Ave	Ste 112	Dumas
1	Architectural Fabrication Inc	2100 E Richmond Avenue		Fort Worth
1	HARMONY SCHOOL OF EXCELLENCE-AUSTIN	2100 E ST ELMO RD		AUSTIN
1	Bryan Kidney Center PLLC	2100 E Villa Maria Rd		Bryan
1	Schreiner University	2100 Memorial Blvd		Kerrville
1	Epiroc Drilling Solutions LLC	2100 N 1st Street		Garland
1	Wharton Independent School District	2100 N Fulton  St		Wharton
1	Macrotech Corporation	2100 N.HWY 360	Suite 1002-1003	Grand Prairie
1	AMERICAN POLYMERS CORP.	2100 RELIANCE PARKWAY		BEDFORD
1	Muzak LLC	2100 S IH 35	Suite 200	Austin
1	LeTourneau University	2100 South Mobberly Avenue		Longview
1	TECHEMPO INC	2100 Valley View Lane	Suite 350	Farmers Branch
1	Virtual Solutions Technologies INC	2100 W Loop S STE 900	Office Number 807	Houston
1	JAB RECRUITMENT LLC	2100 WEST LOOP S	SUITE 900	HOUSTON
1	TRIBUTE ENERGY INC	2100 WEST LOOP SOUTH, SUITE 1500		HOUSTON
1	Houston Enterprise LLC	2100 West Loop St 1115		Houston
1	ALTAMESA DENTAL HOME PLLC	2101 Altamesa Blvd	103	Fort Worth
1	Swift IT Solutions	2101 City West Blvd	Ste. 100	Houston
1	Wistron GreenTech (Texas) Corporation	2101 Couch Drive		McKinney
1	Headwall Investments LLC	2101 McCullough Ave		San Antonio
1	AM Distributing LLC	2101 Midway Rd, Ste120		Carrollton
1	Hyperscayle LLC	2101 Montopolis Drive	Ste 1	Austin
1	Austin Business Finance LLC	2101 S IH 35 Southgate Building	Suite 400	Austin
1	Buffalo Bayou Brewing Company	2101 Summer Street		Houston
1	SWEET BAY HEALTHCARE LLC	2101 W NORTHGATE DRIVE		IRVING
1	Exeter Finance LLC	2101 W. John Carpenter Fwy.		Irving
1	Innovative Electronics Corporation	2101 West Pike Street		Houston
1	Milbern Ray & Company LLP	2102 E State Hwy 114	Suite 200	SOUTHLAKE
1	BMC HELIX INC	2103 City West Blvd.		Houston
1	Arena Offshore, LP	2103 Research Forest Drive	STE 400	The Woodlands
1	ForteWiz Systems LLC	21040 Highland Knolls Dr	STE 200-421	Katy
1	SCHOOL OF SCIENCE AND TECHNOLOGY - SPRING	2105 Louetta Road		SPRING
1	Infrared Cameras Inc	2105 West Cardinal Drive		Beaumont
1	PPL Holdings (USA) LLC	2106 E. State Highway 114	Suite 103	Southlake
1	Oilfield Data Services Inc	2107 Brun St		Houston
1	VALLOUREC USA CORPORATION	2107 CITYWEST BLVD.	SUITE 1300	HOUSTON
1	Equinor US Operations LLC	2107 CityWest Boulevard		Houston
1	Lummus Technology LLC	2107 Research Forest Drive		The Woodlands
1	Hensley Industries Inc	2108 Joe Field Rd		Dallas
1	Aptus Heath Care P.L.L.C.	2108 S M Street	STE 6	McAllen
1	Bliss Home Healthcare Inc	2108 W. Pioneer Pkwy.		Pantego
1	INDUKURI INFORMATION SERVICES INC	2109 Oudry Dr		Little Elm
1	ON CALL PHYSICAL THERAPY AND WELLNESS LLC	2109 W. PARKER ROAD	STE 208	PLANO
1	Dealerware LLC	211 E. 7th Street	Suite 1000	Austin
1	Foundation Automotive US Corp.	211 Highland Cross Drive	Suite 260	Houston
1	Script Shoppe Inc	211 Moody St		MASON
1	Freyr Pharmacy LLC	211 Moody St, Mason, TX 76856		MASON
1	FATHOMD INC	211 N ERVAY STREET	FL 18	DALLAS
1	EMETRIC LLC	211 N Loop 1604 East	Suite 170	SAN ANTONIO
1	PLACE designers Inc	211 S. Brown Street	Ste. 300	Round Rock
1	UA CONNECTED FITNESS INC	211 WALTER SEAHOLM DRIVE	SUITE 200	AUSTIN
1	METAFORGE IT SOLUTIONS	2110 Boca Raton Dr	STE A205	Austin
1	Montemayor Britton Bender PC	2110 Boca Raton Dr.	Building B, Suite 102	Austin
1	Laredo Autistic and Kids Rehabilitation Center LLC	2110 Lomas Del Sur Boulevard	114	Laredo
1	Tiemann Land and Cattle LLC	21100 Carries Ranch Road		Pflugerville
1	Perpetual Systems Inc	2111 Highgrove Ter		Austin
1	OME Holding Co.	2111 Kramer Lane	Ste. 100	Austin
1	Karki LLC	2113 E US Hwy		Granbury
1	Mizkif Enterprises LLC	2113 Normandy View		Leander
1	Happy Global Solution Co., Ltd.	2113 Wells Branch Pkwy	Suite 6500	Austin
1	Buzzballz LLC	2114 McDaniel Drive		Carrollton
1	Marek Shared Services LLC	2115 Judiway Street		Houston
1	IDEA Public Schools	2115 W. Pike Blvd.		Weslaco
1	BILCO CORPORATION	2116 N. LANCASTER-HUTCHINS ROAD		LANCASTER
1	Origin Consulting LLC	21175 Tomball Parkway	Suite 127	Houston
1	Wellness & Care Group of Texas	21175 Tomball Parkway  504		Houston
1	Wellness & Care Group Of Texas Inc	21175 Tomball Pkwy	504	Houston
1	Orayaah Consulting LLC	2118 Thicket Ridge Ln.		Houston
1	Admin Awards LLC	2118 Wall Street	Suite 800	Garland
1	Optimized Gas Treating Inc	212 Cimarron Park Loop		Buda
1	Rhodes USA LLC	212 Davis Drive		Lubbock
1	Dynamics Scientific Production Center USA Inc	212 E Cowan Drive		Houston
1	Sincoheren Inc	212 N College Avenue		Cleveland
1	Vofox Solutions Inc	2121 Airport Freeway	Suite 390	Irving
1	NEW HORIZON TECHNOLOGY INC	2121 BENJAMIN CREEK DRIVE		LITTLE ELM
1	Cavey Dale Group Inc	2121 E. 6th Street	Suite 202	Austin
1	OTEK GROUP INC	2121 FM 359 SOUTH		Brookshire
1	MA PARTNERS LLC	2121 MIDWAY ROAD	SUITE 240	CARROLLTON
1	TYMLEZ USA Inc	2121 N Pearl St	Ste. 300	Dallas
1	Ehvert Inc	2121 N. Lamar Street	Suite 230	Dallas
1	Caldwell Cassady Curry PC	2121 North Pearl Street	Suite 1200	Dallas
1	Aurora Technical Services LLC	2121 Sage Rd	Ste 150	Houston
1	Medical Metrics Inc	2121 Sage Road	Suite 300	Houston
1	New England Software Technology Inc	2121 Spring Creek Pkwy	Suite 206	Plano
1	Mitsubishi Logisnext Americas Inc	2121 W Sam Houston Pkwy N		Houston
1	Mitsubishi Logisnext Americas (Houston) Inc	2121 W. Sam Houston Parkway N		Houston
1	Rival 4x4 USA Inc	21215 Blair Road	Building 18	Conroe
1	Sineng Electric Inc	21221 Clay Road	Building 4	Houston
1	Packer Plus Energy Services (USA) Inc	21227 Hufsmith Kohrville Road		TOMBALL
1	CYBIRIUS LLC	2124 Bordeaux DrCarrollton, TX 75007	2124 Bordeaux Dr	Carrollton
1	Outlaw Equine LLC	2124 County Road 4127		Decatur
1	Pyxis Lab Inc	21242 Spell Circle		Tomball
1	iMiDiA LLC	21251 FM-529 Rd	Ste. B	Cypress
1	AFV Partners LLC	2126 Hamilton Drive	Suite 260	Argyle
1	DMHC LLC	213 Meyer St.		Taft
1	Infinite Ranges Inc	213 Simmons Dr		Cedar Park
1	R4B InfoTech LLC	213 W Southmore Ave	Suite 310A	Pasadena
1	A & R All Gods Children LLC	2130 Barton Woods Blvd		Conroe
1	SpyCloud Inc	2130 S. Congress Avenue		Austin
1	Resilience Texas LLC	2130 W Holcombe Blvd	8th Floor	Houston
1	Contempo Builder LLC	21302 Provincial Blvd.	Ste. A	Katy
1	LEEGISTICS LLC	21316 PROVINCIAL BLVD		KATY
1	Nexxverse LLC	2132 Hondo Ave		Dallas
1	KVISTA LLC	2133 Cavara Cove		Leander
1	MineARC Systems America LLC	2135 Industrial St.		Lancaster
1	GV FACADES LLC	2135 STATE HIGHWAY 6 SOUTH		HOUSTON
1	Brazos Valley Stallion Station, LP	21351 N US Hwy 377		Stephenville
1	Blossend Inc	214 Barton Springs Road	Apt. 1420	Austin
1	MaxDecisions LLC	2140 Lake Park Boulevard	Suite 107	Richardson
1	DIDIER ENERGY CONSULTING LLC	21408 Lambeth Ridge Ln		KINGWOOD
1	Ouros Jewels LLC	2141 BEL PAESE BND		Leander
1	Cloudtree Consulting LLC	2141 Nocona Drive		Prosper
1	Zelantetech LLC	21422 Provincial Blvd		katy
1	Technology Hub Inc	21495 Ridgetop Circle	Unit 308	Sterling
1	JACK COUNTY HOSPITAL DISTRICT	215 CHISHOLM TRAIL		JACKSBORO
1	M. Reza Mizani, M.D., P.A	215 N. SAN SABA	Suite 301	San Antonio
1	AGL IT SOLUTIONS LLC	2150 South Central Expwy	Suite-200-273	Mckinney
1	Labs 196 Innovations LLC	2150 Town Sqaure Place	Suite 200	Sugar Land
1	LABS196 Innovations LLC	2150 Town Square Pl	200	Sugar Land
1	RX4 Health Inc	2150 Townsquare Place	Suite 200	Sugar Land
1	Flying Bull Internet LLC	2150 W Northwest Hwy.	Ste. 114	Grapevine
1	Flex-N-Gate Texas LLC	2150 W. Bardin Road		Grand Prairie
1	Asuragen Inc	2150 Woodward Street	Suite 100	Austin
1	E.J REYNOLDS COMPANY	2151 CLIFFORD ST		ALVIN
1	E.J. Reynolds Company	2151 Clifford Street		Alvin
1	Stearns Construction Inc	2151 HARVEY MITCHELL PKWY S	STE 219	College Station
1	TEXAS LIMESTONE LLC	2160 FM 2843	P.O. BOX 274	FLORENCE
1	Pulman, Cappuccio & Pullen, LLP	2161 NW Military Hwy	Suite 400	San Antonio
1	American Beauty Supply LLC	21629 Crestbrook Cove Dr		Katy
1	ADROIT AFFINE LLC	21640 N 19TH AVENUE	SUITE C4	PHOENIX
1	On Computer Services LLC	217  Metro Dr.		Terrell
1	Con-Real Support Group LLC	2170 E Lamar Blvd		Arlington
1	Voyagers Transport LLC	2170 Shannon Ct		Prosper
1	GENOTOX LABORATORIES, LTD	2170 Woodward St Ste 100		AUSTIN
1	Academy property management llc	21734 provincia blvd	240N	katy
1	Fairdale realty llc	21734 provincial blvd	240k	katy
1	FullStack Labs Inc	21750 Hardy Oak Blvd Ste 104	PMB 21582	San Antonio
1	Unit 410 LLC	21750 Hardy Oak Blvd., Ste 104	Suite 66067	San Antonio
1	Sky Brand Wood Products Inc	21777 Merchants Way	Suite 330	Katy
1	SMOKERZ PARADIZE INC	218 E. RHAPSODY DR.		SAN ANTONIO
1	Dutton, Harris & Company CPAs PLLC	218 West Illinois Ave	Suite 100	Midland
1	Golden Spring and Rose PLLC	21815 Oak Park Trails Dr	Suite 9	Katy
1	Houston Radiology Associated	2190 N. Loop West	Suite 250	Houston
1	Sales USA Inc	2198 Jahan Trail		Longview
1	Satori Labs Inc	22 Coronal Way		Sugar Land
1	X llc	220 cove dr	Coppell	Coppell
1	Resolute Investment Services Inc	220 E. Las Colinas Blvd	Suite 1200	Irving
1	Apptricity Corporation	220 E. Las Colinas Blvd.	Suite 400	Irving
1	Variant Surfaces LLC	2200 Alberta Dr	SUITE 100	Dallas
1	Texas Mutual Insurance Company	2200 Aldrich Street		Austin
1	Dialexa LLC	2200 Commerce Street		Dallas
1	ReserveSource Inc	2200 FM 1192		Pilot Point
1	Han-Boone International Inc	2200 Gravel Drive	N/A	Fort Worth
1	HARDIN - SIMMONS UNIVERSITY	2200 HICKORY	HSU BOX 1603	ABILENE
1	Amynta Agency Inc	2200 Highway 121, Suite 100		Bedford
1	BL Dental & Orthodontics	2200 Los Rios Blvd		Plano
1	Federal Reserve Bank of Dallas	2200 N. Pearl Street		Dallas
1	DAWSON COUNTY HOSPITAL DISTRICT	2200 NORTH BRYAN AVENUE		LAMESA
1	Patrick OConnor & Associates, LP	2200 North Loop W	Suite 200	Houston
1	PROPERTY ANALYTIX LLC	2200 NORTH LOOP WEST	SUITE 230	HOUSTON
1	EFESO Management Consultants	2200 Post Oak Boulevard	10th Floor	Houston
1	MDow Insurance Co.	2200 W Alabama St.	Suite 210	Houston
1	THRYV INC	2200 W. AIRFIELD DR.		D/FW Airport
1	TENARIS COILED TUBES LLC	2200 WEST LOOP	SUITE 800	HOUSTON
1	Celebal Technologies Americas Inc	22003 Oakcreek Hollow Lane		Katy
1	Enseo Inc	2201 10th Street		Plano
1	KP Infosystems Inc	2201 Double Creek Drive	Suite 2004	Round Rock
1	ECM Development LLC	2201 E Lamar Blvd.	Suite 290	Arlington
1	Priority Power Management LLC	2201 E. Lamar Blvd.	Ste. 275	Arlington
1	Electromedical Products International Inc	2201 Garrett Morris Pkwy		Mineral Wells
1	RTR Group Inc	2201 N Collins St	STE 220	Arlington
1	Claros Solutions LLC	2201 Royal Lane, Ste 220		Irving
1	Metroplex Adventist Hospital Inc	2201 S Clear Creek Rd		Killeen
1	Amarillo Junior College District	2201 S. Washington St.		Amarillo
1	CY9 LLC	2201 Spinks Rd Suite	STE 228	Flower Mound,
1	RIVERLINE TAX SOLUTIONS LLC	2201 Spinks Rd, Suite 227		Flower Mound
1	Aresvi Inc	2201 Spinks Road, Suite 216		Flower Mound
1	Apptivo Inc	2201 Sprinks Rd	Ste 310	Flower  Mound
1	Safran USA Inc	2201 W. Royal Lane	Suite 150	Irving
1	MANTRA TELECOM INC	2201 W. ROYAL LANE, SUITE 220		IRVING
1	Caribe Tankers Inc	2202 West Alabama Street	Suite B	Houston
1	Texas Specialty Physicians	2203 West Lampasas Street		Ennis
1	ZignEx Inc	2204 Timberloch place	suite 265	The Woodlands
1	AAKHIRAH INVESTMENTS LLC	2204 West Walnut Hill Lane		Irving
1	NeuroX1 Inc	2205 N. Lamar Blvd.	Unit 223	Austin
1	Ruchi Gupta CPA LLC	2205 Roadrunner dr		Flower Mound
1	Appizion Consulting & Solutions Inc	2205 RUBY RD		IRVING
1	David Heymann Architect	2206 Matthews Drive		Austin
1	Affordable Dentures & Implants - Texas IV PLLC	2207 SOUTH WESTERN STREET	SUITE 40	AMARILLO
1	MKM Hospitality Management LLC	2207 W Parmer Lane		Austin
1	Pecos Inn LLC	2207 West 3rd Street		Pecos
1	EVERYTHING BREAKS INC	2208 HIGHWAY 121, SUITE   205		BEDFORD
1	HiddenLayer Inc	2209 Lookout Knoll Dr.		Leander
1	Cubico USA LLC	221 W 6th Street	Suite 1050	Austin
1	Stone Oak Chiropractic & Wellness LLC	22100 Bulverde Rd	Ste 110	San Antonio
1	OrderMyGear LLC	2211 Commerce Street	Suite 300	Dallas
1	Kalsec Southwest LLC	2211 FM 1757		Denver City
1	GSI Environmental Inc	2211 Norfolk	Suite 1000	Houston
1	General Index LLC	2211 Norfolk St	Suite 1030	Houston
1	DDS Profits LLC	2211 NW Military HWY	Suite 127B	San Antonio
1	Simsan Global Solutions	2212  Sullenberger Way		Flower Mound
1	AMFG Corp	2213 Quarry Loop		Leander
1	AM TECHNICAL SOLUTIONS INC	2213 RR 620 NORTH	SUITE 105	AUSTIN
1	Waller Independent School District	2214 Waller Street		Waller
1	ROKA Sports Inc	2214-A W Braker Ln.		Austin
1	Texco International LLC	2217 Executive Drive		Garland
1	Beatior INC	2217 Seabiscuit Cv	Unit 107	Spicewood
1	Jarvantech Inc	2219 Sawdust Rd	Suite 401	The Woodlands
1	OUTLAY GLOBAL LLC	222 EASTLAS COLLINAS BLVD	SUITE 1650 E	IRVING
1	Maxitransfers LLC	222 LAS COLINAS BLVD W	STE 2000	Irving
1	International Assembly LLC	222 N. Expressway 77	Suite 206	Brownsville
1	Ikon IT Solutions Inc	222 W Colinas Blvd	Suite 1650	Irving
1	Celanese Polymer Products LLC	222 W. Las Colinas Blvd. Suite 900		Irving
1	Worldwide Flight Services Inc	222 West Las Colinas Blvd.	Suite 1800N	Irving
1	Renewable Diesel Micro Refinery LLC	2220 Bush Drive		McKinney
1	AN Texas Region Management, Ltd.	2220 Chemsearch Blvd.		Irving
1	Atlantic Mckinney Hotel Venture LLC	2220 Marsh Lane	Ste 109	Carrollton
1	Galt Medical Corporation	2220 Merritt Drive	Suite 100	Garland
1	AEQUS AERO MACHINE	2220 W PARK STREET		PARIS
1	I DREAM SYSTEMS INC	22206 HIGHLAND KNOLLS DR	SUITE 101	KATY
1	Nakflixx Logistics LLC	22208 Red Knot  Run		Splendora
1	KS DENTAL SOLUTIONS PLLC	2221 DOVE HAVEN LANE	NA	LEAGUE CITY
1	Olam Agri Americas Inc	2221 Lakeside Boulevard	Suite 1050	Richardson
1	RS IT Consulting LLC	22218 Weller Oaks Drive		Spring
1	VNS InfoSystems Inc	2222  W Spring Creek Pkwy	Suite 205	Plano
1	True Care Physical Therapy PLLC	2222 Airline Road, Suite A9		Corpus Christi
1	Ingenia Polymers Inc	2222 Appelt Drive		Houston
1	Silicon Software Technologies Inc	2222 W Spring Creek Pkway	Suite 206	Plano
1	Stellar GIS Corp	2222 W. Spring Creek  Pkwy	Suite 202	Plano
1	Texas Scottish Rite Hospital for Children	2222 Welborn Street		Dallas
1	ZUVEN TECHNOLOGIES INC	2222 WEST SPRING CREEK PKWY	SUITE 102	PLANO
1	Spring Architects Inc	2222 Western Trails Blvd	Ste 310	Austin
1	Varant INC	2223 Longview Rd		Irving
1	SFP HYDRAULICS INC	22240 MERCHANTS WAY	SUITE 100	KATY
1	PDMS Design Group Inc	2225 E. Randol Mill Road	Suite 300	Arlington
1	Tutugether Dallas LLC	2225 Old Denton Rd	STE 120	Carrollton
1	BB Energy USA LLC	2229 San Felipe St.	Suite 1075	Houston
1	Horizon Millwork Solutions Inc	2230 Lyndon B Johnson Freeway	Suite 400	Dallas
1	Mount Pleasant Independent School District	2230 North Edwards		Mount Pleasant
1	CYTE LLC	2231 FALCON BROOK DR		KATY
1	Velentium LLC	22316 Grand Corner Drive	Suite 150	Katy
1	ONEPRO LABS LLC	2233 AVENUE J	SUITE 103	ARLINGTON
1	Moore County Hospital District	224 E. 2nd St.		Dumas
1	Fort Construction LP	224 E. Vickery Blvd		Fort Worth
1	ONCARE DIGITAL ASSETS INC	224 W Campbell Rd	Ste 452	Richardson
1	Wallbox USA Inc	2240 Forum Drive		Arlington
1	HARMONY SCIENCE ACADEMY-KATY	22400 GRAND CORNER DR		KATY
1	Visual Comfort & Co.	22400 Northwest Lake Drive		Houston
1	STVT-AAI Education Inc	2241 S Watson Rd	Suite 181	Arlington
1	Citronix Inc	2241 S. Watson Road	Suite 111	Arlington
1	COSMOS GRANITE DALLAS LLC	2244 Luna Rd	Ste 100	Carrollton
1	Welltec Inc	22440 Merchants Way		Katy
1	CyberSolve IT Inc	2245 Keller Way	Suite 300	Carrollton
1	TechAm Inc	2245 Keller Way Suite   360		Carrollton
1	TRANSCEND GLOBAL CAPITAL LLC	2245 TEXAS DR	STE 300	SUGAR LAND
1	Biz-Metric Partners Inc	2245 Texas Dr.	Suite 300	Sugar Land
1	Amity Rehab Services LLC	2245 Texas Drive, Suite 300		Sugar Land
1	VOLCANO WEB SOLUTIONS LLC	2246 ROCOSO TRAIL		LEANDER
1	OrthoLoneStar	22485 TOMBALL PARKWAY	SUITE 2100	HOUSTON
1	Cysiv Inc	225 E John Carpenter Freeway	Suite 450	Irving
1	TXOne Networks USA Inc	225 E John Carpenter Fwy	Suite 450	Irving
1	Young Presidents Organization Inc	225 East John Carpenter Freeway	Suite 500	Irving
1	God Did It Enterprises	225 Pennbright Dr.		Houston
1	Conation Technologies LLC	225 S Common Ford Rd	Suite 124	Austin
1	Sunko Solutions LLC	225 W Hickory	STE 124	Denton
1	HARMONY SCHOOL OF INNOVATION-GARLAND	2250 FIREWHEEL PKWY.		GARLAND
1	J&K Cabinetry Inc	2250 Lyndon B. Johnson Freeway, Suite 100		Dallas
1	Elements International Group LLC	2250 Skyline Road		Mesquite
1	Teleplan Services Texas Inc	2250 William D Tate Avenue		Grapevine
1	Teleplan Texas Services Inc	2250 William D. Tate Avenue		Grapevine
1	Hans Laser Smart Equipment Group North America Corporation	2251 Chenault Drive		Carrollton
1	EverExpanse LLC	2251 Double Creek Dr.	Suite 3001	Round Rock
1	PPA INTERNATIONAL CORPORATION	22525 Hufsmith Kohrville Road	Building 2, STE 2D	TOMBALL
1	AMERICA GOLDEN JUBILEE LLC	2255 WILLIAMS TRACE BLVD.		SUGAR LAND
1	Haley-Greer Inc	2257-C Lombardy Lane		Dallas
1	Inguran LLC	22575 State Highway 6 South		Navasota
1	SPROULE MANUFACTURING INC	2260 APPELT DR		HOUSTON
1	Admirable Technologies LLC	2261 Gattis school Rd unit 205		Round Rock
1	CYMANSYS SOUTIONS LLC	2261 GATTIS SCHOOL ROAD	SUITE 235	ROUND ROCK
1	Coherent Tech Inc	2261 Gattis School Road,	Suite 110,	Round Rock
1	Micelle Laboratories Inc	2261 Morgan Parkway, Suite 120		Farmers Branch
1	Vanity Art LLC	2261 Morgan PKWY		Dallas
1	KING FUELS INC	22619 ALDINE WESTFIELD ROAD	SUITE 5	SPRING
1	Ideal Dental of Rockwall, PLLC	2268 Lakeshore Dr	Suite 104	Rockwall
1	Digital Information Security Solutions LLC	227 North Loop 1604 E		San Antonio
1	Versa Shore Inc	2270 Main St	Suite 143	Frisco
1	Texas Central RX LLC	2270 Springlake Rd	Suite 800	Farmers Branch
1	Jet Couriers Corporation	2274 Rockbrook Drive		Lewisville
1	RECARO AIRCRAFT SEATING AMERICAS LLC	2275 EAGLE PARKWAY		FORT WORTH
1	WESTERN CONTAINER CORPORATION	2277 PLAZA DR	SUITE 270	SUGAR LAND
1	ExxonMobil Sales and Supply LLC	22777 SPRINGWOODS VILLAGE PKWY		SPRING
1	Wiradjuri Miyagan Trading Company LLC	228 Spence Lane		Liberty Hill
1	Government Employees Insurance Company (GEICO)	2280 N. Greenville Avenue		Richardson
1	EPI Valves Texas LLC	22806 Commercial Lane		Tomball
1	Kunik Health, PA	2281 Olympia Drive	Suite 100	Flower Mound
1	Manvi Tech LLC	22820 Interstate 45	Suite 7A	Spring
1	Community Health Centers of South Central Texas Inc	229 St. George Street		Gonzales
1	Grand Rig International Inc	2299 Lone Star Dr.	Suite 416	Sugar Land
1	Universe Partners Ltd.	23 S. Gary Glen Circle		The Woodlands
1	PHP INS TX PLLC	230 OConnor Ridge Blvd	Ste. 110	Irving
1	B & B Maids Cleaning Services Inc	230 W. Main St.		Lewisville
1	County of Collin	2300 Bloomdale Road	Suite 4117	McKinney
1	DOSKOCIL MANUFACTURING COMPANY INC	2300 E. Randol Mill Road		ARLINGTON
1	Atlas Copco Rental LLC	2300 East 13th Street		Deer Park
1	Doskocil Manufacturing LLC	2300 East Randol Mill Road		Arlington
1	Neubus Inc	2300 Greenhill Drive	Building 9, Suite 900	Round Rock
1	Jack Finney Healthcare Inc	2300 Jack Finney Blvd.		Greenville
1	James Construction Group LLC	2300 N Field St	Suite 1900	Dallas
1	Primoris Services Corporation	2300 N. Field Street	Ste. 1900	Dallas
1	Oracle America Inc	2300 Oracle Way		Austin
1	Otis Technology LLC	2300 Valley view Lake	Suite 890	Irving
1	Amalgam Technologies Inc	2300 Valley View Lane Suite 815		Irving
1	Nespon Inc	2300 Valley View Lane, Suite 1040		Irving
1	J&M IT Group Inc	2300 Valley View Ln Metroport Building	Suite 348	Irving
1	Trunix LLC	2300 Valley View Ln,	Suite 217	Irving
1	NORTEK CONSULTING LLC	2300 VALLEY VIEW LN.	SUITE 825	IRVING
1	Nortek Consulting INC	2300 Valleyview Lane	SUITE 825	Irving
1	Bexar County Community Health Collaborative	2300 W Commerce St	Suite 301	San Antonio
1	Gyrodata Inc	23000 Northwest Lake Drive		Houston
1	Lutron Ketra LLC	2301 E. Riverside Drive	Building B	Austin
1	All Terminal Services LLC	2301 Eagle Parkway	Suite 150	Fort Worth
1	Ascend Marketing LLC	2301 Ira E. Woods Avenue		Grapevine
1	bhd\\\\\\BHD RESTAURANT GROUP LLC	2301 N Central Expressway	Suite 195	Plano
1	X-FAB Texas Inc	2301 North University Ave		Lubbock
1	Onshore Solutions Inc	2301 Ohio Dr STE 138	One Preston Park	Plano
1	IMPACT Developers of Austin LLC	2301 W Anderson Lane	Suite 102-101	Austin
1	TINNO USA INC	2301 W Plano Pkwy	Suite 102	Plano
1	EGO DEATH CAPITAL MANAGEMENT LLC	2301 WEST ANDERSON LANE	SUITE 102-32	AUSTIN
1	Colibri Isotopes Corporation	2301C 122nd Street		Lubbock
1	Wuhoo Tropicals LLC	2302 Arapahoe Dr		Rosenberg
1	Radcom Associates LLC	2302 Guthrie Road	Suite 210	Garland
1	Kepler51 Analytics PBC	2303 Ranch Road 620 South	Suite 160-156	Austin
1	PJP Wings LLC	2303 River Lodge Ln		Sugar Land
1	ANDROMEDA 360 INC	2305 BIRCHINGTON DRIVE,		CEDAR PARK
1	CarbonBetter LLC	2305 East Cesar Chavez Street		Austin
1	Smart IT Pros Inc	2305 Ridge Road	Suite 101D	Rockwall
1	MASCOT VALVES LLC	23051 Green Oaks St.		New Caney
1	Code Red Safety & Rental LLC	2306 S. Battleground Road		LaPorte, TX
1	Crossroads Clinical Research LLC	2307 N Laurent		Victoria
1	Lively Video LLC	2309 Manor Rd		Austin
1	Pure Energy Inc	231 E. Rhapsody Dr.		San Antonio
1	ACE Dental07 PLLC	231 Enterprise	Unit 3	Hewitt
1	PGF Operating LLC	2310 N. Henderson Avenue	Suite 411	Dallas
1	Lori Caldwell Designs LLC	23103 IH10 West	Unit 109	San Antonio
1	Kaizintel LLC	2311 Cartesian St		Katy
1	EcoGold US Inc	2311 Mid Lane	1316	Houston
1	Aqore LLC	2311 Mustang Dr.	Suite 100	Grapevine
1	ONE GROUP DESIGN, LP	2311 TEXAS DR	Suite 105	Irving
1	EM METRO CO. LTD	23119 Colonial PKWY	Ste A15	Katy
1	DOMINION FAMILY HEALTHCARE PLLC	23119 I-10 W.	SUITE 904	SAN ANTONION
1	CCFI Companies LLC	2312 E. Trinity Mills Road	Ste 100	Carrollton
1	RGL Endeavors	2312 Fossetta View		Leander
1	Cliffside Farm LLC	2312 Rabbs Prairie Rd		La Grange
1	Octohub Technology LLC	2312 West Trials Blvd, Suite 102-B		Austin
1	QUARTET ENGINEERS CORPORATION	2313 W. SAM HOUSTON PKWY N.	SUITE 121	HOUSTON
1	Cartmell Pasternak & Associates P.C.	2314 E Hebron Parkway		Carrollton
1	Cartmell, Pasternak & Associates, P.C.	2314 East Hebron Parkway		Carrollton
1	THE UNITED STATES BUSINESS COUNCIL SUSTAINABLE DEVELOPMENT	2314 Pecan Valley Court		Missouri City
1	Wanhua Chemical (America) Co., Ltd	2319 Timberloch Pl.	Suite I	Woodlands
1	Zync Technologies LLC	2320 Dampton Drive		Plano
1	Waco Nursing and Rehab Center LLC	2320 LAKE SHORE DR		WACO
1	SSC Waco Lakeshore Village Operating Company LP	2320 Lakeshore Drive		Waco
1	Architecture Demarest LP	2320 Valdina Street	Studio B	Dallas
1	TechAI Inc	2323 S VOSS RD	STE 367	Houston
1	INTEGRATED QUANTUM PHOTONICS INC	2323 S. SHEPHERD DRIVE	SUITE 800	Houston
1	AASYMTECH Inc	2323 South Voss Rd	203N	Houston
1	IPSEITY DIAGNOSTICS LLC	2323 SOUTH VOSS ROAD	STE 240	HOUSTON
1	Frontview Provider Services Inc dba Frontview Home Healthcare	2323 W Rochelle Rd	Ste. A	Irving
1	Fargo Consultants Inc	2324 Fabens Road		Dallas
1	Sparc Plus LLC	2328 Ball St.		Galveston
1	EXCEL ESTATE LLC	233 catalina cove drive, Katy		Katy
1	Tri-County Behavioral Healthcare	233 Sgt Ed Holcomb Blvd S		Conroe
1	Wheel Health Inc	2330 South Lamar Blvd		Austin
1	Absolute Therapy & Staffing LLC	23307 Parkway Lakes Lane		Richmond
1	Phillips 66 Company	2331 City West Blvd.		Houston
1	IT PREMIA GROUP INC	2331 Mustang Drive	Suite 400	Grapevine
1	Schulze Container NO 2 L.P.	2331 Randon Dyer Rd		Rosenberg
1	STELMITH LLC	2333 Aberdeen Pl		Carrollton
1	Platinum Stevedoring Inc	2333 Clinton Drive		Galena Park
1	PEAK TIME INVESTMENTS INC	2333 Joe Field Rd		Dallas
1	ADPOP INC	2334 SPRINGLAKE RD		FARMERS BRANCH
1	AgileIT Inc	2340 E Trinity Mills Road	Suite 300	Carrollton
1	OBrien Engineering Inc	2340 East Trinity Mills, Road, Suite 220		Carrollton
1	Spectrum Environmental Solutions LLC	2340 W Baker Lane	Suite A	Austin
1	GrtLabs Inc	23402 Verita Ct		Richmond
1	Chenab Technologies LLC	23407 Amoroso St		Richmond
1	BRAAM PLLC	23410 GRAND RESERVE DR	STE 503	Katy
1	Nitro Logistics Inc	23414 Woodlawn Rdg		San Antonio
1	SPLENDORA INDEPENDENT SCHOOL DISTRICT	23419 FM 2090		SPLENDORA
1	Project NIA Inc	2345 Bering Dr.	426	Houston
1	Techspheresolutions LLC	2348 Boatman Dr		Little Elm
1	Reeves County Hospital District	2349 Medical Dr.		Pecos
1	Ken Technologies Inc	235 NE Loop 820	Suite 206	Hurst
1	Exfluor Research Corporation	2350 Double Creek Drive		Round Rock
1	Bridgefarmer & Associates Inc	2350 Valley View Lane, Suite 600		Dallas
1	SLB Capturi USA LLC	23500  Colonial Parkway		Katy
1	Cameron International Coorperation	23500 Colonial Parkway		Katy
1	Zioqu Incorporation	2351 W Northwest Hwy,	Suite 2235	Dallas
1	Zioqu Inc	2351 W Northwest Hwy.	Suite 2235	Dallas
1	SAVANTIS INTELLI SOLUTIONS INC	2351 W. NORTHWEST HWY.	SUITE 3302	DALLAS
1	Mandate Health Services LLC	2351 W. Northwest Hwy. Suite 1306		Dallas
1	DK MEDIA GROUP INC	2356 GLENDA LANE		DALLAS
1	ARMOR DEFENSE INC	2360 Campbell Creek Boulevard	SUITE 525	RICHARDSON
1	Natgasoline LLC	2366 Sulphur Plant Rd		Beaumont
1	Jackson and Ryan Architects Inc	2370 Rice Blvd.	Suite 210	Houston
1	JACKSON & RYAN ARCHITECTS INC	2370 RICE BOULEVARD	SUITE 210	HOUSTON
1	GEORGES THERAPY TEAM LLC	2370 S. DAIRY ASHFORD ROAD		HOUSTON
1	NOVA US GROUP LLC	2371 W Northwest Hwy Suite 108-5		Dallas
1	M6 Inspired LLC	2379 GUS THOMASSON RD	STE 200	Mesquite
1	Redland Construction LLC	23918 Sunset Peak		San Antonio
1	Palacios Marine and Industrial Coatings Inc	2392 State Highway 35 North		Port Lavaca
1	TARA J. RIZVI MD PLLC	23920 KATY FREEWAY	SUITE 440	KATY
1	T-Rex Management Inc	23938 FM 1485 Road		New Caney
1	Hunan Garden Baobei Inc	23940 Highway 59N		Kingwood
1	Lubbock Lighthouse	24 Briercroft Office Park		Lubbock
1	Chemex Global Inc	24 Waterway	Ste 900	The Woodlands
1	Quantix SCS LLC	24 Waterway Ave	Suite 450	Woodlands
1	Indorama Ventures Oxides and Glycols LLC	24 Waterways Ave	Suite 1100	The Woodlands
1	ChiroConcepts of McKinney	240 Adriatic Pkwy	Suite 200	McKinney
1	I SPARK CHANGE LLC	240 Lake Estates Dr.		Montgomery
1	Soumi Dining Inc	240 Legacy Dr Suite 100		Plano
1	LS & CX LLC	240 Legacy Drive	Suite 200	Plano
1	STRATUS MERIDIAN LLC	240 OConnor Ridge Blvd	Suite 100	Irving
1	DFW International Airport Board	2400 Aviation Drive		DFW Airport
1	Salcomp Manufacturing USA Corp.	2400 Centennial Dr.		Arlington
1	Forescout Technologies Inc	2400 Dallas Parkway	Suite 240	Plano
1	Diligent Robotics Inc	2400 East Cesar Chavez Street	Suite 320	Austin
1	Tokyo Electron America Inc	2400 Grove Blvd.		Austin
1	INFOSYS PUBLIC SERVICES INC	2400 N GLENVILLE DR	STE C150	RICHARDSON
1	Berry Appleman & Leiden LLP	2400 N Glenville Drive, Building A	Suite 100	Richardson
1	Novelinks LLC	2400 N Preston St		Ennis
1	INFOSYS LIMITED	2400 N. GLENVILLE DR	STE C150	RICHARDSON
1	INFOSYS BPM LIMITED	2400 N. GLENVILLE DR.	STE C150	RICHARDSON
1	NICE Systems Technologies Inc	2400 N. Glenville Dr. Bldg. B	Ste. 400	Richarson
1	Infosys Nova Holdings LLC	2400 N. Glenville Drive	Suite C150	Richardson
1	All My Sons Business Development LLC	2400 Old Mill Road		Carrollton
1	Propedia Health Services Inc	2401  W Pecan Street	Ste 106	Pflugerville
1	St. Johns School	2401 Claremont Lane		Houston
1	Greenvine Interactive Inc	2401 E 11th Street		Austin
1	Altius Healthcare Management LLC	2401 E Randol Mill Rd	Suite 520	Arlington
1	ModusLights Technologies	2401 Fountain View Dr Ste 464	2023	Houston
1	MODUSLIGHT TECHNOLOGIES	2401 FOUNTAIN VIEW DR SUITE 464	2023	HOUSTON
1	Law Offices of Hector J. Lopez, PLLC	2401 Fountain View Dr.	Suite 910	Houston
1	CYNOSURE TECHNOLOGIES LLC	2401 FOUNTAIN VIEW DR., STE. 502		HOUSTON
1	Ballast Enterprises LLC	2401 Fountain View Drive	Suite 464 1110	Houston
1	Southwest Texas Junior College	2401 Garner Field Road		Uvalde
1	Scott & White Memorial Hospital	2401 S 31st St		Temple
1	Scott and White Memorial Hospital	2401 S. 31st St.		Temple
1	Penney OpCo LLC	2401 S. Stemmons Freeway, Ste 4000		Lewisville
1	Scott & White Clinic	2401 South 31st Street		Temple
1	A LIFE SAVER HOME CARE LLC	24014 THORNBIRD CLIFF WAY		KATY
1	Familia Dental Lubbock PLLC	2402 19th St.		Lubbock
1	South Texas Educational Technologies Inc	2402 E. Business 83		Weslaco
1	MB2 Dental	2403 Lacy Lane		Carrollton
1	Heights Family Practice PLLC	2404 Smith Ranch Rd	Suite 200	Pearland
1	SUMEER HOMES INC	2404 TEXAS DR	STE 103	IRVING
1	KPA Management LLC	24042 HIGHWAY 59 N		KINGWOOD
1	Vital Home Investment and Construction Group LLC	24044 CINCO VILLAGE CENTER BLVD	STE 100	Katy
1	Minuscule technologies	24044 Cinco Village Center Blvd  100		Katy
1	City of Corpus Christi	2406 Leopard St	Suite 300	Corpus Christi
1	Airties Inc	2407 Emily Cove		Cedar Park
1	Kuhl-Linscomb Houston LLC	2407 Steel Street		Houston
1	Janus Automation LLC	2407 Timberloch Place	Suite H	The Woodlands
1	Sequel Technologies Inc	2408 Kathy Cove		Austin
1	SIGMASENSE LLC	2408 Rutland Drive		AUSTIN
1	EKU Power Drives Inc	2408 Timberloch Pl.	Ste. A5	Spring
1	Geek Genix LLC	2409 Skyline Drive		Waco
1	Matchbox Materials LLC	241 Ferrule Dr		Kyle
1	Phoenix Innovations LLC	241 International Parkway	Ste. 210	Flower Mound
1	Vricha Consulting Services LLC	241 Milan St		Lewisville
1	TA Dispatch LLC	241 Regency Parkway		Mansfield
1	TA Dispatch	241 Regency Pkwy		Mansfield
1	CLIM LLC	2410 Luna Rd	Ste 114	Carrollton
1	Intown Homes Ltd	2410 Polk Street Suite 200		Houston
1	WELLFIT TECHNOLOGIES INC	2411 GATEWAY DRIVE	SUITE 120	IRVING
1	Joybox LLC	24123 Boerne Stage Road	Ste 104	San Antonio
1	VSSIQ Solutions LLC	2413 Milan Meadows Dr		Leander
1	Construction Cost Management Inc	2413 N Main Street		Fort Worth
1	Allaymeds Inc	2414 Babcock Rd	Ste 111	San Antonio
1	Functional Patterns Texas	2414 Exposition Blvd	Suite b-110	Austin
1	ARKHATECH INC	2414 Marsh Ln	STE 101-A	Carrollton
1	Varenya Inc	2414 Marsh Ln., Suite 101-D		Carrollton
1	Lincoln Leadership Advisors LLC	2414 Tangley Street		Houston
1	Ralph Porter Group LLC	2415 Durwood Street	Apt. B	Austin
1	Inti Renewable Energy Texas	2416 Conflans Rd		Irving
1	NeighborFavor Inc	2416 E. 6th Street		Austin
1	Gatesville Dental PLLC	2416 TX-36 BUS	Suite B	Gatesville
1	INNOVATIVE INTELLIGENT SOLUTIONS LLC	2419 COIT RD	SUITE A	PLANO
1	DRJ USA Corporation	2420 Justin Road		Highland Village
1	Offmyyard Inc	2420 SPRING SIDE DR		ROYSE CITY
1	Praj Americas Inc	24210 Kinross Lane		Katy
1	SOFTTECH SOURCE LLC	2422 S VOSS ROAD	STE P123	HOUSTON
1	Texon Industrial Inc	2423 Welwood Drive		Carrollton
1	mlivelihood LLC	2424 Bell St	Suite 2305	Houston
1	Mark Andrews & Company Inc	2424 Ridge Rd		Rockwall
1	Rialto Studio Inc	2425 Broadway	Suite 215	San Antonio
1	Ricky Power Sports LLC	2425 Camp Avenue	Suite 100	Carrollton
1	Banner International LLC	2425 Camp Avenue, Suite 140		Carrollton
1	Polk Mechanical Company LLC	2425 Dillard Street		Grand Prairie
1	Shermco Industries Inc	2425 E Pioneer Drive		Irving
1	PediaPlex LLC	2425 E Southlake Blvd	Suite 100	Southlake
1	Shermco Industries Co	2425 E. Pioneer Drive		Irving
1	Clear Creek Independent School District	2425 East Main Street		League City
1	Aleph Technologies LLC	2425 N Central Expy	Ste 700	Richardson
1	A&G LLP	2425 N. Central  Expy.	Suite 200	Richardson
1	A&G, LLP	2425 N. Central Expy., Ste. 200		Richardson
1	Spring Cypress Group LLC	2425 W Loop S	7th Floor	Houston
1	W. Main Management LLC	2425 West Loop South	7th Floor	Houston
1	Triton Venture Capital LLC	2425 Wilson Street		Austin
1	BALANCE VIBRATION TECHNOLOGIES INC	2426 Lacy Ln		Carrollton
1	Tampnet Inc	24275 Katy Freeway	Suite 525	Katy
1	HEXAQUEST GLOBAL INC	24285 KATY FWY	SUITE 400-17	KATY
1	Aurora Cares LLC	2429 Bissonnet St	Suite 612	Houston
1	TAHRA Spices LLC	2429 Preston Rd	Ste. 100	Frisco
1	A2B Sweets and Restaurants LLC	2429 Preston Rd  100, Frisco, TX		Frisco
1	Emerald Twinkle Star Roofs Inc	243 W Stamford  ST.		Abilene
1	Sansys Technologies Inc	2430 E Trinity Mills Rd	Suite 300	Carrollton
1	Asset Technology Solution Inc	2430 January Lane		Grand Prairie
1	Medical Technology Solutions LLC	24307 Magic Mountain Parkway		Valencia
1	UNINTECH CONSULTING ENGINEERS INC	2431 E EVANS RD		SAN ANTONIO
1	Transcend Engineers & Planners LLC	24310 Grand Reserve Dr.	Ste. 101	Katy
1	Clarity Dermatology, PLLC	2432 Worthington St.		Dallas
1	Circuit Board Inc	2433 Inwood Dr.		Houston
1	Whapps LLC	2435 N Central Expy	Suite 1180	Richardson
1	RED COAST CONSULTING CORP	2435 N CENTRAL EXPY STE 1200		RICHARDSON
1	Waaree Solar Americas Inc	2439 Discovery Hills Parkway		Brookshire
1	Kiewit Offshore Services, Ltd.	2440 Kiewit Road		Ingleside
1	Amit Mahesh Patel, DDS, MSD, PLLC	2440 N Josey Lane	Suite 202	Carrollton
1	Maya Agarsen Global LLC	2440 North Blvd	Apt 5106	Houston
1	ITMiracle Corporation	2440 Twin Oaks Dr		Little Elm
1	TTI Inc	2441 Northeast Parkway		Fort Worth
1	Exponential Technology Group Inc	2441 Northeast Pkwy		Fort Worth
1	Tarun Technologies Inc	2445 McIver Ln	Suite 208	Carrollton
1	Royal Painting Inc	2445 McIver Ln.	SUITE 110	Carrollton
1	Duiker Solutions LLC	2445 Midway Road	106	Carrollton
1	AMERICA POWERTECH AUTOMATION TECHNOLOGY CO LTD	2446 Rosemary Sage Dr		Fulshear
1	GOVINDJIS LP	245 N Central Expressway		Richardson
1	America Instruments	2450 COURAGE ST,	STE 108	BROWNSVILLE
1	MELAX TECHNOLOGIES INC	2450 Holcombe Blvd,	Suite 112	Houston
1	Paxman US Inc	2450 Holcombe Blvd, TMC Innovation	Suite 210	Houston
1	Bivacor Inc	2450 Holcombe Boulevard		Houston
1	PROXIMA CLINICAL RESEARCH INC	2450 Holcombe Boulevard, Ste 130		Houston
1	HL.COM INC	2450 LOUISIANA	STE 400-416	HOUSTON
1	Interior  Therapeutics	2450 W Holcombe Blvd	Suite XI I-319	Hoston
1	KoderLabs LLC	2451 W Grapevine Mills Cir.	213	Grapevine
1	Star Software Solutions LLC	2451 W Grapevine Mills Circle	Suite 506	Grapevine
1	Bridgenext technologies	2451 W. Grapevine Mills Circle	STE 602	Grapevine
1	Dalshire International Inc	2452 Lacy Lane, Suite 116		Carrollton
1	Unifocus, LP	2455 McIver Lane		Carrollton
1	Repsol Services Company	2455 Technology Forest Blvd		The Woodlands
1	ABICEL HOLDINGS CORP	24600 KATY FREEWAY	SUITE 834	KATY
1	SKYOVI LLC	2461 Kent Dr		Allen
1	Enovate Corp	24624 I45 N		Spring
1	Magista Inc	24624 North Interstate 45	Ste 200	Spring
1	CDKL Energy Group Inc	2465 Fm 359 Rd S Bldg B		Brookshire
1	INNO METAL STUDS CORP	2465 FM 539 S.		Brookshire
1	VANTEX II INC	2469 IH 10 WEST		FORT STOCKTON
1	Resonate Technologies LLC	2479 Streamside Ct		Frisco
1	Morson International Inc	24800 I-45, Ste 108		Spring
1	Fourth Quarter Staffing Inc	2484 Hammock Lake Dr		Little Elm
1	Advanced Micro Devices Inc	2485 Augustine Dr.		Santa Clara
1	Clear Lake Montessori School LLC	2486 Falcon Pass Dr.		Houston
1	European Investment Group LLC	24913 Kuykendahl ROAD	Suites C&D	Tomball
1	Tetra Technologies Inc	24955 Interstate 45 North		The Woodlands
1	Texas Intraoperative Monitoring Inc	25 Highland Park Village, No. 100-225		Dallas
1	McCord Development Inc	250 Assay Street	Suite 200	Houston
1	SYCO INC	250 E. Blondy Jhune Rd		LUCAS
1	Narsingh LLC	250 East Valley Ranch Park Way	Suite 1350	Irving
1	Matos Business Advisors LLC	250 Ed English Drive	Bldg 3, unit C	Shenandoah
1	Babylon Inc	2500 Bee Cave Rd, Building 1	Ste. 400	Austin
1	EZCorp Inc	2500 Bee Cave Road	Building 1, Suite 200	Rollingwood
1	FlashParking Inc	2500 Bee Caves Rd	Building 3, Suite 400	Austin
1	Texas Tech University	2500 Broadway Ave		Lubbock
1	TORM USA LLC	2500 CITY WEST BLVD	SUITE 710	HOUSTON
1	Loomis Armored US LLC	2500 CityWest Blvd.	Suite 2300	Houston
1	CHRISTUS Spohn Hospital - Alice	2500 E. Main St.		Alice
1	THE ECONSORTIUM GROUP	2500 FONDREN RD	SUITE 100	HOUSTON
1	THE ECONSORTIUM GROUP INC	2500 FONDREN ROAD	SUITE 100	HOUSTON
1	Boccard Life Sciences Inc	2500 Galveston Road		Houston
1	CE  T America Inc	2500 Hwy. 183	Bldg. 6, Ste. 670	AUSTIN
1	Wave Telecom LLC	2500 Legacy Dr	STE 118	Frisco
1	Allergy & Clinical Holdings LLC	2500 Legacy Drive	Suite 235	Frisco
1	VRX Inc	2500 N Dallas Parkway	Suite 450	Plano
1	CHS Architects Inc	2500 NE Green Oaks Blvd	Ste 200	Arlington
1	BCCK Engineering Incorporated	2500 North Big Spring	Suite 200	Midland
1	UNION SUPPLY GROUP INC	2500 Regent Blvd.		Dallas
1	Stealth Power	2500 S Hwy 183	7	Austin
1	Asakura Robinson Company LLC	2500 Summer Street, Suite 3228		Houston
1	WGA SERVICES LLC	2500 Tanglewilde Street	Suite 120	Houston
1	Kevin Concannon LLC	2500 W Trenton Rd	STE 12	Edinburg
1	Lonni Technology Inc	2500 Wilcrest	Suite 300	Houston
1	Universal IT Professionals LLC	2500 Wilcrest Dr	Suite 300	Houston
1	Grace International Churches and Ministries Inc	25000 Cathedral Lakes Pkwy		Spring
1	West Texas A&M University	2501 4th Avenue		Canyon
1	The Way How LLC	2501 E. 11th St.		Austin
1	Silvercare Management LLC	2501 E. Hebron Parkway	Ste 100C	Carrollton
1	Unisys Corporation	2501 N Hardwood St	STE 1501	Dallas
1	Meridiem Capital Partners LP	2501 N. Harwood Street	Suite 2450	Dallas
1	Satori Capital LLC	2501 N. Harwood Street, 20th Floor, Suite 2001		Dallas
1	Pathfinder Pediatrics Home Care LLC	25018 Oakhurst Dr.		Spring
1	Perma-Pipe International Holdings Inc	25025 Interstate 45	Suite 200	The Woodlands
1	PIE Operating LLC	25025 Interstate 45 North	Ste. 420	Spring
1	Flashtech Consulting Services INC	2503 Braypark Ln		Katy
1	GC Engineering Inc	2505 Park Avenue	Ste. A	Pearland
1	NGUYENing Real Estate Services LLC	2505 S. Great Southwest Pkwy	Ste. 104	Grand Prairie
1	Frigelar North America Inc	2505 Willowbrook Road	Suite 203	Dallas
1	TRICORD AGENCY LLC	2507 Resnick Drive		Round Rock
1	WIRELESS ONLY	2508 E. RIVERSIDE DR.		AUSTIN
1	Aime Investments LLC	2509 Las Palmas Ln		Plano
1	LYRBA USA LLC	2509 North Frazier St		Conroe
1	ShopSwap Inc	2509 S 5th St	Unit B	Austin
1	Health Care Group Management Inc	251 Renner Pkwy		Richardson
1	TRUENO INTERNATIONAL TRADING LLC	25145 STAR LN	SUITE 902	KATY
1	THINKSYNK LLC	2516 N Louisiana Ave		Weslaco
1	Spark Learning LLC	2517 Enfield Road		Austin
1	Vanguard College Preparatory School	2517 Mount Carmel Drive		Waco
1	AZTECA ENTERPRISES INC	2518 CHALK HILL RD		DALLAS
1	ProPetro Services Inc	2518 FM 307		Midland
1	LWO LLC	2519 Fairmount Street		Dallas
1	Aldine Independent School District	2520 W.W. Thorne Blvd		Houston
1	The Testing Consultancy US Corporation	25211 Grogans Mill Road	Suite 450	The Woodlands
1	JAY-KISHUN ENTERPRISE INC	2524 MALL CIRCLE		FORT WORTH
1	Batchwell LLC	2524 Westgate Dr.		Houston
1	United Medical Centers	2525 N. Veterans Blvd.		Eagle Pass
1	Global Kidney Center PLLC	2525 North Loop West	Suite 600	Houston
1	Bionew USA Central Corp.	2525 S. Shiloh Rd	Suite 150	Garland
1	Plant Process Equipment. Inc	2525 South Shore Blvd	Suite 410	League City
1	PLANT PROCESS EQUIPMENT INC	2525 SOUTH SHORE BLVD.	SUITE 410	LEAGUE CITY
1	ADG HOUSTON PATH PLLC	2525 W. BELLFORT AVENUE, SUITE 194		HOUSTON
1	Sai Foods N Snacks LLC	2526 Manana Dr	Suite 104	Dallas
1	Bytes Technolab Inc	25298 FM 2978 RD Unit A		Tomball
1	SMART ACCOUNTANTS LLC	25298 FM 2978 Road	Unit A	Tomball
1	S&T Associates CPAs LLC	25298 FM2978 Road	Unit A	Tomball
1	Amphion Global Inc	25301 Borough park dr	Suite 208	The Woodlands
1	REV19 LLC	2535 E. Southlake Blvd	Suite 140	Southlake
1	Front Door Fashion LLC	2535 Irving Blvd	Suite 150	Dallas
1	Texas Dental Associates PA	2536 Amherst Street	Suite J	Houston
1	General New Technology International Inc	2537 S Gessner Rd Suite 116		Houston
1	Barnsco Texas	2537 Willowbrook Road		Dallas
1	Brundage Management Company Inc	254 Spencer Lane		San Antonio
1	Parker University	2540 Walnut Hill Lane		Dallas
1	EDP LLC	25420 Kuykendahl Road	STE B100 12	The Woodlands
1	ANALITICA Global Inc	25456 River Ledge		San Antonio
1	Dickerson Financial Group Inc	2548 Dickerson Pkwy	Suite 202	Carrollton
1	Dotson IT Asset Management Corp.	2548 Tarpley Road		Carrollton
1	Mission Critical Interior Solutions Inc	2550 Beckleymead AVE	Suite 230	Dallas
1	Elite Rugby Management LLC	2550 E Old Settlers Blvd.		Round Rock
1	Virtuoso Technologies Inc	2550 Gray Falls Dr	Suite 220	Houston
1	Texas Petroleum Supplies Corporation	2550 Gray Falls Dr.	Ste. 100-E	Houston
1	SPARK DATA SOLUTIONS INC,	2550 GRAY FALLS DRIVE	Suite 100-K	HOUSTON
1	DEWITT MEDICAL DISTRICT	2550 N ESPLANADE DR		CUERO
1	C.A. Schmidt Leder, Ltd	2550 N. Great Southwest Parkway		Grand Prairie
1	cPanel LLC	2550 N. Loop West Freeway, Suite 4006		Houston
1	Concept Engineers Inc	2550 North Loop West	Suite 200	Houston
1	The Purpose Built Group LLC	2550 Pacific Avenue	STE 700	Dallas
1	KG DENTAL PC	2550 S IH 35 FRONTAGE RD	STE 210	Austin
1	ASWi Inc	25506 McDonald Road		The Woodlands
1	Evry Healthcare Inc	2553 Norsworthy Dr		Dallas
1	Rebel Athletic Inc	2554 Tarpley Road, Suite 114		Carrollton
1	Meridian World School LLC	2555 N Interstate 35		Round Rock
1	Roberts Markland, LLP	2555 N. MacGregor Way		Houston
1	Koenig & Bauer (US) Inc	2555 Regent Boulevard		Dallas
1	WOLFIES 2 WOODLANDS INC	25550 I-45 NORTH		SPRING
1	Adventures Outback	25565 Ronald Reagan Blvd.		Georgetown
1	NEW INVESTMENT INC	2560 Royal Lane		Dallas
1	VIBRANT INFOTECH INC	25663 SMOTHER MAN ROAD	BUILDING 300, SUITE 306	FRISCO
1	YUVI SYSTEMS INC	25663 Smotherman Rd	UNIT 201	FRISCO
1	Database Mart LLC	257 Westwood Dr.		League City
1	C M Morrison	2570 Justin Rd	Ste. 210	Highland Village
1	Elevate PFS Holdings Inc	25700 Interstate 45 North	Suite 300	Spring
1	Aatinaa Enterprise LLC	25714 Jewel Springs Lane		Katy
1	Techport IT Solutions LLC	25722 Kingsland Blvd	Suite 113-C	Katy
1	Global Cloud Runner Inc	25722 Kingsland Blvd, Ste 103K		Katy
1	After Hours Psychiatry, PLLC	25722 Kingsland Blvd, Suite 202		Katy
1	SOARSWELL SOLUTIONS LLC	25722 KINGSLAND BLVD.	SUITE 204A	KATY
1	Luna Genetics Inc	2575 W. Bellfort	Suite 250	Houston
1	NuProbe USA Inc	2575 W. Bellfort Avenue	Suite 200	Houston
1	PRINCIPLE INFORMATION TECHNOLOGY COMPANY	25757 WESTHEIMER PARKWAY	SUITE 130	KATY
1	Shade Structures Inc	2580 Esters Blvd	Suite 200	DFW Airport
1	Soul and Brains LLC	25807 Westheimer Parkway	3rd Floor	Katy
1	Cirrus Solutions LLC	25807 Westheimer Pkwy ste 325		Katy
1	Momentum Exterior Systems LLC	25825 Aldine Westfield		Spring
1	Lemon-AID Medical Management PLLC	25830 Westheimer Parkway, Suite 850		Katy
1	Cavender Stores LP	2586 Oak Manor Way		Tyler
1	H&A Consulting Inc	2591 Dallas Parkway Suite	STE 300	Frisco
1	SQL Brains LLC	2591 Dallas Parkway, Suite 108		Frisco
1	INVESTCORP GLOBAL LLC	2591 SUNSHADE CT		PEARLAND
1	White Energy Holding Company LLC	2595 Dallas Parkway	Suite 310	Frisco
1	Dannys Acres Polo LLC	2596 Hartwell Rd		Brookshire
1	APPODIS INC	25N COWORKING FRISCO, 9355 JOHN W ELLIOT DR.	SUITE 25446	FRISCO
1	Kuware Inc	260 Addie Roy Rd	Suite 130	Austin
1	Neuveon Inc	260 Fort Cobb Way		Georgetown
1	Cloud Craft Tec Inc	260 N. Denton Road	Suite 260	Coppell
1	Trench Plate Rental Co.	260 N. Sam Houston Pkwy E	Suite 200	Houston
1	Converge Info Systems LLC	2600 Ave K		Plano
1	4 Qul Management LLC	2600 Cordes Drive	Suite D	Sugar Land
1	Mitas Electronics LLC	2600 E Old Settlers Blvd		Round Rock
1	Logile Inc	2600 E. Southlake Blvd	Suite 120	Southlake
1	Forest Creek Capital LLC	2600 ElDorado Pkwy	Ste 118	McKinney
1	Essonova Corporation	2600 K Avenue	Suite 226	Plano
1	PROFIT APPS INC	2600 LAKESIDE PARKWAY	SUITE 216	FLOWER MOUND
1	LYNN COUNTY HOSPITAL DISTRICT	2600 Lockwood St		TAHOKA
1	PARAMOUNT CONSULTING LLC	2600 MACARTHUR BLVD	SUITE 602	LEWISVILLE
1	Neni Techsytems Inc	2600 McArthur Blvd Ste 603		Lewisville
1	Beyond Edge Networks Inc	2600 N Central Expressway	Suite 950	Richardson
1	CNET GLOBAL SOLUTIONS INC	2600 N CENTRAL EXPRESSWAY, SUITE 650		RICHARDSON
1	MERC Therapy Centers LLC	2600 N Gessner	190	Houston
1	John F Coggin CPA, PLLC	2600 NASA Parkway	Suite 202	Seabrook
1	Blade Energy Partners, Ltd.	2600 Network Boulevard	Suite 550	Frisco
1	ABC Fitness Solutions LLC	2600 North Dallas Pkwy	Ste 590	Frisco
1	U-PET (USA) INC	2600 S Loop W.,	Suite 595J	Houston
1	Master Drilling USA LLC	2600 S Shore Blvd.	Suite 300	League City
1	PENH Studio LLC	2600 S. Gessner Road,	Suite 307	Houston
1	TEXAS A&M UNIVERSITY - COMMERCE	2600 S. NEAL		COMMERCE
1	INEOS Oligomers USA LLC	2600 South Shore Blvd.	Ste. 400	League City
1	EM2 MANAGEMENT SOLUTIONS INC .	2600 SOUTH SHORE BOULEVARD	SUITE 300	LEAGUE CITY
1	Bit of America LLC	2600 Technology Dr.	Suite 800	Plano
1	INDEPENDENCE OILFIELD CHEMICALS LLC	2600 TECHNOLOGY FOREST BOULEVARD		THE WOODLANDS
1	Lancaster Regional Hospital, LP	2600 W. Pleasant Run Rd		Lancaster
1	Lancaster Regional Hospital LP	2600 W. Pleasant Run Road	N/A	Lancaster
1	JITSOL Inc	26002 Juniper Stone Ln		Katy
1	EIGHTFIFTEEN LLC	26009 Budde Road, Suite A200,		The Woodlands
1	Covenant Hospital Plainview	2601 Dimmitt Road		Plainview
1	INSIGHT INNOVATIVE SOLUTIONS LLC	2601 E State Highway 121 Bldg. 2-215		Lewisville
1	S4 ANALYTICS LLC	2601 LITTLE ELM PARKWAY STE 902		LITTLE ELM
1	RJM Speedy Inc	2601 Manor Road		Austin
1	Pattonair USA Inc	2601 Meacham Blvd, Ste. 400		Fort Worth
1	ELXR Technologies LLC	2601 Network Blvd	Suite 109	Frisco
1	Progress Solutions Inc	2601 Network Blvd Suite  450		Frisco
1	Educity Operations LLC	2601 Preston Road	Suite 3011	Frisco
1	APOLLO SEEDS USA INC	2601 RESOURCE DR, SUITE 300		PLANO
1	Ericsson Smart Factory Inc	2601 South Valley Parkway		Lewisville
1	RectorSeal LLC	2601 Spenwick Drive		Houston
1	Outdoor Wireless Networks LLC	2601 Telecom Parkway		Richardson
1	SRK IT GROUP LLC	2601 TX-121	STE 216	Lewisville
1	Angelo State University	2601 West Avenue N	ASU Station 11008	San Angelo
1	Grapevine DCJ LLC	2601 William D Tate		Grapevine
1	SLG Pharmacy LLC	2602 N Main Ave		San Antonio
1	Golden Rule Schools Inc	2602 West Illinois Avenue		Dallas
1	M&M Child III LLC	2604 Anders Ln		Plano
1	Zenith Cloud LLC	2604 Fountain Dr		Irving
1	Packit Hub LLC	2605 LBJ Fwy, Ste A		Dallas
1	Select Business Solutions Inc	2605 Sagebrush Drive	210	Dallas
1	INFOSEMANTICS INC	2605 SAGEBRUSH DRIVE, SUITE 207		FLOWER MOUND
1	Techcess Solutions LLC	2605 Technology Dr	suite 300	Plano
1	Montana West Inc	2606 Brenner Dr.		Dallas
1	Wookoo LLC	2606 Brenner Drive		Dallas
1	Prepaid Wireless Inc	2606 TELEPHONE RD	STE 200	HOUSTON
1	Dominant Strategies Inc	2607 Euclid Ave		Austin
1	Max and Charlie LLC	2607 Oaklawn		Austin
1	CSD Energy Advisors LLC	2607 White Oak Dr.		Houston
1	Fusion Packaging I. L.P.	2608 Inwood Road	Suite 200	Dallas
1	iAmbrosia Technologies LLC	2608 Pecan Creek Drive		Leander
1	Signature IT World Inc	2609 Saratoga Dr		Plano
1	JIMENEZ ENGINEERING SOLUTIONS LLC	261 SARATOGA BLVD.		CORPUS CHRISTI
1	EcoFin Inc	2610 Friar Tuck Road		San Antonio
1	City of Stafford	2610 S. Main		Stafford
1	SPV CONSULTING LLC	2610 W FM 544	SUITE 200	WYLIE
1	DBarro Commerce Corporation	26106 I-45 North		Spring
1	Lexipol LLC	2611  Internet Blvd.	Ste. 100	Frisco
1	MK Systems USA Inc	2611 Internet Blvd	Suite 120	Frisco
1	BA GROUP 2 LLC	2611 STATE STREET		Dallas
1	Brius Technologies Inc	2611 Westgrove Dr	Suite 109	Carrollton
1	Scout Artificial Intelligence Inc	2614 Sherwin Street		Houston
1	FINISHES ETC LLC	2614 WASHINGTON ST.		WALLER
1	Peregrine Software Solutions Inc	2615 CLEARFIELD LN		FRISCO
1	Travis International Inc	2615 Strawberry Road		Pasadena
1	Abilene Regional MHMR Center	2616 S. Clark St.		Abilene
1	IMPERATIVE GLOBAL SERVICES INC	2617 BISSONNET STREET	SUITE 200	HOUSTON
1	SHAH GROUP CONSULTING INC	2619 WASHINGTON STREET	SUITE B	WALLER
1	TimberPark Construction Inc	2620 W Pioneer Pkwy	Suite 102	Arlington
1	Brian Schweiker Enterprises Inc	26203 Oak Ridge Drive		The Woodlands
1	iQGateway LLC	26209 Oakridge Drive		The Woodlands
1	Texas Medical Concierge Management LLC	2621 Joanel Street		Houston
1	Geek X Technology Incorporated	2621 Summit Avenue	Suite 300	Plano
1	Irving Independent School District	2621 W. Airport Freeway		Irving
1	Ten Media LLC	2625 Old Denton Rd		Carrollton
1	Yama Holdings Inc	2625 Old Denton Road	920	Carrollton
1	Mann Seop Choi CPA, P.C.	2625 Old Denton Road, Suite 104		Carrollton
1	JOEL BROWN & Co LLC	2626 Cole Ave	STE 300	Dallas
1	Vendera Management Holdings LLC	2626 Cole Avenue	Suite 750	Dallas
1	Lane Gorman Trubitt LLC	2626 Howell St.	Suite 700	Dallas
1	1800 Radiator of Dallas Fort Worth LLC	2626 Northaven Rd		Dallas
1	RCC CONSTRUCTION LLC	2626 S LOOP W.	SUITE 425	HOUSTON
1	New Braunfels Utilities	263 E. Main Plaza		New Braunfels
1	SOLAR SME INC	2630 AERO DR.		GRAND PRAIRIE
1	STEVE HOEGGER & ASSOCIATE INC	2630 N. HIGHWAY 78		WYLIE
1	Priefert Mfg. Co. Inc	2630 S Jefferson Avenue		Mt Pleasant
1	T-Mountain LLC	26307 Langdon Ct		Katy
1	Oyo Hotels Inc	2633 McKinney Ave	STE 130-524	Dallas
1	Intellinum Inc	2633 McKinney Avenue, Suite 130-358		Dallas
1	JJ FOOD & BEVERAGE LLC	2640 E Southlake Blvd		Southlake
1	Astuteone Corp	26410 Oak Ridge Dr	Suite 102	The Woodlands
1	ASTUTEONE CORP.	26410 OAKRIDGE DRIVE	SUITE 102	THE WOODLANDS
1	Red Shell Inc	26423 RICHWOOD OAKS DR		KATY
1	Sunrise Supply LLC	2645 Rodney		Dallas
1	SSC Arlington Operating Company LLC	2645 West Randol Mill Rd		Arlington
1	Arlington I Enterprises	2645 West Randol Mill Road		Arlington
1	Big Time Coffee	2650 N Fitzhugh Avenue	100	Dallas
1	BIG TIME COFFEE INC	2650 NORTH FITZHUGH AVENUE	SUITE 100	DALLAS
1	UVP Management LLC	2651 N. Harwood Street	Suite 120	Dallas
1	Save the Giraffes	26515 Natural Bridge Caverns Rd		San Antonio
1	Zeus Solutions Inc	2656 S Loop W	STE 265	Houston
1	LENDI HOME BUILDERS LLC	26603 CLEAR MILL LN		KATY
1	Wawasan LLC	26606 Cook Field Rd	Suite 100	Katy
1	SATHI LLC	26606 Cook Field Road	Suite 200, Room 2	Katy
1	Shikha Varshney CPA PC	26606 Cook Fld Rd	Ste 200	Katy
1	Minuscule Technologies LLC	26607 Longleaf Valley Dr		Katy
1	SURGE TECHNOLOGY SOLUTIONS INC	26622 Cook Field Road	Suite 100	Katy
1	Atlas International Laundry Equipment Company LLC	2663 Freewood Drive		Dallas
1	Twinnovative	26639 Richwood Oaks Drive		Katy
1	Valornest It Services LLC	2665 Villa Creek Dr STE A104-3	Suite A104-3	Farmers Branch
1	SSH CLOUD IT SOLUTIONS LLC	2665 Villa Creek Dr, Suite 104-4		Dallas
1	CYSIO INC	2665 VILLA CREEK DR, SUITE A254		FARMERS BRANCH
1	Clearsky Rehabilitation Hospital of Mansfield LLC	267 N State Highway 360		Mansfield
1	DECISION ANALYST INC	2670 EAST LAMAR BLVD		ARLINGTON
1	THE LAW FIRM OF SIM, PARVATHANENI AND BROWN PLLC	2670 Lake Vista Drive	Suite 205	Lewisville
1	Inventiv Technology	26707 Rimcrest Ct		Katy
1	GTherm Inc	26714 Brynn Lane		Katy
1	TEK CONTENT LLC	26717 WESTHEIMER PARKWAY	SUITE 304	KATY
1	Maven 365 LLC	268 Pearl Street		Beaumont
1	D Reynolds Company LLC	2680 Sylvania Cross Dr.		Fort Worth
1	Sahbi Systems Inc	26807 Grey Peregrine Drive		Katy
1	H.H. Kwon Inc	2681 MacArthur Blvd., Ste 207		Lewisville
1	SINGHS CANTINA	26850 Nelson Hill		Boerne
1	Incresol Inc	26875 US Highway - 380	Suite 120, Unit B & C, Little Elm	Aubrey
1	Intellect Capital LLC	26875 US Highway 380	Ste. 120/M	Aubrey
1	ECO IT SOLUTIONS INC	26903 Windcrest Landing lane		katy
1	A3G TECH INC	2694 TWIN POINT DRIVE		LEWISVILLE
1	All Saints Episcopal School	2695 S SW Loop 323		Tyler
1	SAT SOLUTIONS LLC	2695 VILLA CREEK DR.	SUITE 172	DALLAS
1	Soft Cloud Tech Inc	270 N Denton Road	Suite 211	Coppell
1	Koerber Supply Chain LLC	2700 Esters Blvd	Ste. 200A	Dallas
1	Amber Green Corporation	2700 GREENS RD	J500	Houston
1	Kingsisle Entertainment Inc	2700 La Frontera Boulevard		Round Rock
1	ZTC PETRO INVESTMENTS LP	2700 POST OAK BLVD. FL 21		HOUSTON
1	Amazon	2700 Regent Blvd		Irving
1	Contech Control Services Inc	2700 Sens Road		La Porte
1	Iron Oak Management LLC	2700 Technology Forest Blvd.	Ste. 100	The Woodlands
1	Navidar Holdco LLC	2700 Via Fortuna	Suite 140	Austin
1	Billd LLC	2700 W Anderson Lane	206	Austin
1	DAVA Oncology, L.P.	2700 W. Plano Pkwy.		Plano
1	iFootball Operations LLC	27001 Lenze Rd		Spring
1	ELM FieldSight LLC	2701 E State Hwy 121	Suite 700	Lewisville
1	Airbus Helicopters Inc	2701 North Forum Drive		Grand Prairie
1	VIRA INSIGHT LLC	2701 S VALLEY PARKWAY		LEWISVILLE
1	United Oilfield Services LLC	2701 Savoy Place		Midland
1	Indorama Ventures Oxides LLC	2701 Spur 136		Port Neches
1	Southwest Airlines Co.	2702 Love Field Drive		Dallas
1	Metrologics LLC	27027 Westheimer Parkway	Suite 700	Katy
1	Outsource Research Consulting Inc	2703 Highway 6 South	Suite 280-B	Houston
1	Balancee Technology Inc	2703 Rockhill Road	Apt 202	Mckinney
1	Flomo Dental PLLC	2704 Cross Timbers Road	Suite 108	Flowermound
1	SHARKS SWIM CLUB INC	2704 NORTHERN DRIVE		LEAGUE CITY
1	Charles N. White Construction Company	2705 Bee Cave Rd, Suite- 250		Austin
1	Ruvati USA Inc	2705 Meister Pl		Round Rock
1	Electric Reliability Council of Texas Inc	2705 West Lake Dr.		Taylor
1	Law Office of Richard B. Schiro	2706 Fairmount Street		Dallas
1	Medical bridges Inc	2706 Magnet Street		Houston
1	AAPS Consulting LLC	2706 Margaret Falls Ln,		Katy
1	Quality Metals Inc	2707 Castroville Road		San Antonio
1	LNJ Capital Inc	2707 Realty Road	Ste 100	Carrollton
1	D A SCHOGGIN INC	2707 Satsuma Drive		Dallas
1	Zeus Techno Solutions Inc	2707 Westroyal Lane	APT 506	Irving
1	Nolana Smiles, PLLC	2708 W. Nolana Ave	Ste. 120	McAllen
1	Safety & Efficacy IT Solutions Inc	2709 Fortezza Way		Round Rock
1	Safran Helicopter Engines USA Inc	2709 NORTH FORUM DRIVE		GRAND PRAIRIE
1	Value Smiles PLLC	2710 Central E Fwy	Ste 140	Wichita Falls
1	Starco Impex Inc	2710 S 11th St		Beaumont
1	Bell Care Pharmacy Group Inc	2710 South Clear Creek Rd	Suite 113	Killeen
1	MV Contract Transportation Inc	2711  N. Haskell Ave	Suite 1500	Dallas
1	US HUIFENG CONSTRUCTION INC	2711 LBJ FREEWAY SUITE 860		DALLAS
1	SCHMIDT & STACY CONSULTING ENGINEERS INC	2711 N HASKELL AVENUE	2900	DALLAS
1	MV Transportation Inc	2711 N. Haskell Drive Avenue	Suite 1500, LB-2	Dallas
1	Roboligent Inc	2712 Meister Pl		Round Rock
1	GeoScience Engineers LLC	2712 Satsuma Dr	Suite 400	Dallas
1	Alsal Construction Inc	2712 Satsuma Dr., Suite  100		Dallas
1	Waypoint Data Solutions LLC	27123 White Sage Cove Ln		Spring
1	FORTUNA HEALTHCARE CONSULTING SERVICES LLC	2713 BROKEN BOW CIR		PLANO
1	Sol - EDU Inc	27131 Cinco Ranch Blvd	Suite 150	Katy
1	CAYPE US PLLC	2714 Bee Caves Rd	Suite 100	Austin
1	Techfios Incorporated	2714 E Beltline Road	Suite 105	Carrollton
1	Dynamic Pain Management, PLLC	2714 Louisiana St.		Houston
1	LALO Spirits LLC	2714 S. Lamar Blvd.		Austin
1	EASYSTEPIN LLC	2717 Commercial Center Blvd, Unit E200		Katy
1	24 Loads Inc	2717 COMMERCIAL CENTER BLVD,Suite 219		Katy
1	Texas Municipal Retirement System	2717 Perseverance Dr.	Unit 300	Austin
1	Buff City Soap Franchising LLC	2718 Fairmount Street		Dallas
1	Archdiocese of San Antonio	2718 W Woodlawn Ave		San Antonio
1	Azarmehr & Associates, P.C.	2720 Bee Caves Rd		Austin
1	All Alpha Armory INC	2721 FM936		Hubbard
1	GEOSCIENCE ENGINEERING & TESTING INC	27212 SATSUMA DRIVE	SUITE 400	DALLAS
1	Northern Oaks Healthcare Inc	2722 Old Anson Road		Abilene
1	Texas Automation Systems LLC	2725 114th Street		Grand Prairie
1	Odette Tomlinson Counseling, LPC-S, PLLC	2725 6th Avenue		FORT WORTH
1	DAmbra Construction Corporation	2726 Bissonnet Street	Suite 240-603	Houston
1	Copperas Cove Dentistry and Orthodontics PLLC	2726 E Hwy 190	Ste 112	Copperas Cove
1	Chem Aqua Inc	2727  Chemsearch Blvd.		Irving
1	Outreach Strategists LLC	2727 Allen Parkway	Suite 1300	Houston
1	PPG Inc	2727 Chemsearch Blvd,		Irving
1	Allied Stone Inc	2727 LBJ Frwy	Suite 500	Farmers Branch
1	Teknocrux LLC	2727 Lyndon B Jhonson Fwy	Ste 314-4	Farmers Branch
1	Purview Infotech LLC	2727 Lyndon B Johnson Fwy, Suite 570		Farmers Branch
1	Uptik Solutions Inc	2727 Lyndson B Johnson Fwy	STE 410	Farmers Branch
1	Spirit Realty Capital Inc	2727 North Harwood Street	Suite 300	Dallas
1	NTX - City Vet Group	2727 Oak Lawn Avenue		Dallas
1	TRIVENI SUPERMARKET KATY LLC	2727 SPRING GREEN BLVD.		KATY
1	Winstead PC	2728 N. Harwood Street	Suite 500	Dallas
1	Canyon Partners LLC	2728 North Harwood Street	2nd Floor	Dallas
1	LIYU Optoelectronic USA LLC	2730 LUDELLE ST		FORT WORTH
1	Berachah Technologies	2730 Lyndon B Johnson Fwy	Ste 125	Farmers Branch
1	Dhanvis Health Care-2 LLC	2734 Dallas Ave		Ingleside
1	EXPRADIT INC	2735 Villa Creek Dr, A-279		Farmers Branch
1	VEDHOPS IT SERVICES LLC	2735 Villa Creek Dr, A100		Farmers Branch
1	Aggregate Software Technology Inc	2735 Villa Creek Drive	Suite A-152	Farmers Branch
1	DISHA SERVICES INC	2743 SMITH RANCH RD	SUITE 1103	PEARLAND
1	DCS Global Systems Inc	2745 Dallas Parkway, Suite 605		Plano
1	Vinson Process Controls Co. L.P.	2747 Highpoint Oaks Drive		Lewisville
1	MacArthur Dental, PA	2747 N O CONNOR RD		Irving
1	Ecolectrics LLC	275 Lotus Circle	Ste. F6	Austin
1	DUNAN PRECISION INC	275 W CAMPBELL ROAD	SUITE 610	RICHARDSON
1	LVTong  USA Golf Cars LLC	2750 Electronic Ln		Dallas
1	HAMAD VETERINARY SERVICES PLLC	27511 INTERSTATE 10 W	SUITE 302	BOERNE
1	SPRY TECHNOLOGIES LLC	27523 CALDWELL SKY LN		FULSHEAR
1	HAAGENTI TECHNOLOGY INC	2755 MILLER PARK NORTH	SUITE 200	GARLAND
1	HARMONY SCIENCE ACADEMY-ODESSA	2755 N. GRANDVIEW AVENUE		ODESSA
1	Vopak Terminal Deer Park Inc	2759 Independence Parkway South		Deer Park
1	STRIDE HOSPITALITY LLC	2759 Mcdonald Road		Tyler
1	SSV Technologies Inc	2770 Main St Suite 236		Frisco
1	BRAVEN TECHNOLOGIES INC	2770 MAIN ST, SUITE 203		FRISCO
1	Micasa Global	2770 Main St, Suite 262		Frisco
1	Lera Technologies LLC	2770 Main St.	Suite 240	Frisco
1	Kult Technology Solutions Inc	2770 Main Street  189		Frisco
1	DataDigit IT Consulting Services LLC	2770 Main Street  99		Frisco
1	Sutras LLC	27711 SIERRA WILLOW WAY		KATY
1	Pinwheel Solutions Inc	27714  Lakeway Trial Ln		Fulshear
1	Riviana Foods Inc	2777 Allen Pkwy	16th Floor	Houston
1	Allata LLC	2777 N. Stemmons Freeway	Ste 1240	Dallas
1	IQ EQ US Management Co LLC	2777 North Stemmons Freeway	Suite 1425	Dallas
1	ExxonMobil Global Projects Company	2777 Springwoods Village Parkway		Spring
1	Heera Solutions Llc	27806 Amity Drive		Spring
1	Rush LLC	2781 CR 639		Buna
1	Mindzcape Solutions LLC	27815 Desert Manor Ln		Katy
1	vDeliverIT Solutions Inc	27819 Halls Farms Ln		Fulshear
1	Tekdream LLC	2785 Rockbrook Drive	304	Lewisville
1	American Revelry LLC	279 W Hidden Creek Blvd	1101	Burleson
1	Piston Technologies Inc	27919 Indigo Ridge Dr		Fulshear
1	PowerOn Appliance Repair Service LLC	27931 Robinson Park Dr		Spring
1	JACQUELINE CONSTRUCTION INC	28 DECKER CT.		WYLIE
1	Sechrest-Lang LLC	280 N Business Interstate Hwy 35	Suite 100	New Braunfels
1	Building The Network Ministries	2800 Antoine	Suite 2842	Houston
1	Leverage Research Inc	2800 Bartons Bluff Ln, Apt 902	Apartment	Austin
1	Top Gun Blockchain LLC	2800 Bonham Blvd.		Eastland
1	Warner Electric LLC	2800 Fisher Road		Wichita Falls
1	voestalpine Texas LLC	2800 Kay Bailey Hutchison Rd		Portland
1	ArcelorMittal Texas HBI LLC	2800 Kay Bailey Hutchison Road		Portland
1	Mid-States Distributing LLC	2800 Meacham Blvd		Fort Worth
1	OxeFit Inc	2800 N. Dallas Parkway, Suite 340		Plano
1	Braemar Technical Services Inc	2800 North Loop West	Ste. 900	Houston
1	OCI Fuels USA	2800 Post Oak Blvd.	Ste. 3150	Houston
1	Systems and Solutions LLC	2800 Post Oak Blvd., Suite 4100		Houston
1	TMT IT SOLUTIONS LLC	2800 REGAL RD	SUITE 109	PLANO
1	Texas Christian University	2800 South University Drive		Fort Worth
1	Perimeter International	2800 Story Road W.		Irving
1	GC & S Co (Transpacific Inc)	2800 Technology Drive Suite 300		Plano
1	St. Joseph Physician Associates	2800 Texas Avenue S		Bryan
1	ARGUIJO CORPORATION	2800 W 42nd ST		ODESSA
1	Harte Hanks Direct Inc	2800 Wells Branch Parkway		Austin
1	Westlake Royal Stone LLC	2801  Post Oak Blvd.	Suite 600	Houston
1	A.F. Technologies Inc	2801 E Randol Mill Rd		Arlington
1	St. Joseph Regional Health Center	2801 Franciscan Drive		Bryan
1	S2C Management LLC	2801 N. Harwood Street	Suite 1800	Dallas
1	Tango Networks Inc	2801 Network Blvd., Suite 200		Frisco
1	Inigio Solutions LLC	2801 Regal Rd	Suite 108	Plano
1	Elajika Inc	2801 Regal Road, Suite 107		Plano
1	Foster Stained Glass LLC	2801 S. College Ave		Bryan
1	Contech Control Services	2801 Sens Road		La Porte
1	Regence Health Network Inc	2801 W. 8th Street		Plainview
1	HERITAGE AUCTIONEERS & GALLERIES INC	2801 W. AIRPORT FREEWAY		DALLAS
1	Heritage Numismatic Auctions Inc	2801 West Airport Freeway		Dallas
1	Safran Electronics & Defense, Avionics USA LLC	2802 Safran Drive		Grand Prairie
1	MLA Labs Inc	2804 Longhorn Blvd		Austin
1	Westwood Professional Services Inc	2805 North Dallas Parkway	Suite 150	Plano
1	RV Trip LLC	2805 W Walnut Hill Ln, Apt 1011		Irving
1	Dynamic Campus Solutions Inc	2806 Flintrock Trace	STE A205	Austin
1	XDT Capital LLC	2806 Sundance Summit Ln		Katy
1	CHATWORTH LTD	2806 Wolflin Avenue		Amarillo
1	Clutch Creative Marketing LLC	2809 Dyer Street		Dallas
1	Alpha Forest International Inc	2809 Miller Ranch Road	Suite 417	Pearland
1	Loop Mobility Inc	2810 S 1st Street	N/A	Austin
1	Kwil Inc	2811 Hemphill Park		Austin
1	LGL Technologies LLC	28120 Sunshine hollow Dr		Spring
1	SYNERSYS TECHNOLOGIES INC	28122 YELLOW CORNERSTONE DR		KATY
1	Vidusolutions LLC	2814 Hollingsworth Pine Lane		Katy
1	Blue Squad Inc	2815 Manor Road	100	Austin
1	PMG Worldwide LLC	2815 West 7th Street		Fort Worth
1	City Recycler Inc	2817 Berry Road		Houston
1	APC Health LLC	2817 Miller Ranch Road	Suite 317	Pearland
1	Spout Analytics Inc	2817 Regal Road, Suite 109		Plano
1	ADVANCED RADIATION PHYSICS S CORP	2819 PLUMB ST		HOUSTON
1	FIVEE CONSULTING SERVICES LLC	2821 SHADYBROOK DR		CELINA
1	Weaver and Tidwell L.L.P	2821 W 7th St.	Suite 700	Fort Worth
1	Koddi Inc	2821 W. 7th Street	Suite 270	Fort Worth
1	Multatech Engineering Inc	2821 West 7th Street	Suite 400	Fort Worth
1	Weaver and Tidwell, L.L.P.	2821 West Seventh Street	Suite 700	Fort Worth
1	Miracle Treasures LLC	28211 Enchanted Shores Lane		Fulshear
1	Enterprise Value Systems LLC	28211 N Firethorne Road		Katy
1	Trilogy 5G Inc	2823 West Irving Blvd.		Irving
1	F & W PLASTICS LLC	2825 WILCREST	STE 500	HOUSTON
1	CEPTUA IT INC	2825 Wilcrest Dr	Suite 165F	Houston
1	BESTWATER USA INC	2825 Wilcrest Dr., Suite 421		Houston
1	CodeBricks Inc	2826 KETTLE CREEK DR		FRISCO
1	JND INC	2828 E TRINITY MILLS RD STE 360		CARROLLTON
1	HollyFrontier Corporation	2828 N. Harwood	Suite 1300	Dallas
1	Moneygram International Inc	2828 North Harwood Street	Floor 15	Dallas
1	Cudd Pumping Services Inc	2828 Technology Forest Blvd.		The Woodlands
1	SUN Pharma LLC	2829 Babcock Road Suite 120		San Antonio
1	ZYLTECH ENGINEERING LLC	283 Lockhaven Dr.	Ste. 122	Houston
1	Rashad M. Altawaty DDS PLLC	2830 Town Center Drive	Suite 120	New Braunfels
1	Bulverde United Methodist Church	28300 Hwy 281 North		San Antonio
1	VASHIPRA LLC	28306 VINEYARD TERRACE LN		FULSHEAR
1	Tesla Dentistry LLC	2831 W 15th Street	Ste. 200	Plano
1	Accura Calibration	2834 W. Kingsley Road		Garland
1	3S AMERICAS INC	2840 Guilder Drive	Suite 100	Plano
1	Saibersys Inc	2840 Keller Springs Road	Suite 401	Carrollton
1	Nuve Dental Group PLLC	2842 Singleton Blvd		Dallas
1	Oblate School of Theology	285 Oblate Drive		San Antonio
1	Teachers Insurance and Annuity Association of America	2850 Lake Visa Drive	Suite 300	Lewisville
1	Silver Hill Energy Operating LLC	2850 North Harwood Street	Suite 1600	Dallas
1	KITKOOL GROUP LLC	28515 CASEN RANCH LN		FULSHEAR
1	Peritus Information Services Ltd	28515 Eli Eagle Street		Katy
1	TECHDAPT LLC	2855 EXCHANGE BLVD	SUITE 101	SOUTHLAKE
1	Techwin Inc	2855 Exchange Blvd, Suite  117		Southlake
1	CL Energy Storage Corporation	2860 Guilder Drive		Plano
1	Global Tobacco LLC	2861 Congressman Ln	STE 300	DALLAS
1	TECHPRONET GLOBAL SOLUTIONS INC	28619 PLEASANT FOREST DR		KATY
1	NantHealth Inc	2871 Lake Vista Drive	Suite 210	Lewisville
1	Catalyst Property Solutions LLC	28725 Robinson Rd		Conroe
1	EVOSONIC (USA) INC	2880 BROADWAY BEND DR	BUILDING 3	PEARLAND
1	Law Office of Andy Nguyen PLLC	2888 Medlin Drive		Arlington
1	TRIPLE S INNOVATION LLC	2890 WASHINGTON BLVD.		77705
1	Dripping Springs Methodist Church	28900 Ranch Road 12		Dripping Springs
1	CYBERSHIELD LTD CO	28923 CANYON OAK DRIVE		KATY
1	Vizient Inc	290 E. John Carpenter Freeway		Irving
1	SIMAN PRO INC	290 S Preston Rd	SUITE 270	PROSPER
1	Hendrix Industries Inc	2900 FM 3538		Sealy
1	DJO LLC	2900 Lake Vista Drive		Lewisville
1	ASYNC7 LLC	2900 N LOOP W	SUITE 825	HOUSTON
1	Yes Garage Door Services LLC	2900 N. I-35E		Carrollton
1	IntegraNet Physician Resource Inc	2900 North Loop W	Ste 700	Houston
1	Palestine Principal Healthcare, LP	2900 S. Loop 256		Palestine
1	CHIRALITY RESEARCH INC	2900 WILCREST DR	SUITE 270	HOUSTON
1	MADDISOFT LLC	2900 WILCREST DRIVE	SUITE 405	HOUSTON
1	Snyder Independent School District	2901 37th Street		Snyder
1	NAV Lend Inc	2901 Bee Cave Road	Suite M	Austin
1	DataD Solutions Inc DBA- ACRM	2901 Caballo Ranch BLVD	Suite 8C	Cedar Park
1	Securities Transfer Corporation	2901 N. Dallas Parkway	Ste. 380	Plano
1	AMERICAN UNIT INC	2901 N. Dallas Pkwy	333	Plano
1	Argo Design LLC	2901 S. 1st. Street	Suite 200	Austin
1	Trillion Technologies and Trading LLC	2901 Summit Avenue		Plano
1	Trailstone Management Corp.	2901 Via Fortuna	Suite 125, Terrace 6	Austin
1	Enverus Inc	2901 Via Fortuna, BLDG. 6	Suite 200	Austin
1	Treaty Oak Clean Energy LLC	2901 Via Fortuna, Terrace 6	Suite 650	Austin
1	INTERACTIVE NETWORK TECHNOLOGIES INC	2901 WILCREST	SUITE 300	HOUSTON
1	KNITTECH INC	2901 Wilcrest Dr ste 400		Houston
1	HAIMO AMERICA INC	2901 WILCREST DR.	SUITE 205	HOUSTON
1	Shri Ganesh Dental PC	2909 Canto Trace		Leander
1	Pade HCM Inc	2909 E Arkansas Lane,	STE C-151	ARLINGTON
1	APPWORKS INC	2909 E. ARKANSAS LANE	STE C	ARLINGTON
1	Gemland Texas Inc	2909 Hillcroft St.	Ste. 230	Houston
1	Aztek Computers LLC	2910 Belmeade Dr.	Suite 116	Carrollton
1	CAPITAL METROPOLITAN TRANSPORTATION AUTHORITY	2910 E. 5TH STREET		AUSTIN
1	KRIWIN LLC	2910 Fairmont Ridge Lane		KATY
1	Afflux Systems LLC	2911 AW Grimes Blvd	Suite 750	Pflugerville
1	Austin Cardiology Clinic, PLLC	2911 Medical Arts Street	Ste. 16	Austin
1	Victory Real Estate Group LLC	2911 Turtle Creek Blvd Suite 700		Dallas
1	BP Energy Partners LLC	2911 Turtle Creek Boulevard, Ste 400		Dallas
1	HBR ANALYTICS & BI SOLUTIONS LLC	2919 Commerce St	194	Dallas
1	Embark People LLC	2919 Commerce Street		Dallas
1	D4D Technologies LLC	2920 Telecom Pkwy		Richardson
1	Advanced Moore Machines Inc	2920 Windsor Rd	A	Austin
1	Machine Learning Tek Inc	2921 Avicenna Ct		Irving
1	oPRO.ai Inc	2923 Jackson Street		Houston
1	Lockwood, Andrews & Newnam Inc	2925 Briarpark Dr Ste 400		Houston
1	Cameron LNG	2925 Briarpark Dr.	Suite 1100	Houston
1	DELTA ELECTRONICS (USA) INC	2925 EAST PLANO PARKWAY		PLANO
1	Ambit Spray Foam LLC	2925 Galleria Dr.		Arlington
1	Vitol Inc	2925 Richmond Avenue, Floor 11		Houston
1	INVRIC INC	2925 Skyway Circle N Suite   150		IRVING
1	CIVILCORP LLC	29255 FM 1093	STE 7A	FULSHEAR
1	Riversand Technologies Inc	2929 Briarpark Drive	Ste 200	Houston
1	Arm Candy LLC	2929 Canton Street		Dallas
1	ALPHA TIRE LLC	2929 MCKINNEY ST.		HOUSTON
1	TYMON GLOBAL INC	2929 North Central Expressway	SUITE 215	Richardson
1	BHS PHYSICIANS NETWORK INC	2930 N. Stanton		El Paso
1	WellRx Pharmacy	2930 S Buckner Blvd		Dallas
1	Tea Dao LLC	29300 Hempstead Rd  837		Cypress
1	New Filers Investment  LLC	2933 N Beach Street	Unit 109	Fort Worth
1	LORSIV IT Inc	2938 W Royal Ln	Ste 2147	Irving
1	REV Robotics LLC	2941 Commodore Dr	Suite 110	Carrollton
1	Contract Datascan, L.P.	2941 Trade Center Drive, Suite 100		Carrollton
1	Orange package 1 LLC	2948 N 16trh Street		Orange
1	GTS GROUP USA INC	295 E RENFRO ST.		BURLESTON
1	Durbin & Company, L.L.P.	2950 50th Street		Lubbock
1	Advisory Services Holdings LLC	2950 N Harwood St	Ste 1700	Dallas
1	Universal Fluid Services LLC	2950 N Loop West	Suite 130	Houston
1	Molathati Technology Solutions LLC	2950 North Loop W.	Suite 500	Houston
1	Amerapex Corporation	2950 North Loop West	1100	Houston
1	Revive Energy Solutions LLC	2950 North Loop West Suite 500		Houston
1	Frontline EHS Inc	2950 Unity Dr.  37072		Houston
1	Saulsbury Industries Inc	2951 E Interstate 20		Odessa
1	Workweek Media Inc	2952 Higgins Street		Austin
1	Physician Primecare	2961 Mossrock		San Antonio
1	Gadolin Research LLC	2965 Harrison Street	STE 320	Beaumont
1	Enlighten Academy LLC	297 W Round Grove Rd	Suite 230	lewisville
1	VBM STAFFING SOLUTIONS LLC	2980 Calderdale Ct		Prosper
1	PRISM ELECTRIC INC	2985 MARKET ST		GARLAND
1	Anantak Robotics Inc	2986 Congressman Lane		Dallas
1	Mayekawa USA. Inc	29875 Medline Lane		Katy
1	Select Physical Therapy Texas Limited Partnership	2990 Legacy Drive		Frisco
1	Verily Life Sciences LLC	2999 Olympus Blvd		Dallas
1	CELESDATA INC	3 Ethel Rd	Suite 311	Edison
1	PSR Brands LLC	3 Riverway	Suite 500	Houston
1	Helios Operating LLC	3 Riverway, 17th Floor, Suite 1750		Houston
1	ERBEN ASSOCIATES LLC	300 BEARDSLEY LANE	SUITE D-200	AUSTIN
1	Whataburger Restaurants LLC	300 Concord Plaza Dr		San Antonio
1	FourthSquare LLC	300 Decker Dr.	Ste. 335	Irving
1	XCELTRAIT INC	300 DECKER DRIVE	SUITE 225	IRVING
1	ACE Dental04 PLLC	300 E Central TX Expressway	Suite 300	Harker Heights
1	A&A INFOSYSTEMS INC	300 E ROYAL LANE	STE 275	IRVING
1	Austin Kidney Associates, PA	300 E. Highland Mall Blvd.	Ste. 1A	Austin
1	Populus Financial Group Inc	300 E. John Carpenter Freeway	Suite 900	Irving
1	Populus Financial Group Inc (f/k/a ACE Cash Express Inc)	300 E. John Carpenter Fwy	900	Irving
1	Jenkins & Labrador Capital Group LLC	300 E. Ramsey	Ste. 305	San Antonio
1	In2IT Technologies Inc	300 E. Royal Lane	Ste 127	Irving
1	Oak Technologies Inc	300 E. Royal Ln.	Ste - 130	Irving
1	EnPro Associates LLC	300 Industrial Blvd.		Longview
1	Granger Independent School District	300 N Colorado St.	P.O. Box 578	Granger
1	STATUSNEO INC	300 N. Coit Road,	Suite 600	Richardson
1	Permian Resources Management LLC	300 N. Marienfeld St.	Suite 1000	Midland
1	City of Midland	300 North Loraine Street		Midland
1	Classy Art LLC	300 North York St.		Houston
1	Ram Ji Enterprise LLC	300 NW Georgia Ave		Sweetwater
1	Zanbaka USA 30 LLC	300 SE Access Rd		Mount Vernon
1	Scott & White Hospital Round Rock	300 University Blvd		Round Rock
1	Stonecrest Capital Markets Inc	300 W. 6th St.	Suite 1520	Austin
1	Dixie Iron Works, Ltd.	300 West Main Street		Alice
1	Mears Broadband LLC	300 West Mercer Street, Suite 100		Dripping Springs
1	Capital Farm Credit, FLCA	3000 Briarcrest Drive	Suite 601	Bryan
1	Nextcoder IT Solutions Inc	3000 Custer Rd	Suite 270 1587	Plano
1	FLIPPA INC	3000 E CESAR CHAVEZ ST		AUSTIN
1	Red River Authority of Texas	3000 Hammon Road		Wichita Falls
1	TalentKloud Holding LLC	3000 Keller Springs Road	Suite 400	Carrollton
1	Air Compressor Solutions Inc	3000 Kermit Hwy		Odessa
1	Adcetera Design Studio Inc	3000 Louisiana Street		Houston
1	Dallas Baptist University	3000 Mountain Creek Parkway		Dallas
1	LA FRONTERA HOSPITALITY LLC	3000 MOUNTAIN CREEK PKWY.		DALLAS
1	Kendra Scott LLC	3000 N Lamar Blvd., Suite 300		Austin
1	Texas Cardiac Arrhythmia Research Foundation	3000 N. IH-35	Suite 705	Austin
1	BridgeCare Technologies Inc	3000 Pegasus Park Dr,	Suite 1330	Dallas
1	ChildCareGroup	3000 Pegasus Park Dr.	Ste 800	Dallas
1	Softwaytek LLC	3000 Polar Lane, Unit 801		Cedar Park
1	Harman Professional Inc	3000 Research Dr.		Richardson
1	MORGAN GROUP INC	3000 RICHMOND AVENUE		HOUSTON
1	Foundation Communities Inc	3000 S. IH-35	Suite 300	Austin
1	Hillwood Development Company LLC	3000 Turtle Creek Boulevard		Dallas
1	Fuerda Smartech LLC	3000 WESLAYAN ST	STE 305	HOUSTON
1	Co-Flo Enterprise LLC	3000 Weslayan Suite 305		Houston
1	Galer Law Firm, PLLC	3000 Wilcrest Dr	Ste 180	Houston
1	David Jones	3001 Avenue E		Hondo
1	AgileAssets Inc	3001 Bee Caves Road	Suite 200	Austin
1	Sally Beauty Supply LLC	3001 Colorado Blvd.		Denton
1	Legacy Hospitality LLC	3001 E  Business Loop 20		Odessa
1	Air Compressor Solutions	3001 Kermit Hwy		Odessa
1	DEXPERTS INC	3001 N. SKYWAY CIR.	SUITE 100	IRVING
1	Corsicana Bedding LLC	3001 S Highway 287		Corsicana
1	Axis Solar LLC	3001 S Lamar Blvd.	Suite 220	Austin
1	Custom Bilt Holdings LLC	3001 Skyway Cir N	Ste 160	Irving
1	Parker Products LLC	3001 Strawn Ln		Fort Worth
1	Venture Research Inc	3001 Summit Avenue	Suite 100	Plano
1	The Algae Foundation	3001 West Loop 250 N	STE C-105/360	Midland
1	Structural and Steel Products Manufacturing, Ltd.	3001 West Pafford Street		Fort Worth
1	Power Central LLC	3002 Owens Blvd.		Richardson
1	Rally Cap Investments LLC	3002 South Ong St.		Amarillo
1	RA GLOBAL LLC	3002 W. EULESS BLVD.		EULESS
1	Microteq Engineering Inc	3003 Aniol St		San Antonio
1	Rejuve Group LLC	3003 Canter Ln		Austin
1	Reddys Pet Clinic LLC, DBA Affordable Pet Clinic	3004 Little York Road		Houston
1	S&L Land Design Consultants	3005 S. Lamar Blvd	Ste. D109 Unit 114	Austin
1	GeoCF LLC	3005 S. Lamar Blvd.	Ste. D109 79	Austin
1	Central Texas Autism Center	3006 Bee Cave Road	Suite B-200	Austin
1	Central Texas Autism Center LLC	3006 Bee Caves Road	Suite B-200	Austin
1	Candi Holdings Inc	3006 Welton Cliff Drive		Cedar Park
1	FORT WORTH REPORT	3008 E ROSEDALE ST		FORT WORTH
1	S Linx LLC	3009 Durango Hills Dr		Leander
1	Allredi LLC	3009 Pasadena Freeway	Suite 100	Pasadena
1	Horizon Tire Inc	3009 Pasadena Fwy Suite 140		Pasadena
1	San Felipe Operating LLC	3009 Post Oak Blvd	Ste 1250	Houston
1	ALLIANTGROUP, LP	3009 POST OAK BOULEVARD	SUITE 2000	HOUSTON
1	The Racquet Club	3009 Racquet Club Dr		Midland
1	D I F Transportation Inc	301 Byers Ave		Euless
1	DIF INC	301 Byers Avenue		Euless
1	Flosports Inc	301 Congress Avenue   1500		Austin
1	Archstone Dental-Granbury PLLC	301 E Highway 377	STE 100	Granbury
1	Tawakoni Recreation Inc	301 E Hwy 276		West Tawakoni
1	Advantage Environmental Lighting LLC	301 E Risinger Rd	Bldg 103	Fort Worth
1	Uniden America Corporation	301 International Pkwy  460		Flower Mound
1	Gold Medal Pools LLC	301 Leora Ln	Suite 470	Lewisville
1	Advanta Seeds LLC	301 S Polk Street	Suite 860	Amarillo
1	Scaffold Engineering Inc	301 S Seguin Road		Converse
1	Cyber System Technologies LLC	301 S Sherman Street	Suite 214	Richardson
1	Langmuir Systems LLC	301 S Trade Center		Conroe
1	Barcel USA LLC	301 S. Northpoint Drive	Suite 100	Coppell
1	Orbitpeople LLC	301 Santaluz Lane		Austin
1	Texas A&M University System	301 Tarrow Street		College Station
1	University of Texas Medical Branch	301 University Blvd		Galveston
1	Redbird Flight Simulations Inc	301 Vista Ridge Dr	Suite 300	Kyle
1	PROVENANCE CONSULTING LLC	301 W. 6TH	N/A	BORGER
1	Charta Group Inc	301 W. Howard Lane	Suite 300	Austin
1	Molecula Corp.	301 West Avenue	STE 200	Austin
1	Empyrean Benefit Solutions Inc	3010 Briarpark Drive	Suite 8000	Houston
1	Immigration Lawyers PLLC	3010 LBJ Freeway Suite 730		Dallas
1	Legacy Wellness Center Inc	3010 Legacy Drive	Suite 200	Frisco
1	Master Halco Inc	3010 Lyndon B. Johnson Freeway	Suite 800	Dallas
1	TIRE PROFILES LLC	3010 STORY ROAD WEST		IRVING
1	Teneo Linguistics Company LLC	3010 W PARK ROW DR	STE 100	PANTEGO
1	BoosterHub LLC	3011 Dawn Drive	Ste. 101	Georgetown
1	Banjaxed Solutions LLC	3011 Earl Rudder Fwy S, Ste. 100		College Station
1	1 World IT Solutions LLC	3012 Reagenea Dr.		Wylie
1	MIRAFRA INC	3013 FOUNTAINVIEW STREET	SUITE 180	HOUSTON
1	Nexus Veterinary Bone & Joint Center LLC	3015 S. Main Street		Stafford
1	VISCOSITY NORTH AMERICA INC	3016 Communications Parkway	Suite 200	Plano
1	ZINNOTECH CORPORATION	3016 Polar Ln	suite 306	Cedar Park
1	Cirrus360 Corporation	3017 Brookvale Drive		Richardson
1	SRSYSTEMS LLC	3017 Decker Drive		Mckinney
1	Texas Village Austin, LTD	3017 S IH-35		Austin
1	5ELEM USA Inc	3017 W County Road 129		Midland
1	Nano-Master Inc	3019 Alvin Devane Boulevard	Suite 300	Austin
1	db Research LLP	302 Hanmore Industrial Parkway		Harlingen
1	RGS IT  SOLUTIONS LLC	302 ROBIN ST		CROWLEY
1	Prominent Solar Corporation	3020 Greens Road		Houston
1	TEXAS A/C PRO LLC	3022 Erickson Manor Ct		katy
1	Acme Brick Company	3024 Acme Brick Plaza		Fort Worth
1	Coalescence Cloud Consulting LLC	3025 Damsel Sauvage Lane		Lewisville
1	COALESCENCE CLOUD CONSULTING CORP.	3025 Damsel Sauvage Ln.		Lewsiville
1	Essential Light Design Studio LLC	3027 Clover Street		Dallas
1	Permian Pediatrics PA	303 E 7th Street		Odessa
1	The Council on Recovery	303 Jackson Hill Street		Houston
1	Datum Rios LLC	303 Pearl Parkway	Ste 210	San Antonio
1	Selsoft Inc	303 S Jupiter Road	Ste 110	Allen
1	El Campo Memorial Hospital	303 Sandy Corner Road		El Campo
1	MASTERWORD SERVICES INC	303 STAFFORD STREET	SUITE 204	HOUSTON
1	XRI Services Co LLC	303 West Wall Street	Suite 400	Midland
1	Phil&Neet Enterprises LLC	3030 East 29th Street	Suite 119	Bryan
1	MJR Engineering Inc	3030 LBJ Freeway, Suite 1150		Dallas
1	JDC HEALTHCARE PLLC	3030 LBJ FWY., STE. 1440		Dallas
1	A-Max Insurance Services Inc	3030 N Stemmons Freeway	Suite B	Dallas
1	Alpha Real Estate Advisors LLC	3030 Nowitzki Way	Suite 260	Dallas
1	ODESSA HOTEL GROUP LLC	3031 E Business Loop 20		Odessa
1	DataLoopz LLC	3033 Chimney Rock Road	Ste. 2556	Houston
1	USA WHEEL AND TIRE OUTLET INC	3033 MILITARY PARKWAY	SUITE 200	MESQUITE
1	Bhaumik Diversified LLC	3033 W Parker Road	Suite 100	Plano
1	Saracen Energy Power Advisors LP	3033 W. Alabama Street		Houston
1	Texas Womans University	304 Administration Drive		Denton
1	Austin Armature Works, LP	304 COMMERCIAL DRIVE		BUDA
1	PLACE designers inc.	304 East Main Street		Round Rock
1	EASTLAND MEMORIAL HOSPITAL DISTRICT	304 SOUTH DAUGHERTY AVENUE		EASTLAND
1	Neste Renewable Products Inc	3040 Post Oak	Ste. 1700	Houston
1	Metropia Inc	3040 Post Oak Blvd., Suite 1800-136		Houston
1	Pan Capital Management, LP	3040 Post Oak Boulevard	Ste. 1045	Houston
1	Kim & Jang CPAs LLC	3044 Old Denton Road, Suite 300		Carrollton
1	SILVERXIS INC	305  CIMARRON TRAIL	SUITE 100	IRVING
1	RUNA WORKSHOP LLC	305 Camp Craft Rd	Ste 500	West Lake Hills
1	Providence Health Alliance	305 Londonderry Drive		Waco
1	HS Properties LLC	305 Rolling Oaks Ridge		Cedar Hill
1	RonRush Investment Inc	305 W Spring Creek Parkway	Ste. 100B	Plano
1	Universal EV LLC	305 W. Spring Creek PKWY	Suite 100B	Plano
1	Swift Technical Services LLC	3050 Post Oak Boulevard	Suite 1450	Houston
1	Group1 Inc	3055 Hunter Road		San Marcos
1	Pegasus Logistics Group	306 Airline Drive	Suite 100	Coppell
1	Firstlook AI Inc	3060 PEGASUS PARK DR	BLDG 6	Dallas
1	Southern Sky Films LLC	3063 W FM 550		Rockwall
1	Theatro Labs Inc	307 Hilltop Avenue		Richardson
1	ARS SPECIALTY CONTRACTORS LLC	307 LOMBRANO STREET	N/A	SAN ANTONIO
1	Health Center of Southeast Texas	307 N. William Barnett Avenue		Cleveland
1	Donna Medical Clinic, P.A.	307 North D. Salinas Blvd		Donna
1	United Technology Service LLC	307 S McDonald St.	Suite 100B	McKinney
1	Codeignitors Inc	307 S McDonald Street	Suite 302	Mckinney
1	Baptist Hospitals of Southeast Texas	3080 College St		Beaumont
1	Chemtex Environmental Laboratory Inc	3082 25th Street		Port Arthur
1	AMERICAN COMPLETION TOOLS INC	3084 S. BURLESON BLVD		BURLESON
1	PRIYA NATH	309 Marjorie Drive		Hutto
1	Modo Energy Inc	31 Navasota Street	Unit 240	Austin
1	Cotulla Independent School District	310  N. Main St.		Cotulla
1	Attri Inc	310 Comal St.	Suite 200	Austin
1	Hisun Motors Corp., U.S.A.	310 E University Dr.		McKinney
1	Wilkesboro Hostpitality Inc	310 East Houston Highway		Edna
1	Heart Institute of East Texas, PA	310 Gaslight Blvd		Lufkin
1	Wycoff Development and Construction LLC	310 Genesis Blvd.	Suite E	Webster
1	Amistad Industries Inc	310 Pecan Street		Del Rio
1	RUPARELIA  DENTAL PC DBA MONAHANS DENTAL	310 S Allen Avenue		MONAHANS
1	Nanu Construction Inc	310 S. Industrial Blvd.		Euless
1	Preferred Hospital Leasing Coleman Inc	310 S. Pecos St		Coleman
1	COLLY COMMODITIES INC	310 SHADY HILL DR		RICHARDSON
1	Harris Energy Solutions LLC	310 W Main St	Suite 103	Round Rock
1	Castro County Hospital District	310 W. Halsell Street		Dimmitt
1	Aava Dental PLLC	3100  Matlock Road Ste 101		Arlington
1	Folio Software LLC	3100 Carlisle	10105	Dallas
1	BetterUp Inc	3100 E. 5th Street	Suite 350	Austin
1	Oak Creek Corporation	3100 FM Road 1431	Suite 500	Round Rock
1	H & M HANSOTI LLC	3100 HIGHWAY 365	SUITE 152	PORT ARTHUR
1	PROS INC	3100 MAIN STREET	SUITE 900	HOUSTON
1	Presidium Property Management LLC	3100 McKinnon St	Ste 250	Dallas
1	Lucid Energy Group II Holdings LLC	3100 McKinnon St.	STE 800	Dallas
1	Surgical Notes MDP, LP	3100 Monticello Ave	Suite 450	Dallas
1	MJB Wood Group LLC	3100 Olympus Blvd.	Ste 480	Dallas
1	Uniform Construction Inc	3100 RICHMOND AVE	UNITE 100	HOUSTON
1	MPN2 Pharmacy Mgt LLC	3100 RR 620 South, STE 500		Lakeway
1	MARTIN SPROCKET & GEAR INC	3100 SPROCKET DRIVE		ARLINGTON
1	DE Corp.	3100 West Alabama St.		Houston
1	BrandMaker Inc	3101 Bee Caves Road, Ste. 200		Austin
1	Ochiltree Hospital District	3101 Garrett Drive		Perryton
1	ASD Specialty Healthcare Inc	3101 Gaylord Parkway		Frisco
1	Georgetown Behavioral Health Institute LLC	3101 S. Austin Ave		Georgetown
1	Texas Midwest Emergency Physicians, PA	3102 S Clack	Ste 1	Abilene
1	Mission Trail Capital Management LLC	3103 Bee Caves Road STE 100		Austin
1	LuminaTech Inc	3106 Commerce St		Dallas
1	HPF Consultants	3106 N Big Spring St		Midland
1	Chetana Soft LLC	3107 BRIARWOOD POINT PL	NA	HOUSTON
1	New Sparkling Diamond LLC	3108 Hwy 365		Nederland
1	ImmSchools	3108 Swiss Avenue		Dallas
1	1 Dust Group LLC	3109 Garden Brook Dr.	Suite 120	Farmers Branch
1	VERATECH SYSTEMS LLC	3109 KENAI DR.	UNIT 109	CEDAR PARK
1	Fossil Creek Healthcare Inc	3109 Kings Court		Fort Worth
1	Village 88	311 Bluff Point Bend		Cedar Park
1	Rito Foods Inc	311 Bowie St	Apt 2810	Austin
1	Inflection Brands LLC	311 Bowie St.	Unit 1608	Austin
1	Lifecare Pharmacy 23 Inc	311 Camden St.	Ste. 103	San Antonio
1	LB Industrial Systems, L.L.C.	311 E Ramsey Road		San Antonio
1	Caerus Investment Advisors LLC	311 Laurel Valley Rd		West Lake Hills
1	Lamesa Dental	311 N Dallas Avenue	STE C	Lamesa
1	INNOVCENTRIC LLC	311 S.JUPITER ROAD	SUITE 205	ALLEN
1	LevelBlue LLC	311 South Akard Street	17th Floor	Dallas
1	NEWSTREAM CAPITAL PARTNERS LLC	311 South Oak Street	Suite 250	ROANOKE
1	Lake/Flato Architects Inc	311 Third Street		San Antonio
1	iTechOps LLC	3110 GREAT LAKES AVE		SUGAR LAND
1	Lifecare Pharmacy of Austin LLC	3110 Nogalitos	Ste 107	San Antonio
1	Community Resource Credit Union	3110 Rolling Creek Drive		Baytown
1	SPARX TECHNOLOGIES LLC	3110 SOUTHFORK PKWY		MANVEL
1	wingu llc	3111 OAKMONT DR		sugar land
1	POWERSOURCE AUTOMATION AND CONTROLS LLC	31114 WHITE CYPRESS LN		HOCKLEY
1	AHS Foods LLC	3112 Wilson Road		Humble
1	FreePress LLC	3112 Windsor Rd	Ste. A391	Austin
1	Exceed Geo Energy LLC	3112 Windsor Road	Suite 519	Austin
1	DXD Distributors Inc	3113 Garden Brook Dr	Suite 110	Farmers Branch
1	NEW PORT SHIP SUPPLY	3115 Summerwind CT		Pearland
1	Pacific Northern Inc	3116 Belmeade Drive		Carrollton
1	Burleson Endodontics, PLLC	312 E Renfro St	Ste 204	Burleson
1	HEREFORD PLUMBING LLC	312 E. 3rd St.		Hereford
1	Karmuu Technologies LLC	312 Highland Spring Lane		Georgetown
1	Klick Oasis Systems Inc	312 W NORTHWEST HWY	SUITE 109	GRAPEVINE
1	BYOT LLC	3120 Gholson Road		Waco
1	Sritek Inc	3120 Hudson Crossing	Building D, Suite 1	McKinney
1	AYR Energy Inc	3120 Southwest Fwy	Suite 101	Houston
1	Sega Solutions LLC	3120 Stonefield		The Colony
1	EDW Architectonics LLC	3121 cross timber rd		Flower Mound
1	Wave Physics LLC	313 Picnic Park Drive		Conroe
1	Milton Street Capital LLC	3131 Eastside Street	Suite 300	Houston
1	Civic Heart Community Services (formerly Change Happens!)	3131 Emancipation Avenue	Suite 400	Houston
1	RESI LABS PATHWAY OPCO LP	3131 MCKINNEY AVE	SUITE 340	DALLAS
1	Briggs Freeman Real Estate Brokerage LLC	3131 Turtle Creek Blvd.	Ste 500	Dallas
1	Nelson Bumgardner Conroy P.C.	3131 West 7th Street	Suite 300	Fort Worth
1	Gannect Electronics Limited Company	3131 West Bolt		Fort Worth
1	ATC Acquisitions LP	3133 South Grove Street		Fort Worth
1	Texas A&M Transportation Institute	3135 TAMU		College Station
1	LAKE POINTE ORTHOPAEDICS PA	3136 HORIZON RD	SUITE 100	ROCKWALL
1	FEMO Group Holdings LP	3137 Irving Blvd.		Irving
1	VKore Solutions LLC	314 E Highland Mall Blvd	Ste. 505	Austin
1	North Mountain Distro Inc	314 E Nakoma		San Antonio
1	Ahwak LLC	3140 Harvard Avenue	510	Dallas
1	ASSOCIATED TESTING LABORATORIES INC	3143 YELLOWSTONE BLVD		HOUSTON
1	James G Johnson CPA PC	3145 McCart Ave		FORT WORTH
1	Devwise LLC	315 addicka Howell Rd	940025	Houston
1	2678 Holdings LLC	315 Addicks Howell Road		Houston
1	USA Industries Holdings LLC	315 State St		South Houston
1	Weatherford I Enterprise LLC	315 W. Anderson Street		Weatherford
1	Austco Marketing & Service (USA) Ltd.	3150 Premier Drive	Suite 128	Irving
1	Sabre GLBL Inc	3150 Sabre Drive		Southlake
1	Dan Alineum PLLC	3154 S State Highway 161	Suite 640	Grand Prairie
1	Cleveland Independent School District	316 E. Dallas Street		Cleveland
1	Wynden Stark LLC	316 W 12th Street	suite 210	Austin
1	Shakti Group Inc	3160 BEE CAVES ROAD	Ste. 300B	Austin
1	EmployStats Consulting Partners LLC	317 Nogalitos St.		San Antonio
1	Taproot Solutions Inc	317 Ranch Road 620 South,	Suite 302 F	Austin
1	HARMONY SCHOOL OF ADVANCEMENT	3171 NORTH SAM HOUSTON PKWY W		HOUSTON
1	Vensa Tek LLC	3174 S Ridge RD	Suite 220	McKinney
1	Pathfinder Pediatric Home Care Inc	318 Briar Rock Road		The Woodlands
1	SSC Marlin Operating Company LLC	318 Chambers Street		Marlin
1	WOODLAND RESOURCES LLC	318 FM 2488		COVINGTON
1	VPS Testing & Inspection Inc	318 N. 16th Street		La Porte
1	Specialist Resources Global Inc	318 Seaboard Lane	Suite 110	Franklin
1	HELI CONSULTING LLC	3180 SCOTCH CREEK RD	UNIT 204	COPPELL
1	Axis Dental	319 TX-36		Gatesville
1	Holistiplan LLC	3193 Chaco Canyon Drive		College Station
1	Orpheus Academy of Music LLC	3198-C Far West Blvd	Ste C	Austin
1	Biostrap USA LLC	32 Water Front Avenue		Lakeway
1	ERBA Solutions LLC	320 DECKER DR STE 100		IRVING
1	Athena Tech Inc	320 Decker Drive, Suite 260		Irving
1	Global Trade & Transport Solutions Inc	320 Lake Trail Court		Double Oak
1	Lockney General Hospital District	320 N. Main St		Lockney
1	Cloud Revolute Inc	320 SINGLETON BLVD STE 1236		Dallas
1	PRESTON WOOD PEDIATRICS LLC	320 W. Beltline Rd	STE 403	CEDAR HILL
1	IPSEC SYSTEMS LLC	3200 14th Street	Suite 414	Plano
1	Familia Dental Midland PLLC	3200 Andrews Hwy Ste 400		Midland
1	Keen Technology Solutions LLC	3200 Balcones Dr		Irving
1	Brazos Valley Cornerstone Christian Academy	3200 Cavitt Ave		Bryan
1	Onx Technologies LLC	3200 Earhart Dr.		Carrollton
1	Kova Products Inc	3200 Earhart Drive		Carrollton
1	Gilbraltar Fabrication LLC	3200 East State Highway 29		Burnet
1	Emerson Process Management Regulator Technologies Inc	3200 Emerson Way		McKinney
1	RPD Technologies LLC	3200 Euell Road		Crosby
1	7-Eleven Inc	3200 Hackberry Road		Irving
1	Novum Energy Trading Inc	3200 Kirby Dr	STE 1000	Houston
1	LUKOIL Pan Americas LLC	3200 Kirby Drive	Suite 900	Houston
1	The WIMR Group LLC	3200 Main Street	Suite 1.2	Dallas
1	Meadow Oaks Education Foundation	3200 Oates Dr		Mesquite
1	TAXACT INC	3200 Olympus Blvd	SUITE 100	Coppell
1	THIRDAI CORP.	3200 SOUTHWEST FWY	STE 3120	HOUSTON
1	LPF PLLC	3200 Steck Avenue	Suite 200	Austin
1	THE GOODMAN CORPORATION	3200 TRAVIS STREET	SUITE 200	HOUSTON
1	Sunrider Manufacturing LP	3201  Challenger Drive		Midlothian
1	iFly Management LLC	3201 Bee Caves Road	Ste. 120, 160247	Austin
1	BRITTS & ASSOCIATES LLP	3201 CHERRY RIDGE	SUITE A104	SAN ANTONIO
1	Britts And Associates, LLP	3201 CHERRY RIDGE ST	SUITE A 104	SAN ANTONIO
1	Britts & Associates, LLP	3201 Cherry Ridge St.	Suite A104	San Antonio
1	KS SYSTEMS LLC	3201 Dallas Pkwy  200, Frisco, TX 75034		Frisco
1	Texas VU LLC	3201 Dallas Pkwy suite 200-318		Frisco
1	SEEDEVICE INC	3201 DALLAS PKWY., SUITE 200		FRISCO
1	Spartan Automotive Technology Providers Inc	3201 Maple Ave	suite 400	Dallas
1	Kural Tech Solution LLC	3201 Mill Ridge Dr		Plano
1	JR New Energy Inc	3201 N Sylvania Avenue Ste 115		FORT WORTH
1	RS Water Holdings LLC	3201 Premier Dr.	Suite 300	Irving
1	PPE LLC	3201 S Blue Bell Rd		Brenham
1	RX Professionals LLC	3201 S Malcolm X Blvd.		Dallas
1	Southern Oaks Healthcare LLC	3202 South Willis Street		Abilene
1	VERTEX ELITE LLC	3202 Suffolk Creek Ln		Katy
1	DENTIST IN BRYAN, PLLC	3203 Freedom Blvd	Suite 400	Bryan
1	BRYAN DENTAL PC	3203 FREEDOM BLVD.	SUITE 400	BRYAN
1	Warefor Solutions LLC	32045 US Hwy 90 Business		Brookshire
1	CONROE INDEPENDENT SCHOOL DISTRICT	3205 W. DAVIS	N/A	CONROE
1	Quick Internet Software Solutions Inc	3206 Earl Rudder Fwy S		College Station
1	Austin Institute for the Study of Family and Culture	3206 Fairfax Walk		Austin
1	Sidrai LLC	3206 Sieber Dr.		Arlington
1	JC Davis Ventures LLC	3207 Funston St		Austin
1	ASHBE TECHNOLOGIES	3208 13th Ave N		Texas City
1	MARCO DISPLAY SPECIALISTS, LP	3209 MARQUITA DR.		FORT WORTH
1	CLOUDCOMMERCE INC	321 6TH STREET		SAN ANTONIO
1	Square One Associates LLC	321 County Road 208A		Cameron
1	Analytics9 Solutions Inc	321 N Central Expy	STE 308	McKinney
1	3E NDT LLC	321 N. 8th Street		La Porte
1	AI Advertising Inc	321 Sixth Street		san antonio
1	Interco Division 10 (Texas) LLC	321 W. Ben White Boulevard	Unit 112A	Austin
1	MMI Inc	3210 Belt Line Road	Suite 154	Farmers Branch
1	Orora Visual LLC	3210 Innovative Way		Mesquite
1	MASA Studio Architects, PC	3211 EDLOE STREET  107		Houston
1	Xtrimkids Academy LLC	3211 W. Grand Parkway		Katy
1	BinSys Brothers Inc	3212 Spring Hill Ln		Plano
1	RCPW Technology LLC	3215 East County Road 120		Midland
1	A&A OPTICAL COMPANY	3215 SKYLANE DRIVE	SUITE 100	CARROLLTON
1	M K Marketing Inc	32150 Hempstead Hwy		Hockley
1	Everest Tech Inc	3216 Desert Shade Bend		Leander
1	CONNECTEK SOLUTIONS LLC	3218 Beltline Rd	SUITE 552	Farmers Branch
1	GIR Software Services LLC	3219 S Sam Houston Pkwy E		Houston
1	XCLUSIVE TRADING INC	322 JULIE RIVERS DR.		SUGAR LAND
1	Exponent Assembly LLC	3220 Commander Dr	Ste 101	Carrollton
1	Friends Insurance Agency II LLC	3222 Spencer Hwy		Pasadena
1	Connectional Council of the Global Methodist Church	3223 S Loop 289	Suite 215	Lubbock
1	SPOTENTIA INC	3223 Shiloh Cliff Lane		Katy
1	Wizards Smoke Shop LLC	3225 Turtle Creek Blvd.	Suite 2202	Plano
1	gindesigns llc	3227 Milam Street		Houston
1	CAC Auto Group Dallas LLC	3227 Skylane Lane	Suite 200	Carrollton
1	Moras Home Care Inc	3228 Southern Dr	Ste. 204	Garland
1	Crisp Industries Inc	323 Energy Way		Bridgeport
1	PedCare, PA	3230 I-30	Suite 100	Mesquite
1	The Broussard Group Inc dba TBG Partners	3232 E Cesar Chavez St bldg 1, Suite 100		Austin
1	Mach 1 Design Inc	3232 McKinney Ave	Suite 500	Dallas
1	ISN Software Corporation	3232 McKinney Avenue	Ste. 1500	Dallas
1	Vsteel Group Inc	3233 Frick Rd		Houston
1	BEPC INC	3240 Executive Dr.	N/A	San Angelo
1	KNOVIQITSOLUTIONS LLC	32407 TAMINA ROAD	SUITE 6	MAGNOLIA
1	Felix Blanco Design LLC	32407 Tasmina Road	Suite C	Magnolia
1	THE 400 PEOPLE INC	3241 CEDAR CREEK TRL		FRISCO
1	USTOSHOP.COM INC	3245 STORY ROAD WEST		IRVING
1	Texas First Industrial Corporation Inc	32473 Morton Road		Brookshire
1	Radiant Infotech Inc	325 N Saint Paul St	STE 3100	Dallas
1	Novigo Solutions Inc	325 N Saint Paul St,	Ste 3100	Dallas
1	The Beneficient Company Group (USA) LLC	325 N Saint Paul St.		Dallas
1	Lirisoft Technologies Inc	325 N St Paul Street	Suite 3100	Dallas
1	National Group Corporation	325 N St. Paul St.	Suite 900	Dallas
1	ECENTA America Inc	325 N ST. PAUL STREET	SUITE 2825	Dallas
1	Head or Tales Inc	325 N. Saint Paul St.	Suite 3100, 2265	Dallas
1	INNOVATIVE HEARING INC	325 N. ST PAUL ST	STE 3100	DALLAS
1	SSARCO OF TX PLLC	325 NORTH ST. PAUL	SUITE 2600	DALLAS
1	Eclat Solutions LLC	325 RR 620 South	Suite 102A	Lakeway
1	America Can	325 W. 12th Street	Suite 250	Dallas
1	Royal Equipment Inc	3250 Pollock Drive		Conroe
1	Lifetime Tennis Inc	3253 Alma Road		McKinney
1	ANN TRUONG LLC	3255 N MAJOR DR	STE C	BEAUMONT
1	EXO GROUP LLC	32628 DECKER PRAIRIE RD	SUITE 1	MAGNOLIA
1	Vertex Software Corporation	3267 Bee Caves Road	Suite 107.83	Austin
1	Capitalogix LLC	327 Martel Lane		Coppell
1	Thinkbyte Consulting INC	3271 S. Stonebridge DR.	Suite 501	McKinney
1	Wheeler Fleet Solutions, Co.	3275 W. Trinity Blvd	Ste 150	Grand Prairie
1	SEPCO PROCESS COMPANY	3290 AVENUE M EXT		CONROE
1	Kmine Technology Ltd	3291 Charles Martin Hall Road		Rockdale
1	Healgen Scientific LLC	330 Barker Cypress Rd		Houston
1	Genprex Inc	3300 Bee Cave Road	Suite 650-227	Austin
1	Stealth Power LLC	3300 Bee Caves RD	650-216	Austin
1	Sharp Cleaning	3300 CHIMNEY ROCK	207	Houston
1	City of Corinth	3300 Corinth Pkwy		Corinth
1	EOS IT Management Solutions Inc	3300 E PECAN ST		PFLUGERVILLE
1	FCM Engineers, P.C	3300 Gessner Rd	Suite 249	Houston
1	Aspen Imaging LLC	3300 Kingswood Street		Houston
1	Beyond Currys LLC	3300 Kirby Drive	Suite 7A	Houston
1	Caton Analytics LLC	3300 N IH-35	Ste. 7009	Austin
1	HYDRIL USA DISTRIBUTION LLC	3300 N SAM HOUSTON PARKWAY E		HOUSTON
1	3S Engineering and Design LLC	3300 North A St. Bldg. 2	Suite 100	Midland
1	Ideabud LLC	3300 North Interstate Hwy 35	STE 700	Austin
1	VusionGroup  Incorporated	3300 Olympus Blvd	Suite 200	Dallas
1	Unicare home Health Service of Tyler	3300 south Broadway suite 208		Tyler
1	SHANGRILA VENTURES LLC	3301 EDLOE ST	SUITE 500	HOUSTON
1	Talley Associates Inc	3301 Elm St	Suite 100	Dallas
1	Gallery of Natural Art LLC	3301 Essex Dr.		Richardson
1	The Arkenstone Ltd.	3301 ESSEX DRIVE		Richardson
1	Atlantic Investment Group LLC	3301 FONDREN RD	STE A	HOUSTON
1	FreshRealm Inc	3301 N. Dallas Avenue		Lancaster
1	NE Houston Smiles, PC	3301 Tidwell Rd	Ste D	Houston
1	Timbergrove Solutions LLC	3302 Canal St.	Ste. 42	Houston
1	Midland Kidney Care PLLC	3302 W Golf Course Rd		Midland
1	DIAMANTRA INC	3303 Northland Drive	Suite 203	Austin
1	Valley Hospitalist Group PLLC	3303 W. Alberta Road		Edinburg
1	Yirmi Enterprises LLC	3304 Cord PL		Aubery
1	ABP OpCo LLC	3304 Essex Drive		Richardson
1	Jasmine Acupuncture, PLLC	3305 Northland Dr	Suite 205	Austin
1	Texas Disposal Systems Inc	3306 FM 1327		Creedmoor
1	Mok, Chang & Company LLC	3306 W Walnut St., Suite 101		Garland
1	Acumera Inc	3307 Northland Dr	Ste. 170	Austin
1	Clear Morning Group LLC	3307 Northland Drive suite 180		Austin
1	Rcloud LLC	3308 Mossy Oak Trl		Pearland
1	Bent Tree Psychiatric Associates	3308 PRESTON RD	SUITE 350 BOX 223	PLANO
1	Client Connect LLC	3308 Preston Road, Suite 350-102		Plano
1	Performance Pulsation Control Inc	3309 Essex Drive	Suite 200	Richardson
1	Guardiar USA LLC	3309 S Kaufman St.		Ennis
1	LCSS Rehabilitation, L.L.P.	331 E. Las Colinas Boulevard		Irving
1	AIRLAND INC	3310 KELLER SPRINGS RD STE 120		CARROLLTON
1	Clarksville Pharmacy LLC	3310 Lamar Ave		Paris
1	Intellibright Corporation	3310 N. Capital of Texas Hwy.	STE 200	Austin
1	Lamacar Inc	3311 Boyington Dr	Suite 400	Carrollton
1	SC Business Solutions Inc	3311 Creekstone Crossing Dr.		Missouri City
1	SGDesign Inc	3311 Elm Street	Suite 105	Dallas
1	APT Holdings LLC	3311 Regent Boulevard		Irving
1	ULYSSES COMMODITIES LLC	3311 RICHMOND AVENUE	SUITE 209	Houston
1	Thomas Roney LLC	3313 W 5th St		Fort Worth
1	OTZ - Americas LLC	3315 Clear Water Park Drive		Katy
1	Plunkett Research, Ltd.	3315 Marquart St.	Suite 209	Houston
1	NuSmile Ltd	3315 W 12th St	N/A	Houston
1	Avan IT LLC	3317 Finley Road	Suite 253	Irving
1	Texas RioGrande Public Defender	331A N Washington St		Beeville
1	Soft9Tech Inc	332 Terra Manor Trail		Georgetown
1	Alamo GS LLC	3320 Oakwell Ct	Ste 103	San Antonio
1	ProteoValent Therapeutics	3320 Purdue Ave		Dallas
1	XSpace Property LLC	3321 Bee Caves Road	Suite 205	Austin
1	ZAIN BUSINESS INC	3329 TELEPHONE ROAD	SUITE G	HOUSTON
1	Cacheaux, Cavazos & Newton, LLP	333 Convent Street		San Antonio
1	SVS IT SYSTEMS INC	333 E Bethany Dr	STE J100	Allen
1	IOTSAFETYSOLUTIONS INC	333 E. Bethany Dr. Building D		Allen
1	HB Trenchless	333 N Sam Houston Parkway	Suite 650	Houston
1	Associated Civil Constructors Inc	333 N. Sam Houston Parkway E.		Houston
1	Allseas USA Inc	333 N. Sam Houston Parkway, East	Suite 950	Houston
1	Webster Surgical Specialty Hospital, LTD dba Houston Physicians Hospital	333 N. Texas Ave		Webster
1	HTX Products LLC	333 NORTHPARK CENTRAL DR	SUITE A	HOUSTON
1	Profrac Services LLC	333 Shops Blvd		Willow Park
1	AVCOMM Technologies Inc	333 West Loop N. Freeway	Suite 460	Houston
1	Ommo Technologies Inc	3330 Earhart Dr	Suite 102	Carrollton
1	National Electric Coil Company, L.P.	3330 East 14th Street		Brownsville
1	National Electric Coil Co., LP	3330 East 14th. St.		Brownsville
1	Baker Engineering and Risk Consultants Inc	3330 Oakwell Court, Suite 100		San Antonio
1	Zewski Corporation	33300 Egypt Lane	Suite K700	Magnolia
1	Institute of Information Technology Inc	33300 Egypt Lane, Suite C100		Magnolia
1	Shell Global Solution (U.S.) Inc	3333 Hwy 6 South		Houston
1	MGA Insurance Company Inc	3333 Lee Parkway	Suite 1200	Dallas
1	BRICKS IT SOLUTIONS INC	3333 LEE PARKWAY TURTLE CREEK	SUITE 600	DALLAS
1	Oudi Wellness International Inc	3333 Preston Rd	STE 104	Frisco
1	AmeriSoft Consulting LLC	3333 Preston Road, Suite 300		Frisco
1	MS Directional LLC	3335 Pollok Drive		Conroe
1	Mariposa Montessori School Inc	3338 Paisano Trail		Austin
1	Club Hill Animal Clinic Inc	3339  Broadway Blvd		Garland
1	PLUTOSOFT TECHNOLOGIES LLC	3339 Black gore creek dr		Katy
1	Clubhill Animal Clinic PLLC	3339 Broadway BLVD		Garland
1	Sutong Tire Resources Inc	33402 HWY-290	Suite A	Hockley
1	EP America Inc	3340A Greens Road	Suite 700	Houston
1	Berry Consultants LLC	3345 Bee Caves Road	Ste. 201	Austin
1	Ulteig Engineers Inc	3350 38th Avenue South		Fargo
1	Encompass Rehabilitation Hospital of Richardson	3351 Waterview Parkway		Richardson
1	Encompass Rehabilitation Hospital of Richardson, TX	3351 Waterview Pkwy		Richardson
1	Change Happens	3353 Elgin Street		Houston
1	Milagro Trading Company Inc	3355 Bee Cave Road	Ste. 304	Austin
1	Veritas Total Solutions LLC	3355 W. Alabama St.	Suite 400	Houston
1	Caseys Appliance LLC	336 4th ST		Graham
1	TEXAS STAR REHAB AND PERFORMANCE CENTER LLC	3365 Regent Blvd, Ste 130		Irving
1	Cosmax NBT USA Inc	3366 Miller Drive		Garland
1	DATANUTTS IT SOLUTIONS INC	337 OAKS TRAIL	SUITE 100	GARLAND
1	Risi Competizione LLC	3371 N. Sam Houston Pkwy W		Houston
1	T&P Florida Inc	3375 S Raider Dr		Hurst
1	SES Group & Associates LLC	339 Cylamen		New Braunfels
1	Goshen Healthcare Services LLC	339 Main Street	Suite 2E	Orange
1	Beaumont Independent School District	3395 Harrison Avenue		Beaumont
1	K & K HOTEL MANAGEMENT LLC	34 N FAZIO WAY		SPRING
1	Pyrolac LLC	340 N Sam Houston Pkwy E	Suite A255	Houston
1	BEYOND SCRIPTS LLC	3400 CARIBOU LANE		MCKINNEY
1	Shane Dowdy Show Horses LLC	3400 Conveyor Drive		Burleston
1	Hyperwater Inc	3400 Oak Grove Ave	3rd Floor	Dallas
1	KLX Energy Services LLC	3400 Post Oak Blvd		Houston
1	inGRIT LLC	3400 Research Forest Drive	B-7	The Woodlands
1	AC Printing LLC	3400 S Raider Drive		Euless
1	Perio Health Professionals, PLLC	3400 S. Gessner Road	Ste. 102	Houston
1	FAME PBX LLC	3400 SILVERSTONE DR STE 110		Plano
1	EXFO America Inc	3400 Waterview Parkway	Suite 100	Richardson
1	HBS Systems Inc	3400 Waterview Pkwy	Ste 300	Richardson
1	GOTHINKERS TECH LLC	3401 CUSTER RD, STE 167		Plano
1	Effica Technologies Inc	3401 Custer Road, Suite 106		Plano
1	XZ Electric Vehicles LLC	3401 Navigation Blvd		Huston
1	Litex Industries, Limited	3401 West Trinity Boulevard		Grand Prairie
1	Radhika Dental Care, PLLC	3403 Louetta Road, STE  B		Spring
1	Texas Mandarin Corp	3405 Custer Road	300	Plano
1	AG IT SOLUTIONS LLC	3408 HARPER STREET		OAK POINT
1	Uhnder Inc	3409 Executive Center Drive	Suite 205	Austin
1	Oceanus Maritime Services LLC	341 Columbia Memorial Pkwy	Suite A	Kemah
1	Midwestern State University	3410 Taft Boulevard		Wichita Falls
1	The Dinerstein Companies	3411 Richmond Avenue	Suite 500	Houston
1	MOTOBUYS LLC	3414 Herrmann Dr	Suite 120	Garland
1	Software Bloc LLC	3415 Custer Road ,	Suite 187	Plano
1	PM Multi Services LLC	3416 Lynbrook Drive		Plano
1	Vantage Discovery Inc	3416 Tarlton Lane		Austin
1	Irie Technologies LLC	3420 Eldorado Pkwy	Suite 1	McKinney
1	Suppli Inc	3420 Executive Center Dr	Ste 205	Austin
1	Ordinary Architecture Practice LLC	3420 Rusk St.	Suite 43	Houston
1	Solstice Southwest LLC	3421 Story Rd W		Irving
1	Pragmatech LLC	3424 Kirkfield Ct		The Colony
1	PMY ETS (USA) Inc	3424 Midcourt Rd	Suite 124	Carrollton
1	DESIGNPLEX BIOMEDICAL LLC	3425 CLAYTON ROAD E		FORT WORTH
1	Triad Oilfield Underwriters	3425 Highway 6, Suite 102		Sugar Land
1	Marichi Health PLCC	3427 Trinity Mills Rd	Ste 800	Dallas
1	MNM Innovations LLC	3430 Norwich Gardens Ln		Fulshear
1	Baylor Research Institute	3434 Live Oak St		Dallas
1	MINEOLA DENTAL	344 NW LOOP 564, SUITE  400		Mineola
1	Western Cabinets Inc	3444 Morse Drive		Dallas
1	Sushkap Dental PLLC	3448 Gulf Fwy.		Dickinson
1	Nederland Smiles PC	3448 Palmer Hwy		Texas City
1	Adobe Inc	345 Park Avenue		San Jose
1	HARMONY SCHOOL OF INNOVATION-BROWNSVILLE	3451 DANA AVENUE		BROWNSVILLE
1	The Himalayan Academy LLC	3455 N. Beltline Road, Suite 203		Irving
1	Global Technical Services Inc	3455 NE Loop 820		Fort Worth
1	Crossroads Church Seguin Inc	3455 US Hwy 90W		Seguin
1	Jasanis International Inc	34599 US Hwy 96 S		Buna
1	GOODS ON DEMAND LLC	3464 RANCH ROAD 620 S.		BEE CAVE
1	SVTronics Inc	3465 Technology Drive		Plano
1	Nelson Nunez DMD PLLC	347 County Road 4001		New Boston
1	Invences Inc	3470 N Josey Ln	STE 246	Carrollton
1	Paramount Surgicals Inc	3475 West Alton Gloor Blvd.	Ste. B	Brownsville
1	Napa Valley HOA Inc	3477 Reeves St.	Ste. 1A	Houston
1	Fives Cryo Inc	348 Garden Oaks Boulevard		Houston
1	Bloomfield Robotics	3485 Butler St.		Pittsburgh
1	Wellmart Heartlab INC	349 E Las Colinas Blvd	Suite C	Irving
1	AWNSolution LLC	3490 US Highway 1	Suite 109	Princeton
1	Principal Lightning Group LLC	3490 Venture Dr.	Suite 101	San Angelo
1	Jamail & Smith Construction, LP	350 Glenborough Drive	Suite 180	Houston
1	HKS Inc	350 N Saint Paul Street	Suite 100	Dallas
1	Apex Fintech Services LLC	350 N St. Paul St	Ste. 1300	Dallas
1	EVOLVE COLLECTIVE LLC	350 NURSERY ROAD	SUITE 5102	SPRING
1	Baylor University Medical Center	3500 Gaston Avenue		Dallas
1	Rutherford, Taylor & Company, PC	3500 Joe Ramsey Blvd. E		Greenville
1	Texoma Christian School	3500 W. Houston St.		Sherman
1	Watt & Well USA Inc	3500 Washington Avenue	Ste. 100	Houston
1	JBW Group LLC	3501 Horace Avenue		Keller
1	Island Technology Inc	3501 Olympus Boulevard	Suite 350	Coppell
1	Funimation Global Group LLC	3501 Olympus Dr.	Ste. 400	Coppell
1	Gallagher Construction Services	3501 Token Drive	Suite 100	Richardson
1	BROWNSVILLE PHARMACY 4 LLC	3503 BOCA CHICA BLVD	SUITE 1	BROWNSVILLE
1	Addis Pharmacy Inc	3505 S Mayhill Road	Suite 101	Denton
1	AUDUBON COMPANIES LLC	3505 W SAM HOUSTON PARKWAY N	SUITE 150	HOUSTON
1	AUDUBON CONSTRUCTION SOLUTIONS LLC	3505 W SAM HOUSTON PKWY N	STE 150	HOUSTON
1	Siyatech Consulting Inc	3507 Cherokee Cove		San Antonio
1	Medical Forefronts Management Solutions LLC	3507 N. Lamar Blvd.	302828	Austin
1	Rankin Roofing & Solar LLC	3507 Raider Drive		Hurst
1	Fort Worth Periodontal Specialists	3509 Hulen Street	Suite 205	Fort Worth
1	Telerapp LLC	3509 Lannister Lane		Houston
1	Sri Shakthi IT Services LLC	3512 Ashley Gardens		The Colony
1	Levels Health Inc	3512 Montopolis Drive	STE PMB 63877	Austin
1	WELDTONE USA LLC	3512 Orion Ct.		Flower Mound
1	Hassle International Corporation	3512 Paesanos Parkway	Suite 100	San Antonio
1	Yotta Energy Inc	3512B Montopolis Dr.		Austin
1	RSM Technologies LLC	3513 Osage River Trl		Prosper
1	LedgerSpace LLC	3515 LONGMIRE DR	STE 157	COLLEGE STATION
1	J.M. TORRES & ASSOCIATES LLC	3515-B LONGMIRE DRIVE, PMB 147		COLLEGE STATION
1	Avesta Homes LLC	3517 N Hills Dr		Austin
1	Rex Team General LLC	3517 North Hills Drive		Austin
1	DELIGHT DENTAL PLLC	3524 Hwy. 6		Sugar Land
1	Delineator Design LLC	3525 Cedar Springs Rd	Suite 105	Dallas
1	Satellink Inc	3525 Miller Park Drive		Garland
1	SUNNY COLLISION & REPAIR LLC	3527 LOUETTA RD		SPRING
1	R Cube Creative Consulting Inc	3528 Venezia Vw		Leander
1	PRICE & COMPANY  INC	3530 W Cardinal Dr		Beaumont
1	Childrens Physician Services of South Texas	3533 South Alameda	Furman 203	Corpus Christi
1	DRISCOLL CHILDRENS HOSPITAL	3533 South Alameda St.		Corpus Christi
1	Childrens Physician Services of South Texas (CPSST)	3533 South Alameda, Furman  203		Corpus Christi
1	Northshore Sports Club LLC	3535 Briarpark Dr.	Suite 218	Houston
1	SDVS Technologies LLC	3535 Firewheel Dr	STE 109	Flower Mound
1	Sage IT Inc	3535 Victory Group Way  4		Frisco
1	Zinc LLC	3536 Hwy 6 South	Suite 158	Sugar Land
1	Cherish Home Care Network Inc	3538 W. Walnut St		Garland
1	Amwon LLC	355 W 3rd St		Fort Worth
1	GCorp International Inc	3550 Parkwood, Building E	Suite 501	Frisco
1	New Generation Restaurant Group LLC	3550 Regent Blvd.	Suite 100	Irving
1	OMICRON electronics Corp. USA	3550 Willowbend Blvd		Houston
1	Giga Energy Inc	35529 US HWY 96 S		Buna
1	Anion Marketing LLC	3569 Timberland Place		Frisco
1	LUPARELLOS CORNER PHARMACY LLC	3570 FANNETT RD		BEAUMONT
1	Avtal Inc	3571 Far West Blvd	4100	Austin
1	Dallas Renal Group	3571 W. Wheatland Road	Ste 101	Dallas
1	Galaxy3 Corp Inc	3575 Lone Star Cir	Suite 309	Fort Worth
1	ROBERT WYATT CONTRACTING LLC	3575 Lone Star Circle, Suite 430		FORT WORTH
1	Kuka Sleep Inc	3584 Mountain Creek Pkwy		Dallas
1	Schlumberger Technology Corporation	3600 Briarpark	3rd Floor	Houston
1	Pathologists Bio-Medical Laboratories, PLLC	3600 Gaston Avenue	Suite 261	Dallas
1	Ohio River Laboratories LLC/iPath LLC	3600 S Gessner Road	Suite 110	Houston
1	Vroom Automotive	3600 W. Sam Houston Parkway South	4th Floor	Houston
1	TEXAS TECH UNIVERSITY HEALTH SCIENCES CENTER	3601 4TH STREET, MS8165	IMMIGRATION COMPLIANCE & SERVICES	LUBBOCK
1	Natural Polymer International Company	3601 E Plano Parkway	Suite 150	Plano
1	Smith Industries LLC	3601 E State Highway 158		Midland
1	Natural Polymer International Corporation	3601 East Plano Parkway	Suite 150	Plano
1	Nucor Steel Memphis Inc	3601 Paul R Lowry Rd		Memphis
1	LnderLab Inc	3601 S Congress	Suite C304	Austin
1	Blue Orca LLC	3601 S Congress Ave	Ste D101	Austin
1	Vital Farms Inc	3601 S. Congress	Ste. C-100	Austin
1	Living Security Inc	3601 S. Congress Avenue	Suite D100	Austin
1	CertifID Inc	3601 South Congress Avenue	Suite D200	Austin
1	Whittenburg and Strange PC	3602 Slide Road	Suite 32	Lubbock
1	WEDOCLEVER LLC	3605 Yucca Dr  104		Flower Mound
1	Tysonite Partners LLC	3607 George Washington Lane		Missouri City
1	Project Vida Health Center	3607 Rivera Avenue		El Paso
1	CLOUDPIVIT TECHNOLOGIES LLC	3608 EASY MONEY ST.		LEANDER
1	Global Energy Services Alliance INC	3609 Co Rd 55 A		Corpus Christi
1	Global Energy Service Alliance INC	3609 Co Rd 55A		Corpus Christi
1	Link Right Media Inc	3609 Smith Barry Road  101		Pantego
1	GENESIS 1 1 LLC	3610 SHIRE BOULEVARD	SUITE 212	RICHARDSON
1	Guadalupe Valley Telephone Cooperative Inc	36101 FM  3159		New Braunfels
1	Worldtech IT LLC	3612 Thompson St, Suite  2		Austin
1	Covenant Medical Center	3615 19th Street		Lubbock
1	Talkwalker Inc	3616 Far West Blvd.	Suite 117 419	Austin
1	Aunt Bertha, a Public Benefit Corporation	3616 Far West Boulevard	Suite 117-454	Austin
1	Triphop Inc	3617 Brewster Dr	Suite 2	Plano
1	ReachNett Consulting Inc	3620  N. Josey Lane,  Suite 113		Carrollton
1	INTUNE SYSTEMS INC	3620 N JOSEY LN	SUITE 220C	CARROLLTON
1	Arisma Group LLC	3620 N. Josey Ln	Suite 210	Carrolton
1	Dental Health Associates of Texas PC	3620 Ranch Rd 620 S	Suite 280	Bee Cave
1	Omni Powertrain Technologies LLC	3620 West 11th Street		Houston
1	SHARANGASOLUTIONS LLC	3621 JENNIFER DRIVE		FLOWER MOUND
1	Cellbae Inc	3622 Slocum Hill Drive		College Station
1	GKD INDEX PARTNERS LLC	3625 N. HALL STREET	SUITE 1200	DALLAS
1	MOATECH STAFFING INC	3626 N BELT LINE RD		IRVING
1	Moatech Inc	3626 N Beltline Road		Irving
1	SB International Inc	3626 N. Hall Street	Suite 910	Dallas
1	Wisefolks Technologies Inc	3626 North Hall St	Suite 610	Dallas
1	Anthony Innovations LLC	3626 North Hall St.		Dallas
1	Delaware North America LLC	3626 North Hall St. (Two Oak Lawn)	Suite 610	Dallas
1	Reimagine LLC	3626 North Hall Street	Suite 406	Dallas
1	Trago Tech Inc	3626 North Hall Street (Two Oak Lawn)	Suite 610	Dallas
1	VALUE CREED LLC	3629 Curbstone Way		Plano
1	KARV IT SOLUTIONS LLC	363 N SAM HOUSTON PKWY  E	SUITE 1100	HOUSTON
1	M&K CPAS, PLLC	363 N. Sam Houston Parkway E.	Suite 650	Houston
1	The Society for Certified Insurance Counselors	3630 North Hills Drive		Austin
1	A Fairchild LLC	3630-2 North Josey Lane, Suite 212		Carrollton
1	POWER PLUMBING LLC	36310 HEMPSTEAD ROAD		HOCKLEY
1	Lone Star Restoration & Construction LLC	3635 Willowbend Blvd	Suite 318	Houston
1	Crawford Consulting SDC	3636 Executive Center Drive	Suite 201	Austin
1	YPW Spanish Immersion School LLC	3640 Bee Cave Rd		Austin
1	Ultraflote LLC	3640 W. 12th St.		Houston
1	Pediatric Advanced Life Services Home Health LLC	3640 W. Waco Drive		Waco
1	Prime Physicians PA	3648 Cypress Creek Parkway	Suite 240	Houston
1	PERCHERON HEALTHCARE INC	3650 S INTERSTATE 35 E		WAXAHACHIE
1	ACE Dental02 PC	3650 W Stan Schuetler Loop	Suite 160	Killeen
1	Saivi Dental PLLC	3654 N Belt Line Rd		Irving
1	GEX Management Inc	3662 W Camp Wisdom Road	Suite 2044	Dallas
1	Searce Inc	3663 North Sam Houston Parkway East	Suite 600	Houston
1	BUILDERS DEPOT DIRECT	3664 Walnut Bend Ln	Building A	HOUSTON
1	NeuKloud Inc	370 S State Highway 121 N	Suite 105	Coppell
1	Globe Life and Accident Insurance Company	3700  S. Stonebridge Drive		McKinney
1	Kuraray America Inc	3700 Bay Area Blvd.	Suite 680	Houston
1	Bowie House LLC	3700 Camp Bowie Blvd		Fort Worth
1	LOWER COLORADO RIVER AUTHORITY	3700 LAKE AUSTIN BLVD	MAIL STOP S520	AUSTIN
1	Get Sales Inc	3700 N Capital of Texas Highway		Austin
1	Shipping Easy Inc	3700 N Capital of TX Hwy	Suite 550	Austin
1	CS Disco Inc	3700 N. Capital of Texas Highway, Ste. 150		Austin
1	Hydromax USA	3700 River Walk Dr.	Ste. 145	Flower Mound
1	FivePoint Credit Union	3700 Skyline Dr.		Nederland
1	Leading Edge Solutions LLC	3700 Standridge Dr	STE 104	The Colony
1	Exmar Offshore Company	3700 W. Sam Houston Parkway South	Suite 300	Houston
1	RSIT Systems Inc	3700 Wagon Wheel Dr		Richardson
1	Stone Mountain Management LLC	3701 Briarpark Dr	Ste 300	Houston
1	Estech Systems Inc	3701 East Plano Parkway		Plano
1	PIPING TECHNOLOGY & PRODUCTS INC	3701 HOLMES ROAD		HOUSTON
1	HEALTH CARE FOR SPECIAL POPULATIONS	3701 KIRBY DRIVE	SUITE 1133	HOUSTON
1	Marin USA Inc	3701 Kirby Drive, Suite 740,		Houston
1	Babtex Inc	3701 New York Avenue	Suite 140	Arlington
1	TekVizion PVS Inc	3701 W. Plano Parkway, Suite 300		Plano
1	Bethany Lutheran Church of Austin Texas	3701 W. Slaughter Ln.		Austin
1	Dakota Stormer	3702 Ascot		Houston
1	Butler & Burns, Ear, Nose & Throat Associates	3705 Medical Pkwy Ste 320		Austin
1	CLGANN LLC	3708 NORMAN LOOP		ROUND ROCK
1	Garza Food Ventures LLC	3708 Woodbury Drive		Austin
1	BRACTLET INC	3709 Promontory Point Drive	Suite B209	AUSTIN
1	Tricentis USA Corp	3711 South MoPac Expressway	Building 2, Suite 40	Austin
1	ROYAL INDEPENDENT SCHOOL DISTRICT	3714 FARM TO MARKET 359	N/A	PATTISON
1	Brookstone Construction	3715 Dacoma Street		Houston
1	C2 Global Professional Services LLC	3716 North Cynthia Lane		McAllen
1	Roberts Recycling LLC	3717 Saturn Road		Corpus Christi
1	Covenant Medical Group	3719 22nd St		Lubbock
1	RAK SPOT INFOTECH LLC	3720 NW LOOP 410		San Antonio
1	Bolt Solutions Inc	3721 Executive Center Drive	Suite 100	Austin
1	VAPE VORTEX LLC	3721 MALL DR.		TEXARKANA
1	Dhanya Infotech LLC	3721 S Stonebridge Dr.	Ste. 1403	McKinney
1	DELTA SYSTEM &SOFTWARE INC	3721 S STONEBRIDGE DRIVEV	SUITE 301	MCKINNEY
1	GLOBAL IT SOLUTIONS INC	3721 S STONERIDGE DRIVE	SUITE 402	MCKINNEY
1	NU TECHNOLOGY INC	3721 S. STONEBRIDGE DR.	UNIT 1403	MCKINNEY
1	ROTATIONNETWORK INC	3721 Stonebridge Drive	Suite 903	McKinney
1	Nourish Inc	3724 Jefferson St.	Suite 104	Austin
1	Roman Catholic Diocese of Dallas	3725 Blackburn Street		Dallas
1	Capsum Inc	3725 S FM973		Del Valle
1	Lonestar Education and Research Network	3726 20th St.		Lubbock
1	ORBIT FINANCING INC	3727 GREENBRIAR DR.	SUITE 203	STAFFORD
1	Aspen Manufacturing LLC	373 Atascocita Rd		Humble
1	Kstreet International Inc	3730 North Mason Road	Suite D	Katy
1	EWS Texas Inc	3733 Flory Street		N. Richland Hills
1	VME Process Solutions LLC	3733 Shiloh Road		Tyler
1	Ampol US Management Services LLC	3737 Buffalo Speedway Services LLC	Suite 630	Houston
1	NOVEDEA SYSTEMS INC	3737 MAPLESHADE LN	SUITE 101	PLANO
1	Valtech Solutions Inc	3737 Yosemite Drive		Plano
1	XPEL Inc	3738 Haggar Way	Suite 104	Dallas
1	Valley Healing Hands LLC	374 Sagua La Grande		Brownsville
1	UNIQUES TECHNOLOGIES INC	3740 Josey Lane	Suite 250	Carrollton
1	Calabitek Inc	3740 N Josey Suite 214		Carrollton
1	MAZ RETAIL CORP	3741 Dean Circle		San Antonio
1	Sarsai Inc	3750 Cathedral Lake Dr		Frisco
1	El Centro del Barrio	3750 Commercial Avenue		San Antonio
1	Lucifer Lighting Company	3750 North PanAm Expressway		San Antonio
1	Omnisource United Inc	3750 S Watson Rd	Suite 100	Arlington
1	Spacee Inc	3752 Arapaho Rd		Addison
1	BRD Gifts Inc	3755 Marquis Dr	Ste 101	Garland
1	VYOPTA INCORPORATED	3755 S. CAPITAL OF TEXAS HWY	SUITE 340	AUSTIN
1	Sagiant Tech Solutions Inc	376 Pisa lane		Georgetown
1	Cross Sense Analytics LLC	376 W Main St	Suite F	Lewisville
1	ITBUILD Solutions	3770 Riverwalk Dr.	Suite 280	Flower Mound
1	Unico Retail LLC	3773 Richmond Ave	SUITE 565	HOUSTON
1	Safran Electrical & Power USA LLC	3790 Russell Newman Boulevard		Denton
1	Coastal Bend College	3800 Charco Road		Beeville
1	Radia Enterprises Inc	3800 Juniper Street		Houston
1	Yuvan LLC	3800 Main St.	Suite 100	The Colony
1	ALM First Analytics LLC	3800 Maple Ave	Ste. 600	Dallas
1	University of St. Thomas	3800 Montrose Blvd.		Houston
1	Digital Pharmacist Inc	3800 N. Lamar Blvd.	Ste. 320	Austin
1	Nousot Inc	3800 N. Lamar Boulevard	Suite 350	Austin
1	Auctane LLC	3800 North Lamar Blvd	Suite 220	Austin
1	Ninja Partners LLC	3800 Taylor Street		Dallas
1	Beyond Engineering and Testing LLC	3801 Doris Lane, Suite B		Round Rock
1	American Cement Advisors Inc	3801 Foust Rd		Brownsville
1	CORTEC PRECISION SHEETMETAL INC	3801 HELIOS WAY		PFLUGERVILLE
1	FORT WORTH MEAT PACKERS LLC	3801 N GROVE ST		FORT WORTH
1	Eyelit Corp	3801 Parkwood Blvd	Ste. 300	Frisco
1	ScaleView Partners	3801 S Capital of Texas Hwy	Suite 280	Austin
1	D4C OF TEXAS, PLLC	3801 S. Cooper Street	Suite 109	Arlington
1	Saso Consulting LLC	3801 W Spring Creek	Unit 1322	Plano
1	Finovient LLC	3803 Elaine Dr.		Wylie
1	RAKIB ENTERPRISE INC	3810 BOGOTA DR		PASADENA
1	Healgen Scientific Limited	3818 Fuqua Street		Houston
1	Aquilasys Inc	3819 Dogwood Canyon lane		Sugar Land
1	Kalehua Capital Management LLC	3819 Maple Avenue		Dallas
1	Mesquite Independent School District	3819 Towne Crossing Blvd		Mesquite
1	CPH STRUCTURAL ENGINEERING INC	38207 FM 1774	SUITE A	MAGNOLIA
1	Presario Ventures LLC	3821 Juniper Trace	Ste 207	Austin
1	SafeIT Consulting LLC	3822 Hollow Way	491	Carrollton
1	Technokraft consultancy services LLC	3824 Cedar Springs Rd  801-7142		Dallas
1	Derek B. Grant DVM PC	3825 NW Stallings Dr		Nacogdoches
1	Trinity Media Solutions LLC	3825 Quanah Hill Rd	Unit 3	Weatherford
1	TALYA MINTZ DDS PA	3828 West Davis Street	Suite 310	Conroe
1	Beyond Smiles, PLLC	3830 McCullough Avenue	Ste 300	San Antonio
1	Dental Practice Stewards PLLC	3832 Pine Valley Dr		Plano
1	Peblo Technologies LLC	3835 Co Rd 175	Unit 910	Leander
1	AAPMOR INC	3837 Birchmont Dr		Flowermound
1	Momentum Technologies Inc	3838 Dugas Road		Aubrey
1	Calavaras Creek Healthcare LLC	3838 E. Southcross Blvd.		San Antonio
1	Structural Engineering Associates Inc	3838 NW Loop 410		San Antonio
1	Frost Bank	3838 Rogers Road		San Antonio
1	Edison Systems Group LLC	3839 Covedale Blvd		Frisco
1	Day One Ventures Management LLC	3839 McKinney Avenue	Ste 155-5070	Dallas
1	Kings City Church Inc	3839 Weslayan Street		Houston
1	Ubiquitous Labs	3843 50th Street	Suite B	Lubbock
1	Paris Dentistry PLLC	3844 Lamar Ave		Paris
1	South Padre Island Pediatrics Center, PLLC	3845 S Padre Island Dr.		Corpus Christi
1	MEDIXSOFT INC	385 W. Main St.	Suite 100	Lewisville
1	Pecos County Memorial Hospital	387 W IH 10		Fort Stockton
1	ASA PROPERTIES LLC	387 W. MILL STREET		NEW BRAUNFELS
1	Komatsu/Rangel Inc	3880 Hulen St	Ste 300	Fort Worth
1	Essential Endodontics, P.A.	3880 Hulen Street	Suite 310	Fort Worth
1	Adi Worldlink LLC	3880 Parkwood Blvd	Ste 204	Frisco
1	Dr Kanagarla and Associates PLLC	3882 S Clack Street		Abilene
1	Swan Anugamini Consulting LLC	3883 Westmart Drive	Suite 238	Houston
1	Oilfield Steel Supply LLC	38839 Spur 149 Road		Magnolia
1	Maple Multi-Family Operations LLC	3889 Maple Avenue	Suite 200	Dallas
1	4b technology group LLC	390 GLENBOROUGH DR STE 290		Houston
1	CNMK Texas Properties LLC	3900 Dallas Parkway	Suite 500	Plano
1	Mohle Adams	3900 Essex Ln	Ste 1000	Houston
1	Aruna LLC	3900 S. Stonebridge Dr	Ste 102	McKinney
1	RECRUITING MINDS INC	3900 S. Stonebridge Drive	Suite 802	McKinney
1	The University of Texas at Tyler	3900 University Blvd.		Tyler
1	Samuel Jackson Inc	3900 Upland Avenue		Lubbock
1	Groove Jones LLC	3900 Willow Street, Suite 200		Dallas
1	Medical City Plano	3901  West 15th Street		Plano
1	BAYLOR TECHNOLOGIES LLC	3901 ARLINGTON HIGHLANDS BLVD	SUITE 200	ARLINGTON
1	CMS Rehab of W.F., LLP	3901 Armory Rd		Wichita Falls
1	Discovery Montessori Academy	3901 W Park Blvd		Plano
1	Kirchhoff Automotive Dallas Inc	3901 W. Miller Road	Suite 500	Garland
1	KCMP MSO LLC	3901-A Spicewood Springs	Suite 201	Austin
1	AMPEERS LLC	3902 EMERALD FALLS DR		HOUSTON
1	Indo-MIM Inc	3902 SW 36th Street	Bldg 101	San Antonio
1	W.I.S.E. Financial LLC	3903 Bellaire Blvd Ste E		Houston
1	Matrix Software Technology LLC	3903 Bellaire Blvd Suite E-109		Houston
1	A6 Scientific Corp.	3903 Bellaire Blvd.	Suite E	Houston
1	EN-FAB INC	3905 JENSEN DR		HOUSTON
1	Multani Veterinary Clinic PLLC	3906 Broadway Ave		Haltom
1	Dallas Theological Seminary	3909 Swiss Avenue		Dallas
1	Equine and Animal Health Inc	391 Newman Lane		Weatherford
1	NemaLife Inc	3911 4th St		Lubbock
1	ALVA MADISON INC	3915 KIRBY DR		HOUSTON
1	ONE STOP HOME IMPROVEMENT SOLUTIONS INC	3919 FAIRMONT PARKWAY	226	PASADENA
1	DRAW Academy Inc	3920 Stoney Brook Drive		Houston
1	Verastro Inc	3921 Long Prairie Rd	Building 5	Flower Mound
1	Blue Box Air LLC	3927 Main Street	Suite 130	Dallas
1	Geophysical Technology Inc	3928 Bluebonnet Drive		Stafford
1	NEC CORPORATION OF AMERICA	3929 W JOHN CARPENTER FWY		IRVING
1	NEC ENTERPRISE COMMUNICATION TECHNOLOGIES INC	3929 W. JOHN CARPENTER FREEWAY		IRVING
1	Quality Star Products, Ltd.	3930 Miller Park Drive		Garland
1	Acrisure LLC	3933 Elm St		Dallas
1	Genicook Product LLC	3933 Leon Rd	Ste 306	Garland
1	CPI HOLDINGS LLC	3934 CYPRESS CREEK PKWY	SUITE 205	HOUSTON
1	JDCQ SOLUTIONS LLC	3939 BELT LINE ROAD	SUITE 350	ADDISON
1	FUJIFILM Diosynth Biotechnologies Texas LLC	3939 Biomedical Way		College Station
1	The Housing Authority of the City of Dallas, Texas	3939 N Hampton Road		Dallas
1	Upward Innovations LLC	3939 US Highway 80 E	Ste 143E	Mesquite
1	FUJIFILM Diosynth  Biotechnologies Texas LLC	3940 FujiFilm Way		College Station
1	FREIGHT LINK LLC	3941 FM 362 RD	N/A	Brookshire
1	Sunflower Construction LLC	3948 Sunflower Ln		Plano
1	Level Commercial Inc	3949 Ann Arbor Dr.		Houston
1	GRADIENTBASE SOLUTIONS INC	3949 River Bend St		McKinney
1	Benuvia Therapeutics LLC	3950 N. Mays Street		Round Rock
1	Allvue Systems	396 Alhambra Circle	Suite 1100	Coral Gables
1	Plycem USA LLC	396 W Greens Road	Suite 300	Houston
1	Giant Cement Company	396 W. Greens Road	Suite 300	Houston
1	INSTIL BIO INC	3963 Maple Ave	SUITE 350	DALLAS
1	HOYA Optical Labs of America Inc	397 TX-121		Lewisville
1	NexTier Completion Solutions Inc	3990 Rogerdale Road		Houston
1	BrandOps Inc	4 Ehrlich		Austin
1	SANDSRX LLC	4 REGENCY DRIVE		WYLIE
1	GEO ENVIRONMENTAL CONSULTANTS INC	40 LYERLY STREET		HOUSTON
1	Lucchese Inc	40 Walter Jones Boulevard		El Paso
1	FORT BEND FAMILY HEALTH CENTER	400 AUSTIN STREET		RICHMOND
1	XCEL DIGIT INC	400 Bethel Rd	Suite 100	Waxahachie
1	RESTORE MASTERS CONTRACTING LLC	400 E LAS COLINAS BLVD STE  1050	SUITE 1050	IRVING
1	IT Ridge Inc	400 E Royal Ln Building Three	Suite 290	Irving
1	GENESIS INFORMATION TECHNOLOGY & SERVICES LLC	400 E Royal Ln, Building 3	Suite 290	Irving
1	SSTech LLC	400 E Royal Ln, Building Three	Suite 290	Irving
1	Srisys LLC	400 E Royal Ln, Suite 290		Irving
1	Legion Advertising, L.L.C.	400 East Las Colinas Blvd	Suite 640	Irving
1	DISCOVER TECHNOLOGIES INC	400 EAST ROYAL LANE BUILDING 3 OFFICE 59	SUITE 290	IRVING
1	Echo IT Solutions Inc	400 East Royal Lane, Building   3	Ste 290	Irving
1	Innovise Technology Inc	400 East Royal Lane, Building 3, Suite 290		Irving
1	N&A Project Management USA Inc	400 Mann St	Ste 703	Corpus Christi
1	Big Battery LLC	400 Maple St		Commerce
1	AIM Texas Trading LLC	400 N Saint Paul Street	Suite 450	Dallas
1	PulseForge Inc	400 Parker Dr	Suite 1110	Austin
1	CoachAlgo LLC	400 Promenade Way	Suite 1200	Sugar Land
1	Gigabit Fiber (f/k/a Innercity Fibernet LLC)	400 S Akard	Suite B1-140	Dallas
1	DESHAZO GROUP INC	400 S Houston St	STE 330	Dallas
1	Live Oak Classical School	400 S. 4th St.		Waco
1	East Texas Border Health Clinic	400 S. Alamo		Marshall
1	Richardson Independent School District	400 S. Greenville Avenue		Richardson
1	Databank Holdings, Ltd.	400 South Akard Street	Suite 100	Dallas
1	TOT BABY CORPORATION	400 SOUTH RECORD STREET		DALLAS
1	Cloudscouts Software Solutions LLC	400 Stonebrook Parkway	Suite 1003	Frisco
1	TEKSERVS CONS LTD CO	400 Stonebrook Parkway,  202		Frisco
1	Exafluence Inc	400 Stonebrook Pkwy	Suite 905	Frisco
1	TECK DYNAMICS CONSULTING LLC	400 Wellington Ct		Southlake
1	Silicon Laboratories Inc	400 West Cesar Chavez		Austin
1	Core Pacific Inc	4000 Leland Street		Houston
1	City of Rowlett	4000 Main Street		Rowlett
1	AUSTIN INDEPENDENT SCHOOL DISTRICT	4000 S IH 35 Frontage Road, 8th Floor		AUSTIN
1	AUSTIN INTERNATIONAL SCHOOL ASSOCIATION	4001 ADELPHI LANE		AUSTIN
1	Velocity Tech Inc	4001 Airport Freeway	Ste 560	Bedford
1	Cates Control Systems Inc	4001 E Plano Pkwy	Suite 500	Plano
1	G6 Hospitality LLC	4001 International Parkway		Carrollton
1	M&M Manufacturing Inc	4001 Mark IV Parkway		Forth Worth
1	ELCOTECH SOLUTIONS INC	4001 McEwen Rd,	Ste 460,	Dallas,
1	SRD Infotek Inc	4001 MCEWEN ROAD	SUITE 414	DALLAS
1	Blazer Building Texas LLC	4001 W. Sam Houston Pkwy N	100	Houston
1	Fairmont Pediatrics & Associates	4002 Burke Road	Suite 200	Pasadena
1	Highline Supplies Inc	4002 W MILLER RD	STE 120	GARLAND
1	POSITIVE STEPS INC	4003 Griggs Rd		Houston
1	Pride Pharmacy-Carlisle LLC	4003 Lemmon Ave		Dallas
1	Symphonic Source Inc	4004 Beltline Road	Ste 120	Addison
1	Trajectory Ventures LLC	4005 Guadalupe Street		Austin
1	Roadclipper Enterprises	4006 FM 3417		Pleasant
1	Carlin Wealth Management Group LLC	4006 N Lamar Blvd		Austin
1	EnvriroCal Inc	4006 Windsong Trail		Houston
1	Envirocal Inc	4006 Windsong Trl		Houston
1	WB BRANDS LLC	4007 GREENBRIAR DR.	SUITE D	STAFFORD
1	CLOUDWORKS INC	4009 NIGHTINGALE ST		CELINA
1	MARKHAM FRISCO LLC	4009 OLD DENTON RD	SUITE 114-238	CARROLLTON
1	Maxwell Locke & Ritter LLP	401  Congress Avenue, Suite 1100		Austin
1	Capacity of Texas Inc	401 Capacity Drive		Longview
1	Architectural Surfaces Group LLC	401 Center Ridge Drive	Suite 100	Austin
1	Salcedo Group Inc	401 College Street		Grand Prairie
1	Vista Equity Partners Management LLC	401 Congress Ave	Ste 3100	Austin
1	EtiVenture Inc	401 E Sonterra Blvd	Suite 375	San Antonio
1	Authentica Solutions Inc	401 East Sonterra Blvd.		San Antonio
1	Authentica Solutions LLC	401 East Sonterra Boulevard	Suite 375- 3208	San Antonio
1	Kemah Family Dental PC	401 FM 518	Ste A	Kemah
1	Xecta Digital Labs, Ltd.	401 Franklin Street	Suite 1410	Houston
1	Cowtown Materials Inc	401 Garden Acres Drive		Fort Worth
1	Corgan Associates Inc	401 North Houston Street		Dallas
1	Americanstar Mattress LLC	401 Precision Dr.		Waco
1	Alert Media Inc	401 S. 1st Street	Unit 1400	Austin
1	Martinez Moore Engineering LLC	401 South 1st Street	Suite 600	Austin
1	MAHER F. QADDUMI	401 STUDEWOOD STREET	SUITE 300	HOUSTON
1	Far Harbor LLC	401 W 15th St, Suite 690,		Austin
1	Gessner Engineering LLC	401 West 26th Street	STE 3	Bryan
1	GRACO REAL ESTATE DEVELOPMENT INC	4010 82ND STREET	SUITE 100	LUBBOCK
1	Kids First Pediatric Dentistry	4010 Sandy Brook Drive	Suite 106	Round Rock
1	Skylark Wireless LLC	4011 Garrott  St		Houston
1	S3T CONSULTING INC	4011 PEBBLE HEIGHTS LN		SUGAR LAND
1	SLI INC	4011 W Plano Parkway		Plano
1	PIONEER GLOBAL INC	4011 West Plano Parkway	Suite 111	Plano
1	BO TREE RESTAURANTS INC	4012 LAKE EDGE WAY		PFLUGERVILLE
1	SANWA TECHNOLOGIES INC	4012 PRESTON RD		PLANO
1	Lead Allies Inc	4012 Tumbril Ln		Plano
1	UNIQUELYTICAL CONSULTING LLC	4013 Nightingale St.		Celina
1	AR FABRICATING LLC	40132 INDUSTRIAL PARK CIRCLE	SUITE 102	GEORGETOWN
1	Permian Basin Catholic High School	4014 N. Todd Dr.		Midland
1	Steelecreek Management LLC	4015 BELTLINE ROAD		Addison
1	SK Commercial Construction Inc	4015 E. Veterans Memorial Blvd.		Killeen
1	Admiral Transport Solutions LLC	4015 Vitruvian Way	Apt 1017	Addison
1	CION Digital	4016 VERANO DR		AUSTIN
1	Panache Designs Inc	4018 Brookfield Run Lane		Sugar Land
1	MAA Crystal Dental	402 E ZAVALA ST	STE 1	CRYSTAL CITY
1	CRYSTAL DENTAL CARE PLLC	402 E ZAVALA ST STE 1		CRYSTAL CITY
1	Hardeman County Memorial Hospital	402 Mercer Street		Quanah
1	TEXAS RURAL FAMILY MEDICINE EDUCATION CENTER INC	402 YOUENS DRIVE		WEIMAR
1	GODREJ INFOTECH AMERICAS INC	4020 S. INDUSTRIAL DRIVE	SUITE 100	AUSTIN
1	TraC-n-trol Inc	40200 Industrial Park Circle,		Georgetown
1	Harika Lala DDS PLLC	4021, Reggis Ct,  313		Fort Worth
1	Oliden Technology LLC	4025 Bluebonnet Dr.		Stafford
1	Brenner Global Associates LLC	4025 Feather Lakes Way	No 6161	Kingwood
1	Savita M. Wadhwani	403 E. Ben White Blvd.	Suite F	Austin
1	Lifecare Pharmacy of Denver City Inc	403 Mustang Dr.		Denver City
1	Kolasinski Accounting and Finance LLC	4030 Texas 6 Frontage Road	Suite 250	College Station
1	SparkCognition Inc	4030 W. Braker Lane	Building 4, Suite 450	Austin
1	Paradromics Inc	4030 W. Braker Ln.	STE 250	Austin
1	Niche Dental PLLC	4031 FM 1463	Ste. 99	Katy
1	Bert the Spider LLC	4031 Kirkpatrick Lane	Suite 100	Flower Mound
1	Kainergy Consulting	4031 Whispering Woods Lane		Frisco
1	Tigerflow Systems LLC	4034 Mint Way		Dallas
1	Next Peak Holdings LLC	4038 FM 775		La Vernia
1	The Quantamental Investment Group LLC	4039 Harmony Breeze Ln		Fulshear
1	SPIRIT AEROSYSTEMS INC	4039 Rock Quarry Road	Suite 600	Dallas
1	Yoakum Investment Holdings LLC	404 Airport Road		Yoakum
1	DIBOLL DENTAL PLLC	404 N TEMPLE DRIVE	SUITE A	DIBOLL
1	F&C CONSULTING GROUP INC	4040 Broadway St.	Suite 240-158	San Antonio
1	threeArch LLC	4040 N. Central Expressway	Ste. 200	Dallas
1	Waters, Hardy and Company, P.C.	4040 North Central Expressway	Suite 710	Dallas
1	Pet and Vet, Pllc	4040 Preston Rd	Suite B	Plano
1	Kerry Galvin Homes Inc	4040 San Felipe		Houston
1	BrainBow Services Inc	405 Airport Frwy	Ste. 306	Bedford
1	Loop1 LLC	405 Brushy Creek Rd		Cedar park
1	Unity Technologies SF	405 Comal Street	Suite 600	Austin
1	NJ Consulting and Services LLC	405 Dry Gulch Bend		Cedar Park
1	Amy Oil and Gas Inc	405 E Gibson St		Jasper
1	Info Tree Technologies LLC	405 Interstate Hwy 121 Bypass	Suite A250	Lewisville
1	Consulting Marvel LLC	405 Rustic Oak Ln		McKinney
1	Agilewit Solutions Inc	405 S Hwy 121 Bypass	Ste A250	Lewisville
1	BOOKKEEPING N BUSINESS SOLUTION LLC	405 State Highway 121 BYP Ste A 250.		Lewisville
1	MULTIPLIED SOLUTIONS LLC	405 STATE HIGHWAY 121 BYP.	SUITE A250	LEWISVILLE
1	Qcentrio Inc	405 State Highway 121 Bypass, Suite   A250		Lewisville
1	Qcentrio LLC	405 State Highway 121 Bypass, Suite A250		Lewisville
1	PEACHES AND PLATINUM LLC	405 STATE HWY 121	STE A250	LEWISVILLE
1	AI Definitive Inc	405 State Hwy 121 Bypass	Ste 250	Lewisville
1	ASKAS Tech Solutions LLC	405 TX-121 Bypass	Suite A250	Lewisville
1	ME&U US INC	405 West Gray Street		Houston
1	Earthbound Holding LLC	4051 Freeport Parkway	Suite 400	Grapevine
1	SMS InfoComm Corporation	4051 N. Hwy 121, Suite 100		Grapevine
1	ING Garza, PLLC	4055 Falkirk Ln		Houston
1	Sadler Consulting Group LLC	4055 International Plaza	Suite 540	Fort Worth
1	Signify Health LLC	4055 Valley View Lane, Suite 700		Dallas
1	ONE Network Enterprises	4055 Valley View Ln	Suite 1000	Dallas
1	LOTT BROTHERS CONSTRUCTION COMPANY, LTD.	406 N. Lee Street Suite 201		Round Rock
1	MAK LOGISTICS	406 North Midland Drive, 3416 W. Street, Suite 170	Suite 170	Midland
1	WARD MEMORIAL HOSPITAL	406 S GARY AVENUE	PO BOX 40	MONAHANS
1	Vera Aqua Vera Vita	406 Sagebrush Trail		Murphy
1	Tyann Materials and Construction LLC	406 W Mockingbird Lane		Dallas
1	Winzer Corporation	4060 E. Plano Pkwy		Plano
1	Texas Compounding Experts LLC	4061 F Bellaire Blvd		Houston
1	MHS CONSTRUCTION & DESIGN LLC	407 BULL LN		MISSOURI CITY
1	Harlingen Consolidated Independent School District	407 N. 77 Sunshine Strip		Harlingen
1	Kingsa Industries (USA) Inc	407 Rankin Circle N.		Houston
1	Arrogya Dental Management LLC	407 W Hight St		Terrell
1	WELKIN TECHNOLOGIES LLC	4080 Mc Ginnis Ferry Rd	Suite 1204	Alpharetta
1	Sentinel Games Inc	409 Cedar Park Dr.		Cedar Park
1	William Restrepo, M.D., P.A.	409 Lindberg Ave		McAllen
1	Healing Hands LLC	409 N Oak Street	220	Roanoke
1	Lerma Advertising LLC	409 N. Houston	Suite 500	Dallas
1	MOMAN DESIGN INC	409 W MAIN STREET	SUITE 201	ROUND ROCK
1	Sigma Engineers Inc	4099 Calder Avenue		Beaumont
1	RCR Flooring Services LLC	4099 McEwen Rd, Ste. 370		Farmers Branch
1	Timothy, DeVolt and Company, P.C.	4099 McEwen Road, Suite 135		Farmers Branch
1	Dunn Heat Exchangers Inc	410 21st St. S		Texas City
1	AI MX2 (US) LLC	410 Baylor Street		Austin
1	DEMOCRATIC SCHOOL RESEARCH INC	410 BETHEL LANE		BRYAN
1	Resolution Energy Services LLC	410 Pierce St.	Ste. 200	Houston
1	THINQSPOT INC	410 W Grand Pkwy S	STE 380	Katy
1	Dallas Country Club	4100 Beverly Dr		Dallas
1	HQ Chiropractic, PLLC	4100 Bonham Ave		Odessa
1	PICKETT, KELM & ASSOCIATES INC	4100 DUVAL RD	BLDG. 4, SUITE 103	AUSTIN
1	REDDINGTON CONSULTING INC	4100 ESTERS RD	APT 188	IRVING
1	Fairway Pediatrics PLLC	4100 Fairway Dr.	Suite 300	Carrollton
1	Ennova LLC	4100 Greenbriar Drive	Suite 230	Stafford
1	Datatron Technologies Inc	4100 Spring Valley Rd  280		Dallas
1	LEX CELL-TX LLC	4100 SPRING VALLEY RD STE 470		FARMERS BRANCH
1	SHILSOFT INC	4100 Spring Valley Rd,	Ste 275,	Dallas
1	Business Intelli Solutions Inc	4100 Spring Valley Road, Suite 512		Farmers Branch
1	SIGNAPAY, LTD	4100 W. ROYAL LANE	SUITE 150	IRVING
1	Mobile Guru Inc	4101 E 42ND STREET	Suite 11	Odessa
1	SK SIGNET manufacturing Texas LLC	4101 E Plano Pkwy		Plano
1	Opsol Integrators Inc	4101 Katy Ct		FRISCO
1	iQi Inc	4101 Smith School Rd		Austin
1	Fox Robotics Inc	4101 Smith School Road	Building 2 100	Austin
1	DATASLIM	4102 SHINING ROCK LN.		KATY
1	ARCANE SYSTEMS INC	4102 SOUTH 31ST STREET	SUITE 500	TEMPLE
1	LGMG North America Inc	4105 LIVE OAK DR	SUITE 100	THE COLONY
1	SuiteBeyond LLC	4105 Tamarack Ln		Royse City
1	Jenkem Technology USA Inc	4105 W. Spring Creek Pkwy	606B	Plano
1	Richwoods Technology Inc	4108 W Spring Creek Pkwy STE E300	N/A	Plano
1	MINGTEL INC	4108 W. SPRING CREEK PARKWAY, SUITE E300	N/A	PLANO
1	Vernon Smiles PC	4109 Hillcrest Dr		Vernon
1	SMR CONSTRUCTION INC	411 INDUSTRIAL DR SUITE 109		Richardson
1	Raze Media LLC	411 N Akard St	160	Dallas
1	ENGINEERING AND TERMINAL SERVICES L.P.	411 N SAM HOUSTON PKWY E	SUITE 150	HOUSTON
1	Sams Strings LLC	411 Park Grove Drive	Ste 210	Katy
1	HYKU Home Inc	411 Post Road Drive		Austin
1	Our Lady of the Lake University	411 S.W. 24th St		San Antonio
1	Terra Forma Inc	411 W Monroe Ave		Austin
1	ESPER REGULATORY TECHNOLOGIES INC	411 W MONROE ST	SUITE 5	AUSTIN
1	For Fun Labs Inc	411 West Monroe Street	Suite 50	Austin
1	Samson Controls Inc	4111 Cedar Blvd.		Baytown
1	NISEZ TRADING LLC	4111 GREENBRIAR DR	STE A	STAFFORD
1	Pu Li CPA, P.C.	4112 W Spring Creek Pkwy	Ste. D100	Plano
1	PU LI CPA PC	4112 W. Spring Creek Pkwy	STE D100	Plano
1	JY Tec Supply Inc	4113 Lindbergh Drive		Addison
1	Slite Electrical Supply Corporation	4115 Greenbriar Drive	Suite A	Stafford
1	Eustis Engineering L.L.C.	4116 Rose Way		Houston
1	Thigbe LLC	412 Mercedes	Suite E	Benbrook
1	Yoakum County Hospital	412 Mustang Avenue		Denver City
1	Burk Smiles PLLC	412 South Ave D	Suite B	Burkburnett
1	MY Pediatrician PLLC	412 Village Drive	Suite 400	Murphy
1	Lift Innovation Universal LLC	412 West 1st Street		Odessa
1	A.L. Helmcamp Inc	4120 Hwy 79 West		Buffalo
1	Royal Music Academy LLC	4120 Spring Creek Pkwy	Suite B - 200	Plano
1	CITYON SYSTEMS INC	4120 W SPRING CREEK PARKWAY	SUITE 100	Plano
1	D4 Construction Services LLC	4121 Main Street		Rowlett
1	Coderrect Inc	4121 State Highway 6 S.	STE 200	College Station
1	WRIST NORTH AMERICA INC	4129 GREENSHADOW DRIVE	SUITE 100	PASADENA
1	Konvas Inc	413 Bluejack Way		Hutto
1	Navasota Dental PC	413 N. La Salle St.		Navasota
1	DENTIST IN NAVASOTA, PLLC	413 North La Salle Street		Navasota
1	ARK Tech Solutions LLC	413 Tanner Sq		McKinney
1	LAUTERBACH, BORSCHOW & COMPANY	4130 RIO BRAVO		EL PASO
1	Jewish Family Service	4131 S Braeswood Blvd		Houston
1	Industrial Screw Conveyors	4133 Conveyor Dr		Burlson
1	WeldFit Corporation	4133 Southerland Road		Houston
1	Wondersmile PLLC	414 E. FM 351 Road	Ste. 406	Beeville
1	Axion Expert Services Inc	414 W Parkway St		Denton
1	Cosm Technologies LLC	4143 Maple Avenue	Suite 400	Dallas
1	Dallas Tax Solutions	4144 N. Central Expressway	Suite 860	Dallas
1	EUROFINS XENCO LLC	4147 Greenbriar Dr.		Stafford
1	ASK IT Solutions LLC	415 E Airport Freeway	Suite 220	Irving
1	WhiteGold Consulting LLC	415 E. Airport Freeway	Suite 365	Irving
1	Campbell Private Wealth Management LLC	415 W. Wall St	2120	Midland
1	Creative Solutions in Healthcare Inc	4150 International	Suite 200	Fort Worth
1	PUSHNA INTERNATIONAL INC	4151 BLUEBONNET DRIVE		STAFFORD
1	Foster McArthur Dental PC	4157 FM 1960 Road W		Houston
1	Formation LLC	4158 Meyerwood Drive		Houston
1	Norseman Machinery Imports US LLC	4158 W I-H 20	Building 4	Weatherford
1	Segway Powersports Inc	415A Interchange Street		McKinney
1	Mid Atlantic Logistic Services LLC	416 Copper Ridge Road		Haslet
1	HTS INC CONSULTANTS	416 PICKERING ST.		HOUSTON
1	Gignac & Associates, LLP	416 Starr St.		Corpus Christi
1	Kunduru Dental PLLC	4164 S. Broadway Avenue		Tyler
1	UberTejas  LLC	417  Oakbend  Drive	Suite 180	Lewisville
1	MEXIC-ARTE MUSEUM	419 CONGRESS AVE		AUSTIN
1	INFOCRAFTTECH INC	420 Blue Waterleaf Ln		Georgetown
1	Ford Powell & Carson Architects & Planners Inc	420 Broadway	Suite 100	San Antonio
1	Black Mountain Sand Management LLC	420 Commerce Street	Suite 500	Fort Worth
1	MAGNUM EQUITY HOLDINGS INC	420 DECKER DRIVE	STE 115	IRVING
1	4-L Engineering Company Inc	420 N Dororthy Dr		Richardson
1	Smile Square PLLC	420 Plantation Dr.		Lake Jackson
1	Nacogdoches Independent School District	420 South Shawnee Street		Nacogdoches
1	Ventana Applied Sciences LLC	420 Stolte Road		New Braunfels
1	ELS Administration LLC	420 Throckmorton St	STE 740	Fort Worth
1	Aoka Engineering LLC	420 Throckmorton St.	STE 200	Fort Worth
1	INTEGER TELECOM SERVICES INC	4200 Mapleshade Ln	Suite 100	Plano
1	CBANC Network Inc	4200 N Lamar Blvd	Suite 250	Austin
1	Servis One Inc, d/b/a BSI Financial Services	4200 Regent Blvd	B200	Irving
1	Servis One Inc	4200 Regent Blvd.	B200	Irving
1	AEVITAS IT LLC	4200 RESEARCH FOREST DR.	SUITE 190	THE WOODLANDS
1	Revterra Corporation	4200 San Jacinto St		Houston
1	BALCH SPRINGS SNF LLC	4200 Shepherd Lane		Balch Springs
1	Reset Technology Corporation	4200 W Royal Ln	Suite 125	Irving
1	Buckeye Alternative Energy Solutions Infrastructure LLC	4200 Westheimer Rd	975	Houston
1	Buckeye Partners, L.P.	4200 Westheimer Road, Suite 975		Houston
1	Vanguard Care LLC	4201 Cypress Creek Pkwy	Suite 503	Houston
1	GL Seaman & Company	4201 International Parkway		Carrollton
1	Athenian Group LLC	4201 Main Street, Ste. 255		Houston
1	Neora LLC	4201 Spring Valley Rd	Suite 900	Farmers Branch
1	Allen Technologies Inc	4201 W. Parmer Lane	Suite A275	Austin
1	Vayuna LLC	4204 Addax Trl		Frisco
1	CHG Rehabilitation LLC	4207 Burnet Road		Austin
1	Clusiv Inc	4208 Brean Down		Pflugerville
1	VinFast Manufacturing US LLC	421 Fayetteville Drive		Raleigh
1	INGRAIN SYSTEMS INC	421 N Sam Rayburn Fwy	Ste 200	Sherman
1	Nexus Entertainment Inc	4210 Belgrade Dr		Houston
1	ORIENTEOPTIC INC	4211 Cedar Springs Rd	Office Num 334	Dallas
1	Beaconbold Inc	4211 Cedar Springs Rd FLR 3	Office Num 315	Dallas
1	NEOTECHCLOUD INC	4211 Cedar Springs Rd FLR 3rd	Office no 352	Dallas
1	SOFTLIGHT TECHNOLOGIES LLC	4211 Cedar Springs Rd Office  365	3rd Floor	Dallas
1	Consult PT LLC	4211 Peach Blossom Dr		Arlington
1	Midh Technologies Inc	4212 5th St		Brookshire
1	D VOLT CO	4214 Dayco St		Houston
1	D Volt Co.	4214 Dayco St,		Houston
1	Hunt Memorial Hospital District	4215 Joe Ramsey Blvd		Greenville
1	I & I HAIR CORP	4215 MCEWEN ROAD		DALLAS
1	SR SOFT LLC	4218 QUIET DAWN LN		SUGAR LAND
1	Holystar Footwear LLC	4219 Clay Commerce	Unit 101	Katy
1	CHANITOS INTERNATIONAL LLC	422 REY JAIME ST		BROWNSVILLE
1	Omron Robotics and Safety Technologies Inc	4221 Hacienda Drive		Pleasanton
1	GregAM, PLLC	4222 Trinity Mills Rd	STE 250	Dallas
1	CoverDoc LLC	4223 berkman drive		austin
1	Eaglerise Renewable Energy USA Inc	4225 Wingren Dr	Ste 214	Irving
1	Apotheosis Medical Group, PLLC	423 Treeline Park	Suite 310	San Antonio
1	CITY OF TYLER	423 WEST FERGUSON STREET		TYLER
1	Puffer-Sweiven LP	4230 Greenbriar Drive		Stafford
1	C-B Gear & Machine Inc	4232 Mooney Road		Houston
1	Tomori investment and services	4235 siesta ln		Midland
1	ESG FLO INC	4236 Purdue Street		Houston
1	APM Architecture PLLC	4239 Shorecrest Drive		Dallas
1	NB BROWN ROCK HEALTHCARE INC	4240 GOLDEN TRIANGLE BOULEVARD		FORT WORTH
1	Vanguard Preparatory School	4240 Sigma Rd		Dallas
1	Texarkana Independent School District	4241 Summerhill Road		Texarkana
1	Techrover Solutions Inc	4245 N Central Expy P-0149		Dallas
1	TEKSTAR IT SERVICES LLC	425 ARROWHEAD VINE STREET		LEANDER
1	MS Info Tech LLC	425 Bernard ST	APT 1015	Denton
1	Omni Junction Inc	425 El Camino Dr		Frisco
1	Black Mountain Land Company LLC	425 Houston St	Ste 400	Fort Worth
1	Black Mountain Land Company LP	425 Houston Street	Suite 400	Fort Worth
1	RED CLAW LLC	425 NORTH WAYSIDE DRIVE		HOUSTON
1	ProBPM Inc	425 Old Newman Rd	Suite 303	Frisco
1	Gokatech Inc	425 Old Newman Road	Suite 503	Frisco
1	SWD Interactive LLC	425 Soledad		San Antonio
1	DuraPeople LLC	425 Soledad St.	Suite 400	San Antonio
1	Jungle Disk LLC	425 Soledad Street		San Antonio
1	RAVE GEAR LLC	425 STREMPEL ST		SEGUIN
1	ALIEF INDEPENDENT SCHOOL DISTRICT	4250 COOK ROAD	N/A	HOUSTON
1	Aquaterra Outdoor Environments Inc	4252 Marsh Ridge Road		Carrollton
1	ZURI FURNITURE LLC	4254 SIMONTON ROAD	N/A	FARMERS BRANCH
1	Phalcon United, LLP	4255 N MacArthur Blvd		Irving
1	AYITC LLC	4263 Addax Trl	NA	FRISCO
1	Bradmark Technologies Inc	4265 San Felipe	Ste 1040	houston
1	Vathes Inc	4265 San Felipe St	Suite 1025	Houston
1	Consultation Physical Therapy Staffing of Texas Inc	427 West 20th Street	Suite 611	Houston
1	RITELINE LLC	4271 Bronze Way		DALLAS
1	Dataken Incorporated	4275 Harvest Ln		Frisco
1	Solenic Medical Inc	4275 Kellway Cir	Ste. 146	Addison
1	JD Controls Inc	43 Crown Place		Sugar Land
1	UMD Energy Solutions Corp	430 Highway 6 South	Suite 200	Houston
1	Champs Depot Richardson LLC	430 N. Coit Road	Ste. 100	Richardson
1	Morley-Moss Inc	430 S. Aston Drive		Sunnyvale
1	Palmer Steel Supplies Inc	4300 ACAPULCO AVE		McALLEN
1	Access Healthcare Services USA LLC	4300 Alpha Rd	Suite 200	Dallas
1	Helping Restore Ability	4300 Beltway Place	Suite 130	Arlington
1	KAISER ALUMINUM FABRICATED PRODUCTS LLC	4300 HIGHWAY 75 S.		SHERMAN
1	Kyrish Truck Centers	4300 Hwy 90 East		San Antonio
1	ELM Fieldsight LLC d.b.a. ELM Microgrid	4300 Live Oak Dr.		The Colony
1	University of Houston	4300 Martin Luther King		Houston
1	Cyber Space Technologies LLC	4300 Punjab Way	Ste. 280	Frisco
1	TEN20 MEDICAL LLC	4300 SIGMA DRIVE	SUITE. 120	DALLAS
1	Computer Visionaries LLC	4300 Sigma Road	Suite 130	Dallas
1	LIQUIBASE	4300 SPEEDWAY	SUITE 650014	AUSTIN
1	UNIVERSITY OF THE INCARNATE WORD	4301 BROADWAY		SAN ANTONIO
1	Ryan Consulting Collaborative LLC	4301 Burnet Road		Austin
1	Vision Research LLC	4301 Grassmere		Dallas
1	Envoy Air Inc	4301 Regent Blvd		Irving
1	Tri-Win Outsourcing Inc	4301 Simonton Road	Suite 100	Dallas
1	Clearesult Consulting Inc	4301 Westbank Drive, Building A	Suite 300	Austin
1	Apel Construction Services Inc	4303 Irving Blvd		Dallas
1	G M Y, LTD.	4305 Botham Jean Boulevard		Dallas
1	Fintex Holdings Inc	4306 Yoakum Blvd	Ste. 650	Houston
1	CODERSDOOR LLC	431 Greenway Drive Suite 834		Irving
1	SPFM, LP	4310 West Ave		San Antonio
1	Revital Dental PLLC	4311 S, 31st Street	Ste 145	Temple
1	BIO-MEDICAL & PHARMACEUTICAL MFG. CORP.	4311 South Drive		Houston
1	Lone Star Marble Corporation	4315 Clark Road		Houston
1	Austin Elements Inc	4315 South Drive		Houston
1	Quantom Tech LLC	4315 Windsor Centre Trail	Ste 300	Flower Mound
1	Killam Oil Co., LTD.	4320 University Blvd.		Laredo
1	TEKTRON LLC	4321 EVENSTAR WAY		PLANO
1	Infrapod Technologies Inc	4322 N Beltline Rd	STE B113	Irving
1	Upen Group Inc	4322 N. Beltline Road	Suite B214	Irving
1	Club Sports Solutions L.L.C.	4322 Port Hope Street		Round Rock
1	UNA TX LLC	4323 Greenbriar Drive		Stafford
1	Terrell & Terrell, CPAs, LLP	4324 Mapleshade Lane Suite 103		Plano
1	Orchid Tech	4324 Mapleshade Ln	Suite 216	Plano
1	Linkpro Technologies Inc	4324 N Beltline Road	STE C 201	Irving
1	Techleap Systems Inc	4324 N. Beltline Road	Suite C-110	Irving
1	Sharma Strategy Consulting LLC	4327 Bluffview Blvd		Dallas
1	Atomic Red7 Creative Inc	4328 Marsh Ridge Road		Carrollton
1	KAIROS TECHNOLOGIES INC	433 E LAS COLINAS BLVD	SUITE 1240	IRVING
1	MAS SEGUROS INSURANCE SERVICES LLC	433 North Loop W Fwy	Suite 320	Houston
1	Castle Hills Medical Group	4333 North Josey Lane	Plaza 2, Suite 100	Carrolton
1	YULEE INC	4343 Gannon Lane	Suite 100	Dallas
1	Carrollton Regional Medical Center	4343 N. Josey Lane Number City		Carrollton
1	KL Health	4349 Southern Ave		Dallas
1	Jointly LLC	4361 S. Congress Avenue	Ste. 101	Austin
1	S Kelly Home Renovations LLC	4361 South Congress Avenue	Unit 104	Austin
1	A21 USA Inc	4364 WESTERN CENTER BLVD PMB 2132		Fort Worth
1	Premont Independent School District	439 SW 4th Street		Premont
1	Hall Management Group Inc	4396 Callaghan Rd		SAN ANTONIO
1	Dallas Aerial Surveys Inc	4397 Westgrove Dr.		Addison
1	EJ Orthodontics PLLC	44 East Ave  2511		Austin
1	Cribl Inc	44 Tehama Street		San Francisco
1	Nlinq Solutions LLC	440  Benmar Dr	STE 3344	Houston
1	Cyber Tech Group Inc	440 Benmar Dr	Suite 3200	Houston
1	SubVRsive Inc	440 E Saint Elmo Rd, Bldg C-2		AUSTIN
1	THE CROSSROADS GROUP. INC	440 Johnson Road, Suite C		Keller
1	Siteaware Inc	440 Louisiana St	Suite 900	Houston
1	MILLIONITSQUARE LLC	440 LOUISIANA ST,	SUITE 900	HOUSTON
1	White Peak Industrial Corp.	440 Louisiana St. STE 988		Houston
1	Integrated Control Technologies LLC	440 Wrangler Drive	Suite 100	Coppell
1	RAYS FOOD IMPORTS LLC	4400 Blalock Rd Ste 300		Houston
1	LAMAR UNIVERSITY	4400 MLK Jr. Parkway		Beaumont
1	Bliss Dental-Midland, PLLC	4400 N Midkiff	Suite A-1	Midland
1	Speedcast Communications Inc	4400 S Sam Houston Pwky E.		Houston
1	INTERACT CX LLC	4400 ST HWY 121	STE 300	LEWSIVILLE
1	SpacePalm Incorporated	4400 State Highway 121, Suite 3000		Lewisville
1	TRICON TECH SERVICES LLC	4400 STATE HWY. 121	STE 300	LEWISVILLE
1	Caliber Consulting INC	4400 Texas 121	Ste 300-344	Lewisville
1	Plungie USA Incorporated	4400 TX-121	Suite 300	Lewisville
1	Taknek LLC	4400 West US - 82		Gainesville
1	ITW Food Equipment Group LLC	4401 Blue Mound Rd		Fort Worth
1	Aspire Healthcare Consultants PLLC	4401 Coit Road	Suite 301	Frisco
1	Hunt Military Housing Shared Services LLC	4401 N Mesa		El Paso
1	CGL Management Services LLC	4401 North Mesa		El Paso
1	HARMONY SCHOOL OF EXCELLENCE-LAREDO	4401 SAN FRANCISCO AVENUE	BUILDING B	LAREDO
1	Facility Solutions Group	4401 Westgate Blvd	Suite 310	Austin
1	Facility Solutions Group INC	4401 Westgate Blvd.	Ste 310	Austin
1	EL DIA MEAT MARKET INC	4402 SHERWOOD LN.		HOUSTON
1	Birch Contracting LLC	4403 N. Central Expy	Ste 300	Dallas
1	Ashbe Technologies LLC	4403 W Maple Drive		Friendswood
1	Training All People Inc	4404 Staten Island Drive		Plano
1	Medha Inc	4405 Temecula Creek Trl		McKinney
1	Dhandho Funds LLC	4407 Bee Cave Road	STE 513	West Lake Hills
1	NIMMO Inc	4407 Belmont Avenue		Dallas
1	Patriot Cargo Solutions LLC	4409 Pan American Blvd.		Laredo
1	TRI IT SERVICES LLC	4409,	AL RAZI ST	Irving
1	StrikeReady Inc	441 Ashley Pl		Murphy
1	Achieve Brown County	441 S. Jackson St.	Suite 201	Green Bay
1	SCHOOL OF SCIENCE AND TECHNOLOGY	4410 David Edwards Dr.		SAN ANTONIO
1	SCHOOL OF SCIENCE AND TECHNOLOGY - SAN ANTONIO	4410 David Edwards Drive		SAN ANTONIO
1	Sakesh Solutions LLC	4410 Piper Pass Ln		Sugar Land
1	United Rags Recycler LLC	4411 Eastpark Drive		Houston
1	Cardiology Clinics of San Antonio, PLLC	4411 Medical Drive	Suite 300, 120	San Antonio
1	Dimfina LLC	4413 Spicewood Springs Road	Ste. 117	Austin
1	Michael & Susan Dell Foundation	4417 Westlake Dr		Austin
1	SANTCORE TECHNOLOGIES INC	4418 BLUEBONNET DRIVE	SUITE 202	STAFFORD
1	TrisLogic LTD	4418 Bukhari Ct.		Irving
1	Grutogi LLC	4424 Villa Dr		Flower Mound
1	FSI CONSTRUCTION	4424 W SAM HOUSTON PKWY	SUITE 440	HOUSTON
1	Argos Infotech LLC	4425 Plano Parkway	Suite 904	Carrollton
1	Techanalytics Solutions Provider Inc	4425 Plano Parkway Building,  12	Ste. 1204	Carrollton
1	Tekpossible Consulting LLC	4425 W Airport Fwy,	Suite 458	Irving
1	AZORY TECH LLC	4425 West Airport FWY	Suite 138,	Irving,
1	HAWKS BAY INSURANCE GROUP INC	4425 WEST AIRPORT FWY.	SUITE 310	IRVING
1	Assuratech LLC	4429 Ceder Elm Cir		Richardson
1	Hyde Park Business Inc	4429 Duval St		Austin
1	Kok & Jing LLC	4432 Walnut Hill Ln		Dallas
1	Perfect General Contractors LLC	4433 Punjab Way		Frisco
1	ICON Technology Inc	444 E. St Elmo Rd	Suite B	Austin
1	BakerRipley	4450 Harrisburg Blvd.		Houston
1	L&I Group LLC	4451 Broken Bow Ln	713	Prosper
1	Law Offices Of William Chu	4455 LBJ Freeway, Suite 1008		Dallas
1	Texas IPS, PLLC	4458 Medical Drive	Suite 505	San Antonio
1	Azura Consulting LLC	446 Trail View Ln		Garland
1	SRFC Bio Inc	4460 Spring Valley Road		Farmers Branch
1	ERPLABS INC	4466  S Staples St  STE 120		Corpus Christi
1	U1Dynamics Manufacturing LLC	4468 Genoa Red Bluff Rd		Pasadena
1	ATG Continuum Solutions LLC	4469 N Oconnor Rd		Irving
1	ZenTech Solutions LLC	4475 Voyager Dr		Frisco
1	Logimex Inc	448 Garden Oaks Blvd.		Houston
1	Black Rhino Development LLC	448 W. 19th St.	851	Houston
1	DC International Group Inc	4488 Plano Pkwy		Carrollton
1	ENKE Systems Inc	4490 Wandering Vine Trl		Round Rock
1	UNIKON  IT INC	44O COBIA DRIVE	SUITE 1504	Katy
1	COMPUTER MODELLING GROUP INC	450 GEARS ROAD	SUITE 600	HOUSTON
1	Neuro-Hospitalist of Clear Lake, PLLC	450 Medical Center Boulevard	Suite 600	Webster
1	Pharm-Olam LLC	450 N Sam Houston Parkway E	Suite 250	Houston
1	iSphere Innovation Partners LLC	450 North Sam Houston Parkway East	Suite 125	Houston
1	SKOUTERA LLC	450 S DENTON TAP RD  242		COPPELL
1	Roxy Tennis LLC	450 W. Southlake Blvd		Shouthlake
1	ExxonMobil Technology and Engineering Company (EMTEC)	4500 Bayway Drive		Baytown
1	Campus Box Media LLC	4500 Cambridge Road	Ste. 200	Fort Worth
1	Labatt Food Service LLC	4500 Industry Park Drive		San Antonio
1	Winner LLC	4500 Like Way		Fort Worth
1	Lucky Bar Holdings LLC	4500 S. Pleasant Valley Rd	Suite 105	Austin
1	Department of Veterans Affairs - Dallas VA Medical Center	4500 South Lancaster Road		Dallas
1	Southern Sector Health Initiative	4500 Spring Avenue		Dallas
1	Neuromonitoring Associates LLC	4500 W. Eldorado Pkwy	Suite 3400	McKinney
1	Basin Design Service LLC	4500 W. Illinois Avenue	Suite 303	Midland
1	Clear Again LLC	4500 Walnut Hill Lane		Dallas
1	CRACK IT CHIROPRACTIC NE LLC	4501 102nd STREET		LUBBOCK
1	9M Solutions Inc	4501 Cartwright Rd	STE 505	Missouri City
1	American Leather Operations LLC	4501 Mountain Creek Parkway	N/A	Dallas
1	Loloi Inc	4501 Spring Valley Road		Dallas
1	Bexar County Hospital District	4502 Medical Drive	N/A	San Antonio
1	ASPIREDATA LLC	4503 HELSTON DRIVE		PLANO
1	Lorvens AZTech LLC	4505 Aubrey Parkway		Aubrey
1	Alorasoft Inc	4512 Dartmoore Ln		Colleyville
1	LUCENT SYSTEMS INC	4512 LEGACY DR	SUITE 100	PLANO
1	TheMathCompany Inc	4512 LEGACY DR SUITE 100		PLANO
1	7West Communications LLC	4513 Lance Drive		Flower Mound
1	BiSN Oil Tools LLC	4514 Brittmoore Road		Houston
1	Stocker Hoesterey Montenegro, PLLC	4514 Travis Street	Suite 302	Dallas
1	GP Mobile LLC	4515 Lyndon B. Johnson Fwy		Dallas
1	Grace Clinic of Lubbock	4515 Marsha Sharp Freeway		Lubbock
1	Covenant Management Systems	4515 Seton Center Parkway	Suite 200	Austin
1	Ni2 Health Inc	4516 Seton Center	Building 2, Suite 110	Austin
1	Bay Squared Inc	4516 Seton Center Parkway	Ste 110	Austin
1	HEARTFLOW INC	4516 SETON CENTER PKWY	STE 200	AUSTIN
1	QuietFlex Manufacturing Company L.P.	4518 Brittmoore Rd		Houston
1	Tam Consulting Services LLC	4520 Jenkins Dr.		Plano
1	JJ FNB Group Inc	4520 La Roche		Carrollton
1	Crane ChemPharma & Energy Corp.	4526 Research Forest Drive	Suite 400	The Woodlands
1	Dixon Water Foundation	4528 County Road 398		Decatur
1	Tolead Logistics DFW	4528 W Royal Ln		Irving
1	Champion Fire & Security LLC	4540 Beltway Dr.		Addison
1	Paty Investments Inc	4540 S. Pinemont Dr.	Suite 110	Houston
1	Nolan Bros. of Texas Inc	4541 Bellaire Dr. S	Ste. 100	Fort Worth
1	Nolan Real Estate Interests LLC	4541 Bellaire Drive	Suite S	Fort Worth
1	LBJ Infrastructure Group LLC	4545  LBJ Freeway		Dallas
1	ZERO DAY GROUP LLC	4545 BISSONNET	ST 290	BELLAIRE
1	Gail Hartz and Associates Inc	4545 Bissonnet St.	Suite 114	Bellaire
1	L5E LLC	4545 Fuller Drive	Suite 412	Irving
1	ModelCode AI	4545 Live Oak St.	Apt 110	Dallas
1	SIVVAR TECHNOLOGIES LLC	4545 Mission Avenue	3062	Frisco
1	AVO Multi-Amp Corporation	4545 W. Davis Street		Dallas
1	Texas - IBI Group Inc	455 East Medical Center Blvd.	Suite 500	Houston
1	Texas-IBI Group Inc	455 East Medical Center Blvd. , Ste. 500		Houston
1	CTL Medical Corporation	4550 Excel Parkway	Suite 300	Addison
1	Drillwell LLC	4550 Post Oak Place	Suite 119	Houston
1	Arctos Partners LP	4550 Travis Street	Suite 300	Dallas
1	Marker Therapeutics Inc	4551 Kennedy Commerce Drive		Houston
1	WissenIT INC	4551 S. Westmoreland Road	Suite 150	Dallas
1	Leadership Management International Inc	4567 Lake Shore Drive		Waco
1	Roaming Networks Inc	4567 Village Creek Road		Fort Worth
1	NPTE Final Frontier LLC	457 Laurence Drive	Ste 412	Heath
1	LUMBERTON PARTNERS LLC	457 N LHS DR.	SUITE 200	LUMBERTON
1	TrueBridge Investments LLC	4576 Research Forest Dr.	Suite 200	The Woodlands
1	Scarlet Wireless Inc	4577 Ohio Drive	Suite 250	Frisco
1	IDETASYSTEMS LLC	4582 Post Loop		Round Rock
1	HEDK Architects Inc	4595 Excel Parkway		Addison
1	Oscar Orduno Inc	4600 Fuller Drive	Suite 375	Irving
1	SYCO  ENTERPRISE INC	4600 HARDIN BLVD.	SUITE 100	MCKINNEY
1	SSA Data Solutions LLC	4601 Old Shepard Place	Suite 302, Office-B	Plano
1	Wisdom Advisers LLC	4601 Spanishmoss Dr.		McKinney
1	Narayan Investment Inc	4601 W Houston Street		Sherman
1	World Class United Taekwondo Alliance 1 Inc	4603 FM 1463 Rd	STE 300 & 400	Katy
1	Jovic Homes	4606 fm 1960 rd west	Suite 305	Houston
1	Amenity Health Services, PLLC	4606 FM 1960 Road W.	Ste.520	Houston
1	Harmonia Capital USA Inc	4610 Riverstone Blvd		Missouri City
1	Curran International Inc	4610 Vicksburg Lane		Dickinson
1	M3IOX LLC	4610 Wind Mont Dr		Katy
1	Eagle Eye Networks Inc	4611 Bee Caves	Suite 200	Austin
1	Afrishore LLC	4615 Briar Oaks		Dallas
1	Ingenero Inc	4615 Southwest Frwy	Ste. 320	Houston
1	FCE Benefit Administrators Inc	4615 Walzem Rd	Ste 300	San Antonio
1	Salient Systems Corporation	4616  W. Howard Lane	Building 1, Suite 100	Austin
1	Runner90s LLC	4616 Triangle Ave	Suite 203	Austin
1	Therapy Fit Inc	4617 Coit Rd	STE 150	Frisco
1	EXODUS CROSSING LLC	4619 MISTY MORNING CT		MISSOURI CITY
1	Acacia Mortgage Finance Group Inc	4619 Saint Michaels Ct		Sugar Land
1	Osteogenics Biomedical Inc	4620 71st Street, Bldg. 78		Lubbock
1	Method Analytics LLC	4626 Key Ranch Road		Trinidad
1	Technology Innovations llc	4628 Booth Dr		Plano
1	Fusion United Group LLC	463 W. Bedford Euless Road		Hurst
1	NUBA LLC	4630 Doniphan Dr.		El Paso
1	David Schnaiderman M.D. P.A	4631 S. Jackson Road		Edinburg
1	Gatehouse Capital Corp	4633  N. Central Expressway	Suite 350	Dallas
1	CONSULT WITH US LLC	4633 COIT RD	SUITE 320	FRISCO
1	SNCloudSolutions LLC	4633 Coit Rd  340		Frisco
1	Flynn Construction Inc	4638 S. Lamar Blvd.		Austin
1	AiFa Labs LLC	4645 Avon Ln.	Ste-270	Frisco
1	Proline Energy Resources Inc	4645 Sweetwater Blvd.	Suite 500	Sugar Land
1	OneSubsea LLC	4646 W Sam Houston Pkwy N		Houston
1	Albea Cosmetics America Inc	4649 Towerwood Dr.		Brownsville
1	MOBILECOMM PROFESSIONALS INC	465 W PRES GEORGE BUSH HWY	Ste 200	RICHARDSON
1	M Dholariya DDS PLLC	4650 S FM 1626	Suite 104	Kyle
1	XCYCLING LLC	4653 Leston St	Ste. 727	Dallas
1	P & E Trading Inc	4653 Nall Road	Suite C6	Farmers Branch
1	NAGSOLUTIONSINC	4654 penelope ln		plano
1	ILKA INC	4655 WRIGHT RD	STE 140	STAFFORD
1	Thrust Avionics LLC	4660 Jimmy Doolittle Drive		ADDISON
1	WISE USA LLC	4663 FM 1069		ARANSAS PASS
1	UES Professional Solutions 63 LLC	4667 Kennedy Commerce Drive		Houston
1	Indorama Ventures Sustainable Recycling LLC	4685 Mountain Creek Parkway		Dallas
1	Attune Global Inc	4690 McDermott Rd	STE 177	Plano
1	Texas Dewatering LLC	4691 FM 529 Road		Bellville
1	Osem Enterprises Inc	4692 E University Boulevard	202	Odessa
1	Advanced Information Technology Solutions Inc	4695 N Colony Blvd	STE 103 Unit C	The Colony
1	DFW Integrative Center	470 W. Harwood Road		Hurst
1	DFW Integrative Center LLC	470 W. Harwood Road,		Hurst
1	Crowdstake Global Inc	4700 Loyola Lane	Suite 101	Austin
1	City of Austin Employees Retirement System	4700 Mueller Blvd	100	Austin
1	Argent World Services	4701 FM2920	Bldg. B	Spring
1	Domoishi UH LLC	4701 Martin Luther King Blvd		Houston
1	TIB DIGITAL INC	4701 Monte Carmelo Plc		Austin
1	AOMA Academy, LP	4701 West Gate Blvd		Austin
1	AOMA Academy LP	4701 West Gate Blvd.		Austin
1	Pensa Systems Inc	4704 E. Cesar Chavez St.	Bldg. B	Austin
1	Canady & Canady LLC	4707 Ingersoll		Houston
1	Sun Metals Group LLC	4707 South Westmoreland Road		Dallas
1	Bluestone Partners LLC	4708 N FM 1417		Sherman
1	BLL Welding & Fab Inc	471 Country Road 3342		Paradise
1	MOBILTECH GLOBAL SERVICES LLC	4710 MERCANTILE DR		FORT WORTH
1	Hayden Paving Inc	4710 Windsong Trail		Houston
1	MMI Professional Services Inc	4717 Fletcher Avenue		Fort Worth
1	WINWIN PRODUCTS INC	4720 Simonton Road		Farmers Branch
1	BRC International LLC	4721 Garth Rd	Suite C-3	Baytown
1	eiPi10 LLC	4724 Winthrop Avenue West		Fort Worth
1	Tobacco Mart Corporation	4728 FM 2920 Rd	Suite 8	Spring
1	Dunedin MS LLC	4731 Memphis Street		Dallas
1	ELAN WIRELESS LLC	4732 SUGAR GROVE BLVD	SUITE D403	STAFFORD
1	Dolphin Innovative Solutions Inc	4740 14th St	Suite T-3	Plano
1	Lone Star Green Homes LLC	4740 14th St, Suite T320		Plano
1	Powerhouse Pharmacy Rx LLC	4740 W MOCKINGBIRD LN	Ste. 100B	Dallas
1	MUSIC INSTITUTE OF NORTH TEXAS LLC	4747 OHIO DRIVE		FRISCO
1	Fimar Stone LLC	4747 S PINEMONT DR	STE 200	HOUSTON
1	TRICORD CONSULTING LLC	4760 PRESTON ROAD	SUITE 244-193	FRISCO
1	Veolia North America LLC	4760 World Houston Pkwy.	Suite 100	Houston
1	SUNSHINE INNOVATION GROUP LLC	4785 WASHINGTON BLVD.		BEAUMONT
1	UNIVERSITY OF HOUSTON SYSTEM	4800 CALHOUN ROAD	311 E CULLEN BLDG	HOUSTON
1	Healix Pathology LLP	4800 Fournace Pl	STE BW3	Bellaire
1	Harris County Hospital District	4800 Fournace Place, 1 West		Bellaire
1	East Dallas Neurological Services	4800 north galloway aven	suite 200	Mesquite
1	DAYBREAK COMMUNITY SERVICES INC	4800 OVERTON PLAZA	SUITE 440	FORT WORTH
1	Bastine Law Group	4800 Sugar Grove Blvd	Suite 400	Stafford
1	CNA METALS LIMITED	4800 SUGAR GROVE BLVD.	SUITE 317	STAFFORD
1	Avventis Tech Inc	4800 Sugar Grove Boulevard	Suite 602	Stafford
1	2046 BHAG LLC	4801 Bryan st	Ste 100	Dallas
1	Propell American LLC	4801 Glen Rose Hwy		Granbury
1	Legacy Housing Corporation	4801 Mark IV Parkway		Fort Worth
1	Methodist Physician Practices, PLLC	4801 NW Loop 410	Suite 350	San Antonio
1	FARM CREDIT BANK OF TEXAS	4801 PLAZA ON THE LAKE DRIVE		AUSTIN
1	Poolwerx USA LLC	4801 Spring Valley Road	Suite 103	Farmers Branch
1	Complement Technology Inc	4801 Troup Hwy	Suite 701	Tyler
1	AA & SA ENTERPRISES INC	4802 LARKIN ST.		HOUSTON
1	TEXPLORERS INC	4805 HUGHES CIR		FLOWER MOUND
1	Ramco Renovations LLC	4805 Keller Springs Rd		Addison
1	Infobuilders	4805 South Colony Blvd		The Colony
1	INFOBUILDERS INC	4805 South Colony Blvd.		THE COLONY
1	Idea Technologies LLC	4807 Camacho Street		Austin
1	Cafell Technologies LLC	4809 Buchanan Ave		Frisco
1	Topographic OM Inc	481 Winscott Road	Suite 200	Benbrook
1	Gee Consultants Inc	4813 Keller Springs Road		Addison
1	AIIR Products Inc	4813 N Interstate 35	Bld 1	Georgetown, TX
1	GivePulse Inc	4814 Red River St		Austin
1	EL PASO COUNTY HOSPITAL DISTRICT	4815 ALAMEDA AVENUE		EL PASO
1	City of Austin - Austin Energy Dept	4815 Mueller Blvd		Austin
1	City of Austin	4815 Mueller Blvd.		Austin
1	SV Evolutions LLC	4817 Club Terrace Lane		Frisco
1	Critical Insights USA	4820 Beldon Trail		Colleyville
1	U.S. Maryland International LLC	4821 LJ Parkway	Suite 8	Sugar Land
1	MARNIT INC	4822 FULTON STREET		HOUSTON
1	Artificial Intelligence Protek Inc	4825 Empire Way		Irving
1	Earth Analytical Sciences Inc	4825 Ward Drive		Beaumont
1	McConnell & Jones LLP	4828 Loop Central Dr.	Ste. 1000	Houston
1	TEXAS A&M VETERINARY MEDICAL DIAGNOSTIC LABORATORY	483 AGRONOMY ROAD		COLLEGE STATION
1	TX Plywood Industry Inc (fka TX Veneer Product Inc)	483 County Rd	Ste.3020	Woodville
1	Clear Channel Outdoor LLC	4830 North Loop 1604W	Suite 111	San Antonio
1	ANB Systems Inc	4831 Menlo Park Dr		Sugar Land
1	Aner Group Inc	4833 Spicewood Springs Rd	Ste 203	Austin
1	Calpion Inc	4835  Lyndon B Johnson Freeway	Suite 300	Dallas
1	Fort Bend Talent Academy Inc	4835 Hwy 6		Missouri City
1	Plutus Health Inc	4835 Lyndon B Johnson Fwy	300	Dallas
1	SSR Manufacturing Corporation	4840 Yager Lane		Manor
1	ROSE DE NUIT LLC	4841 W ROYAL LANE		IRVING
1	American Music Academy LLC	4842 Beechnut St		Houston
1	Preston ABC Day School Inc	4845 Hedgcoxe Road		Plano
1	Siri Granite Inc	4849 Cranswick Rd	Bldg. B	Houston
1	Conflixis Inc	4849 Greenville Ave	Ste 100-102	Dallas
1	Scallon Controls Inc	4850 Romeda Road		Beaumont
1	US AVIATION	4850 SPARTAN DRIVE		DENTON
1	Thesheshopperhairplace llc	4851 legacy drive	suite 206	frisco
1	CBIZ Valuation Group LLC	4851 Lyndon B Johnson Fwy	Suite 800	Dallas
1	Atos IT Solutions and Services Inc	4851 Regent Boulevard		Irving
1	CP BASE	4852 Vicksburg St		Dallas
1	CPBASE INC	4852 Vicksburg St.		Dallas
1	IGC Heritage Inc	4862 Cloudcroft Lane		Irving
1	Podible Inc	487 Grace Lilly Drive		Buda
1	Earth Engineering Inc	4877 Langfield Rd		Houston
1	Wintex Group LLC	4888 Dexter Drive  100		Plano
1	ROCKY OFFSHORE SERVICES LLC	4899 HWY 6 STE 120A		Missouri City
1	Verge Ventures LLC	49 Dunrobin		Richardson
1	Cercle AI Inc	4900 Airport Pkwy	Suite 163	Addison
1	Ed Tucker Distributor Inc	4900 Alliance Gateway Freeway		Fort Worth
1	Texas Department of Family and Protective Services	4900 N Lamar Blvd		Austin
1	TRANSNETWORK LLC	4900 WOODWAY DRIVE	SUITE 1250	HOUSTON
1	The University of Texas Permian Basin	4901 East University		Odessa
1	United Call Center Solutions LLC	4901 Lyndon B. Johnson Freeway		Dallas
1	Mazzy Health LLC	4901 Windhaven Pkwy	Suite 200	The Colony
1	Rollingwood Assets LLC	4902 Whitethorn Court		Austin
1	Creaform U.S.A. Inc	4903 W. Sam Houston Pkwy North	suite A-400	Houston
1	STATACORP LLC	4905 LAKEWAY DRIVE		COLLEGE STATION
1	Syquestsoft Inc	4909 Risana Bend		Round Rock
1	SA Scientific, Ltd.	4919 GOLDEN QUAIL		SAN ANTONIO
1	Houston Precision Fasteners LLC	4923 Cranswick Rd		Houston
1	Gaspard and Menon  Construction LLC	4924  Cambridge Rd		Fort Worth
1	Overseas Operation Services Inc	4925 Davis Blvd, Suite 112		North Richland Hills
1	Microdrive LLC	4925 N OConnor Road	Suite 300	Irving
1	MARAND US HOLDINGS LLC	4925 VESTA FARLEY ROAD		FORT WORTH
1	Alamo Transformer Supply Co	4931 Space Center Drive		San Antonio
1	CATALYST & CHEMICAL CONTAINERS LLC	4935 TIMBER CREEK DRIVE		HOUSTON
1	Interspeck Systems Inc	4939 Fair Oak Dale Ln		Humble
1	Nine Spices LLC	4940 McDermott Road	Suite 200	Plano
1	Desch USA LP	4940 Merrifield Road		Dallas
1	Borusan Pipe U.S. Inc	4949 Borusan Road		Baytown
1	Applejacks Liquor Inc	495 State Highway 121 Bypass	Suite 200	Lewisville
1	Clearfield Construction LLC	4950 San Pedro Avenue		San Antonio
1	OFT Enterprises Inc	4950 Terminal Street	Suite 200	Bellaire
1	American College of Emergency Physicians	4950 West Royal Lane		Irving
1	Netsync Managed Inc	4951 Terminal Street, Suite F		Bellaire
1	Intelli Group USA Ltd	4956 N O Connor Rd		Irving
1	BP Aerospace LLC	4961 Hanson Drive		Irving
1	TECH MAHINDRA NETWORK SERVICES INTERNATIONAL INC	4965 PRESTON PARK BLVD SUITE 500		PLANO
1	Exponent Technologies Inc	4970 Landmark Place		Dallas
1	ORCHESTRA TECHNOLOGY INC	4975 Preston Park Blvd.	Suite 320	Plano
1	Apollo Pharmacy LLC	4987 W. University Dr.	Suite 120	McKinney
1	Catholic Diocese of El Paso	499 St. Matthews St.		El Paso
1	SAIISHAA MANAGEMENT LLC	5 CAMDEN CT		SUGAR LAND
1	VENTAS CONSULTING LLC	5 COWBOYS WAY, SUITE 300		FRISCO
1	Devine Consulting LLC	50 Sugar Creek Center Blvd., Ste. 300		Sugar Land
1	University of Texas at El Paso	500  W. University Avenue		El Paso
1	Madix Inc	500 Airport Road		Terrell
1	VWH Capital Management, LP	500 Crescent Court	Suite 318	Dallas
1	Khoury Naim LLP	500 Dallas St	Suite 1350	Houston
1	TPC GROUP LLC	500 DALLAS ST.	SUITE 2000	HOUSTON
1	Motiva Enterprises LLC	500 Dallas St., Floor 9		Houston
1	Aramco Trading Americas LLC	500 Dallas Street	Floor 8	Houston
1	Sumukh Financials LLC	500 E. Goodnight Ave		Aransas Pass
1	Skopos Services LLC	500 East John Carpenter Freeway	Suite 300	Irving
1	Apply Design Inc	500 East Stassney Lane		Austin
1	Merit Roofing Systems Inc	500 Industry Way, Suite 40		Prosper
1	City of San Antonio Acting by and through City Public Service Board (CPS Energy)	500 McCullough Avenue	N/A	San Antonio
1	White Rhino Coffee LLC	500 N Akard St.		Dallas
1	Line-Scape LLC	500 N Akard Street	3700	Dallas
1	Bat Conservation International	500 N Capital of Texas Highway	Building 8, Suite 225	Austin
1	Capital Commercial Investments Inc	500 N Capital of Texas Hwy		Austin
1	AriakITSol LLC	500 N Central Expy, Office 145	Suite 500	Plano
1	Bluebird Medical Enterprises LLC	500 N Shoreline Blvd	Ste 906	Corpus Christi
1	Triarc Tank (f/k/a Arcosa Tank LLC)	500 N. Akard	Suite 400	Dallas
1	Francis & Totusek, LLP	500 N. Akard Street, Suite 1830		Dallas
1	AmplifAI Solutions Inc	500 N. Central Expressway	Suite 500	Plano
1	CLS Health PLLC	500 N. Kobayashi Road	Suite A	Webster
1	Magnum Producing, LP	500 N. Shoreline Blvd.	Suite 501	Corpus Christi
1	California Bioenergy LLC	500 North Akard Street	Suite 1500	Dallas
1	ACCUVER AMERICAS INC	500 North Central Expressway, Suite 210		Plano
1	Pragma Info Systems Inc	500 S Denton Tap Rd Suite  105		Coppell
1	Stamford Pharmaceuticals Inc	500 W 2nd Street	Suite 1900	Austin
1	Ancient Art, L.P.	500 W 5th St	Ste 1110	Austin
1	Community National Bank	500 W Illinois Avenue	Floor 10	Midland
1	The University of Texas  at El Paso	500 W University Avenue		El Paso
1	Blue Moon Software Inc	500 W. 16th Street	Suite 100	Austin
1	PAUL GLANTZ CPA PC	500 W. 2ND ST.	SUITE 1900	AUSTIN
1	The University of Texas at El Paso	500 W. University  Avenue		El Paso
1	The University of Texas El Paso	500 W. University Avenue		El Paso
1	M-Files Inc	500 West 2nd St.	19th Floor	Austin
1	Medical Center Hospital	500 West 4th Street		Odessa
1	OXBOW ADVISORS LLC	500 West 5th Street, Suite 1205		Austin
1	Diamondback E&P LLC	500 WEST TEXAS AVE	SUITE 1200	MIDLAND
1	SymphonyAI Retail Inc (formerly EYC USA Inc)	5000 Ed Dorado Pkwy, Suite 150		Frisco
1	Aloha Practice Management Inc	5000 Eldorado Pkway	Suite 150-117	Frisco
1	McAfee LLC	5000 Headquarters Dr		Plano
1	CZT Energy USA Inc	5000 I-10 Warehouse  6		Sealy
1	Alpha Steel LLC	5000 I-10 Warehouse 6		Sealy
1	Hailiang Copper Texas Inc	5000 I-10 West		Sealy
1	NextRise USA Inc	5000 Interstate 10 Frontage Rd	BLG 7	Sealy
1	Hailiang  Copper Texas Inc	5000 Interstate 10 Frontage Road, Building 4		Sealy
1	MaxDecisions Inc	5000 Legacy Dr.	Suite 330	Plano
1	Futurewave Systems Inc	5000 Legacy Drive	Suite 220	Plano
1	Fusion Solutions LLC	5000 Legacy Drive, Suite 220		Plano
1	HIWIN TECHNOLOGY INC	5000 NW I 10 Frontage Rd	Bldg 7	Sealy
1	CZT Energy (USA) Inc	5000 NW I-10 Frontage Road	Warehouse Bldg. 6	Sealy
1	Comunidad Partners PBC	5000 Plaza at the Lake		Austin
1	ShockWatch Inc (Owned and operated by Media Recovery Inc)	5000 Quorum Dr	Suite 550	Dallas
1	Brinkley Sargent Wiginton Architects Inc	5000 Quorum Dr.	Suite 600	Dallas
1	Lone Star College System	5000 Research Forest Drive		The Woodlands
1	Lumin Nxt Inc	5000 Riverside Dr	Building 6, Suite 100E( 176)	Irving
1	Spark Info Solutions Inc	5000 Riverside Dr Bldg 6	Suite 100E	Irving
1	Spark Info Solutions	5000 Riverside Dr Bldg 6,	Suite 100E	Irving
1	Amvotech Solutions Inc	5000 Riverside Dr. Building 6	Suite 100E	Irving
1	Aligned Automation LLC	5000 Riverside Drive	Suite 100E, Building 6	Irving
1	Core Solns Inc	5000 Riverside Drive, Building 6	Suite 100E	Irving
1	CDRP Technologies LLC	5000 Riverside Drive, Building 6,	Suite 114	Irving
1	SKYBRIDGE INTERNATIONAL LLC	5000 RIVERSIDE RD	SUITE 100 BLDG 6	IRVING
1	Prime Labs LLC	5000 South Freeway, Suite 106		Fort Worth
1	MIDLAND COMMUNITY HEALTHCARE SERVICES	5001 ANDREWS HIGHWAY		MIDLAND
1	FOCUS INC	5001 Avenue U		Galveston
1	Echometer Company	5001 Ditto Lane		Wichita Falls
1	Hydrobreeze LLC	5001 Front Street	Ste. 1A	Brookshire
1	FNBTech Inc	5001 LBJ Freeway	Ste. 600	Farmers Branch
1	Crescent Partners Inc	5001 Lyndon B Johnson Fwy	830	Dallas
1	Ethos Technologies Inc	5001 Plaza on the Lake, Suite 305		Austin
1	Paragon SCI, LP	5001 Saunders Rd		Fort Worth
1	SJK Consulting Inc	5004 CYNDUR DR		THE COLONY
1	PharmaAI LLC	5004 Risana bend		Round Rock
1	ForwardXP Inc	5005 Lyndon B Johnson Fwy,	Suite 675	Dallas
1	Riverway Group LLC	5005 Riverway Drive	Ste. 440	Houston
1	IDEAL SOURCE INC	5005 W  ROYAL LANE	STE 175	IRVING
1	Verdict IT Technologies LLC	5005 W ROYAL LN STE 183F		IRVING
1	Tech-Apex Solutions Inc	5005 W Royal Ln.,	Ste 141	Irving
1	Salve Enterprises LLC	5005 W Royal Ln., Ste. 183F		Irving
1	BRAINTREE CONSULTANTS INC	5005 W. Royal Lane	Suite 127	Irving
1	Invision Global Tech. Inc	5005 West Royal lane,	Suite 175	Irving
1	INFOKEYS INC	5005, W ROYAL LN	SUITE 253	IRVING
1	Centerpiece Technologies Inc	5008 Basham Ln		McKinney
1	VanDuzen Inc	501 2nd Avenue	Suite A1000	Dallas
1	Houston Astros LLC	501 Crawford Avenue		Houston
1	PMA Media LLC	501 E Stassney Lane	Apt 932	Austin
1	Waco Independent School District	501 Franklin Avenue		Waco
1	United Electric Co. L.P.	501 Galveston St.		Wichita Falls
1	Clinics of North Texas LLP	501 Midwestern Parkway East		Wichita Falls
1	Sonador Ventures Inc	501 Pedernales Street	Ste 1a	Austin
1	MedeAnalytics Inc	501 W President George Bush Highway	Suite 250	Richardson
1	BP America	501 West Lake Park Blvd		Houston
1	Rime Downhole Technologies LLC	501 Winscott Road		BENBROOK
1	GRAVITYINTEL LLC	5011 Enclave CT		Mckinney
1	M3 Tek Systems Inc	5011 Lockridge Sky Ln		Sugar Land
1	LA GIOIA LLC	5015 WESTHEIMER RD	STE 1270	HOUSTON
1	Malnory, McNeal & Company, PC	5016 McKinney Avenue		Dallas
1	Monzer H Yazji MD & Associates, PLLC	502 South Closner Blvd		Edinburg
1	Graham Adair Inc	502 W 30th Street		Austin
1	T-TECH POWER SOLUTIONS	5024 HARNEY DR		FORT WORTH
1	The Varnett Schools Inc	5025 S. Willow Drive		Houston
1	Humpal Physical Therapy PC	5026 Deepwood Circle		Corpus Christi
1	HEXAH FOUNDATION	503 KENNISTON DR		AUSTIN
1	Longhorn Locker Company L.L.C.	503 W County Road 109		Venus
1	BLACKBERRY CORPORATION	5030 Riverside Drive	Building 2, Suite 200	Irving
1	Sun Construction Company LLC	5033 Brookview Dr.		Dallas
1	Techminers LLC	504 Antelope Ct		McKinney
1	Hospital Docs, PA	504 Medical Center Blvd.	Suite 300	Conroe
1	RealNex LLC	504 Murphy Road	Suite L	Stafford
1	DEBES CREER EN TI	504 N OConnor Rd		Irving,
1	CLASSIC REHABILITATION INC	504 NORTH CARRIER PARKWAY		GRAND PRAIRIE
1	DAWSON SODD FIRM PLLC	504 W 2ND AVE		CORSICANA
1	Blade Inspectors LLC	5040 Quail Terrace		Abilene
1	SKY CHEFS INC	5040 RIVERSIDE DR.	BUILDING 1	IRVING
1	TRITORC INC	5041 SPENCER HIGHWAY	SUITE 302	PASADENA
1	Rocker Box Ventures Inc	5043 Fort Clark Dr		Austin
1	Sunet Group LLC	5048 Tennyson Pkwy	Suite 250	Plano
1	BI Solutions Inc	5048 Tennyson Pkwy.	Ste. 250	Plano
1	ConsenSys Software Inc	5049 Edwards Branch Road		Fort Worth
1	H2M Info Systems Inc	5049 Edwards Ranch Clearfork, 4th Floor		Fort Worth
1	ENSYNC CORPORATION	5049 Edwards Ranch Rd	FLOOR 4	FORT WORTH
1	Killara Management LLC	5049 Edwards Ranch Road		Fort Worth
1	CV-580 LLC	505 Amelia Earhart Dr.		Brownsville
1	FORSYS INC	505 E PALM  VALLEY BLVD	STE 230	ROUND ROCK
1	SIO OF TEXAS PLLC	505 E. HUNTLAND DRIVE	SUITE 340	AUSTIN
1	The Association of Former Students at Texas A&M	505 George Bush Dr.		College Station
1	Laversab	505 Gillingham Lane		Sugarland
1	Boto3 Inc	505 Main Street	Floor - 5, Office - 120	Fort Worth
1	CREOLE DESIGN LLC	505 MERRILL STREET		HOUSTON
1	PFSweb Inc	505 Millennium Dr.		Allen
1	CYBERSYNC INC	505 N SAM HOUSTON PKWY E	SUITE 682	HOUSTON
1	CompQsoft Inc	505 N Sam Houston Pkwy East	Suite 682	HOUSTON
1	Floss and Gloss Dental PLLC	505 N. Industrial Blvd.	Suite 800	Bedford
1	PacMarine Services LLC	505 N. Sam Houston Pkwy. E. Suite 390		Houston
1	Castle Biosciences Inc	505 S. Friendswood Drive	Suite 401	Friendswood
1	Gridiron Payroll LLC	5050 Westway Park Blvd	Suite 175	Houston
1	ID Technology LLC	5051 N. Sylvania Avenue		Fort Worth
1	PBP INC	5055 E Grand Parkway S.		Baytown
1	Blue Dragon Group LLC	5055 W Park Blvd	400	Plano
1	Predactica LLC	5055 W. Park Blvd	Ste 400	Plano
1	Payoda Technology Inc	5055 W. Park Blvd.	Suite 400	Plano
1	Insightary LLC	5055 WEST PARK BLVD	Suite 400	Plano
1	TEST YANTRA SOFTWARE SOLUTIONS INC	5055 West Park Blvd.	Suite 400	Plano
1	Panhandle Products LLC	5056 W Road G		Dumas
1	CADENCE MCSHANE CONSTRUCTION COMPANY LLC	5057 Keller Springs Road	Suite 500	Addison
1	DEFENSE IN DEPTH SOLUTIONS INC	505N SAM HOUSTON PKWY EAST	SUITE 682	HOUSTON
1	MITZI E SULLIVAN CPA PLLC	506 W Walnut St		Decatur
1	Hynes & Khater LLC	5065 Westheimer Rd	Ste. 1215E	Houston
1	Zeva Technology LLC	5068 W. Plano Parkway, Suite 145		Plano
1	PICKUP NOW INC	5068 West Plano Parkway	Suite 290	Plano
1	Clerk Retail Inc	507 Calles Street	Suite 112	Austin
1	M9 Consulting Inc	507 Denali Pass Dr.	Ste. 603	Cedar Park
1	TEPCO – TEAM ENTERPRISE PROJECT CONTROLS ORGANIZATION LLC	507 E. Cedar Bayou Lynchburg Road		Baytown
1	BIG SKY CONSTRUCTION CO. INC	507 EXPOSITION AVENUE		DALLAS
1	Germania Farm Mutual Insurance Association	507 Highway 290 East		Brenham
1	Big Data Energy Services Inc	5075 Westheimer	Suite 890	Houston
1	Banorte Securities International Ltd.	5075 Westheimer Rd	Ste 975W	Houston
1	RISING STAR HOLDINGS LLC	508 E Gravis Street		SAN DIEGO
1	Simplicity Power LLC	508 North Bowser Road		Richardson
1	INFOREVA LLC	508 Silicon Dr		Southlake
1	Permico Royalties LLC	508 W. Wall Street	Suite 1250	Midland
1	Genesis Aviation Inc	5080 S Collins St Suite 110		Arlington
1	CONSULTING OPPORTUNITY HOLDINGS LLC	5080 Spectrum Dr	Ste 1050 , Floor 10, East Tower	Addison
1	PURCHASING MANAGEMENT INTERNATIONAL, LP	5080 SPECTRUM DR. SUITE 300E		Dallas
1	Parks Residential Systems Research Inc	5080 Spectrum Drive, Suite 1000W		Addison
1	Abram Expedited LLC	5087 Martin Luther King Jr Freeway		Fort Worth
1	TECOI LLC	5089 Airline Road		Longview
1	SASS Service LLC	509 Ayinger Ln		Austin
1	Phillip Townsend Associates Inc	509 N. Sam Houston Parkway East	Suite 600	Houston
1	Philip Townsend Associates Inc	509 North Sam Houston Parkway East	Suite 600	Houston
1	RESOURCE INTEGRATORS LLC	509 W 15thSt.		AUSTIN
1	MEPTech Engineering Inc	5090 Ada Avenue		Beaumont
1	Tidwell Pet Clinic Inc	51 Tidwell Road		Houston
1	Beemacs LLC	510 Austin Avenue	25N Coworking	Waco
1	K&K Inc	510 E 2nd		White Deer
1	Project Surveillance Inc	510 E Main St		Humble
1	K & K Inc	510 E. 2nd		White Deer
1	Houston Grand Opera Association Inc	510 Preston Street	Suite 500	Houston
1	DOCTORS HOSPITAL 1997 LP	510 W TIDWELL ROAD		HOUSTON
1	Nobilis Group Inc	5100 N. OConnor Blvd	Suite 200	Irving
1	TECO-Westinghouse Motor Company	5100 North IH 35		Round Rock
1	Episcopal Diocese of Dallas	5100 Ross Avenue		Dallas
1	3B SURVEY INC	5100 WESTHEIMER ROAD	SUITE 200	HOUSTON
1	Arnie & Company, P.C.	5100 Westheimer Road Ste. 490		Houston
1	GWT Technologies Inc	5100 Westheimer Road suite 505		Houston
1	PCI Industries LLC	5101 Blue Mound Rd		Fort Worth
1	Cartamundi Dallas Inc	5101 Highland Place Drive		Dallas
1	Mother Francis Hospital Regional Health Care Center	5101 N OConnor Bvld		Irving
1	Mother Frances Hospital Regional Health Care Center	5101 N. OConnor Blvd.		Irving
1	SNYDER SMILES PC	5107 COLLEGE AVE, SUITE 2		Snyder
1	Wilco Commercial LLC	5107 Hudson Court		Sachse
1	VALLEY USED TIRES LLC	5107 Lawnview Ave		Dallas
1	Diabetes & Glandular Disease Clinic P.A.	5107 Medical Drive		San Antonio
1	Resili-tech Inc	511 E  John  Carpenter freeway	Suite 502B	IRVING
1	Oorvi Systems Inc	511 E John Carpender Freeway	Suite 500	Irving
1	Tess II Opco LLC	511 E John Carpenter Freeway	Ste 500	Irving
1	Dynamic Tek LLC	511 E john W Carpenter Fwy	Flr 5	irving
1	Retractable Technologies Inc	511 Lobo Lane		Little Elm
1	Autism Spectrum Instructional Resources, L.L.C.	511 S Lariat Cir		Dripping Springs
1	ENCANDO.AI INC	511 University Drive East	Suite 210	College Station
1	BlinkAI Inc	5110 Lancaster Court		Austin
1	CIVILITUDE LLC	5110 LANCASTER CT		AUSTIN
1	WaterFleet LLC	5110 S.E. Loop 410		San Antonio
1	Golf Scope Inc	5113 Southwest Parkway	Suite 215	Austin
1	Nora Engineering & Planning LLC	5114 Balcones Woods Drive, Suite 307-122		Austin
1	Optimus LLC	5115 Cornish Street		Houston
1	Houston Cardiovascular Associates, P.A.	5115 Fannin St	Ste 801	Houston
1	TSRC Concepts LLC	5115 Westheimer Road	Suite C3500	Houston
1	Quicktron Robotic INC	512 E Dallas Rd	Ste 200	Grapevine
1	QUICKTRON AUTOMATION USA INC	512 E Dallas Rd, STE 200		Grapevine
1	HeyHire Inc	512 East Riverside Dr	Ste 200	Austin
1	Gastroenterology Consultants of South Texas, PLLC	512 Victoria Lane	Suite 2	Harlingen
1	Databasaurus LLC	5120 State Hwy 6		Riesel
1	David D McFadden DMD PA	5120 W Lovers Lane		Dallas
1	ELAWAN WIND NORTH AMERICA	5120 Woodway Dr.	Suite 9004	Houston
1	Elawan Wind North America Inc	5120 Woodway Drive, Suite 9004		Houston
1	Market Square Architects PLLC	5121 Bee Cave Road		West Lake Hills
1	ENVICOOL CO., LTD.	5121 Hiltonview Road		Houston
1	CorVel Healthcare Corporation	5128 Apache Plume Road	Suite 400	Fort Worth
1	Leroy and Lewis Truck LLC	513 Blackberry Drive		Austin
1	Luna Solutions Corp	513 Kansas St		Houston
1	NewTek Inc	5131 Beckwith Boulevard	Suite 100	San Antonio
1	Republic Sheetmetal & Mfg. Co.	5131 Cash Road		Dallas
1	San Antonio Independent School District	514 West  Quincy St.		San Antonio
1	Salof LTD. Inc	5141 IH 35 South		New Braunfels
1	McCourt Equipment Inc	5141 W STATE HIGHWAY 71		LA GRANGE
1	RADIANT GLOBAL TECHNOLOGIES INC	5146 SKYLINE		FRISCO
1	SHEPHERD FOOD INVESTMENT INC	515  North Sam Houston PKWY E Suite 610	Suite 610	HOUSTON
1	Lewis & Partners LLC	515 Post Oak Boulevard, Suite 715		Houston
1	Rastegar Property Company LLC	515 S Capital of Texas Hwy	Ste. 240	Austin
1	BENTLEY, BRATCHER & ASSOCIATES, P.C.	515 W. Greens Road, Ste 710		Houston
1	Encompass Health Rehabilitation Hospital of Texarkana Inc	515 West 12th St.		Texarkana
1	Agar Corporation Inc	5150 Tacoma Drive		Houston
1	Sandsrx Frisco LLC	5150 Warren Parkway	Suite 700	Frisco
1	Dynamic Technology Inc	5151 head quarters drive	Suite 110	Plano
1	Desmata Inc	5151 Headqarters Drive		Plano
1	Reza & Sharif CPAs P.C	5151 Headquarters Dr	Ste 280	Plano
1	Draycott US Holdings Inc	5151 World Houston Parkway	Suite 100	Houston
1	Sai Synergy Inc	5152 Fredericksburg Road	Ste. 280A	San Antonio
1	SPARTAN TECHNOLOGY INC	5152 Village Creek DR		Plano
1	AVANT TAX & FINANCE INC	5152 Village Creek Dr,		Plano
1	Benchmark Payroll and Benefits LLC	5160  Tennyson Parkway	Suite 1000	Plano
1	N2 CONSULTING LLC	5161 SAN FELIPE ST	STE 320	HOUSTON
1	BGT INTERIOR INC	5169 ASHLEY COURT		HOUSTON
1	Matrix Structural Engineers	5177 Richmond	Ste. 670	Houston
1	Tecnics Consulting Inc	5177 Richmond Avenue, Suite  570		Houston
1	Credenti LLC	5177 Richmond Avenue, Suite 1160		Houston
1	Cueto Consulting & Construction LLC	518 N 5th Street		Temple
1	Bitol Tech LLC	519 E Interstate 30, 1085		Rockwall
1	AllPro Consulting LLC	519 Haven Hill Dr.,		Katy
1	SC Military PLLC	519 N Cedar Ridge Drive	Suite 101	Duncanville
1	ABC Family Dental Basswood PLLC	5190 Western Center Blvd		Haltom City
1	ANIL ALI, P.C.	52 SUGAR CREEK CENTER BLVD	SUITE 150	SUGAR LAND
1	Davila Construction Inc	520 Bonham		San Antonio
1	R&H Services LLC	520 Central Parkway E.	Ste. 112	Plano
1	Nanvi Technology Solutions LLC	520 Central Parkway East	Suite 105	Plano
1	Millcreek Capital Management LLC	520 Double Eagle Ranch Drive		Cedar Creek
1	Coder Technologies Inc	520 E Oltorf St		Austin
1	Dropoff Inc	520 E. Oltorf Street		Austin
1	Odessa Regional Hospital, LP	520 East Sixth Street		Odessa
1	TexasFile LLC	520 Lawrence Street		Corpus Christi
1	Datasonic Solutions Corporation	520 Wentworth Ln.		Murphy
1	JSW Steel USA Inc	5200 E McKinney Road		Baytown
1	Harley Blackburn Holdings LLC	5200 Electric Ave	Suite 501	Spicewood
1	SKYLER DESIGN BUILD LLC	5200 HOLLISTER STREET	STE 201	HOUSTON
1	Stratum Reservoir LLC	5200 North Sam Houston Pkwy W	Suite 500	Houston
1	G-Force & Associates Inc	5200 West Highway 377		Tolar
1	Tech Force Systems Inc	5200 Windhaven Pkwy.	Apt. 1308	Lewisville
1	Texas A&M International University	5201 University Blvd.		Laredo
1	Valudental Walzem LLC	5201 Walzem Rd		San Antonio
1	Hahn Stats LLC	5203 Brodie Lane		Austin
1	SPANSION LLC	5204 E. Ben White Blvd		Austin
1	Katapult Group Inc	5204 Tennyson Parkway	Suite 500	Plano
1	Caterpillar  - Irving - TX	5205 N OConner Boulevard	Suite 100	Irving
1	NEC Corporation India Private Limited	5205 N. OConnor Blvd	Suite 400	Irving
1	PROGRESS RAIL SERVICES CORPORATION	5205 N. OConnor Boulevard,	Suite 100	Irving
1	Fantasy Hair & Braids	5208 airport freeway	suite 170	haltom city
1	San Juan Diego Catholic Regional High School	5208 South FM 494		Mission
1	FCTI Inc	5208 Tennyson Pkwy.	Suite 150	Plano
1	Tayana Inc	521 Eagle Glen Ln		Keller
1	HARMONY SCHOOL OF INNOVATION-EL PASO	5210 FAIRBANKS DR.		EL PASO
1	Summit Physical Therapy, P.A.	5212 Village Creek Dr.	Suite B	Plano
1	CND Signs LLC	5213  Tucker Hill Ln		Cedar Creek
1	Health and Safety Council Inc	5213 Center Street		Pasadena
1	Madera Residential LLC	5214 68th Street	Suite 402	Lubbock
1	Peds Intensivists of America, PLLC	5214 Chambler Court		Houston
1	Cloud Global LLC	5215 N O Connor Blvd.	Suite 100	Irving
1	IT COMMENCE INC	5215 N OConnor Blvd	Suite 1100	Irving
1	Tachyon Technologies LLC	5215 N OConnor Blvd 11th Floor		Irving
1	Khyaati Soft LLC	5215 N OConnor Blvd.	Suite 1100	Irving
1	DIAMOND REALTY INVESTMENTS INC	5215 N. OConnor Blvd	Suite 1000	Irving
1	Padmini Bhadriraju MD	5215 S McColl Rd		Edinburg
1	Padmini Bhadriraju MD PA	5215 S McColl Road		Edinburg
1	Texas Tiny Teeth PLLC	5217 Tennyson Parkway	Suite 500	Plano
1	XBiotech USA Inc	5217 WINNEBAGO LANE		AUSTIN
1	UMC Physicians	5219 City Bank Parkway	Suite 160	Lubbock
1	UATX	522 Congress Avenue	Suite 300	Austin
1	CUBIC ITS INC	522 Gillingham Lane		Sugar Land
1	SUVISANGAM INVESTMENT INC	5220 BUFFALO SPEEDWAY		HOUSTON
1	KWIK EQUIPMENT SALES LLC	5220 SHANK ROAD		PEARLAND
1	Trek Metals Inc	5221 N OConnor Blvd,	Suite 750	Irving
1	ClubCorp USA Inc	5221 N OConnor Blvd.	Suite 300	Irving
1	IT Convergence Inc	5221 N. OConner Blvd.	Williams Square - East Tower, Suite 1375	Irving
1	Coast Southwest Inc	5225 Bear Creek Court		Irving
1	Fund Accounting Solution Technologies Inc	5225 S Loop 289	222	Lubbock
1	Neuveau Technology Incorporated	5225 Tuscarora Trl		Mckinney
1	Tyler Family Circle Of Care	523 S. Fannin Avenue		Tyler
1	Serial Agency LLC	5233 Larkin St	Unit A	Houston
1	Teague Nall and Perkins Inc	5237 N. Riverside Drive, Suite 100		Fort Worth
1	Tasktop Technologies US Incorporated	524 North Lamar Blvd.	Suite 202	Austin
1	Vick and Grohman CPAs PLLC	525 E Centerville Road		Garland
1	CALHOUN COUNTY INDEPENDENT SCHOOL DISTRICT	525 N. COMMERCE		PORT LAVACA
1	REIT SERVICES INC	525 Round Rock West Dr, A190		Round Rock
1	RGAP LLC	525 Round Rock West Drive	Suite 100-3	Round Rock
1	Links Construction LLC	525 S Loop 288	Suite 105	Denton
1	GGE Consulting Engineers Inc	5250 Callaghan Rd Ste 100		San Antonio
1	Just Energy (U.S.) Corp.	5251 Westheimer Road	Ste. 1000	Houston
1	SOLMEM LLC	5252 Holister St	Suite 501A	Houston
1	Geolithium LLC	5252 Hollister St	STE 501A	Houston
1	Genview Diagnosis Inc	5252 Hollister Street , Suite, 110		Houston
1	URBAN Infraconstruction LLC	526 N. Britain Road		Irving
1	BP Aero Engine Services LLC	5260 Valley View Lane		Irving
1	Corpus Christi Hospitalists PLLC	5262 S. Staples Street	Ste. 210	Corpus Christi
1	3A Infotech LLC	5265 Cypress Creek Pkwy suite 110		Houston
1	Zachry Engineering Corporation	527 Logwood Ave		San Antonio
1	Zachry Engineering Corp	527 Logwood Avenue		San Antonio
1	HIP Healthy Innovative Processes	5282 Medical Dr.	Suite 605	San Antonio
1	AEM Solutions LLC	529 Waters Edge Way		Murphy
1	Buff City Support Center LLC	5294 Beltline Road	Suite 100	Dallas
1	Tri-State Electric, Ltd.	530 Valley Chili Road	N/A	Vinton
1	Rock Fiber Inc	5300 Memorial Drive	Ste. 660	Houston
1	GROUP 628 LLC	5300 SPANISH OAKS		FRISCO
1	Riverwalk Education Foundation Inc	5300 Wurzbach Road	Ste 800	San Antonio
1	Purepath Technologies Inc	5301 Alpha Road	Suite 66 - 55	Dallas
1	Aimbridge Employee Service Corp.	5301 Headquarters Drive		Plano
1	DXP ENTERPRISES INC	5301 HOLLISTER ST	SUITE 400	HOUSTON
1	Vego Garden Inc	5301 Polk St. Building 21		Houston
1	Alchemy Systems L.P.	5301 Riata Park Court	Building F	Austin
1	Portnox Security LLC	5301 Southwest Parkway	Suite 470	Austin
1	Tricentis Americas Inc	5301 Southwest Parkway, Building 2	Suite 200	Austin
1	Mash IT Solutions LLC	5301 Southwest Pkwy	Ste 400	Austin
1	Associated Pathologists II, P.C.	5301 Virginia Way	Suite 300	Brentwood
1	SmartAC.com Inc	5302 Egbert Street		Houston
1	IR Rehab PC	5302 Janelle Dr.		Killeen
1	WE THE WILD USA INC	5302 POLK STREET	BUILDING 14, D11	HOUSTON
1	CYS Inc	5302 Valley Country Lane		Sugar Land
1	Tianjin Bond USA LLC	5303 Orchid Garden Court		Sugar Land
1	Royal Monarch Solutions LLC	5304 Carnaby Street	114	Irving
1	Andes STR Inc	5305 Hallowell Ct		Austin
1	Valid Management LLC	5306 Hollister St.		Houston
1	Security Escrow & Title LLC	5306 Holly Road	Suite B	Corpus Christi
1	Sefbo Pipeline Bridge Inc	5306 Middle Fiskville Road		Austin
1	GDS Link LLC	5307 E Mockingbird Lane	Suite 1001	Dallas
1	AbM Construction Co.	5309 Mace St.		El Paso
1	SPL Consulting Inc	531 Silicon Dr Ste 102		Southlake
1	KENAI SOLUTIONS LLC	5310 ALPHA ROAD		DALLAS
1	WYNNPRO LLC	5310 ASHBROOK DRIVE		HOUSTON
1	Smiles by Mehta	5310 Fairdale Lane		Houston
1	Oliver Street 5.01(a) Inc	5310 Harvest Hill Road	Suite 290	Dallas
1	A-Care Home Health Services of East Houston Inc	5315 Bissonnet St	Suite A	Bellaire
1	Restart Financial Inc	5316  HWY 290 W	Suite 450	Austin
1	BankingON Inc	5316 HWY 290 W	Suite 300	Austin
1	BuilderBinder LLC	5317 McCandless St., Austin, TX 78722		Austin
1	Bernard Controls Inc	532 Stonegate Dr		Katy
1	Reata Pharmaceuticals Inc	5320 Legacy Drive		Plano
1	Sharp Glass LLC	5320 Rittiman Road		San Antonio
1	Semics America Inc	5321 Industrial Oaks Blvd.	Suit 103	Austin
1	UT Southwestern Medical Center	5323 Harry Hines Blvd		Dallas
1	DHR HEALTH Institute for Research and Development	5323 S. McColl Road		Edinburg
1	Nusoft Systems LLC	5323 Turning Leaf Lane	N/A	Sugar Land
1	Panini America Inc	5325 FAA Boulevard	Suite 100	Irving
1	CardioVoyage LLC	5325 W. University Dr.		McKinney
1	Health First Physio Care LLC	5330 Hwy 6	Suite 116	Missouri City
1	Insight For Living	5330 Parkwood Boulevard		Frisco
1	Newfold Digital Inc	5335 Gate Pkwy	Suite	Jacksonville
1	Jasvinder Badwalz DMD, PLLC	5340 El Paso Drive	Suite K	El Paso
1	Optimal Blue LLC	5340 Legacy Dr	Building 2, 2nd Floor	Plano
1	Macadamia Beauty LLC	5340 Legacy Drive, Building 4, Suite 180		Plano
1	Awecom Inc	5340 Weslayan St.	25128	Houston
1	Happy Lungs Project Inc	5345 Towne Square	Suite 140	Plano
1	JOSHUA2415 INC	5345 TOWNE SQUARE DR STE 235		PLANO
1	TELKA LLC	5345 Towne Square Dr.	Suite 220	Plano
1	SLRI SOLUTIONS LLC	535 E FERNHURST DR.	SUITE 203	KATY
1	PLAYTIME HOSPITALITY LLC	535 TALBERT DRIVE		PLANO
1	EnLiSense Limited Liability Company	535 Talbert Drive, Bldg 2	Suite 205	Plano
1	Ranjeet Koirala CPA PC	535 W Airport Fwy	Ste 120	Irving
1	Worlds Enterprises Inc	5350 Alpha Road		Dallas
1	Core IT Tech INC	5353 Alpha Road	Suite 108A	Dallas
1	WESTERN MECHANICAL LLC	5353 Memorial Drive,  2016		HOUSTON
1	Mission Creator Platform Inc	5360 Legacy Dr.	Ste. 180	Plano
1	Ballast Point Construction Inc	5361 Highway Blvd		Katy
1	DOF Subsea Inc	5365 W. Sam Houston Parkway N.	Suite 400	Houston
1	DOF Subsea USA Inc	5365 W. Sam Houston Parkway N.,	Suite 400	Houston
1	LekhaTax LLC	537 Houston Street		Coppell
1	BKS Texas Enterprises Inc	5373 W. Alabama St. Suite 404		Houston
1	Good Charlie Employee Services LLC	5373 West Alabama St.	Ste. 505	Houston
1	GROWTH360PARTNERS LLC	5373 West Alabama Street	Suite 539	Houston
1	Sheth MD PA	5375 Coit Road	Suite 130	Frisco
1	Seksun Texas Inc	5375 FAA Blvd., Suite 150		Irving
1	TallannQuest LLC	538 Haggard St.	Suite 406	Plano
1	Insurance Technologies LLC	539 W Commerce	St 6200	Dallas
1	ND Global Consulting Services Inc	539 W Commerce St  2970		Dallas
1	Rexpand Co.	539 W. Commerce St  2488		Dallas
1	ETHOS TEK LLC	539 W. Commerce St, Suite 3558		Dallas
1	FBA Operating Co.	539 W. Commerce St.	Suite 3281	Dallas
1	Voxer Inc	539 W. Commerce Street	Suite 7050	Dallas
1	We Empower IT LLC	54 Rookwood Ct		The Woodlands
1	Deaf Smith County Hospital District	540 W. 15th St.		Hereford
1	Jaynes, Reitmeier, Boyd & Therrell, P.C.	5400 Bosque Blvd	Suite 600	Waco
1	DESI EATS LLC	5400 COLLIN MCKINNEY PKWY.		MCKINNEY
1	Sporo Health Inc	5400 Comanche Vista Trl		Granbury
1	Smile Doctors of Michigan, PC	5400 Lyndon B. Johnson Fwy	Suite 800	Dallas
1	R.R.P. Consulting Engineers LLC	5400 N. 10th Street		MCALLEN
1	EXTERPRISE LLC	5400 Twin Cities Lane		Mckinney
1	Enbridge Employee Services Inc	5400 Westheimer Court		Houston
1	All Heavy Movers USA LLC	5401 S Jackson Rd		Pharr
1	I3 Enterprises Solutions Inc	5401 Westfield Drive		Parker
1	Agnew Associates Inc	5404 114th Street		Lubbock
1	Deweyville Oil Company Inc	5405 College St		Beaumont
1	Voltas Consulting Inc	5407 Mulberry Grove Ln		Austin
1	e2log Inc	5411 Bellingen River Lane		Sugar Land
1	R & B Group Inc	5411 Killough St		Houston
1	KARAN S BHALLA, MD PLLC	5413 CRENSHAW ROAD	Ste 400	PASADENA
1	Jindal Dental Associates, P.C.	5414 Antoine Dr.		Houston
1	Pre Med Care Clinic LLC	5420 Bellaire Boulevard		Bellaire
1	COCA-COLA SOUTHWEST BEVERAGES LLC	5420 LBJ Freeway	Suite 800	Dallas
1	Pegasus Business Intelligence LP	5420 LBJ Freeway, Suite 900		Dallas
1	HJD Capital Electric Inc	5424 US 90 Access Road		San Antonio
1	AbiMar Foods Inc	5425 North First Street		Abilene
1	United States Lime & Minerals Inc	5429 LBJ Freeway	Suite 230	Dallas
1	QUALITY WHOLESALE STL LLC	5429 SCHUMACHER LANE		HOUSTON
1	Cortwo Corp.	5430 LBJ Freeway, Suite 325		Dallas
1	AMG BT Property Management LLC	5430 LBJ Fwy.	Suite 1050	Dallas
1	The Womens Fund Organization	5433 Westheimer Rd Ste. 350		Houston
1	Kentech Technical Services LLC	5433 Westheimer Road, Suite 1016		Houston
1	GOWELL INTERNATIONAL LLC	5440 Brittmoore Road		Houston
1	WhamTech Inc	5440 Harvest Hill Road	Ste. 260	Dallas
1	CPM CONSULTING LLC	5444 Westheimer	Suite 1000	Houston
1	Benefit Harbor, LP	5445 Legacy Drive	Suite 250	Plano
1	Option Care Enterprises Inc	5446 West Highway 290	Ste 203	Austin
1	Vulcan Construction Materials LLC	545 E John Carpenter Freeway	Suite 950	Irving
1	Highgate Hotels LP	545 E John Carpenter Fwy.	Suite 1400	Irving
1	Hotel RevUp LLC	545 E John W Carpenter Fwy	Suite 1400	Irving
1	Texas Solar Professional LLC	545 Jealouse Way		Cedar Hill
1	Florida Software Inc	545 Via Amalfi	Ste 211	Irving
1	JL Trevino & Associates, PLLC	5450 Northwest Central Drive	Suite 123	Houston
1	Erica Wang LLC	5451 Troup Hwy		Tyler
1	M J CHAU & ASSOCIATES PLLC	5454 SURREY PATH	STE 107	FRISCO
1	NebuLogic Technologies (Holdings) Inc	5465 Legacy Dr.	Suite 600	Plano
1	Versflair LLC	5465 Legacy Drive, , Plano TX	Suite 650	Plano
1	Services of Hope Entities Inc	5470 Ellsworth Ave		Dallas
1	OCI Beaumont LLC	5470 N Twin City Hwy		Nederland
1	Ruifeng Trade Inc	5473 Blair Road	Ste. 100-30327	Dallas
1	Hughes Ventures Inc	548 Forest Center Plaza		Garlan
1	KINETIKATECH  LLC	5489 S US HIGHWAY 79	LOT 8	CARTHAGE
1	Dunaway Associates LLC	550 Bailey Avenue	Suite 400	Fort Worth
1	Whole Foods Market Services Inc	550 Bowie Street		Austin
1	Texas Digestive Disease Consultants, PLLC	550 Reserve Street, Suite 550		Southlake
1	REBL Enterprises LLC	550 S Mesa Hills	Suite E4	El Paso
1	Modernbuild Construction LLC	550 S Walters Road, Suite 231		Allen
1	Cetetek Technology Inc	550 S Watters Rd  151		Allen
1	Limn Labs Inc	550 S. Watters Road	Ste 246	Allen
1	Tachyus Corporation	550 Westcott St		Houston
1	Durable Electric Power LLC	550 Westcott St.	Suite 430	Houston
1	NGC TRANSMISSION EQUIPMENT (AMERICA) INC	5500 ALLIANCE GATEWAY FREEWAY		FORT WORTH
1	Communities Foundation of Texas	5500 Caruth Haven Lane		Dallas
1	Carlson, Brigance & Doering Inc	5501  W. William Cannon Dr.		Austin
1	Midland Athletic Syndicate	5501 Deauville Blvd.		Midland
1	Profile Dm Inc	5501 Independence Parkway	Suite 301A	Plano
1	InsuLink Insurance & Financial Services Inc	5501 Independence Pkwy, STE 111		Plano
1	Pinnacle Technical Resources Inc	5501 Lyndon B Johnson Fwy	Suite 600	Dallas
1	Shockwatch Inc (Owned & operated by Media Recovery Inc)	5501 Lyndon B. Johnson Fwy	Suite 400	Dallas
1	HARLINGEN MEDICAL CENTER,  LP	5501 S. EXPRESSWAY 77		HARLINGEN
1	DHR Health	5501 S. McColl Rd		Edinburg
1	Carlson, Brigance, and Doering Inc	5501 W. William Cannon Drive		Austin
1	The Social Plus LLC	5502 Monterey Dr		Frisco
1	Sonet Software Solutions Inc	5505 West Park BLVD	Suite 400	Plano
1	PEDIATRIC HEART CLINIC OF MCALLEN, P.A.	5506 S. JACKSON ROAD		EDINBURG
1	Ideal Power Inc	5508 Highway 290 West	Suite 120	Austin
1	PRE  Management Inc	5508 Hwy 290 W	Suite 240	Austin
1	Exstiti LLC	551 S I-35 Frontage Rd	Suite 383	Round Rock
1	Ziebel US Inc	5510 Clara Road		Houston
1	APS America LLC	5511 Lacey Oak Meadow Dr.		Katy
1	BNB Info Tech LLC	5511 Parkcrest Dr.	Suite103	Austin
1	ZenBusiness Inc	5511 Parkcrest Drive	Ste. 103	Austin
1	BelWo Inc	5512 Fern Valley Lane		McKinney
1	Dental Hut PLLC	5514 Lonestar Parkway	Ste 111	San Antonio
1	Golden Tex Company Inc	5515 Clinton Dr.		Houston
1	Irradiant Partners LLC	5516 Laceback Terrace		Austin
1	TOSTADA  REGIA MANAGEMENT LLC	5517 CAPLIN ST.		HOUSTON
1	Franz Road Family Dentistry, PLLC	5523 Franz Rd		Katy
1	RS&A Inc	5525 Granite Parkway, Ste 625		Plano
1	Server Management Services LLC	5525 N. MacArthur Blvd	Suite 655	Irving
1	Teleaus LLC	5528 Glenview Lane		The Colony
1	RIGHT MEDICAL BILLING LLC	5530 LONG PRAIRIE TRACE	SUITE 600	RICHMOND
1	Rival Downhole Tools LC	5535  Brystone Drive		Houston
1	Rival Downhole Tools, LC	5535 Brystone Dr		Houston
1	Kinect Solar LLC	5540 N Lamar Blvd	48	Austin
1	ROI Swift LLC	5540 North Lamar Blvd	Vuka Building	Austin
1	EMC Services Inc	5543 Armour Drive		Houston
1	Diocese of Corpus Christi	555 N Carancahua	STE 750	Corpus Christi
1	SVASTHA INFOTECH INC	555 REPUBLIC DR,	STE 264	PLANO
1	Cloudnetsource LLC	555 Republic Dr, Suite 420		Plano
1	VSecure Technologies Inc	555 Round Rock West Dr,	Suite E225	Round Rock
1	CITY OF ABILENE, TEXAS	555 Walnut Street		Abilene
1	SETEX Construction Corp	5555 College Street,	Suite 103	Beaumont
1	AMS Sensors USA Inc	5556 Tennyson Parkway		Plano
1	1 CLOUD LLC	5559 Twin Rivers Ln		Sugar Land
1	TX TinMan Enterprises LLC	5569 OAK ST		FORT WORTH
1	Databahn Inc	5574 Statesman Ln.		Frisco
1	FUSION LABORATORIES LLC	5580 PETERSON LN	SUITE 200	DALLAS
1	Gated Rentals GP LLC and Subsidiaries	5599 San Felipe	Suite 1510	Houston
1	KNOC Eagle Ford Corporation	5599 San Felipe St	Suite 725	Houston
1	Rogers DeSimone Structural Engineers LLC	5599 San Felipe St.	Suite 1425	Houston
1	First Solution Group LLC	56 Sugar Creek Center Boulevard	Suite 375	Sugar Land
1	Starfire Development Center LLC	560 Barcelona		Kyle
1	Skolix LLC	560 Tennyson Pkwy	Suite 155	Plano
1	Geotest Engineering Inc	5600 Bintliff Dr		Houston
1	MAGNUM TOOL CORPORATION	5600 BONHOMME ROAD	SUITE B	HOUSTON
1	Trintech Inc	5600 Granite Parkway	Suite 10000	Plano
1	The Filis Law Firm, PC	5600 NW Central Drive		Houston
1	PGX GLOBAL FOUNDATION	5600 S WILLOW DR STE 101		HOUSTON
1	Somite Therapeutics	5600 Scenic View Drive		Austin
1	Valcap Group LLC	5600 West Lovers Lane	Suite 309	Dallas
1	Anderson Merchandisers LLC	5601 Granite Pkwy	Suite 1400	Plano
1	Darling Ingredients Inc	5601 N. MacArthur Blvd.		Irving
1	iClanz Inc	5601, Executive Dr		Irving
1	P. K. CLOUD LLC	5602 JAMES LANDING DR		SUGAR LAND
1	VINCE Global Inc	5603 IMPERIAL MEADOW DR		FRISCO
1	Astek Solutions Inc	5605 N. MacArthur Blvd.	10th Floor	Irving
1	ATMANICA Technologies LLC	5605 N. MacArthur Blvd. 10th Floor,	Ste 1085	Irving
1	TalentNine Solutions LLC	5605 North MacArthur Blvd	Suite 310	Irving
1	VK Technologies LLC	5605 North MacArthur Blvd , Suite, 1013		Irving
1	Courtyard Club OpCo LLC	5608 Courtyard Drive		Austin
1	Saxena Dental PLLC	5610 E. Central TX Expy.	Suite 3	Killeen
1	Schumacher-Dixie LLC	5610 Polk St.		Houston
1	Tally Personnel LLC	5611 Baird Court		Houston
1	Salesdrive Technologies LLC	5613 Calisto way		Flower mound
1	LRB TRANSPORTATION LLC	5615 W Fuqua St	Unit C-100	Houston
1	CINCO CLOUD LOGISTICS INC	5615 W Fuqua St, C100		Houston
1	Honghua America LLC	5615 W. Fugqua Drive Bldg. A.	Suite 200	Houston
1	THE BRENDA AND JOHN H. DUNCAN RISE SCHOOL OF HOUSTON	5618 H MARK CROSSWELL, JR. ST.		HOUSTON
1	Cafe of Life LLC	5619 Alta Avenue		Dallas
1	North Shore Dental, PC	5626 E. Sam Houston Pkwy. N.,		Houston
1	EIFER SOFTWARE SOLUTIONS INC	5629 CYPRESS CREEK PKWY	SUITE 348	HOUSTON
1	ALJ Lindsey LLC	5629 FM 1960 West	Ste. 314	Houston
1	Gigawarp Technologies LLC	5631 Broadway		Alamo Heights
1	Texas Solar Integrated LLC	5631 University Heights Blvd	Suite 107	San Antonio
1	Institute of Precision Pain Medicine, PLLC	5637 Corsica Road		Corpus Christi
1	Hill Country Hotel, LP	5639 Rim Pass		San Antonio
1	Sabine Pass Independent School District	5641 South Gulfway Dr.		Sabine Pass
1	DESIGN 11 STUDIO LLC	5646 Milton St	Suite 340	Dallas
1	LENDERBOX LLC	5646 MILTON ST.	SUITE 675	DALLAS
1	H3 Insights LLC	5646 Milton Street	Suite 650	Dallas
1	Swift Technologies Inc	5649 N OConnor Rd	STE 207	Irving
1	Alliance Sports Group, L.P.	5650 Alliance Gateway Freeway		Fort Worth
1	Cunae International School LLC	5655 Creekside Forest Drive		The Woodlands
1	Bath Group LLC	5656 South Staples Street	Suite 110	Corpus Christi
1	NEXUS INFOTECH LLC	5669 Matterhorn Dr		Frisco
1	JDX GLOBAL INC	5699 TX-121		THE COLONY
1	PEREGRINE AI LLC	5700  TENNYSON PKWY	SUITE 300	PLANO
1	Connect For Patients Corp.	5700 Masters Court		Flower Mound
1	Vatani Consulting Engineers, PLLC	5700 NW Central Drive	Suite 220	Houston
1	Eagle Contracting LLC	5700 Park Vista Circle		Fort Worth
1	TEXAS WINDSTORM INSURANCE ASSOCIATION	5700 SOUTH MOPAC EXPRESSWAY, BUILDING A		AUSTIN
1	SACHEM Inc	5700 South MoPac Expwy	Ste 200	Austin
1	Milestone Staffing LLC	5700 Tennyson Parkway Suite 300		Plano
1	Hurix Systems Private Limited	5700 Tennyson Parkway, Ste 300		Plano
1	Baicells Technologies North America Inc	5700 Tennyson Parkway, Suite 300		Plano
1	AXITEM SOFTWARE SOLUTION INC	5700 W PLANO PKWY	SUITE 1000	PLANO
1	I Am Curious Inc	5701 Cameron Road		Austin
1	Peppermint Dental, PLLC	5701 President George Bush Highway	Ste 140	Rowlett
1	AnthemIQ Inc	5701 W Slaughter Ln	Bldg A-130 147	Austin
1	New Iron Group Inc	5703 B Jeff Davis Avenue		Austin
1	Top Gifts of Tech LLC	5707 Crowley Blvd		Midland
1	DLR LLC	5707 Southwest Parkway Building 1	Suite 275	Austin
1	Epitomsoft LLC	5708 Comanche Divide CV		Austin
1	VIJAYA CONSULTANCY SERVICES INC	5710 PATRIDGE DR		PEARLAND
1	CREATION FACTORY INC	5713 BOLM RD		AUSTIN
1	DOCTOR BEN MEDICAL, PLLC	5714 Sutton Pine Lane		Houston
1	Johnson Ministries	5716 Ridgemont Place		Midland
1	Element5 Inc	5717  Legacy Drive	Office 2087, STE 250	Plano
1	Pixie Services USA Inc	5717 Legacy Dr.	Suite 250	Plano
1	Amer Technology Inc	5717 Northwest Pkwy	Suite 103	San Antonio
1	Ayming USA.Inc	5718 Westheimer Road, Suite 1420		Houston
1	Ntelicor LLC	5720 LBJ FWY	Suite 410	Dallas
1	Cathodic Protection Solutions LLC	5721 E County Road 96		Midland
1	Prelude LLC	5725 West Highway 290	Suite 201	Austin
1	Asset Panda LLC	5729 Lebanon Road	Ste. 144-269	Frisco
1	Abhikal LLC	5733 State Highway 121	Suite 210	The Colony
1	BrainWaves Digital LLC	574 July Johnson Dr		Austin
1	C COM DIGITAL LLC	5744 TOUCHSTONE DRIVE		MCKINNEY
1	Desert Creek Honey LLC	575 County Road 5010		Blue Ridge
1	Othon Inc	575 N. Dairy Ashford Road, Suite 650		Houston
1	LLYTECH INC	5750 BRITTMOORE RD	SUITE 200	HOUSTON
1	Software Profiles Inc	5750 Rufe Snow Dr	122	North Richland Hills
1	BLUE CENTRIX INC	5751 Kroger Drive	SUITE-238	Fort Worth
1	FOCUS DISTRIBUTION LLC	5755 BONHOMME ROAD	SUITE 410	HOUSTON
1	Genisys Controls LLC	5757 Farinon Drive		San Antonio
1	Zigatta Inc	5757 Main St	STE 200	Frisco
1	Cloudend Platform Inc	5757 Woodway Dr	STE 300D	Houston
1	Stellantis Financial Services Inc	5757 Woodway Drive	Suite 400	Houston
1	Hamilton W Thillet III	5760 Walden Road	Suite 238	Beaumont
1	Texas-New Mexico Power	577 N. Garden Ridge Blvd.		Lewisville
1	Forty Love Tennis Interests LLC	5775 Lost Forest Drive		Houston
1	DigitalXForce Corporation	578 N Kimball Ave	Suite 160	Southlake
1	Aviles Engineering Corporation	5790 Windfern Road		Houston
1	CCC Group Inc	5797 Dietrich Road		San Antonio
1	Simarn LLC	580 Decker Drive	285	Irving
1	INDEPENDENT DRIVING SYSTEMS	580 TC Jester Blvd.		Houston
1	Hanwha Ocean Global Operation Center LLC	580 Westlake Park Blvd. 8th Floor		Houston
1	Damian Consulting Inc	5800 campus circle dr E	suite 150 A	Irving
1	Tru Touching Humans LLC	5800 Democracy Dr	Suite 200	Plano
1	Osburn Contractors LLC	5800 Democracy Dr.	Suite 150	Plano
1	GenCore Candeo, Ltd	5800 Eagles Nest Blvd		Tyler
1	First Point Group Inc	5800 Granite Parkway, Ste 280		Plano
1	MyDreamPlace LLC	5800 Quebec Street		Fort Worth
1	FIRST GUARANTY MORTGAGE CORPORATION	5800 TENNYSON PARKWAY	SUITE 450	PLANO
1	NewPoint Real Estate Capital LLC	5800 Tennyson Pkwy	Suite 200	Plano
1	Memorial Lutheran Church	5800 Westheimer Road		Houston
1	Hanshow America Inc	5801 Headquarters Drive	Ste. 950	Plano
1	Odyssey Information Services Inc	5801 Tennyson Parkway	Ste. 200	Plano
1	Stryve	5801 Tennyson Pkwy	Suite 275	Plano
1	UNIVERSAL FLOOR SUPPLY LLC	5802 Colfax Street		Houston
1	Mona Composites LLC	5802 Parkersburg Drive		Houston
1	Corrections Products Company, LTD	5802 Rocky Point		San Antonio
1	DIGITAL SOFTWARE INC	5805 CALLAGHAN ROAD	SUITE 115	SAN ANTONIO
1	Meritize Financial Inc	5805 Main Street	Suite 220	Frisco
1	SVAKA TECHNOLOGIES LLC	5809 LOUISVILLE DRIVE		FRISCO
1	Division Construction Supply INC	581 Industrial Blvd		Point
1	LiquidAgents Healthcare LLC	5810 Tennyson Parkway	Suite 300	Plano
1	NBI Trading LLC	5810 W Fuqua		Houston
1	Targeted GeoVision LLC	5811 IRVINGTON BLVD		HOUSTON
1	MALABAR GOLD & DIAMONDS TX LLC	5811 PRESTON ROAD		FRISCO
1	JD Abrams LP	5811 Trade Center Dr.	Bldg. 1	Austin
1	DSP Zusters LLC	5812 Hightower St		Aubrey
1	Shogun Enterprises Inc	5812 Trade Center Drive, Suite 100		Austin
1	ALPHAMAR GROUP INC	5814 Heffernan	N/A	Houston
1	Valsamis Inc	5814 Northdale Street		Houston
1	SER-NIOS CHARTER SCHOOL	5815 ALDER DRIVE		HOUSTON
1	BSI Buidling Services International, LLB	5816 W. Plano Pkwy		Plano
1	H&M Mechanical Constructors Inc	5820 Center Street		Pasadena
1	EnPower Resources Inc	5826 New Territory Blvd, 701		Sugar Land
1	Y-Max Wireless LLC	5826 Parkersburg Dr.		Houston
1	Fashion and Fascinating Merchandise LLC	5829 W Sam Houston Pkwy N, Suite 207		Houston
1	Lifeblue Inc	5830  Granite Parkway	STE 1250	Plano
1	Adblue IT Inc	5830 Collin Mckinney Pkwy	STE 305	Mckinney
1	ITOPENDOORS	5830 Granite Parkway Suite 100-351		Plano
1	Award Solutions Inc	5830 Granite Parkway, Suite 100-37		Plano
1	Hansa World USA Inc	5830 GRANITE PKWY, STE 100-285		PLANO
1	Spatial Laser Inc	5830 Granite Pkwy., Suite 199		Plano
1	DFY Trading LLC	5835  Callaghan Road	Suite 204	San Antonio
1	Ziva Dental	5835 Culebra Rd	Suite 105	San Antonio
1	Ziva Dental PLLC	5835 Culebra Road	Suite 105	San Antonio
1	Vital Home Investment and Construction Group	5839 Outer Banks Street		Houston
1	WEBB CHAPEL INVESTMENTS INC	5839 SHORESIDE BEND		IRVING
1	Blue Tide Environmental, LP	5840 Legacy Circle	Suite 250D	Plano
1	pixelByte LLC	5845 CROMO DRIVE, SUITE 2		EL PASO
1	Jord International Inc	5847 San Felipe St,	Suite 2600	Houston
1	Zangle technologies	5847, Acacia Cir		El Paso
1	Kiewit Energy Group Inc	585 N. Dairy Ashford Road	Ste. 100	Houston
1	MICROTEK SYSTEMS INC	5850 Collin McKinney PKWY	Suite 501	McKinney
1	Toyota Tsusho Systems Us Inc	5850 Granite Parkway Ste 425		Plano
1	BG Staffing LLC	5850 Granite Pkwy	Suite 730	Plano
1	Blue Spark Energy LLC	5850 San Felipe Street	Ste. 500	Houston
1	Infosmart Systems Inc	5850 Town & Country Blvd.	Suite 1102	Frisco
1	Extrius Inc	5850 Town And Country Blvd.	Suite 1303	Frisco
1	INDUR IT SOLUTIONS INC	5851 Legacy Circle 6 th floor		Plano
1	Aone Technologies LLC	5851 Legacy Circle suite 600		Plano
1	Aspireblooms Innovation	5851 Legacy Circle suite 6123		Plano
1	Ray Business Technologies USA INC	5851, Legacy Circle	6th Floor	Plano
1	VOCAR TRANSPORTATION SERVICES LLC	5855 BICENTENNIAL STREET		SAN ANTONIO
1	Lee, Huang & Associates, P. C.	5855 Sovereign Dr.	Ste A	Houston
1	SCF Sealing Technology Inc	5855 Sovereign Drive	Suite A	Houston
1	Flutura Business Solutions LLC	5858 Westheimer Rd	Suite 405B	Houston
1	TPG Software Inc	5858 Westheimer Road	Suite 620	Houston
1	Nuvila Electric LLC	5868 Westheimer Road	Suite 308	Houston
1	A Plus Physical Therapy LLC	5881 Virginia Pkwy, Suite 100		McKinney
1	REHABCENTRA OF TEXAS LLC	5881 Virginia Pkwy, Suite 101		McKinney
1	Bulkley & Associates LLC	5889 IH 30 WEST		BRASHEAR
1	Bruegmann USA Inc	589 Garden Oaks Blvd		Houston
1	Agan Global Inc	5890 W Fuqua	Suite 200	Houston
1	Preserve Tech Solutions LLC	5899 Preston Rd suite 602		Frisco
1	Sathya Sai Services LLC	5900  Balcones Drive		Austin
1	INFOBLITZ TECH SOLUTIONS LLC	5900 BALCONES DR  8492		AUSTIN
1	ASCENTIA CONSULTING PTE LTD COMPANY	5900 Balcones DR STE 4176		Austin
1	Easy Green Designs LLC	5900 Balcones Dr suite 100		Austin
1	Axcello Consulting Inc	5900 Balcones Dr,  5731		Austin
1	PLANAR ACOUSTICS INC	5900 Balcones Dr. STE 100		Austin
1	NASCENT TECHNOLOGIES	5900 BALCONES DR.,	STE 5345	AUSTIN
1	Leaves Technology LLC	5900 Balcones Drive  24817		Austin
1	Krizmic LLC	5900 Balcones Drive, Suite 100		Austin
1	Amarthy IT Solutions LLC	5900 Balcones Woods Dr,  18591		Austin
1	FMCG BRANDS LLC	5900 BALCONIES DRIVE	STE 100	AUSTIN
1	Deer Park Refining Limited Partnership	5900 Highway 225		Deer Park
1	BTS SOFTWARE LABS Inc	5900 Lake Forest Drive	Suite 300	McKinney
1	Simon Greenstone Panatier, PC	5900 Main Street	Suite 5900	Dallas
1	Fera Diagnostics and Biologicals Corp.	5900 Matrix Drive	Suite 10	College Station
1	Elite Innovative Solutions Inc	5900 S. Lake Forest Dr.	Suite 300	McKinney
1	Jenforce LLC	5900 South Lake Forest	Suit 300	McKinney
1	SIA Global Solutions LLC	5900 Southlake Forest Dr	Ste 300 56	McKinney
1	Hopstack Inc	5900 Southwest Parkway,	Bldg 5, Suite 520, Unit 204	Austin
1	Babs Thirty-four LLC	5900 W Slaughter Ln	Ste 400C	Austin
1	Synechron Technologies LLC	5900, Balcones drive	STF100	Austin
1	JOYALUKKAS JEWELRY TEXAS INC	5901 HILLCROFT AVENUE	SUITE C7-A	HOUSTON
1	United Group of Restaurants LLC	5901 Hillcroft St	Ste B1	Houston
1	NKB Corporate Venture INC	5901 Hillcroft St.	Ste C7-B	Houston
1	EDGE TECHNOLOGY CONSULTANTS INC	5903 ROSE STREET		HOUSTON
1	Akshar IT Solutions LLC	5904 Jessamine St	Suite A4	Houston
1	Technocore360 LLC	5904 Jessamine St.	Suite A3	Houston
1	Toyota Connected North America Inc	5905 Legacy Drive	Ste 210	Plano
1	Toyota Connected North America Inc (TCNA)	5905 Legacy Drive, Ste 210		Plano
1	M&G Trading INC	5905 Winsome Ln	Ste 100	Houston
1	Austin Yacht Club	5906 Beacon Drive		Austin
1	Echo & Reply LLC	5906 Dillon Creek Ln		Katy
1	Breck Studio LLC	5906 Old Fredericksburg Rd	ste. 200	Austin
1	Imperial Utilities & Sustainability Inc	5909 West Loop South	Suite 650	Bellaire
1	UP Management LLC	5910 N Central Expressway	Suite 1000	Dallas
1	SPCP Property Management LLC	5910 N Central Expy	Suite 980	Dallas
1	L&B Realty Advisors LLP	5910 N. Central Expressway	Suite 1200	Dallas
1	Ascend Collateral Exams LLC	5910 North Central Expressway suite 1090		Dallas
1	San Francisco Consulting Group Inc	5912 Balcones Drive	Suite 200	Austin
1	Actuarial Risk Management, Ltd.	5914 W. Courtyard Drive	Ste 190	Austin
1	Transcend Biologics LLC	5916 Stone Creek  120		The Colony
1	Atlas Energy Solutions Inc	5918 W. Courtyard Dr.	Ste 500	Austin
1	WIN Reality LLC	5918 West Courtyard	Suite 450	Austin
1	Atos Syntel Inc	5920  Windhaven Pkwy		Plano
1	Lumel Technologies Inc	5920 Windhaven Pkwy	Suite 130	Plano
1	ITM Partners Ltd	5925 Corridor Parkway		Schertz
1	Hua Xia Chinese School Inc	5925 Sovereign Dr	Suite 115	Houston
1	HSTA Inc	5927 Gateway Blvd W, Ste A		El Paso
1	Austin Community College	5930 MIDDLE FISKVILLE RD		Austin
1	2M Associates LLC	5930 Preston View Blvd.,	Suite A	Dallas
1	REVISION LLC	5930 West Campus Circle Dr		Irving
1	Highway App Inc	5931 Greenville Ave	5620	Dallas
1	Dental Health Associates of Texas, PC	5940 Kyle Pkwy	Ste 105	Kyle
1	CALIBER MANAGEMENT LLC	595 ROUND ROCK DR.	SUITE 604	ROUND ROCK
1	Yantratek LLC	595 Round Rock W Dr	STE 203	Round Rock
1	ALIS Software LLC	595 Round Rock West Dr	Suite 602	Round Rock
1	Northwestern Mutual – Cole Caruthers	5950 Berkshire Lane, Suite 500		Dallas
1	Northwestern Mutual-Cole Caruther	5950 Berkshire Ln., Suite 500		Dallas
1	M-I LLC	5950 N. Course Drive		Houston
1	Cenergistic LLC	5950 Sherry Lane , Suite 900		Dallas
1	GlobalStep Management Services LLC	5956 Sherry Ln,	Ste 1850	Dallas
1	GlobalStep Client Services LLC	5956 Sherry Ln.	Ste 1850	Dallas
1	Triangle Therapeutics	5957 9th Avenue		Port Arthur
1	Triangle Therapeutics Inc	5957 Ninth Avenue		Port Arthur
1	Kodem Law Firm PLLC	5959 Royal Lane  670746		Dallas
1	Ceera Investments LLC	5959 West Loop South	Ste. 300	Bellaire
1	Weems & Stephens Equine Hospital Inc	5960 Hospital Road		Aubrey
1	Gas Chromatography Systems Maxum LLC	5980 West Sam Houston Parkway North	Suite 500	Houston
1	Empower Clinic Services LLC	5980 West Sam Houston Parkway North Suite 300		Houston
1	Kal Freight Inc	600 109th St.	Suite B	Arlington
1	Moveline Inc	600 112th St.		Arlington
1	Volleman Dairy Processing LLC	600 County Road 252		Gustine
1	USA Gateway Inc	600 DATA DR	STE 101	Plano
1	SPERITI SOLUTIONS LLC	600 E JOHN W CARPENTER FREEWAY	SUITE 105	IRVING
1	EVERGLORY PRODUCTS CORPORATION	600 E JOHN W. CARPENTER FWY	260	IRVING
1	PHARR-SAN JUAN-ALAMO INDEPENDENT SCHOOL DISTRICT	600 E KELLY		PHARR
1	PioneerRX LLC	600 E Las Colinas	Suite 2200	Irving
1	Aura Global Solutions Inc	600 E Las Colinas Blvd	STE 1360-B	Irving
1	Coppell School of Music LLC	600 E Sandy Lake Rd	STE 124	Coppell
1	Astra Solutions Inc	600 E. John Carpenter Freeway, Suite 285		Irving
1	PIONEERRX	600 E. LAS COLINAS BLVD E	STE 2200	IRVING
1	VAN HORN HOSPITALITY LLC	600 EAST BROADWAY	P.O. BOX 128	VAN HORN
1	Bradleys Inc	600 East Highway 35	P. O. Box 308	Gregory
1	IMA360 Inc	600 East John Carpenter Freeway	Suite 272	Irving
1	Aura Global Solutions IT Inc	600 Las Colinas Blvd E	Suite 1360 A	Irving
1	TD7VII INC	600 Lemens Avenue	Suite 1120	Hutto
1	WORLD CLASS JET LLC	600 N PEARL STREET	SUITE 2400	DALLAS
1	Decode Digital Marketing LLC	600 N Shepherd Dr	Suite 300	Houston
1	Allegro Development Corporation	600 N. Pearl Street	Suite 2000	Dallas
1	Reset Energy LLC	600 North Marienfeld Street	Suite 305	Midland
1	Academic Partnerships LLC	600 North Pearl Street	Suite 900	Dallas
1	GetBusy USA Corporation	600 North Shepherd Drive	Suite 305	Houston
1	STREAMLINK TECHNOLOGIES INC	600 PARKER SQUARE RD	SUITE 280A	FLOWER MOUND
1	SV TECHNOLOGY SERVICES LLC	600 ROUND ROCK WEST DRIVE	SUITE 31	ROUND ROCK
1	Booker Independent School District	600 S. Main Street		Booker
1	Inogen	600 Shiloh Road		Plano
1	RNWBL LLC	600 Travis St	Suite 750	Houston
1	Clearlake Chartering USA Inc	600 Travis St.	STE 6500	Houston
1	Cloud 9 Perception Inc	600 W 6th Street	Suite 400	Fort Worth
1	Greenville Electric Utility System	6000 Joe Ramsey Blvd		Greenville
1	The Palisades Group LLC	6001 Bold Ruler Way	Suite 110	Austin
1	STOA International Architects Inc	6001 Savory Drive	suite 100	Houston
1	RSB Solution LTD Co	6001 Savoy drive	Suite 110	Houston
1	Oxford Builders Incorporated	6001 Stonington St	Suite 180	Houston
1	JEE Tech USA Inc	6001 W William Cannon Dr	Suite 203B	Austin
1	TOWNBRIDGE DEVELOPERS LLC	6001 W WILLIAM CANNON DRIVE	SUITE 102	AUSTIN
1	Millar Inc	6001-A Gulf Freeway		Houston
1	Allied Alloys LP	6002 Donoho Street		Houston
1	Southwest Key Programs Inc	6002 Jain Ln		Austin
1	Copula Global Consulting Inc	6002 Priory Dr		Aubrey
1	FIRST CONTINENTAL MORTGAGE, LTD.	6002 ROGERDALE ROAD	SUITE 500	HOUSTON
1	TTJ Equipment Inc	6004 South First Street		Lufkin
1	Terelion LLC	6005 Commerce Drive	Suite 320	Irving
1	Emerson Automation Solutions Measurement Systems & Services LLC	6005 Rogerdale Road		Houston
1	Falcon Placement Services	6006 Village Grove Dr.		Pearland
1	Last Mile Venture LLC	6009 W Parker Road	Suites 149 & 370	Plano
1	Brythaven Senior Living LLC	6009 W. Parker Road	Ste. 149-840	Plano
1	Gamma Aerospace LLC	601 Airport Dr		Mansfield
1	DYADS CONSULTING LLC	601 AVALANCHE DRIVE		MURPHY
1	Eanes Independent School District	601 Camp Craft Road		Austin
1	JW Nutritional LLC	601 Century Pkwy Suite 300		Allen
1	Texas State University System	601 Colorado Street		Austin
1	NexRev LLC	601 DEVELOPMENT DR.		PLANO
1	SPM Oil & Gas	601 Herbert Drive		Fort Worth
1	Hunt MH Shared Services LLC	601 N. Mesa Street	Suite 1900	El Paso
1	VIRTUAL REALM SOLUTIONS LLC	601 OAKMOSS ST.		AUBREY
1	Upsilon Technologies Inc	601 Quail Valley Dr.	Suite 119	Georgetown
1	C&T Consulting Services, LLP	601 Quali Valley Dr	Ste. 302	Georgetown
1	American Brilliance Education LLC	601 S  Fountain Gate Dr		Allen
1	Kermit Independent School District	601 S Poplar St		Kermit
1	Sanden International (U.SA.) Inc	601 Sanden Blvd.		Wylie
1	INNOWATTS INC	601 SAWYER STREET	SUITE 205	HOUSTON
1	OmniOn Power Inc	601 Shiloh Road		Plano
1	Alliance Clinical LLC	601 State St.	STE 280	Southlake
1	Texas State University	601 University Drive		San Marcos
1	SPM Oil & Gas Inc	601 Weir Way		Fort Worth
1	Pi Architects & Engineers Inc	6010 Balcones Dr.	Suite 200	Austin
1	D GREG SEAL DDS PC	6010 SHERRY LANE		DALLAS
1	Blueera Technologies Inc	6010 Spring Creek PKWY		Plano
1	Ascentt Systems Inc	6010 W Spring Creek Parkway	Ste 241	Plano
1	Nifty Systems LLC	6010 W Spring Creek Pkwy  26		Plano
1	Agsoftsol Inc	6010 W SPRING CREEK PKWY STE 168		Plano
1	RISHIK VS TECHNOLOGIES INC	6010 W.SPRING CREEK PARKWAY	SUITE 341	PLANO
1	Transit Safety & Security Solutions Inc	6011 Will Point Lane		Richmond
1	Growth AXL LLC	6014 Mowamba Terrace Ln		Sugar Land
1	DataOps Technologies LLC	6016 Dandelion Dr		Aubrey
1	Helix Human Capital LLC	6019 Goliad Avenue		Dallas
1	Adamas Technologies Inc	602 Crane Canyon Pl		Round Rock
1	Daniel Borden - State Farm Agent	602 E Main St Ste B		ALLEN
1	SPIN Analytics and Strategy LLC	602 Everett Street		Conroe
1	Triarc Solutions LLC	602 Main Street		Houston
1	Wharf Marine Supply Inc	6021 Armour Drive		Houston
1	Reliable Ship Supply Inc	6025 Armour Drive		Houston
1	Kao Shen Inc	6025 Royal Ln Ste 201		Dallas
1	Digital 360 LLC	603 Causally Ave	suite 43	Arlington
1	A4 Global Tech LLC	603 E Hickory Street	Suite 128	Denton
1	Promesa Academy Inc	603 Merida Street		San Antonio
1	Spinakr Solutions LLC	603 Munger Ave	Ste 100-300	Dallas
1	Alinsco Managing General Agency Inc	6030 Lake Worth Blvd		Fort Worth
1	Spear Point Engineering LLC	604 W Worsham St	Suite 100	Willis
1	Mattengas Goombas Pizzeria LLC	6044 FM 3009, Ste 290		Schertz
1	MACROSOFTGLOBAL CONSULTING SERVICES LLC	6046 PAINSWICK DR		Aubrey
1	Hulen TotalCare, PA	6049 S. Hulen St.		Ft. Worth
1	Muenster Memorial Hospital	605 N. Maple Street		Muenster
1	Veena Dental PA	605 NW Pkwy St	130	Azle
1	Ruskin Company	605 Shiloh Rd		Plano
1	Kompan Inc	605 W. Howard Lane	Suite 101	Austin
1	Solidrock Solutions LLC	6050 Long Prairie Rd Suite 100-A07		Flower Mound
1	LMK Resources Inc	6051 N. Course Dr.,  300		Houston
1	Aproject Factory LLC	6055 Wolf Trail		Celina
1	DSS Group Holdings LLC	6059 South Loop East		Houston
1	Successive Technologies LLC	606 Lake Park Drive		Coppell
1	Morphis Inc	6060 N. Central Expressway	Suite 600	Dallas
1	Aqua Ingram PLLC	6064 Ingram Rd		San Antonio
1	USATech Consulting LLC	6065 Hillcroft St	Suite 610	Houston
1	TECH SPADE USA INC	6065 HILLCROFT STREEST	SUITE 511	HOUSTON
1	ASTUTE 360 CORPORATION	6065 HILLCROFT STREET	SUITE 610	HOUSTON
1	Sysleads Inc	6065, Hilcroft St,  218		Houston
1	Texas Liver Institute Inc	607 Camden St.	Suite 108	San Antonio
1	Network Communications International Corp	607 East Whaley Street		Longview
1	ActiveTech IT Solutions LLC	608 E Hickory street	Suite 128	Denton
1	Divine CSRD LLC	608 FM 517 Road West		Dickinson
1	Segur Texas LLC	608 Logans Ln		Southlake
1	CAMPBELL LANDSCAPE ARCHITECTURE INC	608 WEST MONROE STREET	STE D	AUSTIN
1	Texas Neurology, PA	6080 North Central Expressway	Suite 100	Dallas
1	Sound Seal Inc dba Frasch	609 112th Street	Ste. A	Arlington
1	Sound Seal Inc	609 112th Street, Suite A		Arlington
1	Move In and On LLC	609 Belhaven Dr		Allen
1	Magnium USA LLC	609 Cutty Trail		Lakeway
1	Kpler Inc	609 Main St.	Floor 25	Houston
1	JOS AI	609 turner st	unit G	College Station
1	Vreyn LLC	61  Carlton Woods Drive		The Woodlands
1	Multikrd LLC	61 Carlton Woods Drive	Suite 2204	The Woodlands
1	Comprehensive Injury Treatment	61 North Kegley Road		Temple
1	Aylo Global Entertainment Inc	610 Brazos Street	Suite 500	Austin
1	AAT, Advanced Aquarium Technologies	610 Lockhaven Dr.		Houston
1	Kuebiko Inc	610 S Industrial Blvd	Ste 270	Euless
1	KTech Products LLC	610 S. Industrial Blvd	Suite 235	Euless
1	Winly Foods LLC	610 State Highway 64 W		Henderson
1	Aceable Inc	610 WEST FIFTH STREET	SUITE603	Austin
1	ASK VALIANT CARE, PLLC	6100 CORPORATE DR	SUITE 238	HOUSTON
1	IKON-TECH SERVICES LLC	6100 CORPORATE DRIVE	SUITE 550	HOUSTON
1	Star Home Health INC	6100 Corporate Drive Ste. 330		Houston
1	CRITICAL START INC	6100 TENNYSON PARKWAY	SUITE 250	PLANO
1	Spruce Holdings Inc	6100 TENNYSON PKWY	STE 225	PLANO
1	Rapidbuilt Inc	6100 W I-20		Weatherford
1	Facility Interiors Inc	6100 W. Plano Pkwy	Suite 1400	Plano
1	Junchuang North America Inc	6101 Campus Drive	ste. 140	Fort Worth
1	GRAYSON COUNTY JUNIOR COLLEGE	6101 GRAYSON DRIVE		DENISON
1	MC Nutraceuticals PLLC	6101 Long Prairie Road	Suite 744	Flower Mound
1	B&R WHOLESALE FLOWERS INC	6103 KIRBY DRIVE		HOUSTON
1	United Shutdown Safety (Texas) Inc	6104 Red Bluff Road		Pasadena
1	Medi Topia LLC	6105 Beverly Hills St	Suite 200	Houston
1	TDTC US CORP	6105 Windcom Ct  200		Plano
1	Aegis  Building  Supplies Inc	6106  W 34th  Street		Houston
1	Janak V Inc	6108 Homestead Blvd		Midland
1	HID Global Corporation	611 Center Ridge Drive		Austin
1	ADVEN GROUP LLC	611 CRAVENS RD	STE 300	MISSOURI CITY
1	OTC Enterprises DBA Absolute Electric Supply	611 Lockhaven Drive	N/A	Houston
1	Asia Logistics Inc	611 S Cravens Rd  200		Missouri City
1	Abuyo Inc	611 S. Congress Avenue	Suite 130	Austin
1	Affordable Wireless LLC	611 South Frazier St.		Conroe
1	Zavate LLC	611 W Mockingbrid Lane		Dallas
1	Benjamin Johnston Design LLC	611 West 22nd Street	Suite 104	Houston
1	TAS ENERGY INC	6110 CULLEN BLVD.		HOUSTON
1	Luke Ramsay State Farm	6110 W Highway 290 Service Rd		Austin
1	The Transtec Group Inc	6111 Balcones Dr.		Austin
1	WISENMORE LLC	6114 Chapel Falls Ln		Fulshear
1	XAG GROUP LLC	6115 FM 359		Richmond
1	PULLIAM & CABLE P.C.	6116 N. CENTRAL EXPY	STE 1000	DALLAS
1	ITECHNO CONSULTING INC	6116 SPIETH RD		MCKINNEY
1	Infrastructure Associates Inc	6117 Richmond Avenue	Suite 200	Houston
1	Blind Spot LLC	612 BRAZOS ST STE B		Austin
1	Cart.com	612 Brazos Street	A Suite	Austin
1	Texas Health Resources	612 E. Lamar Blvd.		Arlington
1	Bio-Synthesis Inc	612 E. Main Street		Lewisville
1	OpusAI Inc	612 East 6th Street	Ste. A	Austin
1	Cooper Software Inc	612 W 33rd Street		Austin
1	Carly Ryan Foundation	612 W Couts Street		Weatherford
1	OIL STATES INDUSTRIES INC	6120 E. OREM ROAD		HOUSTON
1	HVJ Associates Inc	6120 S Dairy Ashford		Houston
1	AV Elegance LLC	6120 Tarnef Drive		Houston
1	High Plains Periodontics PLLC	6123 79th Street	Suite 100	Lubbock
1	Robert Beckmann, DDS Associates  PA Inc	6134 Sherry Lane		Dallas
1	Tricubic Inc	6136 Frisco Square Blvd , Suite, 400		Frisco
1	TECHGIRD SYSTEMS LLC	6136 Frisco Square,	Suite 400	Frisco
1	M & N Dental Management LLC	614 W. 29th St.	Ste. 106	San Angelo
1	Erui International USA LLC	6140 Highway 6 S	Ste 277	Missouri City
1	SUN CLOUD SYSTEMS INC	6141 Fairholme Dr		Aubrey
1	B&W Publishing LLC	6141 Preserve Drive		Plano
1	Standard Mold USA Inc	615 Elca Lane	Suite D	Brownsville
1	RSi Visual Systems Inc	615 Freeport Parkway		Coppell
1	V2C Solutions	615 Main St.	Suite 114	Frisco
1	EFFULGENT INC	615 MAIN STREET	SUITE 114	FRISCO
1	Great Expressions Dental Centers of Texas, PLLC	615 W Slaughter Lane	Suite 117	Austin
1	MIDLAND INDEPENDENT SCHOOLDISTRICT	615 W. Missouri Avenue		MIDLAND
1	MIDLAND INDEPENDENT SCHOOL DISTRICT	615 WEST MISSOURI		MIDLAND
1	SR VETERINARY ASSOCIATES LLC	6155 N. FRY ROAD	SUITE 100	KATY
1	SR Veterinary Associates LLC DBA Affordable Pet Clinic Katy	6157 N Fry Rd		Katy
1	PW HEALTH SERVICES LLC	615A GALE STREET		LAREDO
1	North Central Texas Council of Governments	616 Six Flags Dr		Arlington
1	National Steel Services LLC	6160 Mineral Wells Hwy		Weatherford
1	DataSoft Inc	6160 Warren Parkway suite 116		Frisco
1	LorVen Techservices LLC	6160 Warren Parkway,	Suite 100	Frisco
1	NEWBIE SOFT SOLUTIONS LLC	6160 WARREN PKWY.	SUITE 100	FRISCO
1	EJES INCORPORATED	6161 SAVOY DR	SUITE 830	HOUSTON
1	Pinnacle Infotech Inc	6161 Savoy Drive	Suite 1125	Houston
1	Kaneka North America LLC	6161 Underwood Road		Pasadena
1	HITRUST Services Corp.	6175 Main Street	Suite 400	Frisco
1	Forever Gifts Inc	618 N. Great SW Parkway		Arlington
1	Baloch Trucking LLC	618 Travis St		Baytown
1	Forefront Consulting Services	620 Yarrow Street		Little Elm
1	United Software Corporation	6200 La Calma Dr   110		Austin
1	Jetty United, PLLC	6200 Saratoga Blvd	Bldg. 1	Corpus Christi
1	GFH TELECOM LLC	6200 Savoy Dr.	Suite 850	Houston
1	ZeOmega Inc	6200 TENNYSON PARKWAY	SUITE 200	PLANO
1	Medhaz Corp.	6201  Bonhomme Rd	Ste 474N	Houston
1	Alcon Vision LLC	6201  South Freeway		Fort Worth
1	FUSION AE LLC	6201 Campus Circle Dr E		Irving
1	ID STUDIO 4 LLC	6201 CAMPUS CIRCLE DR. E.		IRVING
1	Alcon Research LLC	6201 South Freeway		Fort Worth
1	ERISA Recovery Group LLC	6201 W Plano Parkway		Plano
1	Tridius Technologies LLC	6201 West Plano Parkway	Suite 130	Plano
1	AIWEBIT LLC	6201 Windhaven Parkway	Apt 2712	Plano
1	Modern Day Concrete Corporation	6202 Krempen Avenue		San Antonio
1	THE TURNBULL GROUP LLC	6203 N CAPITAL OF TEXAS HWY		AUSTIN
1	GeneMed Synthesis Inc	6203 Woodlake center Drive		San Antonio
1	GC Design & Development Group LLC	6205 Cape Coral Drive		Austin
1	VIDATRONIC INC	6207 Bee Cave Road	Suite 140	Austin
1	MULTIVERS LLC	6209 ELDRIDGE LN		MCKINNEY
1	Outdoor Selections LLC	621 S. Freeway	Suite 110	Fort Worth
1	Agilon Health Inc	6210 E. Highway 290	Suite 450	Austin
1	Ocean Waves Products Inc	6215 Richmond Ave		Houston
1	IB STORES LLC	6217 MONTE CRISTO LN		PLANO
1	Roll & More	622 Heather Trail	Ste 1104	Arlington
1	CAPITAL RECRUITERS INC	6220 Campbell Road	SUITE 102	DALLAS
1	Atlantis Intelligence US Inc	6220 Chase Oaks Blvd.	Suite 101	Plano
1	Intrepid Professionals Inc	6220 Chase Oaks Blvd., Ste 101A4B		Plano
1	Southwest Research Institute	6220 CULEBRA ROAD		SAN ANTONIO
1	TAP Innovations LLC	6220 N Belt Line Rd		Irving
1	RS Water Holding LLC	6220 N. Beltline Road	Suite 207	Irving
1	Real Gems Corporation	6222 Richmond Avenue	Suite 800	Houston
1	Haracec Complete Healthcare PLLC	6224 Calle Lisa Way		El Paso
1	NorthStar Anesthesia of Illinois LLC	6225 N. Highway 161	Suite 200	Irving
1	NORTHSTAR ANESTHESIA OF MICHIGAN, PLLC	6225 N. STATE HIGHWAY 161	STE 200	IRVING
1	NorthStar Anesthesia of Michigan III, PLLC	6225 N. State Highway, 161	Suite 200	Irving
1	NorthStar Anesthesia of Michigan PLLC	6225 N. State Hwy 161	Ste. 200	Irving
1	Anesthesia Consulting & Management, LP	6225 N. State Hwy, 161	Suite 200	Irving
1	NorthStar Anesthesia of Virginia LLC	6225 North State Highway 161	Suite 200	Irving
1	KS2 DENTAL PLLC	6228 BROADWAY STREET	SUITE O	GALVESTON
1	Tx Av Productions llc	6228 Westline Dr		Houston
1	Frontier Oil Tools LLC	6230 Bingle Road		Houston
1	HVAC Intel Corporation	6231 Saddlebrook Way		Irving
1	Hushura World Karate	6233 Gulfton Street	Apt 3220	Houston
1	PLATINA TECHNOLOGIES INC	624 BRIDGEWATER ST		EULESS
1	BANA INC	624 E MCLEROY BLVD		SAGINAW
1	c-Systems Software Inc	624 Six Flags Drive	Suite 210	Arlington
1	Drift Tech LLC	6246 Shasta Creek Rd		Celina
1	TrustMe Technologies Inc	625 Alaina Dr		Desoto
1	GME Entertainment LLC	625 Westport Parkway		Grapevine
1	GameStop Inc	625 Westport Pkwy		Grapevine
1	NavSav Holdings LLC	6250 Delaware	Suite B	Beaumont
1	Traxxas LP	6250 Traxxas Way		McKinney
1	Kaneka Americas Holding Inc	6250 Underwood Road		Pasadena
1	KNSOFT TECHNOLOGIES LLC	6250 WEST PARK	DR STE 319	HOUSTON
1	KMinds LLC	6250 West Park Dr Ste 330 C	N/A	Houston
1	SVCL Technologies LLC	6260 Westpark Dr	Suite 312	Houston
1	H. CARBONELL DVM PC	627 W FM 544		MURPHY
1	HARMONY SCHOOL OF DISCOVERY	6270 BARKER CYPRESS ROAD		HOUSTON
1	Systoma Consulting LLC	6270 Pepperbark Dr		Frisco
1	BI TECHNO SOLUTIONS LLC	6275 W Plano Parkway	Suite 5106	Plano
1	Badger Equipment Rental & Supply Inc	6298 East Interstate 20		Abilene
1	City of San Marcos	630 East Hopkins	City Hall	San Marcos
1	Pillar Clinical Research LLC	630 N Coit Road	Suite 2200	Richardson
1	Wurzel Builders, LTD	630 Ralph Ablanedo Dr		Austin
1	DIMENSIONAL FUND ADVISORS LP	6300 BEE CAVE ROAD	BUILDING ONE	AUSTIN
1	Corvia LLC	6300 Bridge Point Parkway	Building 3, Suite 310	Austin
1	Kofile Management Services Inc	6300 Cedar Springs		Dallas
1	RIGHTNOW MINISTRIES INTERNATIONAL	6300 HENNEMAN WAY		MCKINNEY
1	2nd Source IT Solutions LLC	6300 Independence Pkwy	Suite D	Plano
1	CyberTex Inc	6300 La Calma Drive	Ste 350	Austin
1	Ericsson Software Technology USA Inc	6300 Legacy Drive		Plano
1	Ericsson Inc	6300 Legacy Drive, R1-C10		Plano
1	Texas A&M University-Corpus Christi	6300 Ocean Drive, Unit 5730		Corpus Christi
1	BREAKTIME CORNER MARKET LLC	6300 RICHMOND AVENUE	SUITE 300	HOUSTON
1	Cathedral Capital Inc	6300 Ridglea Place Suite	Suite 1110 Box 385	Fort Worth
1	R2J Investments LLC	6300 SAMUELL BLVD	Ste. 118	Dallas
1	Bryan International Inc	6300 WEST LOOP S STE 470		BELLAIRE
1	HEALTHRITE MEDICAL & REHAB CLINIC	6300 WESTPARK DR.	SUITE 212	HOUSTON
1	Bhojani Law, PLLC	6301 Campus Circle Drive E	Ste. 100	Irving
1	Blue Goji LLC	6301 E Stassney Lane	Bldg. 6, Suite 400	Austin
1	SLATE RIVER SYSTEMS INC	6301 Gaston Ave	Suite 560	Dallas
1	Stupa International LLC	6301 Richmond Avenue	Suite 201	Houston
1	Energy Juice Consulting LLC	6301 Windhaven Pkwy	APT 413	Plano
1	CDS Global Inc	6305 Savannah Oak Trl		Argyle
1	Embedded Techniques Inc	6306 Marston River Lane		Houston
1	EDUCATION, RESEARCH AND HEALTH INTERNATIONAL INC	6308 Remington Pkwy		Colleyville
1	Northerner Scandinavia Inc	631 Highway 90A		Missouri
1	San Marcos Consolidated Independent School	631 Mill Street		San Marcos
1	R Scott Schieffer PC	6310 Lemmon Ave	Ste 125	Dallas
1	USA J-1 Doctors, P.L.L.C.	6316 N 10th Street	C-1	McAllen
1	USA J-1 Doctors, PLLC	6316 N. 10th Street	Ste. C-2	McAllen
1	Core Laboratories LP	6316 Windfern Road		Houston
1	CCG Services Inc	6320 Research Road		Frisco
1	Cleaning Pro Group LLC	6323 Virginia Fields Dr.		Katy
1	Pioneer Tek Services Inc	633 E Fernhurst Dr Suite 1001		Katy
1	GSK Solutions Inc	633 E. Fernhurst Drive, Suite 1002		Katy
1	Austin Bridge & Road	6330 Commerce Drive	Suite 150	Irving
1	Houston Fruitland Inc	6333 Rothway St		Houston
1	Mellow Soft Inc	6335 Camp Bullis Rd	Suite A0018C	San Antonio
1	EvolveAid Inc	634 Castle Rock Dr		Southlake
1	Tealbridge Consulting	634 W Mockingbird Lane		Dallas
1	5 Star Installations LLC	6340 N. Eldridge Pkwy	STE 403	Houston
1	M.E.P. Consulting Engineers Inc	6341 Campus Circle Drive E	Suite 100	Irving
1	KNSERVICESLLC	6345 TURIN LN		Round Rock
1	VOXAI SOLUTIONS INC	635 FRITZ DR,   220		COPPELL
1	Lilian Custom Homes LLC	6350 N I-35 E Service Road		Waxahachie
1	Lilian Custom Homes	6350 N I-35E Service Road		Waxahachie
1	Mac Hospitality Dallas LLC	6351 Gateway Blvd West		El Paso
1	Phygital24 Inc	6351 Preston Rd , Suite, 110		Frisco
1	Business Technology Software Solutions Inc	6351 Preston Road	Suite 115	Frisco
1	Sugair LLC	6354 Cr 2965		Taft
1	Physiotherapy of El Paso P.C	6358 Edgemere Blvd.		El Paso
1	Happy Cooking Girl Inc	636 HWY 6	Suite 100	Sugar Land
1	Paalar LLC	6361 Plum Creek Rd		Frisco
1	Neovia Logistics Services LLC	6363 N. State Highway 161	Suite 700	Irving
1	SIRA Consulting Inc	6363 Richmond Avenue	Suite 255	Houston
1	Medical Software Solutions Inc	6363 State Highway 161	Ste 575	Irving
1	Optime Subsea Services Inc	6363 Woodway Dr	Suite 900	Houston
1	Doliver Advisors LP	6363 Woodway, Suite 763		Houston
1	FIVE-G CONSULTING INC	6365 LAMAR AVENUE		RENO
1	SMART TANISHA INC	637 CENTRE ST	SUITE 160	DALLAS
1	Script Care Ltd.	6380 Folsom Dr		Beaumont
1	Tailored Shared Services LLC	6380 Rogerdale Road		Houston
1	Plus One Robotics Inc	639 Billy Mitchell Blvd.	Ste. 185	San Antonio
1	Dream Dental of Brenham PLLC	639 Medical Pkwy.		Brenham
1	ARM Healthcare LLC	6400 Escondido DRive		El Paso
1	Landmark Management Group LLC	6400 Pinecrest Dr	STE 400	Plano
1	Champion Fiberglass Inc	6400 Spring Stuebner Road		Spring
1	Zerabit Inc	6401 10705 Marfa Way		Mckinney
1	SriSync Inc	6401 El Dorado Pkwy.	Ste. 206	McKinney
1	EdgeSoft Corporation	6401 Eldorado Parkway, Suite 203		McKinney
1	Craigwood Car Wash LLC	6401 FM 969		Austin
1	Dril-Quip Inc	6401 N. Eldridge Pkwy		Houston
1	Cameron International Corporation	6401 West Sam Houston Parkway North		Houston
1	Sond Industries Inc	6403 Brittmoore Rd		Houston
1	Core-Mark International	6404  International Pkwy.	Ste. 2402	Plano
1	Sun Coast Resources LLC	6405 Cavalcade Street		Houston
1	JINS TECH CORPORATION DBA KwickPOS	6405 Cypresswood Dr.	Ste. 250	Spring
1	EE PARTNERS CORPORATION	6405 ROYAL LN		DALLAS
1	Colleyville Soccer Association	6409 Colleyville Boulevard	Suite 2	Colleyville
1	Linsys LLC	641 Mossycup Oak Dr		Plano
1	Basic Solutions LTD	642 Heights Blvd		Houston
1	Srisan Group Inc	6420 Richmond Avenue	Suite 484	Houston
1	INDICAA USA Inc	6420 Richmond Avenue  Suite 530-06		Houston
1	NtelCare LLC	6421 Camp Bowie Blvd.	Ste. 404	Fort Worth
1	SIRI SOFTWARE CONSULTANCY SOLUTIONS LLC	6424 ATHENEE LANE		FRISCO
1	SOUTHERN METHODIST UNIVERSITY	6425 BOAZ LANE	SUITE 130	DALLAS
1	Dr Pepper Seven Up	6425 Hall of Fame Lane,		Frisco
1	Indeed Inc	6433 Champion Grandview Way	Buildings 1 and 2	Austin
1	Talroo Inc	6433 Champion Grandview Way, Bldg. 2	Ste. 100	Austin
1	Infiniti Information Technologies Inc	6447 Clear Bend Ln		Katy
1	Central Texas Equine Veterinary Services, PLLC	6448 State Hwy 71		Garwood
1	Startup Runway LLC	6449 Coit Road		Frisco
1	Desi District LLC	6451 Riverside Dr	Suite 100	Irving
1	Savani LLC	6455 Old Denton Road		Fort Worth
1	Parkinson Voice Project Inc	646 North Coit Road	Suite 2250	Richardson
1	H-E-B, LP	646 SOUTH FLORES STREET		SAN ANTONIO
1	RED WILLOW ADVISORS LLC	6462 FM 1374 RD	STE A	NEW WAVERLY
1	NEDU ENGINEERING SERVICES INC	6464 SAVOY DR.	STE 610	HOUSTON
1	BLUESTAR IT SOLUTIONS INC	6469 KASBA LN		FRISCO
1	New Vision Institute of Technology Inc	6475 Preston Road	Suite 201	Frisco
1	M&S Engineering LLC	6477  FM 311		Spring Branch
1	BARTEC US Corporation	650 Century Plaza Drive	Suite D-120	Houston
1	Vaso Group LLC	650 Fort Worth Avenue	Suite 200	Dallas
1	THESSALONIAN R. LEBLANC	650 N SAM HOUSTON  PKWY E	300	HOUSTON
1	XCMG AMERICA FINANCIAL LLC	650 N. Sam Houston Pkwy E	STE 405	Houston
1	1st Ranking Technologies	650 S Edmund lane	Suite 231A	Lewisville
1	AMBIQ MICRO INC	6500  River Place Blvd., Bldg 7	Suite 200	Austin
1	Ribbon Communications Operating Company Inc	6500 Chase Oaks Blvd.	100	Plano
1	Fisher Asset Management LLC	6500 International Parkway		Plano
1	RPM XCONSTRUCTION LLC	6500 MEYER WAY		MCKINNEY
1	CORTEZ ALLIANCE LLC	6500 N 10the st Suite J		Mcallen
1	Victory Group Ventures LLC	6500 River Place Blvd, Suite 203		Austin
1	ORASYS LLC	6500 RIVER PLACE BLVD.	Bldg 7-250	Austin
1	DataInfoCom USA Inc	6500 River Place Blvd., Bldg 7	Suite 250	Austin
1	Orion Water Solutions LLC	6500 River Place, Bldg. 7, Suite 250		Austin
1	Transmit Receive Labs Inc	6501 Navigation Blvd., Ste A0		Houston
1	NXP USA INC	6501 W William Cannon Drive	STE MD OE-62	Austin
1	Fourth Enterprises LLC	6504 Bridge Point Parkway		Austin
1	CLEAResult Consulitng Inc	6504 Bridge Point Pkwy	Ste 425	Austin
1	Bonum Technologies LLC	6504 Dorchester Court		Flower Mound
1	VSIT LLC	6505 WINDCREST DR	SUITE 100	PLANO
1	CorroHealth Inc	6509 Windcrest Drive	Suite 165	Plano
1	DSM Semichem LLC	651 County Road T		Plainview
1	P.J. Piping Inc	651 N. Shepherd Drive	Suite 440	Houston
1	Pisco Group LLC	6514 Overcrest Lane		Pasadena
1	Alliance OFS Solutions LLC	6515 Highway 105 West	Suite B	Conroe
1	Smart Microbes LLC	6521 Amie Lane		Pearland
1	Jeff Pickering, CPA	6525 Preston Road		Plano
1	Indian Bazaar and Cafe Inc	653 Pin Oak Road	A-4	Katy
1	Victory Signs & Imaging LLC	6530 Queenston Blvd		Houston
1	Infectious Disease Doctors, PA	6537 Preston Road		Plano
1	Harper Brothers Construction LLC	654 North Sam Houston Parkway East	Suite 330	Houston
1	Petco Animal Supplies Stores Inc	654 Richland Hills Drive		San Antonio
1	Saina IT Solutions LLC	6541 Azalea Ln		Dallas
1	Syspro Technologies Inc	6545 Preston Rd	Suite 300	Plano
1	Human Services of Southeast Texas	655 S. 8th Street		Beaumont
1	Prairie Dog Pet Products Holdings LLC	6558 Five Points Parkway		Abilene
1	The Methodist Hospital dba Houston Methodist	6565 FANNIN	GB 162	HOUSTON
1	Worth Ross Management Company Inc	6565 MacArthur Blvd	Suite 420	Irving
1	tsQs Inc	6565 N MacArthur Blvd   225		Irving
1	Mutex Corporation	6565 N MacArthur Blvd.	225	Irving
1	CMC STEEL US LLC	6565 N. MACARTHUR BLVD.		IRVING
1	Advantech Global Solutions Inc	6565 North Macarthur Blvd	225	Irving
1	Tekvana Inc	6565 North Macarthur Boulevard	Suite 225	Irving
1	Lloyd Engineering Inc	6565 W Loop South	Suite 708	Bellaire
1	THE JUPITER GROUP INC	6565 WEST LOOP SOUTH	SUITE 770	BELLAIRE
1	Summit Casing Services LLC	6575 Corporation Pkwy		Fort Worth
1	JM Piping Stress LLC	6575 West Loop S.	Suite 500	Bellaire
1	Cbisco Apparel Group of Edinburg	6590 N Republic Dr		Edinburg
1	Mangala Cleaners LLC	66 Genova Way Ln		Missouri City
1	CLOUD ICONICS SOLUTIONS INC	660 FEATHERSTONE LN		PROSPER
1	BlissNutri Wellness LLC	660 S Bagdad Rd	Suite 310	Leander
1	Amnet Tech LLC	660 South Bagdad Road	320	Leander
1	Global Infrastructure Services LLC	660 St Andrew Ln		Prosper
1	Therapy Exclusive LLC	6600 CHASE OAKS BLVD STE 1005		PLANO
1	Lewis & Ellis LLC	6600 Chase Oaks Blvd., Suite 150		Plano
1	Reeder General Contractors Inc	6600 Hawks Creek Ave	Suite 200	Fort Worth
1	Vyora International LLC	6600 Mckinney Ranch Pkwy	Apt 2306	Mckinney
1	Pushnami LLC	6600 N. Lamar Blvd.		Austin
1	vQuest Technologies LLC	6600 Paige Rd   207		The Colony
1	RPD Technologies Americas LLC	6603 West Bay Road		Baytown
1	Pipeline Technique LLC	6605 Rankin Road		Humble
1	Lifecare Pharmacy LTC LLC	6609 Blanco Rd	Suite 312	San Antonio
1	JF SOUTHWEST HEART CLINIC, P.A.	6609 W Sam Houston Pkwy. S	Suite 102	Houston
1	Marvel Dental Midlothian PLLC	661 E Main St.	Suite 800	Midlothian
1	MBN Enterprises LLC	6610 Malibu Dr.		Houston
1	Reimer McGuinness Hess PC	6610 Malibu Drive		Houston
1	BSL Scaffolding USA LLC	6610 North Eldridge Pkwy		Houston
1	TK CONCRETE LLC	6616 CALMONT AVE STE 112		Fort Worth
1	Amcan Global Inc	6619 River Cherwell Court		Richmond
1	TEXAS CHILDRENS HOSPITAL	6621 FANNIN STREET	N/A	HOUSTON
1	saleSEER Inc	6622 Rodrigo Street		HOUSTON
1	Yvonne Kew MD PLLC	6624 Fannin St	Suite 1740	Houston
1	FASK DOWNTOWN NATURAL HERBS LLC	6627 PLUM SPRING LN		RICHMOND
1	Marketium USA Inc	6627 W. T.C. Jester Blvd.		Houston
1	Texas International Terminals Ltd.	6630 Broadway Street		Galveston
1	Sentier Strategic Resources LLC	6633 E. Highway 290	Suite 302	Austin
1	CRUSADE TECHNOLOGIES USA LLC	6636 W WILLIAM CANNON DR.	UNIT 511	AUSTIN
1	Translite Global LLC	6644 Antoine Drive		Houston
1	HIS COMPANY INC	6650 CONCORD PARK DRIVE		HOUSTON
1	Datavox Inc	6650 W Sam Houston Pkwy S		Houston
1	TCH Pediatric Associates Inc	6651 MAIN ST	STE E520	Houston
1	Conlogy Inc	6655 Deseo Drive	Suite 105	Irving
1	Lancer Corporation	6655 Lancer BLVD.		San Antonio
1	ELMORE INTEREST INC	6655 POLK ST.		HOUSTON
1	ELMORE INTEREST INC DBA ADMIRAL GLASS COMPANY	6655 POLK STREET		HOUSTON
1	CLOURKARMA INC	6666 Harwin Dr  605		Houston
1	KPS IT Group Inc	6666 Harwin Dr, Ste, 205A		Houston
1	TechBridge Partners LLC	6666 Harwin Dr.	Ste. 150B	Houston
1	Domann Perfromance Horses	667 CR 182		Gainesville
1	HRSS, LLP	6671 Southwest Freeway, Suite 500		Houston
1	ADVANCED HOMECARE MANAGEMENT	6688 N CENTRAL EXPRESSWAY	SUITE 1300	DALLAS
1	Leeward Management Services LLC	6688 N Central Expwy	Suite 500	Dallas
1	Homecare Homebase LLC	6688 North Central Expressway	Suite 800	Dallas
1	TECHCHOIR INC	6689 Lee Meadow DR		Frisco
1	NTX Brazilian Jiu-Jitsu LLC	670 N Coit Road	Suite 2373	Richardson
1	Myrtle Springs Healthcare Inc	6700  Heritage Parkway		Rockwall
1	Spark Root Construction	6700 Bridge Hill Cove		Austin
1	The Reynolds and Reynolds Company	6700 Hollister		Houston
1	CMA REPAIR LLC	6701 DIXIE DR		Houston
1	Texas Childrens Physician Group	6701 Fannin Street	N/A	Houston
1	BYTE LINK SYSTEMS INC	6701 HIGHWAY BLVD	SUITE 210	KATY
1	Suchita Consulting Inc	6701 Hwy Blvd	Suite 211	Katy
1	Travel Marketing Services Inc	6703 Highway Blvd		Katy
1	Homelegance TX Inc	6704 Brasada Drive		Houston
1	Intelli-Inform LLC	6705 Palermo Trail		Flower Mound
1	Blood of Tyrants LLC	6705 W Highway 290	Suite 607-1118	Austin
1	EEG Immigration Law Group	6709 York Castle Court		Frisco
1	Modus Test LLC	671 N. Plano Road	Ste. 201	Richardson
1	SMB Hose Inc	6710 NORTHWINDS DR HOUSTON TX, 77041		Houston
1	Redearch Update Inc	6710 Travis St, Texas Medical Center		Houston
1	Meritech Solutions Inc	6710 Virginia Parkway	Ste 215-249	McKinney
1	C3 FRISCO	6711 OAK ST		FRISCO
1	CHI St. Lukes Baylor College of Medicine Medical Center	6720 Bertner Avenue	MC 2-256	Houston
1	DYZ Services LLC	6720 Chimney Rock Road	Suite G	Houston
1	Smiles of Ingram Park, PLLC	6722 South Flores St.	Ste. 2	San Antonio
1	Innovation First International Inc	6725 W. FM 1570		Greenville
1	NINJA Solutions Inc	6728 Torrey Pines Dr		Irving
1	Axial Psychiatric Services PLLC	6730 Horizon Road	Suite C	Rockwall
1	EZ Smile PC	6732 Highway 6 South	Suite D	Houston
1	SEDA CONSULTING ENGINEERS INC	6735 IH-10 WEST		SAN ANTONIO
1	Excers Inc	6735 Salt Cedar Way	Building 1, Suite 300, Office 363	Frisco
1	IT GIANTS LLC	6743 PALO DURO DR		IRVING
1	Dialog Semiconductor Inc	675 Campbell Technology Parkway	Suite 150	Campbell
1	TEXAS INDEPENDENT EXPLORATION LTD	6760 PORTWEST DR		HOUSTON
1	Industrial Technology Solutions	6767 Hwy 12		Vidor
1	Texas Heart Institute	6770 Bertner Avenue		Houston
1	Elite Bio Reference Laboratory Inc	6776 Southwest Freeway	Suite 600	Houston
1	Healthy Ins Dude Inc	6777 Camp Bowie Blvd	Suite 401	Fort Worth
1	TNA NORTH AMERICA INC	680 S. ROYAL LN	SUITE 100	COPPELL
1	Sola Fe Ranch LLC	680 Westwood Rd		Lockhart
1	City of Austin - Austin Municipal Court	6800 Burleson Rd	STE 1, Bldg. 310	Austin
1	Upper Echelon Products LLC	6800 Burleson Road	Building 310, Suite 100	Austin
1	IVYNOVA SOLUTIONS INC	6800 HERITAGE PKWY.	SUITE 101	ROCKWALL
1	Fresh Success Marketing Group Inc	6800 Park Ten Blvd	Suite 174W	San Antonio
1	Ripple Logics LLC	6800 Weiskopf Avenue suite 150		Mckinney
1	JHR TECHNOLOGIES LLC	6800 Weiskopf Avenue, Suite 150 PMB 580		McKinney
1	ADEMCO INC	6801 N Capital of Texas Hwy Building 1	Ste 250	AUSTIN
1	Aptys  Solutions	6801 Parkwood Blvd	201	Plano
1	Bedroom Distributors Inc	6801 Snowden Road		Fort Worth
1	Boucher Design Group LLC	6802 Mapleridge Street	Ste. 200	Bellaire
1	Storr Capital LLC dba Storr Group	6805 N Capital of TX Hwy	Ste 317	Austin
1	3 MEN  MOVERS, LTD.	6805 Sands Point Drive		Houston
1	Panelmatic Inc	6806 WILLOW BROOK PARK		Houston
1	The Mody Group Ltd.	6808 HORNWOOD DR.		HOUSTON
1	Dental Square PLLC	681 S. Main St.		Lumberton
1	RNS Enterprises Inc	6810 Raynor Way		Sugar Land
1	HARMONY PUBLIC SCHOOLS-SAN ANTONIO DISTRICT	6812 ALAMO DOWNS PARKWAY		SAN ANTONIO
1	WatchmeSports LLC	6813 Dwight Street		Fort Worth
1	INLIFE WELLNESS USA LLC	6814 SNIDER PLAZA		UNIVERSITY PARK
1	ZUPT LLC	6818 N SAM HOUSTON PKWY W		HOUSTON
1	Esmetu LLC	6823 Amber Cliff Ln		Rosenberg
1	Educators Vision LLC	6825 Denali Drive		McKinney
1	Potere Construction LLC	6825 Manhattan Blvd.	Suite 103	Fort Worth
1	LAHARI INC	6825 ROYAL VIEW DRIVE		MCKINNEY
1	TECH SPAN LLC	6830 N Dallas Pkwy	Suite 200	Plano
1	Joseph Abboud Manufacturing Corp.	6830 Rogerdale Road		Houston
1	FalconView Energy Products LLC	6834 Bourgeois Road		Houston
1	EIGHTH MAINLAND TREND TRADING LLC	6834 RANCHESTER DR.		HOUSTON
1	EMEC Staffing Services Inc	6834 Ranchester Drive		Houston
1	Cedent Consulting Inc	6847 COMMUNICATIONS PKWY	Suite 710	PLANO
1	Acuantia Inc	685 John B Sias Memorial Parkway	Suite 325	Fort Worth
1	Iodine Software LLC	6850 Austin Center Blvd	Suite 230	Austin
1	JTC USA HOLDINGS INC	6850 Austin Center Blvd, Suite 300		Austin
1	ORIZON IT SOLUTIONS LLC	6850 Manhattan Blvd	Suite- 506	Fortworth
1	All Calendars LLC	6851 NE Loop 820	Ste 200	North Richland Hills
1	GEHMS ITSERVICES LLC	6851 STONECROP DRIVE		MCKINNEY
1	CYBYTE INC	6860 N DALLAS PARKWAY	SUITE 227	PLANO
1	JSP IT Services LLC	6860 N Dallas Pkwy	STE 200	Plano
1	Ilantus Services Private Limited	6860 N. Dallas Parkway	Suite 200	Plano
1	DataNimbus Inc	6860 North Dallas Parkway , Suite, 200		Plano
1	Experion Technologies USA Inc	6860 North Dallas Parkway, Suite 200		Plano
1	SAMA TEK INC	6860North Dallas Parkway, Suite  200		Plano
1	ELITE CELL PARTS LLC	6865 HARWIN DR	SUITE C	HOUSTON
1	Valudental San Pedro, PLLC	6868 San Pedro		San Antonio
1	Meritious Services Inc	6900 Alma Dr.	Suite 180	Plano
1	Kathy Daughn Cutting Horses	6900 FM 389		Brenham
1	NWTX Physician Network, PLLC	6900 Interstate 40 West	Suite 285	Amarillo
1	Homestead Fuel Service LLC	6900 North 610 Loop East		Houston
1	Dickson Administration LLC	6900 Overmyer Dr		Houston
1	Kinetic Pressure Control Limited	6900 Thrustmaster Dr.		Houston
1	APPLE PAYMENTS SERVICES LLC	6900 W. Parmer Lane	Office No. AC1-2225	Austin
1	Southwestern National Bank	6901 Corporate Drive		Houston
1	eChemPortal Inc	6901 K Avenue, Suite 101		Plano
1	LIZZYS AFRICAN FOOD IMPORT LLC	6901 MCCART AVENUE	SUITE 250	FORT WORTH
1	DXC Technology Services LLC	6901 Windcrest Drive		Plano
1	IWS USA Corp.	6903 FM 359 RD S		Fulshear
1	FU FU JAPAN LLC	6905 COIT RD	SUITE 105	PLANO
1	Kirksey Architects Inc	6909 Portwest Drive		Houston
1	Olubusayo Fasidi PC	6911 Highway 6 South	Suite 210	Houston
1	FS Law PC	6911 South Highway 6	Suite 210	Houston
1	Neuromersive Inc	6913 Camp Bowie Blvd	Suite 173	Fort Worth
1	TDK CONSTRUCTION COMPANY	6914  SATSUMA DRIVE		HOUSTON
1	Familia Dental BC PLLC	6914 FM78	Ste 108	San Antonio
1	TDK Construction Corporation	6914 SATSUMA DRIVE		HOUSTON
1	FLEXITALLIC US LLC	6915 HIGHWAY 225		Deer Park
1	KASTECH SOLUTIONS LLC	6918 CORPORATE DR	SUITE A1	HOUSTON
1	RSXIM LLC	6918 Corporate Drive	Suite B5	Houston
1	Trystar TPMG LLC	6919 Mayard Rd		Houston
1	NIN JIA Q ACCESSORY INC	6920 Brasada Dr	STE 100	Houston
1	RigMore LLC	6920 Brasada Drive	Suite 100	Houston
1	Huayi Education LLC	6921 Independence Pkwy	suite 270	Plano
1	Kudela & Weinheimer LLC	6925 Portwest Drive	Suite 100	Houston
1	MS GLASS LLC	6931 SIGNAT DRIVE		HOUSTON
1	TexPower EV Technologies Inc	6935 Brittmoore Road		Houston
1	Zennith Technologies Inc	6938 Mobud Dr		Houston
1	Global PBT LLC	6939 Springfield	Suite 105	Laredo
1	CIBOR INC	6950 PORTWEST DRIVE	STE 120	HOUSTON
1	ERIC YANG CPA	6955 COOK RD		HOUSTON
1	Oscar Andujo Co.	6956 Meadowbriar Ln		Dallas
1	AUTOFIT INC	6969 NORTH FREEWAY		HOUSTON
1	Solution Tools Mold & Die Inc	6989 Commerce Avenue		El Paso
1	Frankston Packaging Company LLC	699 N. Frankston Hwy		Frankston
1	Onbe Inc	6990 Dallas Pkwy	3rd Floor, Ste. 3W115	Plano
1	Draftex Services Incorporated	7 Grogans Park Dr.	Suite 11	The Woodlands
1	DALLAS MEDICAL CENTER LLC	7 MEDICAL PARKWAY		FARMERS BRANCH
1	Cheniere Energy Inc	700  Milam Street	Ste 1900	Houston
1	Locke Solutions LLC	700 Almeda Genoa Rd		Houston
1	Landaval LLC	700 Barton Creek Boulevard		Austin
1	PR Square Techstaff LLC	700 Blackhorse Trail		Justin
1	NEO Techstaff LLC	700 Blackhorse Trl		Justin
1	AirTel Tower LLC	700 Central Express South	Suite 400	Allen
1	Sentier LLC	700 Central Expressway S	Suite 400	Allen
1	StaffMethods Inc	700 Central Expressway South	Ste. 400	Allen
1	Apollo Realty Inc	700 Central Expressway, Suite 400		Allen
1	MapsITSolutions LLC	700 Central Expy S	STE 400	Allen
1	Ameritex Machine and Fab LLC	700 Conroe Park N. Dr.		Conroe
1	Texas Dental Practices LLC	700 E Campbell Rd	Ste 240	Richardson
1	OM NAMAH SHIVAAYA - CATERS LLC	700 E Campbell Road	SUITE 190	RICHARDSON
1	Alliance Sports Group LP dba Alliance Consumer Group	700 Henrietta Creek Road		Roanoke
1	Visir Inc	700 International Pkwy	Suite 102	Richardson
1	INFINITUM ELECTRIC INC	700 JEFFREY WAY	SUITE 200	ROUND ROCK
1	NTC Industries Inc	700 Kellogg Street		Houston
1	Orano Med LLC	700 Klein Road		Plano
1	SCHIFFER HICKS & JOHNSON PLLC	700 LOUISIANA ST STE 2650		HOUSTON
1	INVOLGIXS INC	700 Market Street	Suite 203	Cedar Park
1	Franklin Infotech Inc	700 Market Street,	Suite 204	Cedar Park
1	PROJECT MANAGEMENT GLOBAL INC	700 MILAM STREET	SUITE 1300	HOUSTON
1	THIEL AND THIEL INC	700 N Carroll Ave	SUITE 100	Southlake
1	Risepoint LLC	700 North Pearl Street	Suite 600	Dallas
1	Highland Oaks Molina, PLLC	700 North Tarrant Pkwy. Suite   102		Keller
1	United Way of San Antonio & Bexar County	700 S Alamo St.		San Antonio
1	The Episcopal Church of the Good Shepherd of Corpus Christi	700 S. Upper Broadway		Corpus Christi
1	Scott & White Hospital- College Station	700 Scott & White Drive		College Station
1	Texas A&M University-Kingsville	700 University Blvd.		Kingsville
1	TEXAS A&M UNIVERSITY - KINGSVILLE	700 UNIVERSITY BLVD., MSC 107		KINGSVILLE
1	Prairie View A&M University	700 University Drive		Prairie View
1	Agora Data Inc	700 W Arkansas Lane		Arlington
1	The University of Texas Health Science Center	7000 Fannin St.	Suite 130	Houston
1	Corrpro Companies Inc	7000 Hollister St.		Houston
1	Yinlun TDI LLC	7000 Hollister Suite A		Houston
1	Gun for Hire LLC	7000 N. Mopac Expressway  200		Austin
1	Agent IQ Inc	7000 N. Mopac Expwy	Ste 200	Austin
1	College of Biblical Studies-Houston	7000 Regency Square Blvd		Houston
1	Law Offices of Hsyung & Associates	7001 Corporate Dr	Suite 109	Houston
1	MMRC Health Management LLC	7001 Corporate Dr.	Suite 306A	Houston
1	MIHIR CONSULTING LLC	7007 ADOBE OAKS COURT		SUGAR LAND
1	GEOSPACE TECHNOLOGIES CORPORATION	7007 PINEMONT DRIVE		HOUSTON
1	VGTS LLC	7007 Split Rein Road		Frisco
1	Lauretta AI LLC	701 Brazos St.	Ste. 500	Austin
1	Polaris Forensics Inc	701 East 15th Street	Suite 103	Plano
1	South Limestone Hospital District	701 McClintic Drive		Groesbeck
1	Condor Coffee Company LLC	701 Meadowbrook Ln		Mansfield
1	Hereford Dental PLLC	701 N 25 Mile Ave	Ste 110	Hereford
1	RM Business Solutions LLC	701 Pin Oak Plaza	Ste 205	Katy
1	Kalpra Tech Solutions LLC	701 Pin Oak ROAD	Suite 205B	Katy
1	POWERSEAL PIPELINE PRODUCTS CORPORATION	701 PLEASANTVIEW DR		Wichita Falls
1	POWERSEAL PIPELINE PRODUCTS CORP	701 PLEASANTVIEW DR.		WICHITA FALLS
1	HARMONY SCIENCE ACADEMY-EULESS	701 S. INDUSTRIAL BLVD	SUITE 115	EULESS
1	Petrolia Consolidated Independent School District	701 S. Prairie		Petrolia
1	Petrolia Consolidated School District	701 S. Prairie Avenue		Petrolia
1	KNOX COUNTY HOSPITAL DISTRICT	701 SE 5TH STREET		KNOX CITY
1	SEK ENGINEERING CORP	701 SHEPHERD DR	SUITE 200A	HOUSTON
1	ORMAE Inc	701 Tillery  St.	12	Austin
1	Smileyscope Holding Inc	701 Tillery St  12		Austin
1	Applabs Tech Solutions Inc	701 Tillery St,	Unit 12 2191	Austin
1	AspireIQ Inc	701 Tillery St.	Ste 12, Box 148	Austin
1	CRC-Evans International Pipeline Inc	7011 High Life Drive		Houston
1	Byte Solutions LLC	7011 NUECES DR		IRVING
1	Endless Health Inc	7012 Rufus Drive		Austin
1	Dodoya LLC	7014 Winterberry Glen Ln		Katy
1	q-Health Partners PLLC	7015 Almeda Rd	Ste 3	Houston
1	Hinovision Solutions LLC	701E Plano Pkwy	Ste 100	Plano
1	Ranchbot Monitoring Solutions Inc	702 Houston Street		Fort Worth
1	Mars Software Solutions Inc	702 S Denton Tap Rd	Suite 110	Coppell
1	ERP LOGIC LLC	702 S DENTON TAP ROAD	SUITE 100	COPPELL
1	Signature Collection Inc	7026 Old Katy Rd	Suite 103	Houston
1	H&J Petroleum Management and Consulting, LP	703 W Indiana Avenue		Midland
1	El Centro de Corazon	7037 Capitol Street	Suite N100	Houston
1	Green Star Solar Inc	7039 Fairgrounds Parkway	Suite 101	San Antonio
1	DIMMIT REGIONAL HOSPITAL	704 HOSPITAL DRIVE		CARRIZO SPRINGS
1	1080Motion Inc	704 Main Street	Suite 101	Bastrop
1	PMG Project Management Group LLC	7040 Empire Central Drive		Houston
1	Elite Sports Promotions	7041, Boulevard 26		North Richland Hills
1	TERRY MEMORIAL HOSPITAL DISTRICT	705 EAST FELT STREET		BROWNFIELD
1	Seminole Dental PLLC	705 Hobbs Hwy.		Seminole
1	M2 Federal Inc	705 W. Hopkins St.	Ste. 112	San Marcos
1	Bioo Scientific Corporation	7050 Burleson Road		Austin
1	Santana and Associates PC	7050 East Freeway	Suite 2A	Houston
1	Ravi Solutions Inc	7050 Lakeview Haven Drive	Suite 118	Houston
1	Deepblue Capital Partners Management LLC	7055 Old Katy Road		Houston
1	JOYALUKKAS JEWELRY DALLAS LLC	7055 PRESTON ROAD		FRISCO
1	Evolving Futures	706 E 12th Street		Big Spring
1	Lifecare of Brownfield LLC	706 East Felt St.		Brownfield
1	MERLA LLC	706 HONEA EGYPT ROAD		MAGNOLIA
1	Fiesta Lifecare Pharmacy 3 LLC	707 23rd St	STE F	Galveston
1	Naven IT Inc	707 Fresh Sage xing		Richmond
1	Paris Smiles PLLC	707 Lamar Ave	Suite L	Paris
1	Vinsi Partners US LLC	707 N Walnut Ave		New Braunfels
1	Hansford County Hospital District	707 S. Roland St.		Spearman
1	COMMUNITY PRESCHOOLS FOUNDATION	708 JANISCH ROAD		HOUSTON
1	Shri Krishna Drugs Inc	708 Pennsylvania Ave		Fort Worth
1	CLINICAL TRIAL NETWORK LLC	7080 SOUTHWEST FREEWAY		HOUSTON
1	JW Fulfillment DFW Inc	709 Enterprise Drive, Suite 200		Flower Mound
1	COASTAL ENERGY SOLUTIONS LLC	710 Buffalo St	Suite 501	Corpus Christi
1	Elaine Berrier	710 Colquitt St.	Apt 15	Houston
1	Actian Corporation	710 Hesters Crossing Road	Ste. 250	Round Rock
1	Iraciti INC	7100 Harwin Drive	Ste A	Houston
1	K & D Transport Inc	7100 N. Hwy 146		Baytown
1	C3S Inc	7100 Regency Square Blvd	Suite 183	Houston
1	Amarjit Creative LLC	7100 Stonebrook PKWY		Frisco
1	HEREKAR LLC	7100 WESTWIND DRIVE	SUITE 300	EL PASO
1	ATCO Rubber Products Inc	7101 Atco Drive		Fort Worth
1	CONTENTACTIVE LLC	7102 N. SAM HOUSTON PKWY W.	SUITE 201	HOUSTON
1	Cy-Fair Music and Arts LLC	7103 Glen Chase Ct		Houston
1	Aavon Clinical Trials	7103 S Peek Road	Suite 220	Richmond
1	VIGU ENTERPRISES LLC	7106 COVEWOOD DRIVE		GARLAND
1	Dr. J Niaz PC	7108 Envoy Court Suite A		Dallas
1	Veridise Inc	7109 Midwood Pkwy		Austin
1	Laredo Sports Medicine Clinic, PA	7109 N Bartlett Avenue	Suite 109	Laredo
1	Argonaut Management Services Inc	711 Broadway, Suite 400		San Antonio
1	BRENHAM INDEPENDENT SCHOOL DISTRICT	711 E. MANSFIELD	N/A	BRENHAM
1	Portacool LLC	711 FM 2468		Center
1	Beyond International Inc	711 Julie Rivers Drive		Sugar Land
1	The Office of James Burnett Inc	711 Louisiana	Suite 111	Houston
1	HIF USA LLC	711 Louisiana St	Ste 1100	Houston
1	Office of James Burnett Inc	711 Louisiana St.	Suite 111	Houston
1	Bracewell LLP	711 Louisiana Street, Suite 2300		Houston
1	Wiley College	711 Wiley Avenue		Marshall
1	General Body Manufacturing Co Inc	7110 Jensen Dr		Houston
1	ARBE ENTERPRISES USA INC	7111 harwin dr room 259-G		houston
1	Grandview Construction LLC	7118 Bertner Avenue		Houston
1	BH Hospitality Management LLC	7118 Cresta Bulivar		San Antonio
1	ARTHRITIS CENTERS OF TEXAS, P.A.	712 NORTH WASHINGTON	SUITE 300	DALLAS
1	City Life Church	7120 Grand Blvd.		Houston
1	Sphero Inc	7121 B Shelby Ave, Dock 19		Greenville
1	BP3 GLOBAL INC	7121 N. Lamar Blvd	Ste. 100	Austin
1	Bellwether Electronics LLC	7122 Wood Hollow Dr.	Unit 11	Austin
1	CRM Connect LLC	7124 Playa Paraiso Dr.		Grand Prairie
1	BOWMAN ENGINEERING & CONSULTING INC	7128 ENVOY CT		DALLAS
1	Lydia H. Wong, CPA Inc	7131 Colleyville Blvd, Suite 103		Colleyville
1	John 3 17 Investments LLC	714 Old Brock Road		Weatherford
1	TRIBOCARE INC	714 PLUMBRIDGE LANE		SUGAR LAND
1	Harsha Investments LLC	7144 E Gateway Blvd East		El Paso
1	Shria Management LLC	7144 Gateway Blvd East		El Paso
1	Braintree Solutions Inc	715  Discovery Blvd	STE 208	Cedar Park
1	Yen Acupuncture & Herbal Clinic Inc	715 Discovery Blvd, Suite 412		Cedar Park
1	Ozev LLC	715 W. Slaughter Ln,   433		Austin
1	MAXSOFT IT LLC	7150 Holland Dr	Suite 102B	Frisco
1	NGTalenTech Group LLC	7150 Holland Rd	Ste 104	Frisco
1	RS Americas Inc	7151 Jack Newell Blvd S		Fort Worth
1	Allied Electronics Inc	7151 Jack Newell Boulevard South		Fort Worth
1	North Point IT Corp	7157 Colleyville Blvd	Suite 104	Colleyville
1	MD TRUCARE PA	716 GLEN ABBEY DR.		SOUTHLAKE
1	Crouzet North America Inc	716 South Greenville Avenue	Suite 190	Allen
1	LCC3 SOLUTION INC	7165 Colleyville Blvd	Ste 101	Colleyville
1	Monetate Inc	717  N. Harwood Street	Suite 1900	Dallas
1	Parrish Aviation Flight Academy LLC	717 Ashleigh Ln		Southlake
1	CALPINE CORPORATION	717 TEXAS AVENUE, SUITE 1000	N/A	HOUSTON
1	Raazi Clinical Laboratory LLC	7171 Highway 6 N	Suite 204	Houston
1	SolarWinds Worldwide LLC	7171 Southwest Parkway	Bldg. 400	Austin
1	Sedera Inc	7171 Southwest Parkway Bldg 300 Ste 350		Austin
1	Thermon Inc	7171 Southwest Parkway, Building 300 , Suite 200		Austin
1	McBee & Co., PC	718 Paulus Avenue		Dallas
1	Aim-Tech solutions LLC	719 Sawdust Rd	Ste 200	Spring
1	Canonical USA Inc	720 Brazos St	Suite 300	Austin
1	My Vet Pet Clinic PLLC	720 E Tidwell Rd		Houston
1	ANDREWS COUNTY HOSPITAL DISTRICT	720 HOSPITAL DRIVE		ANDREWS
1	Paragon Brokerage Inc	720 Industrial Blvd	Ste 400	Grapevine
1	BILDMORE MANAGEMENT SERVICES LLC	720 N Post Oak Blvd.	Suite 278	Houston
1	Molekula Americas LLC	720 TX-121		Lewisville
1	Martin Law Group, PLLC	720 West Alabama Street		Houston
1	Method360 Inc	7200 Bishop Road	Suite 200	Plano
1	ALLIED FITTING LP	7200 MYKAWA ROAD		HOUSTON
1	Austin Asset Management Co.	7200 N. Mopac Expy.	Suite 315	Austin
1	HMM Cloud Consulting LLC	7200 W University Dr	Ste 216	McKinney
1	ENERGYNET SERVICES LLC	7201 I-40 WEST	SUITE 319	AMARILLO
1	MPN PHARMACY MGT LLC	7201 WYOMING SPRINGS DRIVE,  300		ROUND ROCK
1	Glorious Radiance	7203 Crowell CT		ARLINGTON
1	OUR SAVIOUR HEALTHCARE SERVICES INC	7205 HIGH POINT DR SACHSE TX		DALLAS
1	ANLARR CONSTRUCTION LLC	7207 REGENCY SQ BLVD	SUITE 225	HOUSTON
1	LINEAR DIMENSIONS SEMICONDUCTOR INC	7207 REGENCY SQUARE BLVD	SUITE 235	HOUSTON
1	PROTECHERS LLC	7207 REGENCY SQUARE BLVD.	SUITE 260-2	HOUSTON
1	Southern Appliances LLC	721 North Great Southwest Parkway	Suite 151	Arlington
1	Domain Experts Group LLC	721 W 30th St		Houston
1	Agrace LLC	721 W Tarrant Rd	Suite 110	Grand Prairie
1	Absolute Fabrication LLC	7210 Clinton Drive		Houston
1	Texas Institute of Musculoskeletal Excellence in Orthopedics, PLLC	7210 McPherson Rd	117	Laredo
1	TEXAS REMODELING GROUP INC	7211 Regency Square Blvd	Suite 104	Houston
1	ValStream Inc	7219 Colgate Ave		Dallas
1	Vejars Technologies Inc	722 S Denton Street	Suite 280	Coppell
1	itRobotics Inc	722 Willow Oak Drive		Missouri City
1	RR Technologies LLC	7223 Villa Maria Lane		Austin
1	Frazer, LTD	7227 Rampart St.		Houston
1	Tech Expertsus LLC	7228 Ridgepoint Dr		Irving
1	Socle Inc	723 Cameron Ct		Coppell
1	MAMMUTH AMERICAS LLC	723 LATHROP STREET		ARGYLE
1	HEIGHTS GLOBAL IT SERVICE CORPORATION	7233 DURAND DR		IRVING
1	Opulence Information Technologies Inc	7234 Beranger Dr		Irving
1	Clear C2 Inc	724 Canyon Drive		Coppell
1	HDI INSTRUMENTS LLC	7240 BRITTMOORE ROAD	SUITE 119	HOUSTON
1	Watson & Chalin Manufacturing Inc	725 E University Drive		McKinney
1	Tribeyond Solutions LLC	7250 Dallas Pkwy	Suite 400	Plano
1	Clapper Media Group Inc	7250 Dallas Pkwy Suite 400		Plano
1	Iterion Therapeutics	7255 Helix Park Ave	Suite P-3041	Houston
1	Pioneer Bible Translators	7255 West Camp Wisdom Road		Dallas
1	American Heart Association Inc	7272 Greenville Avenue		Dallas
1	Enboarder LLC	728 Northwestern Avenue	Unit B	Austin
1	The Stansberry Firm LLC	73 Ranch Point		Fair Oaks Ranch
1	Nexify Inc	730 F Avenue	Suite 200	Plano
1	CerroAlto Digital LLC	7300  State Highway 121	Suite 300	McKinney
1	LGC EmployeeCo LLC	7300 Airport Blvd.		Houston
1	Shalom Austin	7300 Hart Lane		Austin
1	DPR Business and Marketing Group Inc	7300 Henneman Way	Unit 3206	McKinney
1	Etisbew Technology Group Inc	7300 Lone Star Drive	Ste. C200	Plano
1	McKinney Economic Development Corporation	7300 SH 121	200	McKinney
1	Kairas tech	7300 State Highway	Ste 300	McKinney
1	Provate Inc	7300 State Hwy 121	Suite 300	McKinney
1	Vinani Inc	7300 State Hwy 121 SB	STE 460	McKinney
1	Prodata Strategies LLC	7300 State Hwy. 121	STE 300	McKinney
1	CX DATA LABS LLC	7300 TX-121 Suite 333		McKinney
1	Gilbarco Inc	7300 West Friendly Avenue	N/A	Greensboro
1	SESCO Cement Corp.	7300 Wingate Street		Houston
1	Solvir IT Inc	7301 N State Highway 161	Suite 148	Irving
1	DealerSocket Inc	7301 N State Hwy 161	Ste. 400	Irving
1	Fugo International Inc	7301 State Hwy 161, Unit 205		Irving
1	KM Group Holdings LLC	7303 Cissus Cv		Austin
1	Tejas Production Services Inc	7303 Houston Highway		Victoria
1	Zyon Digital Solutions LLC	7305 Skyrocket dr		El Paso
1	Data Magnus Inc	7307 Clementine Drive		Irving
1	Climeworks Corporation	7315 Flameleaf Sumac Drive		Austin
1	EBUSINESS TECHNOLOGIES CORPORATION	7316 SUMMIT PARC DRIVE		DALLAS
1	Pramukhraj Irving LLC	7319 NATIVE OAK LN		IRVING
1	ZENITHIQ TECHNOLOGY  CONSULTING LLC	7320 SNAPDRAGON CT		AUBREY
1	ZAR VENTURES LLC	7322 SOUTHWEST FWY.	SUITE 1802	HOUSTON
1	TEXAS VANGUARD INDUSTRIES LLC	7322 Southwest Fwy. Ste. 1153		Houston
1	IMAGINX LLC	7322 SW FRWY	SUITE 1070	HOUSTON
1	SM Interface systems llc	7322 SW Frwy,	Ste 1-0720	Houston
1	The Law Office of Jas Jordan, PLLC	7322 SW FWY	STE 1940	Houston
1	TRINITY SPECIALTY PHARMACY LLC	7323 MARBACH ROAD, SUITE 105		SAN ANTONIO
1	Esteem It Solutions Inc	7323 Ridgepoint Dr		Irving
1	Winstream IT LLC	7324 Clementine Dr.		Irving
1	AJILE TECH SOLUTIONS LLC	7324 PARKRIDGE BLVD	APT 60	IRVING
1	Antimo LLC	7324 Southwest Freeway, Ste. 125		Houston
1	CONQUEST TECH SOLUTIONS INC	7324 SW FRWY,	SUITE 840	HOUSTON
1	Cyberbridge LLC	7330 Lagrange Point		Katy
1	Magna Imperio Systems Corp	7330 N Sam Houston Pkwy	Suite 100	Houston
1	Magna Imperio Systems Corporation	7330 N. Sam Houston Parkway W	Suite 100	Houston
1	Monarch PCM LLC	7333 Jack Newell Blvd N	Suite 100	Fort Worth
1	SHARPER UNIVERSITY LLC	7333 VISTA MOUNTAIN DRIVE		AUSTIN
1	Increase Financial LLC	7335 Highway 6	suite 250	Missouri City
1	TECHLANCE IT INC	7335 Highway 6 South	Suite 200 D	Missouri City
1	Clearly Functional LLC	7335 Rustling Brook		San Antonio
1	TekSharks Inc	7339 Goose Creek Rd		Frisco
1	HARMONY SCHOOL OF EXCELLENCE-HOUSTON	7340 GESSNER DRIVE		HOUSTON
1	TEXAS SPARKS CONSTRUCTIONS	7341 Coulter Lake Rd		Frisco
1	Jenacie LLC	7350 State Hwy 249, Ste 220  25308		Houston
1	Lee Truong & Yu Engineers PLLC	738 Highway 6 S	Suite 615	Houston
1	Ethanda LLC	74 W Sandalbranch Circle		Spring
1	PeopleFun Inc	740 E Campbell Road	Suite 1000	Richardson
1	PRICETRACE LLC	740 E CAMPBELL ROAD, SUITE 700		RICHARDSON
1	Artemis Ads LLC	740 E. Campbell Road., Suite 725		Richardson
1	Soniva Dental	7400 Blanco Rd	Suite 205	San Antonio
1	CLAREWOOD HOUSTON INC	7400 CLAREWOOD DR.		HOUSTON
1	Clarewood House Inc	7400 Clarewood Drive		Houston
1	Specialty Associates of West Houston, PLLC	7400 Fannin Street	Suite 650	Houston
1	DOUCET AND ASSOCIATES INC	7401 B. HWY 71 W	SUITE 160	AUSTIN
1	HCA Healthcare	7401 Main Street		Houston
1	Jagadguru Kripaluji Yog	7405 Stoney Point Drive		Plano
1	MID Industrial Tools Inc	7407 Spencer Hwy	Suite 420	Pasadena
1	Planet Soft LLC	741 Sundrop Drive		Little Elm
1	Paragon Energy Solutions LLC	7410 Pebble Drive		Fort Worth
1	Universal Coin Bullion LTD	7410 Phelan Blvd		Beaumont
1	ClearDATA Networks Inc	7415 Southwest Parkway	Ste 500	Austin
1	Allude Global Technologies LLC	7419 Prince Court		Irving
1	MCCART STAR LLC	7420 MCCART AVENUE	SUITE 116	FORT WORTH
1	ZUAR INC	7421 Burnet Road	Suite 540	Austin
1	Rex Team DEDAP LLC	7421 Burnet Road  548		Austin
1	Smart Talent Solutions LLC	7423 Las Colinas Blvd	Unit 102	Irving
1	MARBACH RVS PLLC	7424 W. Military Dr.		San Antonio
1	BAF INVESTMENTS LLC	743 BRICK ROW DR	STE 100	Richardson
1	743 BRICK ROW DR STE 100	743 BRICK ROW DR STE 100		RICHARDSON
1	Zerlotti Genetics Ltd	743 Witten Rd		Pleasanton
1	nVent Thermal LLC	7433 Harwin Drive		Houston
1	Laguna Tools Inc	744 Refugee Way	Suite 200	Grand Prairie
1	SRS Distribution Inc	7440  State Highway 121		McKinney
1	LD Hospitality LLC	745 East Mulberry Avenue	Suite 700	San Antonio
1	KALSI ENGINEERING INC	745 PARK TWO DR		SUGAR LAND
1	CIBERSYSTEMS INC	7450 WARREN PKWY STE 100		FRISCO
1	THE AWTY INTERNATIONAL SCHOOL	7455 Awty School Lane		Houston
1	Square Distribution LLC	7458 Harwin Dr.		Houston
1	Gygaminds Inc	7460  Warren Parkway	Suite 100	Frisco
1	QualInfoTech Solutions Inc	7460 Warren Parkway, Suite 100		Frisco
1	ATX SEMICONDUCTOR INC	7460 Warren Parkway, Suite 100-167		Frisco
1	Swiriq Solutions Inc	7460 Warren Pkwy  6011	Suite 100	Frisco
1	Tech Genius Inc	7460 Warren Pkwy Ste 100		Frisco
1	NT Logistics Inc	7460 WARREN PKWY STE 301		Frisco
1	FIRSTNET GLOBAL LLC	7461 BELLINGRATH DRIVE		FRISCO
1	TORO IMPORTS LLC	7482 HARWIN DR.		HOUSTON
1	7 SQUARE SOLUTIONS INC	7495 Wright Dr		FRISCO
1	STMICROELECTRONICS INC	750 CANYON DRIVE		COPPELL
1	Gauntlet Networks Inc	750 N Saint Paul St	Ste 250, PMB 74147	Dallas
1	Arora Innovation LLC	750 N Saint Paul St  744032	Ste. 250	Dallas
1	ALL BLUE SOLUTIONS INC	750 N. Saint Paul St.	Suite 250 PMB 68779	DALLAS
1	ACCELERIZE 360 INC	750 N. SAINT PAUL STREET, SUITE 1525		DALLAS
1	Cato Supply Inc	750 North Saint Paul Street	Suite 204	Dallas
1	Richard Design Services Inc	750 Pearl Street		Beaumont
1	Reimer, McGuinness, Hess PC	750 Town & Country Blvd	Suite 800	Houston
1	Argus Software Inc	750 Town & Country Blvd.	Suite 800	Houston
1	HNI Hospital Services of Florida LLC	7500  Rialto Blvd	Building 1; Suite 140	Austin
1	LSM DISTRIBUTORS INC	7500 BELLAIRE BLV.	SUITE 224	HOUSTON
1	Gold Depot Inc	7500 Bellaire Blvd	Suite 210	Houston
1	E6 TAX ADVISORS LLC	7500 BRANFORD PL.	1409	SUGAR LAND
1	TBX Employee Benefits LLC	7500 Dallas Pkwy	SUITE 550	Plano
1	Trans-Global Solutions Inc	7500 FM 1405		Baytown
1	COMMUNITY HOSPITALISTS LLC	7500 Rialto Blvd., Bldg. 1, Ste. 140		Austin
1	Blue Sprig Pediatrics Inc	7500 San Felipe St	Suite 990	Houston
1	Summer Institute of Linguistics Inc	7500 W. Camp Wisdom Road		Dallas
1	Royal Fixtures Inc	7501 Harwin 102C		Houston
1	Honsen Scale Inc	7501 Harwin Drive	Suite 102C	Houston
1	Houston Christian University	7502 Fondren Road		Houston
1	The Houston Christian University	7502 Fondren Road, BR-119		Houston
1	VICTORIA HOSPITALITY INVESTMENTS LLC	7502 N. NAVARRO STREET		VICTORIA
1	Cusabio Technology LLC	7505 Fannin St. Rm 7	Suite 610, RM 7	Houston
1	Biostate AI Incorporated	7505 Fannin Street, Suite 610		Houston
1	Advanced Knowledge Tech LLC	751 Hebron Parkway	Suite 325	Lewisville
1	TEK NINJAS SOLUTIONS LLC	751 HEBRON PKWY	SUITE 335	LEWISVILLE
1	Kristina Gasenko Consulting LLC	7510 rivercane shore ln		Richmond
1	Medical Center Endodontics Baytown PLLC	7515 Main Street	Suite 610	Houston
1	Heart Water LLC	7517 Cameron Rd	118	Austin
1	MAHAAAI LLC	753 Westhaven Rd		Coppell
1	Clarus Glassboards	7537 Jack Newell Blvd. N		Fort Worth
1	APTA IT PRO INC	754 CORNER POST PATH		CELINA
1	GBCC Dental PLCC	7540 S Hulen St		Fort WOrth
1	Citywide Electric LLC	7543 Grissom Rd	Ste 103	San Antonio
1	ARGENT FIDUCIARY CONSULTING SERVICES LLC	755 EAST MULBERRY AVE	SUITE 400	SAN ANTONIO
1	The Baptist General Convention of Texas	7557 Rambler Rd	Suite 1200	Dallas
1	Texas A&M University 12th Man Foundation	756 Houston Street		College Station
1	E2 LIGHTING INTERNATIONAL INC	756 PORT AMERICA PLACE	STE 810	GRAPEVINE
1	Warron Woods Company LLC	7560 Reindeer Trail		San Antonio
1	CARGOLOG USA INC	757 Bradfield Road		Houston
1	Arundo Analytics Inc	757 Eldridge Pkwy	Ste 800h	Houston
1	CB&I LLC	757 N. Eldridge Parkway		Houston
1	C E Barker Ltd	757 N. Eldridge parkway, 8th Floor	Suite A	Houston
1	Bustillos Bello & Associates, PLLC	757 N. Eldridge Pkwy	Suite 625	Houston
1	Americo Energy Resources LLC	7575 San Felipe	Suite 200	Houston
1	Oak Forest Management LLC	7588 Wheelock Hall Road		Bryan
1	SOVEREIGN PHARMACEUTICALS	7590 SAND STREET		Fort Worth
1	Immersive Tech Inc	760 E Main Street	Suite 106	Lewisville
1	Harris Local Government Solutions Inc	760 N. Watters Road	100	Allen
1	ZiMetrics LLC	7600  Chevy Chase Drive, Building 2	Suite 300	Austin
1	VycerTech LLC	7600 Burnet Rd Suite 105		Austin
1	SCP Medspa Services LLC	7600 Burnet Road	Suite 350	Austin
1	C2A Global IT SolutionsLLC	7600 Chevy Chase Dr	Suite 300	Austin
1	SFS DESIGN AND MANUFACTURE LLC	7600 Chevy Chase Drive, Suite 300		Austin
1	BRH-GARVER CONSTRUCTION LLC	7600 S. SANTA FE DR, BLDG. A-1 EAST		HOUSTON
1	Smith & Burgess LLC	7600 W. Tidwell Road, Suite 600		Houston
1	SpectrumVoIP Inc	7600 Windrose Ave	Ste 350	Plano
1	Advanced Connectivity LLC	7600 Windrose Avenue	Suite G240	Plano
1	Time Manufacturing Company Inc	7601 Imperial Drive		Waco
1	Empower Clinic Services, L.L.C.	7601 N. Sam Houston Pkwy. W	Ste 100	Houston
1	Empower Pharmacy	7601 N. Sam Houston, Pwy W	Suite 100	Houston
1	YETI COOLERS LLC	7601 SOUTHWEST PKWY		AUSTIN
1	Ladish Valves Inc	7603 Bluff Point Drive		Houston
1	Hobao USA Inc	7606 Grissom Road	Suite 107	San Antonio
1	HiTek US LLC	7606 Westmoreland Dr		Sugar Land
1	Texas A&M Engineering Experiment Station	7607 Eastmark Dr.		College Station
1	SOLVATION LLC	7608 BRODICK WAY		PLANO
1	Zorba Buddha Inc	761 Lonesome Dove Trl		Hurst
1	Construction Consulting Group	7610 N. Stemmons Fwy	Suite 410	Dallas
1	Mentium Corporation	7612 Vidrine Street		Austin
1	SDS Security Inc	7614 Pebble Drive		Fort Worth
1	CERTAIN AFFINITY INC	7620 GUADALUPE STREET		AUSTIN
1	Proxima IT Solutions LLC	7621 Alouette Dr		Austin
1	Proxima IT Solutions	7621 Alouette Dr Number City		Austin
1	MVN CONSULTING INC	7625 ARCHES LN		FRISCO
1	JAMAL INVESTMENTS INC	7625 Cherry PARK Drive		HOUSTON
1	East Signs Houston LLC	7636 Clarewood Dr		Houston
1	NEPTUNE IMPORTS	7636 HARWIN DR.	SUITE 103	HOUSTON
1	BVM Technology Assoicates Inc	7640  Warren Parkway	Suite 100	Frisco
1	Pomala Systems Inc	7651 Eldorado Parkway	Suite 100, Office-F	McKinney
1	Oraanj Inc	7651 Eldorado Pkwy , Suite, 100M		Mckinney
1	Belmont Village, L.P.	7660 Woodway Drive	Ste 400	Houston
1	Crossgate Equestrian Center	767 Potato Flats Road		Bandera
1	DistributionPlus LLC	7670 Woodway Dr.	Ste. 230	Houston
1	OptiSigns Inc	7676 Hillmont Street	290N	Houston
1	Vimerse InfoTech Inc	77 Sugar Creek	Ste. 600	Sugar Land
1	POLARIS-PC MANAGEMENT LP	77 SUGAR CREEK BLVD.	SUITE 500	SUGAR LAND
1	Diamond AdvanEdge	77 Sugar Creek Center Blvd.	Suite 600	Sugar Land
1	Jesus Loves America	770 N Coit Rd	Suite 2480	Richardson
1	Omega Cooling System LLC	770 North Eldridge Pkwy		Houston
1	AMOG Consulting Inc	770 South Post Oak Lane	Suite 310	Houston
1	MERKO CAPITAL LLC	7700 KEMPWOOD DR		HOUSTON
1	B&M Studio LLC	7700 San Jacinto Pl  200		Plano
1	XRCOMM Inc	7700 W Parmer Ln	Ste B-175	Austin
1	eBay Inc	7700 W. Parmer Lane	Bldg D	Austin
1	PayPal Data Services Inc	7700 West Parmer Lane	Building D, 3rd Floor	Austin
1	Change CX LLC	7700 Windrose Avenue		Plano
1	ChangeCX LLC	7700 Windrose Avenue, G-300		Plano
1	Cortex Management LLC	7701 Las Colinas Ridge	650 Suite	Irving
1	L.A.K.E. Enterprises Inc	7701 N Lamar Blvd.	Ste. 200	Austin
1	University of Texas Health Science Center at San Antonio	7703 Floyd Curl Drive		San Antonio
1	Forest Dream Home	7703 Forest Dream		Live Oak
1	METAQ TECHNOLOGIES CO LTD	7703 N Lamar Blvd	Ste 305	Austin
1	TRI STAR WALL SYSTEM INC	7704 HIDDEN OAKS LN		Houston
1	Gradient Works Inc	7704 Rutgers Ave		Austin
1	Eyvatek LLC	7704 Skytree Dr		Austin
1	Randy Bolf Ranch	7706 W Rollin Acres		San Angelo
1	Randy Bolf Construction LLC	7706 W Rollin Acres Rd		San Angelo
1	Shop Indoor Golf LLC	7707 Schmoldt Way		Celina
1	Oro Design Group LLC	7708 Rialto Blvd	Ste 125	Austin
1	Everhealth Acupuncture & Herbs Wellness. LLC	7708 San Jacinto Pl	STE 200	Plano
1	Bespros Insurance and Financial Services LLC	7709 SAN JACINTO PL STE 206		Plano
1	NETWORK OBJECTS INC	7709 SAN JACINTO PLACE	UNIT 201	PLANO
1	Gyani Inc	771 E Southlake Blvd	Suite 219	Southlake
1	PJW HEALTH SERVICES LLC	7710 WEST IH-10		SAN ANTONIO
1	VanTran Industries Inc	7711 IMPERIAL DRIVE		WACO
1	Nettlinx Inc	7712 Mapleridge Dr		Plano
1	Jones Telepractice Agency LLC	7717 Louetta Rd	Suite 12129	Spring
1	Lonestar Dream Inc	7718 Wood Hollow Dr	Suite 201	Austin
1	TRINITY ENVISION BUSINESS SERVICES LLC	7725 EDELWEISS TRAIL		FRISCO
1	Noova LLC	7730 Spicewood Springs Road		Austin
1	OFS International LLC	7735 Miller Road 3		Houston
1	Indus Software Solutions	7736 LA Haye Dr		Irving
1	Jay Chavda, MD-PA	7737 Southwest Freeway	Suite 300	Houston
1	Camp Champions TX LLC	775 Camp Rd		Marble Falls
1	Agile Oilfield Services LLC	7764 Boles Rd		Odessa
1	Streamline Innovations Inc	777 E Sonterra Blvd	Ste. 200	San Antonio
1	Pioneer Natural Resources USA Inc	777 Hidden Ridge		Irving
1	PLASMA COMPUTING GROUP INC	777 MEADOW CREEK DR		IRVING
1	ICE Thermal Harvesting LLC	777 Post Oak Blvd.	Suite 730	Houston
1	Law Offices of Jerry Goh, P.C.	777 South Expressway, Suite  1D		Richardson
1	Energy Domain LLC	777 Taylor St. PI-A		Fort Worth
1	Keypixel Software Solutions LLC	777 Washington Road	Suite 1	Parlin
1	Congenital Heart Surgery Center, PLLC	7777 Forest Lane		Dallas
1	Aluminum Maintenance Systems of Texas LLC	7777 Parnell St.		Houston
1	AMIN JAMAL MD PA	7777 SOUTHWEST FWY.	SUITE 802	HOUSTON
1	SRI KRISHNA JEWELLERS INC	7777 Warren Parkway,	Suite 280	Frisco
1	Argon Medical Devices Inc	7800 Dallas Parkway	Suite 200	Plano
1	Profusion Tech Labs LLC	7800 Hamilton Pool Rd	Ste. 200	Austin
1	ERICKSON DEMEL & ASSOCIATES, PLLC	7800 N MOPAC EXPY	STE 105	AUSTIN
1	Lendem Solutions LLC	7800 N. Dallas Parkway	Suite 100	Plano
1	Luminary Creative and Marketing LLC	7800 N. Stemmons Fwy	Ste 1100	Dallas
1	Sapience Analytics Corporation	7800 North Dallas Parkway	Suite 660	Plano
1	DOLPHINS IT SOLUTIONS LLC	7800 Preston Road, STE 117		Plano
1	Steadily Insurance Agency	7800 Schoal Creek Blvd., 246S		Austin
1	Steadily Insurance Agency Inc	7800 Shoal Creek Blvd	Unit 246S	Austin
1	Phunware Inc	7800 Shoal Creek Blvd.,  230S		Austin
1	Legacy Engineering Group	7800 W. Interstate 10	Suite 830	San Antonio
1	LA Architects LLC	7800 Washington Avenue	Suite 600	Houston
1	ICLOUD-WA LLC	7800, Preston Road	Suit No.- 148	Plano
1	Alleviant Medical Inc	7801 N Lamar Blvd	Ste D106	Austin
1	Austin Physical Therapy Specialists LLC	7801 N Lamar Blvd. Suite B174		Austin
1	Spiceworks Inc	7801 N. Capital of Texas Hwy	Suite 300	Austin
1	Baxter Planning Systems Opco LLC	7801 N. Capital of Texas Hwy.	Ste. 250	Austin
1	VOIP TECH LLC	7801 N. LAMAR BLVD.	SUITE B-168	AUSTIN
1	HIKEIT Trak Racer LLC	7801 North Lamar Blvd.	Suite C55	Austin
1	Alterman Management Group Inc	7805 N Loop 1604 E		Live Oak
1	DEEPSEA TECHNOLOGIES INC	7807 FAIRVIEW STREET		Houston
1	A Life Saver Assisted Living LLc	7807 SUNDROP HILL TRAIL		Katy
1	Kidstale Playgrounds LLC	7810 Fairbanks N Houston Rd Bldg 2		Houston
1	Kidstale Playgrounds Inc	7810 Fairbanks N Houston Road	Building 2	Houston
1	Pasrija Dental PLLC	7810 FM 1960 E	ST 105	Humble
1	Concur Construction LLC	7811  Parliament Pl		Austin
1	KM ACT Corporation	7811 N Shepherd Dr.	Suite 215-A	Houston
1	PSH American Solutions LLC	7818 Shelburne Circle		Spring
1	Clearfork Academy LP	7820 Hanger Cutoff Rd		Fort Worth
1	S&B Engineers & Constructors, Ltd.	7825 Park Place Blvd.		Houston
1	United Supermarkets LLC	7830 Orlando Avenue		Lubbock
1	Ability -All 4 Kids LLC	7840 Farm to Market 1960 Road East	401	Humble
1	OYH Construction Materials LLC	7840 North Sam Houston Pkwy W		Houston
1	Juan C. Echeverri DDS, PA	7844 Long Point Road		Houston
1	Zafar Web Design Inc	7847 Southfork Bend		Irving
1	TechAspect Solutions LLC	7850 N Belt Line Rd		Irving
1	RAPP Worldwide Texas Inc	7850 N Belt Line Road		Irving
1	THE INTEGER GROUP LLC	7850 N Beltline Rd		Irving
1	J & W Restaurant Group LLC	7855 N Sam Houston Pkwy E		Humble
1	The Croc Doc, P.C.	7878 Gateway East Blvd	Ste 101	El Paso
1	U.S. Global Investors Inc	7900 Callaghan Road		San Antonio
1	OES Equipment LLC	7900 E. Riverside Drive		Austin
1	Jewish Community Center of Dallas	7900 Northaven Road		Dallas
1	Newron Tech Inc	7901 Cameron Road, Building 2	Suite 208	Austin
1	Electroninks Inc	7901 E. Riverside Dr.	Building 1, Unit 150	Austin
1	Nextgen Wellness Group Inc	7901 John W. Carpenter Fwy		Dallas
1	Taurus Services LLC	7902 Cowart St		Houston
1	Magneto & Diesel Injector Service Inc	7902 FM 1960 Bypass Road West		Humble
1	Golden Stones LP	7902 Hillmont Street		Houston
1	Southwest Oilfield  Products Inc	7903 Breen		Houston
1	Townsends Polymer Services & Information Inc	7904 N. Sam Houston Parkway West	Suite 400	Houston
1	CAS Consulting & Services Inc	7908 Cameron Road		Austin
1	DM Clinical Research	7908 North Sam Houston Pkwy W	Suite 200	Houston
1	SP  SILICA OF MONAHANS LLC	7909 E INTERSTATE 20	7909 E INTERSTATE 20	MONAHANS
1	Xecta Digital Labs Ltd.	7915 Cypress Creek Pkwy.	Suite 202	Houston
1	GVJ Lucas Development LLC	7915 Lee Hill Drive		Austin
1	INDUS ADMINISTRATIVE SERVICES LLC	7915 WESTGLEN DRIVE		HOUSTON
1	OGRE Systems Inc	7920 Belt Line Road	Suite 370	Dallas
1	Poly Sac Inc	7920 Westpark Dr.		Houston
1	US Harmony LLC	7922 Mosley Road		Houston
1	The Machetta Law Firm, P.C.	7922 Oxfordshire Drive		Spring
1	William Gomez	7926 Breen Dr	Suite B	Houston
1	The Magellan School	7938 Great Northern Blvd		Austin
1	Gold Star Metals LLC	7944 Dockal Road		Houston
1	Loadmaster Engineering Inc	7946 Breen Drive		Houston
1	HGG Profiling Equipment Inc	7950 Breen Drive		Houston
1	Row Echelon LLC	7950 Legacy Dr	Suite 400	Plano
1	RYKER IT Inc	7950 Legacy Dr, Floor 4	Suite 400	Plano
1	Collinson Inc	7950 Legacy Dr.	Suite 700	Plano
1	Ameri and Partners Inc	7950 Legacy Drive,	Suite 650	Plano
1	Greatminds Infotech LLC	7961 Staley Dr		Frisco
1	Swadeshi Plaza Inc	7964 N MacArthur Blvd	Suite 100	Irving
1	MBCM Management Inc	7984 Highway 6		Navasota
1	Oral Health Industries LLC	7989 Beltline RD Suite 139-2C		Dallas
1	B & J Wholesale LLC	7999 FM 359 Road		Brookshire
1	Greenline Apartment Management LLC	8 Greenway Plaza	Suite 800	Houston
1	Spirent Communications Inc	800  Klein Road	Suite 100	Plano
1	Incase Holdings Inc	800 Brazos St	Suite 320	Austin
1	Concierge Auctions,  LLC	800 Brazos Street	Suite 220	Austin
1	Quantum Energy Partners (2020) LLC	800 Capital Street	Suite 3600	Houston
1	Waste Away Group Inc	800 Capitol St.	Suite 3000	Houston
1	JACKSONVILLE INDEPENDENT SCHOOL DISTRICT	800 COLLEGE AVENUE		JACKSONVILLE
1	Synergous LLC	800 E Campbell Rd, Ste. 101		Richardson
1	VDRIVE IT SOLUTIONS INC	800 E CAMPBELL RD, SUITE 157		RICHARDSON
1	PROWESYS INC	800 E CAMPBELL RD, SUITE 260		RICHARDSON
1	Infovision Inc	800 E. Campbell Road	Ste 388	Richardson
1	Brighann Marketing Inc	800 E. Campbell Road,	Suite 120	Richardson
1	CHRISTUS Mother Frances Hospital Regional Health Care Center	800 East Dawson		Tyler
1	ITTDIGITAL LLC	800 EMBASSY DR.	SUITE 609	AUSTIN
1	American Association of Professional Landmen	800 Fournier Street		Fort Worth
1	GROUP 1 AUTOMOTIVE INC	800 GESSNER	SUITE 500	HOUSTON
1	Entera Realty LLC	800 Gessner Road, Suite 310		Houston
1	Star Step Trinkote Coatings LLC	800 Hughie Long Road		Cresson
1	Johnson & Sekin LLC	800 Jackson St.	Ste 500	Dallas
1	East Goes Global Co.	800 James Street		Austin
1	Spirent Communications LLC	800 Klein Road	Suite 100	Plano
1	Therapy on Demand LLC	800 N. Jim Wright Fwy,  2		White Settlement
1	OpenBean Inc	800 Parker Square Rd	STE 215E	Flower Mound
1	Impex GLS Inc	800 Port America Place	Ste 100	Grapevine
1	GoldenHome Cabinetry Inc	800 S J Elmer Weaver Fwy		Cedar Hill
1	International Chem-Crete Corporation	800 Security Row Ste 1		Richardson
1	TH1 LLC	800 TOWN & COUNTRY BLVD STE 500		HOUSTON
1	ASCEND MANAGEMENT CONSULTING	800 TOWN & COUNTRY BLVD.	SUITE 300	HOUSTON
1	Ambyint Corporation	800 Town and Country Blvd., Ste 500		Houston
1	TANGENSIS INC	800 W Airport Freeway	Suite 1100	Irving
1	Pecos Dental PC	800 W. 3rd St.		Pecos
1	Norwex USA Inc	800 W. Bethel Road	Suite 100	Coppell
1	The University of Texas at Dallas	800 W. Campbell Rd		Richardson
1	University of Texas at Dallas	800 W. Campbell Road		Richardson
1	PSRG Inc	800 W. Sam Houston Pkwy. S.	Ste 107	Houston
1	Cameron Electronics	800 Williams Street		Marlin
1	BAMBULAB USA INC	8000 Centre Park Dr	330	Austin
1	ClearCam Inc	8000 Centre Park Drive	Suite 170	Austin
1	SOUNDSONIC ELECTRONIC IMPORTERS INC	8000 HARWIN DR	SUITE 275	HOUSTON
1	City of Houston, Texas	8000 N. Stadium Drive	8th Floor	Houston
1	KAIRAS SYSTEMS CORPORATION	8000 preston rd	Suite 402	Frisco
1	AGATI SYSTEMS LLC	8000 PRESTON ROAD	SUITE 401	FRISCO
1	BIZLINK TECH INC	8001 ARTCRAFT ROAD		EL PASO
1	Tech Critic Inc	8001 LBJ Freeway	Suite 405	Dallas
1	Rad Law Firm PLLC	8001 LBJ Freeway  Suit 300		Dallas
1	C4Workx LLC	8006 Prairie Sage Dr.		Richmond
1	North Polaris LLC	8007 Bellaire Blvd		Houston
1	Cook Childrens Physician Network	801 7th Ave		Fort Worth
1	ELYSIAN CARDS LLC	801 Burns St.		Kilgore
1	Merit Advisors LLC	801 E California St	4th Floor	Gainesville
1	Grace Church Robinson	801 E Stegall Rd		Robinson
1	Conexio Consulting LLC	801 E. Campbell Rd	Ste. 245A	Richardson
1	BTI Solutions Inc	801 E. Campbell Road, Suite 230		Richardson
1	Dona Cooper-Dockery, M.D. PA	801 E. Nolana Ave	Suite 12	McAllen
1	Terreno Development Group LLC	801 East Campbell Road	Ste 650	Richardson
1	Tenfold Technologies LLC	801 Highway 377 South		Pilot Point
1	AllTerrain Construction Solutions Corp.	801 International Pkwy.	Suite 550 119	Flower Mound
1	RCP Inc	801 Louisiana St	Suite 200	Houston
1	VAL VERDE HOSPITAL CORPORATION	801 N BEDELL AVE		DEL RIO
1	Texas Time Express Inc	801 Port America Place		Grapevine
1	Bryan Independent School District	801 S Ennis St		Bryan
1	Los Alamos Technical Associates	801 S Fillmore St	STE 170	Amarillo
1	Visual Approach LLC	801 Varsity Ln		McKinney
1	SAPPHIRE VENTURES LLC	801 West 5th Street	Suite 100	Austin
1	The First Baptist Church of Garland, Texas	801 West Avenue D		Garland
1	Manbar provisions LLC	8010 little deer xing		Austin
1	Galveston Shrimp Company	8011 Harborside Drive		Galveston
1	Everyday Dose Inc	8015 Burleson Rd	Suite 100	Austin
1	COMPUCYCLE INC	8019 KEMPWOOD DRIVE		HOUSTON
1	2M Solutions Inc	802 Greenview Drive	Suite 100	Grand Prairie
1	Ector County Independent School District	802 N. Sam Houston		Odessa
1	Kids DC LLC	8021 Bissonnet St		Houston
1	Seno Medical Instruments Inc	8023  Vantage Drive	Suite 1000	San Antonio
1	MBT Communication LLC	803 N Sylvania Ave		Fort Worth
1	LEAP360 LLC	803 W SOUTHLAKE BLVD.	SUITE 100	SOUTHLAKE
1	LEAP IT INC	8036 Preston Rd	Ste 604	Frisco
1	Epicor Software Corporation	804 Las Cimas Parkway	Ste. 200	Austin
1	Assurance eServices Inc	804 Morningside Trl		Murphy
1	Veterinary Specialists of Texas P.C.	8042 Katy Freeway		Houston
1	HNS TECHNOLOGY INC	8045 FM 359	SUITE 208	FULSHEAR
1	Steinberg Hart	805 Brazos Street		Austin
1	HealthQuest Capital Management LP	805 Las Cimas Parkway	Suite 245	Austin
1	MAISON DE PAPILLON LLC	805 N. CAGE BVLD	STE D	PHARR
1	Axiom Holographics North America Inc	805 W Mary Street		Austin
1	MCH Professional Care	8050 E. Highway 191	Ste. 108	Odessa
1	SC Autosports LLC	8050 Forest Ln.		Dallas
1	THINKLUSIVE INC	8054 PRESTON ROAD	SUITE 101	FRISCO
1	Christian Life Center Inc	806 Russell Palmer Road		Kingwood
1	ALONSO & ALONSO ATTORNEYS AT LAW, PLLC	806 S. Zarzamora St.		San Antonio
1	Insignia Consultancy Solutions LLC	806 W Coffin St		Dennison
1	SS & MN Services LLC	806 W. Corsicana Street		Athens
1	STORELLI SPORTS INC	8066 Park Lane	STE 1511	Dallas
1	STADEO INC	8066 Park Lane Suite 1511		Dallas
1	George Tanksley, DMD, P.A.	8069 Callaghan Road		SAN ANTONIO
1	Freemon, Shapard & Story	807 8TH STREET 2ND FLOOR		WICHITA FALLS
1	Andersson/Wise Architects Inc	807 Brazos Street	Ste. 800	Austin
1	Vzure Solutions LLC	8072 Preston Rd	Suite 202	Frisco
1	TradeWing Inc	808 Blanco Street		Austin
1	GODREJ AMERICAS INC	808 HARRIS AVENUE		AUSTIN
1	Hay Architecture PLLC	808 Horizon Street		Flower Mound
1	Stewart Systems Baking LLC	808 Stewart Avenue		Plano
1	INDO PARK WORLD MARKET INC	808 SW GREEN OAKS BLVD		ARLINGTON
1	ALLTHENTICATE INC	808 TRAVIS ST	SUITE 310	HOUSTON
1	Golden Section Ventures LLC	808 Travis St.	STE 1406	Houston
1	Rottet Studio LLC	808 Travis Street	Ste 100	Houston
1	TrendSmart LLC	808 W. Schubert Street		Fredericksburg
1	HARMONY SCHOOL OF INNOVATION-DALLAS	8080 W PRESIDENT GEORGE BUSH HWY	SUITE 115	DALLAS
1	EMPYRA.COM INC	8081 ROYAL RIDGE PARKWAY	SUITE 160	IRVING
1	LBU Community Clinic	809 Singleton Blvd.		Dallas
1	iProgram LLC	8090 Preston Road	Suite 302	Frisco
1	SygnusIT Inc	8093 Monks Cap St		Frisco
1	NorthgateArinso LLC	810 Hesters Crossing	Suite 250	Round Rock
1	RRC Power & Energy LLC	810 Hesters Crossing Road Suite 120,		Round Rock
1	PetNet Solutions Inc	810 Innovation Drive		Knoxville
1	Scott & White Hospital- Marble Falls	810 W. Highway 71		Marble Falls
1	Scott & White Hospital - Marble Falls	810 W. State Hwy. 71		Marble Falls
1	Houston Methodist Specialty Physicians	8100 Greenbriar	GB100	Houston
1	HARMONY SCHOOL OF INNOVATION-FORT WORTH	8100 S. HULEN ST.		FORT WORTH
1	Austin Capital Bank SSB	8100 Shoal Creek Blvd		Austin
1	NavuSoft Inc	8100 Washington Ave	Suite 150D	Houston
1	Semantic Designs Inc	8101 Asmara Dr		Austin
1	ANOVO TECHNOLOGY GROUP LLC	8101 MEMORIAL LN.		PLANO
1	Matt Ellis Management Co Inc	8101 W INDUSTRIAL		Midland
1	Kenall Geo LLC	8101 Westglen Drive		Houston
1	APPLIED TRAINING RESOURCES INCORPORATED	8102 Royal Crest Court		Spring
1	GET CORP. PAYROLL ACCOUNTING & TAX	8104 southwest freeway suite C		Houston
1	TEXASOFT IT SOLUTION INC	8105 RASOR BLVD, STE 120		PLANO
1	Agile IT Global LLC	8105 Rasor Blvd, Suite 247		Plano
1	Kaizen ITech LLC	8105 Rasor Blvd, Suite 249		Plano
1	CloudData Soft Inc	8105 Rasor Blvd., Suite 232		Plano
1	IT Orchids Co	8105 Rasor Boulevard  125		Plano
1	Ekcel Systems Inc	8105 Rasor Boulevard, Suite 260		Plano
1	OConnell Robertson & Associates Inc	811 Barton Springs Rd	Suite 900	Austin
1	SSC Pasadena Operating Company LLC	811 Garner Road		Pasadena
1	GreenLite Technologies Inc	811 James Street	Number 1	Austin
1	Targa Resources LLC	811 Louisiana Street	STE 2100	HOUSTON
1	Omega Design LLC	811 S CENTRAL EXPWY	SUITE 306	RICHARDSON
1	SULEMAN & WYLIE LLP	811 s CENTRAL EXPY STE 232		RICHARDSON
1	DWBI SERVICES INC	811 S. Central Expy.,  220		Richardson
1	Thunderbyrd Power Systems Inc	811 Saybrook Lane		Houston
1	Rita N Patel OD PA	811 W Royal Ln	Ste 100	Irving
1	Lufkin U.S. Acquisition Company	811 Willow Oak Drive		Missouri City
1	Frontpoint Health LLC	8111 LBJ Freeway, Suite 555		Dallas
1	Digital Metro USA Inc	8111 Lyndon B Johnson Fwy	1475	Dallas
1	Care Plus ER Richmond LLC	8111 W Grand Pkwy S		Richmond
1	Carrus ER Richmond LLC	8111 West Grand Parkway Sount		Richmond
1	Techfois Incorporated	8113 Ridgepoint Drive	Suite 200B	Irving
1	Rayala Cloud Solutions LLC	8113,Piedmont Ave		Frisco
1	FINORIC LLC	8115 Loop 540		Beasley
1	TRANSATLANTIC PETROLEUM (USA) CORP.	8115 Preston Road, Suite 800		Dallas
1	Imperative Chemical Partners Inc	8115 W Industrial Avenue		Midland
1	XMPro Inc	8117 Preston Road	Suite 300	Dallas
1	Cypress Mental Health PLLC	8118 Fry Rd	Building 2 Suite 203	Cypress
1	Micronet Communications Inc	812 Lexington Drive		Plano
1	Eddyfi Corp	812 W. 13th Street		Deer Park
1	YSAT Solutions LLC	812 West Mcdermott Dr  1216		Allen
1	POWERHOUSE RETAIL SERVICES LLC	812. S. CROWLEY ROAD	SUITE A	CROWLEY
1	Majestic Services Inc	8120 N. Interstate 35, Suite  101		Austin
1	HARMONY SCHOOL OF EXCELLENCE-DALLAS	8120 W. CAMP WISDOM ROAD		DALLAS
1	LONESTAR CONSTRUCTION ASSOCIATES LLC	8121 BEE CAVE RD	SUITE 200	AUSTIN
1	Maestas & Associates LLC	8122 DATAPOINT DR	STE 840	SAN ANTONIO
1	HARMONY SCHOOL OF INNOVATION-SAN ANTONIO	8125 GLEN MONT DRIVE		SAN ANTONIO
1	Integrity Testing Inc	8127 Mesa Dr.  C-305		Austin
1	Maximo Global Tech INC	813 N Main St	Suite 211	McAllen
1	Stevens Technical Services Inc	8131 Jackrabbit Road		Houston
1	Zonestra Technologies LLC	814 San Jacinto Blvd	Suite 400	Austin
1	Victoire Systems LLC	814 San Jacinto Blvd.	Suite 205	Austin
1	LawnStarter Inc	814 San Jacinto Boulevard	Ste. 202	Austin
1	Inorsa Inc	814 W North Loop Blv	Unit A	Austin
1	Flicent Inc	8144 Walnut Hill Ln	Ste 1050	Dallas
1	ShellSquare LLC	815 BRAZOS ST, STE 500		AUSTIN
1	Southwestern Health Resources Clinically Integrated Network	8150 Brookriver Drive		Dallas
1	Pritchett, LP	8150 N Central Expressway	Suite 1350	Dallas
1	ADVANCED IMAGE INC	8151 LEWIS CANYON DR		Frisco
1	Sam Houston State University	816 17th Street	N/A	Huntsville
1	LIQUE ENGINEERS LLC	816 CAMARON ST	SUITE 110	SAN ANTONIO
1	NinjaOne LLC	816 Congress Ave	Suite 1670	Austin
1	Acrisure Technology Group LLC	816 Congress Avenue	Suite 600	Austin
1	EE Accounting Services Corp	816 Utica Dr		Mckinney
1	FBD Partnership LP	8161 Interchange Pkwy	ste 115	San Antonio
1	E.E Accounting Services Corp	816Utica Drive		McKinney
1	Comfort Smiles NRH PLLC	817 Calcot Drive		Coppell
1	Think Logic Systems Inc	817 Nicosia Court		Leander
1	Kosmos Energy LLC	8176 Park Lane	Suite 500	Dallas
1	AdDa Technologies LLC	8179 Piedmont Ave		Frisco
1	COSMOFETCH LLC	818 PREAKNESS LANE		COPPELL
1	Housing Authority of the City of San Antonio, Texas	818 S Flores St.		San Antonio
1	CH2M HILL CONSTRUCTORS INC	818 Town and Country Blvd	Suite 500	Houston
1	BioMed Laboratories LLC	8181 Eastpoint Dr	Suite 300	Dallas
1	Moontree Technologies Inc	8195 Custer Rd	Suite 200-B	Frisco
1	Avighna Solutions LLC	8195 Custer Road	Suite 200A-006	Frisco
1	Openup Technologies Inc	820 Camino Vaquero Pkwy		Austin
1	Conduit Services LLC	820 Gessner Rd	Ste 895	Houston
1	Parsec Technologies Inc	820 Jupiter Road		Plano
1	Urban Robotics Inc	820 Shelby Ln.	Ste. 104	Austin
1	Orbit Capital LLC	820 Summer Park Drive	Suite 700	Stafford
1	UB&A Inc	820 W Spring Creek Pkwy Ste 400P		Plano
1	USA Dental Solutions LLC	8200 Wednesbury Ln	Suite 108/A	Houston
1	Mahoney Engineering LLC	8201 South Congress Avenue		Austin
1	Cypress Global Services Inc	8203 Willow Place Dr. S.	Ste. 290	Houston
1	Itek Info Inc	8204 Elmbrook Dr	Suite 324	Dallas
1	KENFILL TECHNO SOLUTIONS LLC	8204 ELMBROOK DR.	SUITE 215	DALLAS
1	Nukote Coating Systems International LLC	82051 Reliance Pkwy		Bedford
1	WINKLER COUNTY HOSPITAL DISTRICT	821 JEFFEE DRIVE	N/A	KERMIT
1	STONEWALL MEMORIAL HOSPITAL DISTRICT	821 N BROADWAY STREET		ASPERMONT
1	Enrich Technology Inc	821 Preakness Ln		Coppell
1	HIGHDIMENSIONS Inc	8211 Sylvan Dale Road		Frisco
1	AiQueous LLC	8213A Shoal Creek Blvd.	Suite 109	Austin
1	DB STRUCTURES LLC	8217 SHOAL CREEK BLVD.	SUITE 106	AUSTIN
1	Internash Global Services LLC	8219 Kempwood Drive		Houston
1	Angel L. Reyes & Associates, PC	8222 Douglas Avenue	Ste. 400	Dallas
1	Layher Inc	8225 Hansen Road		Houston
1	TELAVERGE COMMUNICATIONS	8229 FOUNTAIN RIDGE DR.		PLANO
1	Total HOA Solutions	823 Congress Avenue Ste 150-1585		Austin
1	EVENTUS SYSTEMS INC	823 S CONGRESS AVE	SUITE 1964	AUSTIN
1	Whirlwind Steel Building Inc	8234 Hansen Road		Houston
1	Ambright Tech LLC	8236 Palace Ave		McKinney
1	STUDIO OUTSIDE LLC	824 EXPOSITION AVE	SUITE 5	DALLAS
1	SVK Veterinary Services, PLLC	824 Fairmont Pkwy		Pasadena
1	SVK Veterinary Services PLLC	824 Fairmont Pkwy.,		Pasadena
1	Gossett and Company LLC	824 W 10th St.		Austin
1	GUADALUPE VALLEY ELECTRIC COOPERATIVE INC	825 E. SARAH DEWITT DR.		GONZALES
1	Revelation IT LLC	825 Prairie View Ct.		Argyle
1	Red Door Experiences LLC	825 Precinct Line Road	Ste 14	Hurst
1	Dawson Van Orden Inc	825 Town & Country Ln	Suite 1150	Houston
1	Time Dyanmics Inc	825 Town and Country Lane	Suite 1200, No.140	Houston
1	Saantekglobal LLC	825 Watters Creek Blvd, BLDG M	Ste 250	ALLEN
1	Hyshre Technologies LLC	825 Watters Creek Blvd, Building M	Suite 250	Allen
1	Psyncopate Technologies Inc	825 Watters Creek Blvd. Bldg. M	Ste. 250	Allen
1	PTechCrew LLC	825 Watters Creek Dr.	Suite 250	Allen
1	P Tech Crew LLC	825 Watters Creek Dr. Suite 250		Allen
1	Bellaire Pediatrics, P.A.	8250 Bellaire Blvd, STE 1		Houston
1	Mahi Granites Private Ltd	8255 Kempwood Dr		Houston
1	STRAY KITE STUDIOS LLC	8261 BELLEVIEW DR.	SUITE 220	PLANO
1	Jivar Foty Agency LLC	827 N Loop W	Suite B	Houston
1	First Company	8273 Moberly Lane		Dallas
1	First Co.	8273 Moberly Ln.		Dallas
1	Susman Tisdale Gayle Architects	828 W 6th Street	Suite 300	Austin
1	GSD&M LLC	828 W. 6TH STREET		AUSTIN
1	Be Bold Furniture LLC	8280 Westpark Dr.		Houston
1	AIR FILTERS INC	8282 WARREN ROAD		Houston
1	Costello Doab Enterprises LLC	829 Bastrop Hwy.		Austin
1	ThriveOn Solutions LLC	830 Julie Rivers Dr	Ste 103	Sugarland
1	Om Narayan LLC	830 W 1st Street		Hereford
1	Zortech Solutions Inc	8300 Cypress Creek Pkwy	Suite 450	Houston
1	Virovek Incorporation	8300 Cypress Creek Pkwy.	Ste. 100	Houston
1	Bonafide Innovations LLC	8300 Esters Blvd.	Suite 940	Irving
1	SMS Home Health LLC	8300 FM 1960 Rd W	Suite 450	Houston
1	Subject Well Inc	8300 North Mopac Expressway	Suite 300	Austin
1	VaPetro Technology LLC	8300B Westpark Drive		Houston
1	Traitwell Inc	8301 New Trails Drive	Suite 110	The Woodlands
1	Cloud Network Technology USA INC	8303 Fallbrook Dr.		HOUSTON
1	InfoRight Solutions LLC	8303 Pitkin Rd		Frisco
1	Mission Solar Energy LLC	8303 S. New Braunfels Avenue		San Antonio
1	Maxwell Dynamics Inc	8303 Southwest Fwy  380		Houston
1	MD & ASSOCIATES, LLP	8303 SW FWY.	Suite 960	Houston
1	BRINQA Inc	8310 N. Capital of Texas Highway	SUITE 155	AUSTIN
1	GovOS Inc	8310 N. Capital of TX Hwy.	Bldg. 2, Suite 250	Austin
1	NORTHEAST CORE INVEST LLC	8313 SOUTHWEST FREEWAY	STE 315	HOUSTON
1	Indiaa Unbound LLC	8316 Fountain Springs Drive		Plano
1	DEANDRAE W ALEXANDER DDS PA	8316 Tuscany Way		AUSTIN
1	M&H Enterprises Inc	8319 Thora Lane	HNGR A2	Spring
1	Shiva Exports Limited USA Inc	8319, CHANCELLOR ROW		DALLAS
1	SVCUBE LLC	833 E Arapaho Rd	STE 206	Richardson
1	Leax Arkivator Telecom USA	833 E Arapaho Rd, Suite 203		Richardson
1	eBS-Minds IT Inc	833 E Northside Dr	STE 101	Pilot Point
1	Planet Med LP	833 W. Dove Avenue		McAllen
1	Dimensions Dallas Inc	8330 LBJ Fwy.	Suite 495	Dallas
1	Citizen Home Solutions LLC	8330 Lyndon B Johnson Freeway		Dallas
1	BOLD CONSULTING SERVICES LLC	8330 LYNDON B JOHNSON FRWY	SUITE 710	DALLAS
1	Aryadit Solutions Inc	8330 Lyndon B Johnson Fwy,	Suite B1050	Dallas
1	TMG PARTNERS II, LP	8333 DOUGLAS AVENUE	SUITE 1600	DALLAS
1	Murat Ayik, DDS, PLLC	8335 Walnut Hill Lane	Suite 125	Dallas
1	AJNM Investment LLC	8345 West Fwy		Fort Worth
1	My 485 Inc	835 E. Lamar	Suite 210	Arlington
1	Mission 42 Ventures Inc	835 W 6th St,	Ste 1100	Austin
1	HiOperator Labs Texas LLC	8350 N Central Expy	Suite 500	Dallas
1	Space Automotive LLC	8350 N.  US 75 Central Expressway	Suite 400	Dallas
1	MICROGIG INC	8350 N. Central Expressway	Suite 1900	Dallas
1	Kanarys Inc	8350 N. Central Expy	Suite M1013	Dallas
1	Centerbase Inc	8350 North Central Expressway	Suite 1950	Dallas
1	SPACECITY AROMA LLC	8350 WESTHEIMER RD, STE B		HOUSTON
1	Passion IT Inc	8360 LBJ	Suite A240	Dallas
1	1960 Physicians Associates Inc	837 Cypress Creek Pkwy	Suite 105	Houston
1	Punjani Insurance Agency Inc	8373 Spencer Way		La Porte
1	IDTC Dental Hygiene Center LLC	838 So Carrier Parkway		Grand Prairie
1	HISUN NEW ENERGY MATERIALS LTD CO	839 Farm to Market 1489 Road		Brookshire
1	Bridgeview Construction LLC	8390 Lyndon B Johnson Fwy. Suite 565		Dallas
1	Wahgen Inc	84 NE Loop 410	Fl 2, Ste 234	San Antonio
1	JSRM Group LLC	84 Ne Loop 410 suite 117		San Antonio
1	Apogee Semiconductor Inc	840 Central Parkway E.	Suite 140	Plano
1	Gauzy USA Inc	840 F Avenue	Suite 104	Plano
1	INDUSTRIAL SERVICE SOLUTIONS LLC	840 GESSNER RD	SUITE 950	HOUSTON
1	Doris USA Inc	840 Gessner Road	Suite 400	Houston
1	ERM Information Solutions Inc	840 W. Sam Houston Parkway N	Ste 600	Houston
1	Environmental Resources Management Southwest Inc	840 W. Sam Houston Parkway North	Suite 600	Houston
1	CLEARTUNIN	8403 TANGLEROSE DR FRISCO, TX 75033		FRISCO
1	Pixar ITS Inc	8405 Sterling St.	Suite 100	Irving
1	Collabridge Solutions Inc	8405 Sterling Street	Suite 204	Irving
1	OnAsset Intelligence Inc	8407 Sterling St.		Irving
1	Space Cow LLC	8408 Selway Dr.		Austin
1	Metlink Services	8410 Royal Montreal Dr		Rowlett
1	TRELLIS IT INC	8411 STERLING STREET	SUITE 204	IRVING
1	CardioQuip LLC	8422 Calibration Ct.		College Station
1	PARKLAND CENTER FOR CLINICAL INNOVATION	8435 STEMMONS FREEWAY	SUITE 1150	TEXAS
1	Propero Consulting LLC	844 Skyline Drive		Argyyle
1	Barba Inegol Law Firm PLLC	845 PROTON RD	SUITE A105	SAN ANTONIO
1	Whitehouse lab LLC	8450 Rayson road		Houston
1	PACS Construction Laboratories & Testing Services Inc	8464 N Sam Houston Pkwy W		Houston
1	Byrne Metals Corp.	848 S. Houston Avenue		Humble
1	Electric Sheep Robotics Inc	8480 Esters Blvd	Ste. 100	Irving
1	SS & BROTHERS LLC	849 E. COMMERCE ST.	SUITE 117	SAN ANTONIO
1	Winnie Community Hospital LLC	85 I-10 N	Suite 214	Beaumont
1	Hi-Tech Bangla Information Systems Inc	850  Central Pkwy E, Ste 248		Plano
1	American Excelsior Company	850 Avenue H East		Arlington
1	Golden Tree Dental PLLC	8500 FM 1283	Suite L	Lakehills
1	WebTPA Employer Services Inc	8500 Freeport Parkway	Suite 400	Irving
1	Federal Home Loan Bank of Dallas	8500 Freeport Parkway South	Suite 100	Irving
1	ZipcodeXpress Inc	8500 N MoPac Exwy	STE 517	Austin
1	Zelus Analytics	8500 N. MoPac Expwy	Suite 804	Austin
1	CMTS LLC	8500 N. Stemmons Freeway	Site 6077	Dallas
1	MICROASSIST INC	8500 SHOAL CREEK BLVD	SUITE 225, BLDG.4	AUSTIN
1	Motionics LLC	8500 Shoal Creek Blvd Bldg 4	Suite 209	Austin
1	JID Solutions Inc	8500 Shoal Creel Blvd	Bldg 4-102	Austin
1	Neo Prism Solutions LLC	8501 Wade Blvd	Suite 550	Frisco
1	Digerati Systems Inc	8501 Wade Blvd, Suite 520		Frisco
1	HARMONY SCIENCE ACADEMY-SAN ANTONIO	8505 LAKESIDE PARKWAY		SAN ANTONIO
1	TRC Services of Texas Inc	8505 Technology Forest Pl. Suite 702		The Woodlands
1	Leons Signs Inc	851 E NE LOOP 323		TYLER
1	Precast Company LLC	8510 E. Sam Houston Pkwy		Houston
1	Winford Inc	8514 Tybor Dr		Houston
1	Just One Dime Coaching LLC	8516 Anderson Mill Road	Suite 200	Austin
1	Fieldrue Consulting Services LLC	8521 BKANCO RD	STE 2 219	San Antonio
1	TROY CONSTRUCTION LLC	8521 McHard Road		Houston
1	Fortius Technologies Inc	8521 Pine Valley Dr		Mckinney
1	TEXAS INTERNATIONAL REALTY LLC	8524 Hwy 6 N	Suite 122	Houston
1	ARRA FY TX LLC	8526 Highway 6 N		HOUSTON
1	KINETECH CLOUD LLC	8526 Vidor Ave		San Antonio
1	Steel Dynamics Southwest LLC	8534 Hwy 89		Sinton
1	Global Valve Source LLC	8535 Jackrabbit Road	Suite i	houston
1	Zahroof Valves Inc	8535-N Jackrabbit Road		Houston
1	Lamar Institute of Technology	855 East Lavaca Street		Beaumont
1	Whitson USA LLC	855 Rockmead Dr.		Houston
1	Dallas Center Inc	8550 Cadenza Lane		Dallas
1	i-Pro Americas Inc	8550 Fallbrook drive	suite 200	Houston
1	Strong Tower Investments LLC	8555 FM 2146		Jourdanton
1	Nobl Q LLC	8560 Belleview Dr	Ste. 120	Plano
1	ReShape Rx Houston LLC	8560 Katy Fwy	Suite 170	Houston
1	CPS Technology Solutions LLC	8565 Anacua Rd		Frisco
1	G&E Industrial Supplies Inc	857 Pendale Rd		El Paso
1	AN Wrangler USA Limited Company	857 Tristar Dr	Suite A-5	Webster
1	Promedic Ancillary Services LLC	857 Tristar Dr.	Suite A-5	Webster
1	Sobha LLC	8580 BELLEVIEW DR, STE 320	121 COMMERCE CENTER AQUA	Plano
1	First DPC Ventures, LP	8582 Katy Fwy	Suite 110	Houston
1	Sage Industries USA Inc	8584 Katy Fwy	Suite 108	Houston
1	Lonestar Meadows LLC	8585 Commerce Park Dr	Suite 500	Houston
1	J. M. Trippon & Co. PC	8588 Katy Fwy STE 320		Houston
1	Elighters Management Inc	859 J Pl	Ste A	Plano
1	SoftTrak Technologies LLC	8591 Cypress Waters Blvd.	Suite 160	Dallas
1	Frisco Tech Sol LLC	8596 Dynasty Ln		Frisco
1	Fenix Parts Inc	860  Airport Fwy	Ste 701	Hurst
1	Analytical Food Laboratories Inc	860 Greenview Dr.		Grand Prairie
1	A&M Technologies LLC	860 Hebron Parkway	Suite 701	Lewisville
1	A & M Technologies LLC	860 Hebron Pkwy.	Ste 701	Lewisville
1	TRASTAR INC	860 N DOROTHY DR.	SUITE 600	RICHARDSON
1	Hont Global Services Inc	8600 Commerce Park Dr.		Houston
1	Alindus Inc	8600 Freeport Parkway	Suite 200	Irving
1	TechStream Solutions Inc	8600 Tuscan Oaks Drive		Mckinney
1	TEXAS EXCEL PROPERTY MANAGEMENT CORPORATION	8600 Woodway Drive		Houston
1	Skyways Air Transportation Inc	8601 Cross Park Drive	Suite 200	Austin
1	Tecra Systems Inc	8601 Ranch Road 2222	Suite 250	Austin
1	Nancy K. Phillips, P.C.	8604 Greenville Ave	Suite 200	Dallas
1	Nulixir Inc	8609 Cross Park Drive		Austin
1	AmeriVet Partners Management	8610  N New Braunfels Ave	STE 500	San Antonio
1	Foster CM Group Inc	8610 N New Braunfels Ave	Suite 606	San Antonio
1	AVPM CA 19 LLC	8610 N New Braunfels Avenue	Suite 500	San Antonio
1	AVPM CA 42 LP	8610 N. New Braunfels Ave	Suite 500	San Antonio
1	AVPM CA 23 LP	8610 N. New Braunfels Avenue	Suite 500	San Antonio
1	ThothIT LLC	8615 Freeport Parkway	Suite 175	Irving
1	G2DT.AI Corporation	8615 Knox Street		Irving
1	Tire Masters LLC	8615 North Loop East Fwy		Houston
1	HLA Engineers Inc	8617 Ambassador Row	Suite 100	Dallas
1	Seadrift Coke LP	8618 State Highway 185 North		Port Lavaca
1	Seadrift Coke L.P.	8618 State Highway 185 North,		Port Lavaca
1	Hire Intellects Inc	8623 Knox St		Irving
1	MEGA FURNITURE USA DISTRIBUTION LLC	8627 NE LOOP 410  100		SAN ANTONIO
1	Tridiagonal Solutions Inc	8632 Fredericksburg Road	Suite 101	San Antonio
1	Green Block Houston Inc	8635 Mount Houston Road		Houston
1	Bad Ass Band Saws	8637 Windfern Rd		Houston
1	Futurex L.P	864 Old Boerne Road		Bulverde
1	MR BUSINESS CORPORATION	8648 Wellington Point Dr		Irving
1	Blue Frog School of Music LLC	8649 US-290 w		Austin
1	X Corp.	865 FM 1209	Building 2	Bastrop
1	Pharmacist On Demand LLC dba Liberty Pharmacy	8650 Spicewood Springs Rd	Ste. 106	Austin
1	Sabre Communications Corp	8653 East Highway 67		Alvarado
1	Fractal EMS Inc	8656 State Highway BLDG 71 Ste F-100		Austin
1	Fractal Business Analytics LLC	8656 W Highway 71 Bldg F, Ste 100		Austin
1	OSS Global Inc	8656 W Hwy 71	Suite F200	Austin
1	Benefits Science LLC	8665 New Trails Drive	Suite 110	The Woodlands
1	MYTHRI CONSULTINHG LLC	8668 JOHN HICKMAN [PARKWAY	SUITE 402	FRISCO
1	MTHRI CONSULTING LLC	8668 JON HICKMAN PARKWAY	SUITE 402	FRISCO
1	Innoventworks LLC	8670 Cottonpatch Lane		Frisco
1	LLG INTERNATIONAL LLC	868 S Reed CT	Apt B	Lakewood
1	PURIS LLC	8686 New Trails Drive	Suite 115	The Woodlands
1	Isthmus Inc	87 Colonial Row Drive		The Woodlands
1	Tradeforce Inc	8700 Commerce Park Dr. Suite 116		Houston
1	S Yu and Associates PC	8700 Commerce Park Drive Ste 116		Houston
1	Nikshi Technologies LLC	8700 Stacy Road		McKinney
1	Oduneye Law Firm, PLLC	8700 STONEBROOK PKWY 783		Frisco
1	HVJ North Texas - Chelliah Consultants Inc	8701 John W Carpenter FWY	STE 250	Dallas
1	HVJ NORTH TEXAS- CHELLIAH CONSULTANTS INC	8701 JOHN W. CARPENTER FWY	STE 250	DALLAS
1	Quartz America LLC	8702 Clay Road		Houston
1	Q-EDGE CORPORATION	8702 Fairbanks N Houston Road		Houston
1	Powderhorn Mountain Healthcare Inc	8703 Davis Blvd.		Keller
1	S &S Maintenance Inc	8706 Freewood St		Houston
1	GRAND MISSION VETERINARY SERVICES PLLC	8710 GRAND MISSION BLVD	SUITE F	RICHMOND
1	Techwiz LLC	8712 Landover Place	N/A	Irving
1	Cosmosyde LLC	8714 Newcastle Bend		Irving
1	Texas Biomedical Research Institute	8715 W. Military Drive		San Antonio
1	Brask Inc - Neela	8720 Industrial Dr.		Pearland
1	AI SYNC INNOVATIONS LLC	8720 SILVERADO TRAIL	STE 3B	MCKINNEY
1	Global Smart Work LLC	8720 Silverado Trail, Private Office 112		McKinney
1	Dotsincloud LLC	8727 Lindenwood Ln		Irving
1	Sarkar Tactical Inc	8736 Gateway Blvd.	Suite C	El Paso
1	PUBLISHING CONCEPTS LP	875 REGAL ROW		DALLAS
1	Topgolf	8750 N Central Espressway	Suite 1200	Dallas
1	Topgolf USA Inc	8750 N Central Expressway	Suite 1200	Dallas
1	Vedanta Telecom LLC	8751 Collin McKinney Pkwy  1503		McKinney
1	CIBER PATHWAY INC	8751 Collin McKinney Pkwy  STE 105		McKinney
1	KK Associates LLC	8751 Collin-McKinney Pkwy.	Unit 1302	McKinney
1	K.P. Cultural Media LLC	876 VAQUERO ST		Allen
1	SSR International LLC	8765 Stockard Blvd	Ste 502	Frisco
1	CAREER QUENCH TECHNOLOGIES LLC	8787 N MACAARTHUR BLVD	SUITE 120A	IRVING
1	Pierian Ventures LLC	8787 N MACARTHUR BLVD.,  120A		Irving
1	Anytek Solutions LLC	8787 Sienna Springs Blvd., Ste 731		Missouri City
1	Summer Soles LLC	8797 County Road 858		McKinney
1	Tejas Tubular Products Inc	8799 North Loop East	Suite 300	Houston
1	PCE Paragon Solutions USA Inc	8801 FALLBROOK DR		HOUSTON
1	Greater Austin Merchants Cooperative Association	8801 Research Blvd	Suite 100	Austin
1	EXTREME VENTURES INC	8801 RESEARCH BLVD.	SUITE 104	AUSTIN
1	Foxconn Assembly LLC	8807 Fallbrook Drive		Houston
1	ENGworks Global LLC	8811 W Eldorado Pkwy	Unit 2200	Frisco
1	Solleys Inc	8812 U.S. Hwy 96 N		Brookeland
1	YG Internacional LLC	8820 Burnet Rd	Ste 405	Austin
1	Hance Veterinary, P.C.	8820 Davis Blvd.		Keller
1	Precision Analyzer Company LP	8824 Fallbrook Dr.		Houston
1	Trinity Edge Solutions LLC	8825 Rodeo Dr	Apt-249	Irving
1	J. Hilburn	883 Trinity Drive		Lewisville
1	Little Hands International Preschool	8830 Cainwood Lane		Austin
1	Suveto Veterinary TX, PLLC	8830 Davis Blvd.		Keller
1	Delphi AI Inc	8830 Stable Lane		Houston
1	Shri Balaji Drugs Inc	8832 Huebner Rd	N/A	San Antonio
1	SUNSHINE PHARMACY LLC	8832 Huebner Road		San Antonio
1	Technology Resource Solutions Inc	8833 Rodeo Drive	364	Irving
1	ARRANT TECHNOLOGIES LLC	8840 CYPRESS WATERS BLVD	STE 160	DALLAS
1	SEDG	8850 HUFFMEISTER RD		HOUSTON
1	Southern Petroleum Laboratories Inc	8850 Interchange Dr.		Houston
1	Schaumburg & Polk Inc	8865 College St.		Beaumont
1	INC Nautical, L.P.	8866 Gulf Freeway	Suite 430	Houston
1	Lee Construction & Maintenance Company	8866 Gulf Fwy	Ste 130	Houston
1	Seismos Inc	8868 Research Blvd.	Suite 401	Austin
1	Socialisssima LLC	8869 Mountain Ridge Circle		Austin
1	SOAL TECHNOLOGIES LLC	8870 Business Park Dr	Ste 200	Austin
1	Kupplin Worldwide LLC	8870 Business Park Dr,	Ste 200	Austin
1	Serampore Industries Pvt. Ltd. Inc	8876 Gulf Freeway	Ste. 500	Houston
1	Stiaos Technologies	8900 Eastloch Dr.	Suite 210	Spring
1	Stiaos Technologies Inc	8900 EASTLOCH DRIVE, SUITE 210		Spring
1	Blackswan Steel	8900 Point Six Circle Bldg. 2		Houston
1	Graftek Imaging Inc	8900 Shoal Creek Blvd	Bldg. 300, Suite B	Austin
1	INTELLIOZ LLC	8901 Brook Hollow Drive		McKinney
1	KARYA PROPERTY MANAGEMENT LLC	8901 GAYLORD DR.	SUITE 100	HOUSTON
1	ANJI TECHNOLOGIES LLC	8901 INDEPENDENCE PKWY		PLANO
1	IOT-eq LLC	8902 FM 2920 Road	Suite 100	Spring
1	IMI Hydronic Engineering Inc	8908 Governors Row		Dallas
1	DYNAMIC ROBOTICS INC	8909 JACKRABBIT ROAD		HOUSTON
1	QUANTADIGIT LLC	8911 N CAPITAL OF TEXAS HWY.	SUITE 4200-103	AUSTIN
1	Simpler Trading LLC	8911 North Capital of Texas Hwy	Ste. 4200 1005	Austin
1	Curana Health of Iowa, PLLC	8911 North Capitol of Texas Highway	Suite 1110	Austin
1	Wing Aviation Charter Services	8912 Paul B Koonce St		Houston
1	Victory Climate Systems	8912 South Freeway	Ste. C	Fort Worth
1	Data Moguls LLC	8918 Tesoro Dr	Suite 200 Office 202	San Antonio
1	Novobi LLC	8920  Business Park Dr.	Suite 250	Austin
1	Noblr Inc	8920 Business Park Drive	Suite 250	Austin
1	Access Dx Laboratory LLC	8920 Kirby Dr.		Houston
1	BROADWAY CONSTRUCTION LLC	8922 FM 359 ROAD		RICHMOND
1	Skyline Aviation Inc	8926 Hangar Rd		San Angelo
1	Leonard D. Young	8940 Fourwinds Drive	Suite 309	WIndcrest
1	PHASOR HEALTH LLC	8944 KIRBY DRIVE		HOUSTON
1	HOWELL INSTRUMENTS INC	8945 SOUTH FREEWAY		FORT WORTH
1	Ohmstede Ltd.	895 North Main Street		Beaumont
1	ERP WIZ INC	8950 Gary Burns Drive	Suite D	Frisco
1	Visam Technologies Inc	8950 Gary Burns Drive Suite B		Frisco
1	TECH ORBIT LLC	8951 Collin McKinney Parkway, Unit   803A		McKinney
1	DELTA GLOBAL SERVICES LLC	8951 COLLIN MCKINNEY PKWY SUITE   402	SUITE 401	MCKINNEY
1	PARAMOUNT JEWELERS LLC	8951 COLLIN MCKINNEY PKWY.	SUITE 702	MCKINNEY
1	Enterprise Business Data LLC	8951 Cypress Water Blvd suite 160		Coppell
1	GalacticIT LLC	8951 Cypress Waters	STE 160	Dallas
1	P4Soft Inc	8951 Cypress Waters Blvd Suite  160		Coppell
1	Innovate TechLabs LLC	8951 Cypress Waters Boulevard	Ste 160	Coppell
1	Infotech Dynamics Inc	8951 Cypresswaters Blvd suite 160		Coppell
1	Carlisle Independent School District	8960 FM 13W		Henderson
1	NORTH EAST INDEPENDENT SCHOOL DISTRICT	8961 TESORO DRIVE		SAN ANTONIO
1	Quanxin Lighting & Electrical USA Inc	899 Henrietta Creek Road		Roanoke
1	VICTOR MOKUOLU CPA PLLC	8990 KIRBY DR STE 220		HOUSTON
1	B3NET Inc	8992 Preston Rd	Ste 110-114	Frisco
1	5th India Bazaar LLC	8998 Preston Rd		Frisco
1	Fencing Supply Group Acquisition LLC	9  Greenway Plaza	Suite 2400	Houston
1	Rowlett Creek Healthcare LLC	9 Medical Drive		Amarillo
1	EDEN & OM LLC	900 ARTHURS LN.	SUITE 103	LEWISVILLE
1	Ams Tec Solutions LLC	900 Balcones DR	STE 100	Austin
1	University of Mary Hardin-Baylor	900 College Street		Belton
1	Curative HR LLC	900 Congress Ave	Ste 500	Austin
1	Brownsville Piano Studio	900 E Alton Gloor Blvd, Suite 8		Brownsville
1	Berry Good Labs LLC	900 E Old Settlers Boulevard	Building 1, Suite 180	Round Rock
1	AYRO INC	900 E. Old Settlers Blvd.	Suite 100	Round Rock
1	Edwards Aquifer Authority	900 E. Quincy St.		San Antonio
1	Hagood Engineering Associates Inc	900 East Main Street		Round Rock
1	OneSource Cloud Corporation	900 North Dorothy Drive		Richardson
1	Medley Swim Systems Inc	900 Ranch Road 620 South	A103	Lakeway
1	Mission Regional Medical Center	900 S Bryan Road		Mission
1	PSW Real Estate LLC	900 S. 1st Street	Suite 110	Austin
1	Mission Doctors Group	900 S. Bryan Road		Mission
1	BIG BRAIN INNOVATION INC	900 SANDY TRAIL		KELLER
1	GTC Vorro Environmental Services LLC	900 Threadneedle St	STE 500	Houston
1	ISIMS LLC	900 Town and Country Lane	Suite 303	Houstson
1	Law Office of Wes Dauphinot P.C.	900 W Abram ST		Arlington
1	Credit Union of Texas	900 W Bethany Dr.	Suite 500	Allen
1	Eastland Independent School District	900 W. Plummer		Eastland
1	Texas Life Insurance Company	900 Washington Avenue		Waco
1	Tree City Healthcare Inc	900 Westpark Way		Euless
1	St. Agnes Academy Inc	9000 Bellaire Blvd		Houston
1	AEL Americas Inc	9000 Clay Road	Suite 122	Houston
1	At Home RMS Inc	9000 Cypress Waters Boulevard		Dallas
1	Perry Homes LLC	9000 Gulf Freeway		Houston
1	SYZYGY PLASMONICS INC	9000 KIRBY DR		HOUSTON
1	West Sea Inc	9000 PARK WEST DR	STE B	HOUSTON
1	NTE Mobility Partners LLC	9001 Airport Freeway	Suite 600	North Richland Hills
1	OneSource Virtual Inc	9001 Cypress Waters Boulevard		Dallas
1	MWM DesignGroup Inc	9001 N IH-35	Ste. 102	Austin
1	Alpha IT Solutions Inc	9001 Nolan Ct		Plano
1	Strangelove Crypto Inc	9001 Villa Norte Dr.		Austin
1	Ragle Inc	9003 Airport Fwy G270		North Richland Hills
1	Marly and Co Design LLC	9003 Eustis		Dallas
1	Rigaku Americas Holding Inc	9009 New Trails Dr.		The Woodlands
1	FTC Architects, PC	901 E 7th Street		Austin
1	MINT DENTISTRY PLLC	901 Main St	SUITE 7100	DALLAS
1	Griesbaum Law Firm PLLC	901 Mopac Expressway South Building 1	Suite 300	Austin
1	Texas Medical Association Healthcare Liability Claim Trust	901 S Mo Pac Expy	BLDG 5, STE 500	Austin
1	Fossil Partners, L.P.	901 S. Central Expressway		Richardson
1	Texas County and District Retirement System	901 S. MoPac	Plaza IV, Ste. 500	Austin
1	McKeown International Inc	901 S. Mopac, Building V, Suite 200		Austin
1	Pruvit Ventures Inc	901 Sam Rayburn Highway		Melissa
1	B&W Energy Services Inc	901 Seaco Avenue		Deer Park
1	Rudy R. Colmenero, P.C.	901 South MoPac Expressway	Bldg.3, Ste. 410	Austin
1	CHILDRESS COUNTY HOSPITAL DISTRICT	901 US HWY 83		CHILDRESS
1	RIM Manufacturing LLC	901 W. Interstate 20		Weatherford
1	Allheart Dental Arlington, PLLC	901 W. Pioneer Pkwy	Ste. 101	Arlington
1	RumbleOn Inc	901 W. Walnut Hill Ln.	Ste. 110A	Irving
1	Lymba Corporation	901 Waterfall Way, Bldg. 5		Richardson
1	SRS TECHNOLOGIES	9010 IMPOSING OAK		SAN ANTONIO
1	metaobjx llc	9014 Memorial trail dr		spring
1	BITSILICA INC	9016 CATTLE CHUTE XING		AUSTIN
1	MA TECHNOLOGIES LLC	9019 JASMINE LN		IRVING
1	GOODIER COSMETICS LLC	9019 PREMIER ROAD		DALLAS
1	Li Rising LLC	902 Avenue T, Suite 100		Grand Prairie
1	SMPL Inc	902 E. 5th St.	Ste. 106	Austin
1	Grundfos Americas Corporation	902 Koomey Rd		Brookshire
1	Grundfos CBS Inc	902 Koomey Road		Brookshire
1	Fast Track Solutions Inc	9020  N. Capital of Texas Highway	Building One, Suite 360	Austin
1	SAS Aircare LLC	9020 Capital of Texas Hwy, N., Building 1	Suite 335	Austin
1	Series X.net Inc	9020 Capitol of Texas Highway	Bldg 1, Suite 315	Austin
1	REVOL GREENS TX LLC	9020 E FM 436		TEMPLE
1	FTC Solar Inc	9020 North Capital of Texas Highway	Suite 1-260	Austin
1	Om Trading Inc	9020 Sterling St		Irving
1	Esprit IT Technologies Inc	903 18th Street	Ste 103	Plano
1	National Food & Beverage INC	9030 Premier Row		Dallas
1	PainCure Medical Supply LLC	9035 Louetta Rd		SPRING
1	Lubbock Regional MHMR Center	904 Avenue O		Lubbock
1	INVICTA FAMILY HEALTHCARE CLINIC PLLC	904 W. MOORE AVENUE	SUITE B	TERRELL
1	Nelsen Inc	905 Congress Avenue		Austin
1	Meeta Morrison Designs LLC	905 Nueces Street		Austin
1	Prosper Path LLC	905 Sundrop Dr.		Little Elm
1	Dan Williams Company	9050 N Capital of Texas Hwy Bldg 3		Austin
1	Casoro Group LLC	9050 N Capital of Texas Hwy.	Bldg. 3, Ste. 320	Austin
1	Modsiw Management of Texas Inc	9050 N. Capital of Texas Highway, Bldg 3-130		Austin
1	VillageMD of Southeast Texas, PA	9055 Katy Freeway	Suite 100	Houston
1	Sterling Shipyard LLC	906 Main St		Port Neches
1	Prairie Dog Pet Products LLC	907 Avenue R		Grand Prairie
1	Crystal Creek Builders LLC	907 S Friendswood Drive	Suite 200	Friendswood
1	Lonsdale Investment Technologies Inc	907 S. Congress Ave		Austin
1	Eight Partners VC LLC	907 S. Congress Avenue		Austin
1	Crystal Creek Developers LLC	907 S. Friendswood Dr.	Suite 220	Friendswood
1	Everest Design Group LLC	907 S. Friendswood Dr., Suite 200		Friendswood
1	Talsania Dental PLLC	908 Audelia Rd Suite  400		Richardson
1	6th Ave Homes LLC	908 Bryan Ave		Fort Worth
1	Ultimate Construction Inc	908 Inge Ln		Leander
1	Realty Capital Residential LLC	909 Lake Carolyn Pkwy	Ste 150	Irving
1	WeDriveU Inc	9090  United Dr.		Austin
1	DJ AV Entertainment	910 Industrial Blvd	Suite B2	Sugar Land
1	DJ AV ENTERTAINMENT INC	910 INDUSTRIAL BLVD.	SUITE B2	SUGAR LAND
1	MERITI INC	910 Lenten Ct		Coppell
1	Belectric US LLC	910 Louisiana St	Ste. 2400	Houston
1	Darcy Partners LLC	910 Lousiana St	Ste 4650	Houston
1	RELIANCE REHAB LLC	910 N HIGHWAY 146	SUITE A	BAYTOWN
1	CCSolTech LLC	910 Quest Pkwy	Apt. 1411	Cedar Park
1	Singh Hotels LLC	910 West I-20		Midland
1	SOUTHERN HEALTHCARE SERVICES LLC	9100 Southwest Freeway	Suite 114	Houston
1	PRIME BUSINESS TECHNOLOGIES INC	9100 SOUTHWEST FWY	SUITE 247	HOUSTON
1	Techstack Systems LLC	9100 US HWY 287	Ste. 251	Fort Worth
1	Karya Consulting LLC	9103 Garnet Dr		Austin
1	Tianyi Montessori Education Inc	9105 Custer Rd		Plano
1	AlfredAI Inc	9106 Bayshore Bend		Austin
1	Zinovia & Co. LLC	911 Medical Centre Drive	Suite A	Arlington
1	DISCOUNT MY FINANCE LLC	9110 CLARKCREST STREET	STE 400	HOUSTON
1	PARAMOUNT GLOBAL SOLUTIONS INC	9111 Cypress Waters Blvd	Suite 130	Dallas
1	UWorld LLC	9111 Cypress Waters Blvd.	STE 300	Dallas
1	MINDFORE INC	9111 KATY FREEWAY	SUITE 218	HOUSTON
1	WL Doggett LLC	9111 North Freeway		Houston
1	Paramount Technologies LLC	9116 Fox Hollow Trl.		Irving
1	Encompass Health Rehabilitation Hospital of San Antonio	9119 Cinnamon Hill Drive		San Antonio
1	Intellegens Inc	9119 Highway 6	Suite 230 171	Missouri City
1	KRISINA GASENKO CONSULTING LLC	912 WILSON RANCH PL		CEDAR PARK
1	Autobyzack Inc	9120 Southwest Freeway		Houston
1	FIVE RIVERS MANUFACTURING	9120 WINDFERN RD		HOUSTON
1	Aleatoric Media Group Inc	9123 Elk Bend Dr.		Spring
1	ATRON GROUP LLC	9125 Viscount Row		Dallas
1	Valiant IT Services Inc	9130 JOLLYVILLE RD, STE 100-7A	N/A	AUSTIN
1	MARINE SUPPLY AND SERVICES INC	9139 Wallisville Road		Houston
1	Hanley Financial Services LLC	914 W Main St		Denison
1	GLOBAL MARINE SAFETY SERVICES INC	9145 WALLISVILLE RD		HOUSTON
1	McCord Engineering Inc	916 Southwest Pkwy East		College Station
1	Shebah Dental at Converse PLLC	9160 FM78 Suite 1B		Converse
1	A-DYNASTY LLC	917 W Rochelle Rd		Irving
1	Hocker Design Group Inc	918 Dragon Street		Dallas
1	MLS Dental Group PLLC	9180 Bellaire Blvd Ste B		Houston
1	Law Office of Manuel E. Solis, P.C.	9188 Bellaire Blvd. Suite E		Houston
1	Saturn V Capital Management LLC	919 Congress Avenue	Ste 830	Austin
1	St. Davids Medical Center	919 E 32nd Street		Austin
1	Kent Engineers & Constructors Inc	919 Milam St	Suite 1000	Houston
1	Q Software Development LLC	919 Milam Street	Suite 1950	Houston
1	Radio Holland USA Inc	9191 Gulf Freeway	Building D, Suite 100	Houston
1	Waibel Ranches Texas LLC	9198 Ranger Creek Road		Boerne
1	Pearlsoft Technologies Inc	920 FM 1092	Suite 200P	Stafford
1	MEMORIAL HERMANN HEALTH SYSTEM	920 Gessner Road	N/A	HOUSTON
1	Wilbarger County Hospital District	920 Hillcrest Dr.		Vernon
1	PROMPT INFOTEC INC	920 MURPHY ROAD	SUITE 214	STAFFORD
1	Type Six Development Services	920 S. Main St Suite 150		Grapevine
1	Norlyn Enterprises Inc	9200 Derrington Road	Suite 100	Houston
1	Regal Plastic Supply Company Inc	9200 N. Royal Lane, STE. 120		Irving
1	Alen Corporation	9200 Waterford Centre Blvd	Suite 600	Austin
1	Kia Realty LLC	9200 Westheimer Road	1811	Houston
1	MOIKE Enterprises LLC	9201 Warren Parkway suite 300		Frisco
1	SCHOOL OF SCIENCE AND TECHNOLOGY - HILL COUNTRY	9202 W Loop 1604 N		SAN ANTONIO
1	EXCEL FINANCIAL SERVICES INC	9205 SKILLMAN STREET	SUITE 112	DALLAS
1	East Freeway Truck Stop Inc	9217 SUMMERBELL LANE		HOUSTON
1	Ridout Barrett & Co., P.C	922 Isom Rd	Ste. 100	San Antonio
1	Sharps Compliance Inc	9220 Kirby Drive	Suite 500	Houston
1	Allpro Consulting Group Inc	9221 Lyndon B. Johnson Fwy.	Suite 204	Dallas
1	Ozark Interests Inc	9225 Katy Freeway	Ste. 320	Houston
1	Texas Health Plan Advisors LLC	9227 Barnsford Ln		Tomball
1	Yonz Technology US Inc	9229 Beeman Way		Houston
1	Sera Systems Inc	923 Minters Chapel Road	Suite 200	Grapevine
1	UIH America Inc	9230 Kirby Drive, Suite 600		Houston
1	Dynamic Software Consultants Inc	924 S Belt Line Rd	STE 150	Coppell
1	SightSpectrum LLC	924 West Main Street		Crowley
1	Medisend College of Biomedical Engineering Technology	9244 Markville Drive		Dallas
1	Far East Marine Service LLC	9252 Park South View		Houston
1	Music Conservatory of Texas LLC	9255 Preston Road		Frisco
1	The Métier Group	928 Turnberry Ln		Southlake
1	Hennessey Special Vehicles LLC	9281 SW I-10 Frontage Rd		Sealy
1	P3Works LLC	9284 Huntington Square		North Richland Hills
1	Houston Implant Dentistry Associates, P.A.	929 Gessner Road	Suite 2050	Houston
1	ETECH International Inc	9293 Buffalo Speedway		Houston
1	DATABLOOM LLC	930 SOUTH BELL BLVD	STE 205	Cedar Park
1	PASANDO RESOURCES INC	9300 HARWIN DR.	SUITE C	HOUSTON
1	Lakhi Information Technologies Inc	9300 John Hickman Parkway,  1002		Frisco
1	Namitus Technologies Inc	9300 John Hickman Pkwy Suite 905		Frisco
1	ADEPT SCRIPTS INC	9300 John Hickman Pkwy.	Suite 804	FRISCO
1	Softex Inc	9300 Jollyville Road	Ste 201	Austin
1	Molecular Templates OpCo Inc	9301 Amberglen Blvd.	Suite 100	Austin
1	Terrace Business LLC	9301 Southwest Fwy Ste 270		Houston
1	XE HOSPITALITY MANAGEMENT LLC	9301 SOUTHWEST FWY.	SUITE 425	HOUSTON
1	HORIZON LEADERSHIP ACADEMY	9301 W BELLFORT AVE		HOUSTON
1	RAIN DROP FOUNDATION INC	9301 WEST BELLFORT AVE		HOUSTON
1	Kabona International Corporation	9302 Meldrum Ln		Houston
1	Layne Christensen Company	9303 New Trails Dr.	Ste. 200	Woodlands
1	Atek Corporation	9304 Forest Ln suite s209		Dallas
1	Ben Erickson Touring LLC	9305 Tea Rose Trail		Austin
1	Wholewood Cabinets LLC	9310 Ronda Ln		Houston
1	SOUTHWEST BUSINESS CORPORATION	9311 SAN PEDRO AVENUE		SAN ANTONIO
1	Golden Bank, N.A.	9315 Bellaire Blvd.		Houston
1	Echelon Services INC	9315 Memorial Manor dr		Spring
1	Real Intent Inc	932 Hamlin Court		Sunnyvale
1	Newpark Resources Inc	9320 Lakeside Blvd.	Suite 100	The Woodlands
1	Harmony Public Schools	9321 W. Sam Houston Parkway S.		Houston
1	Texas Health Physicians Group	9330 Amberton Parkway		Dallas
1	XCATH INC	9330 KIRBY DRIVE	SUITE 900	HOUSTON
1	Qwerty Tech LLC	9330 LBJ Freeway, STE  917		Dallas
1	CRAFTANY IT SOLUTIONS LLC	9330 LYNDON B JOHNSON FWY.	SUITE 900	DALLAS
1	Kenso Inc	9330 Lyndon B. Johnson Freeway	Suite 900	Dallas
1	Artis Solutions LLC	9330 w airport blvd,	ste 170	Houston
1	LND Technical Services LLC	9337 Katy Fwy.	Ste. B - 5104	Houston
1	Polytex Fibers LLC	9341 Baythorne Drive		Houston
1	CONOCOPHILLIPS COMPANY	935 N. ELDRIDGE PKWY		HOUSTON
1	Fortune One Foods	935 W 18th street		Houston
1	Bandera Road Community Church	9355 Bandera Road	Ste 124	San Antonio
1	POLYMER CHEMICAL CORP	9355 John W Elliott Dr	25	Frisco
1	YZ Law Firm LLP	9355 John W. Elliot Dr	Ste 25555	FRISCO
1	Infosoft INC	9355 John W. Elliot Dr.	Ste 25525	Frisco
1	Synapticks Inc	9355 John W. Elliott Dr	Ste 25	Frisco
1	VARENS SOFTTECH LLC	9355 John W. Elliott Dr  25512		Frisco
1	ADVANTIX SOLUTIONS GROUP INC	9355 John W. Elliott Dr.	25	Frisco
1	United Imaging Healthcare North America Inc	9370 Kirby Drive		Houston
1	Nugget Development Inc	9384 Bellaire Blvd		Houston
1	A Plus Dental PLLC	939 E Park Row Dr		Arlington
1	A PLUS DENTAL	939 E PARK ROW DR.		ARLINGTON
1	Berlin Heart Inc	9391 Grogans Mill Road	Suite A6	The Woodlands
1	Viscount Endodontic Group, PLLC	9398 Viscount Blvd.	Suite 4B	El Paso
1	SK Global Software LLC	940 Gemini Street	Suite 200	Houston
1	Amani Global LLC	940 W Round Grove Rd	638	Lewisville
1	Wilhelmsen Ships Service Inc	9400 New Century Dr		Pasadena
1	Dallas Independent School District	9400 North Central Expressway	Suite 1400	Dallas
1	BC&L INC	9401 Amberglen Blvd	Suite 100	Austin
1	The Harris Center for Mental Health and IDD	9401 Southwest Freeway		Houston
1	Growth Wireless LLC	9404 W Sam Houston Pkwy S Ste D		Houston
1	HARMONY SCIENCE ACADEMY-EL PASO	9405 BETEL DR.		EL PASO
1	Emarat Corporation	9409 Spring Hollow Dr.		Austin
1	Armstrong, Vaughan, & Associates, P.C.	941 W. Byrd Boulevard	Suite 101	Universal City
1	Shubh Solutions LLC	9415 Burnet Rd	Ste 107	Austin
1	Controlling Factor LP	9419 E. US Hwy 175		Kemp
1	Dynamic Glass LLC	9419 Windfern		Houston
1	Topic Gurus LLC	942 Lexington Dr		Rockwall
1	HARMONY SCHOOL OF INNOVATION-HOUSTON	9421 W SAM HOUSTON PKWY S		HOUSTON
1	Ocean Global Construction LLC	9423 Mount Logan		Missouri City
1	Active Athlete Inc	9428 Cullen Blvd	Suite A	Houston
1	HARMONY SCIENCE ACADEMY-HOUSTON	9431 W SAM HOUSTON PKWY S		HOUSTON
1	Pipeline East Dallas LLC	9440 Poppy Drive		Dallas
1	VIVERE SYSTEMS LLC	9440 Stratton Dr  17107		Frisco
1	Thales Transport & Security Inc	9442 Capital of Texas Highway	Suite 400, Plaza II	Austin
1	SAFE CODE SOFT TECHNOLOGIES INC	9442 N CAPITAL OF TEXAS HWY	SUITE 500	AUSTIN
1	Thales DIS USA Inc	9442 North Capital of Texas Highway	Suite 400, Plaza II	Austin
1	Thales USA Inc, Guavus	9442 North Capital of Texas Highway, Arboretum Plaza II	Suite 400	Austin
1	MRP  LLC	9442 North Capital of Texas Highway, Plaza 1	Suite 500	Austin
1	MetroNational Corporation	945 Bunkerhill Rd	Suite 150	Houston
1	Platform Software LLC	945 McKinney St.	Suite 11711	Houston
1	Excellent Pro Group Inc	945 Stockton Dr	Unit 1130	Allen
1	ADVANCED ROBOTICS GROUP LLC	9488 KIRBY DRIVE		HOUSTON
1	K-Tek Resourcing LLC	9494 Southwest Freeway	Suite 350	Houston
1	Asset Living USA LLC	950 Corbindale, Suite 300		Houston
1	Koder Labs LLC	950 E. STATE HWY 114	Suite 160	Soutlake
1	GB-SLI International LLC	950 W Bethany Dr	Suite 520	Allen
1	MD7 LLC	950 W. Bethany Drive	Suite 700	Allen
1	Sealink International Inc	950 West Bethany Drive	Suite 520	Allen
1	Cognitive Scale Inc	9500 Arboretum Blvd	Floor L-1	Austin
1	The A21 USA Inc	9500 Feather Grass Lane	Ste 120 310	Fort Worth
1	Kian Corp	9500 Great Hills Trl	150 W	Austin
1	OLATECH SOLUTIONS LLC	9500 RAY WHITE BLVD	SUITE 200	FORT WORTH
1	Pho Thaison 2 LLC	9500 S I35 Service Road	Building L, Suite 850	Austin
1	SitePro Inc	9502 Hwy. 87		Lubbock
1	S.A.C. Store Fixtures Inc	9507 Harwin Dr.	Suite 158	Houston
1	KUBELOGIC SOFTWARE SOLUTIONS LLC	9508 CHRIST CHURCH LANE		FRISCO
1	HIGHVIZ IT SOLUTIONS INC	9509 VISTA CIR		IRVING
1	GOVIND DEVELOPMENT LLC	9510 LEOPARD ST		CORPUS CHRISTI
1	SAM SHUM & ASSOCIATE SAMS INSURANCE AGENCY LLC	9515 BELLAIRE BOULEVARD	SUITE A	HOUSTON
1	GBOH Inc	9515 Santa Clara Dr		Fort Worth
1	AndorTech Inc	9520 Bromsgrove Dr		Austix
1	AC2 INC	9529 HUFFMEISTER ROAD		HOUSTON
1	Formmaker Software Inc	955 Freeport Parkway	Suite 200	Coppell
1	Protominds Inc	955 W John Carpenter Fwy	Suite 100	Irving
1	Elit It Inc	955 West John Carpenter Freeway	Suite 100	Irving
1	Film and Music LLC	9555 Harmon Road		Fort Worth
1	K-Source Inc	9555 Lebanon Road	Suite 103	Frisco
1	Amazech Solutions LLC	9555 Lebanon Road, Suite 202		Frisco
1	7211 NM LLC	9555 W Sam Houston Pkwy S	STE 200	HOUSTON
1	AMSYS International Inc	9555 W Samhouston Pkwy South	Suite 420	Houston
1	Morris Care Pharmacy LLC	9557 Atlantic Ln		Frisco
1	Kaspar Companies Inc	959 State Highway 95 N		Shiner
1	Texas Precious Metals LLC	959 State HWY 95N	Building 1	Shiner
1	Black Diamond Oilfield Rentals LLC	9595 Six Pines Dr.	8210	The Woodlands
1	Phan CPA LLC	9600 Bellaire Blvd	Suite 207	Houston
1	Nehmedia Inc	9600 Great Hills Trail,	Suite 150W,	Austin
1	Vic K-international Corp	9600 Long Point Dr	Ste.325	Houston
1	Retina Foundation of the Southwest	9600 North Central Expressway	Suite 200	Dallas
1	Meadows Dental Care LLC	9600 S I-35 Frontage Rd	Bldg S 275	Austin
1	Continuum Applied Technology Inc	9601 Amberglen Boulevard		Austin
1	skmstech LLC	9601 brianspath		Austin
1	IT Globe Inc	9602 Red Rugossa Drive		Houston
1	CWS Apartment Homes LLC	9606 N. Mopac Expy	Suite 500	Austin
1	Digital iTechnology LLC	9608 Lavon Bend		Austin
1	Seeding Inc	9613 Streamside Dr		Austin
1	RSP Veterinary Services PLLC	9630 Westeimer Rd	Ste 400	Houston
1	EFI Panel Systems LLC	9631 Highway 36 West		Orchard
1	PEOPLELIVE LLC	9634 BRACKENFIELD LANE		FRISCO
1	Cameron County	964 E Harrison St		Brownsville
1	REAGENS USA INC	9640 BAYPORT BLVD		PASADENA
1	OPAL STONES INDUSTRIES INC	9649 NORTH FREEWAY	N/A	HOUSTON
1	Solaris Water Midstream Services LLC	9651 Katy Freeway	Suite 400	Houston
1	PowerTransitions Management Services Inc	9651 Katy Fwy	Suite 600	Houston
1	LM INFOTECH & INFORMATION TECHNOLOGY SERVICES LLC	9651 Vita Dolce Dr		Frisco
1	Tower Semiconductor San Antonio Inc	9651 Westover Hills Blvd.		San Antonio
1	Superior Optimization, Ltd.	9657 Camp Bowie Blvd West		Fort Worth
1	Solavanti Trading LLC	9659 Wendell Road		Dallas
1	Hudson Products Corporation	9660 Grunwald Road		Beasley
1	Kairas Tech LLC	967 E Bethel School Rd		Coppell
1	FFH Inc	9690 Almeda Genoa Road	Suite 301	Houston
1	FSM TX LLC	9690 W. Wingfoot Road		Houston
1	StarPak LLC	9690 West Wingfoot Road		Houston
1	Vidor Dental PLLC	970 N Main St	Suite B	Vidor
1	Seidlitz Education LLC	9706 Plymouth Rd	Suite 523	San Antonio
1	FJS COMMUNICATION LLC	9722 Gaston Rd	Suite 120	Katy
1	V2DP LLC	9722 US Hwy 90A, Suite 108		Sugar Land
1	MOON SHEPHERD BAKER INSURANCE AGENCY INC	973 WAKEFIELD DRIVE		HOUSTON
1	RED RIVER EQUITY PARTNERS LLC	9755 Lake Trails		Celina
1	Stevens Transport Inc	9757 Military Parkway		Dallas
1	NEWAY VALVE INTERNATIONAL INC	9757 STAFFORD  CENTRE DR.		STAFFORD
1	Neway Flow Control Inc	9757 Stafford Centre Drive		Stafford
1	Avance Biosciences Inc	9770 West Little York		Houston
1	Machine Saver Inc	9788 Clarewood Dr STE 302		Houston
1	BIPOM ELECTRONICS INC	9788 Clarewood Dr.	Ste. 306	Houston
1	Ooni Inc	979 Springdale Road	Ste 110	Austin
1	Precision Global Consulting Inc	98 San Jacinto Boulevard, Suite 400		Austin
1	GetSpares LLC	980 South Loop B	Suite B	Buda
1	CITTABASE SOLUTIONS INC	9800 Centre Parkway	Suite 605	Houston
1	OpenTeQ Technologies LLC	9800 HILLWOOD PKWY	STE 140	FORT WORTH
1	VT San Antonio Aerospace Inc	9800 John Saunders Road		San Antonio
1	LIGHT & SALT ASSOCIATION INC	9800 TOWN PARK DR.	SUITE 255	HOUSTON
1	Majority USA LLC	9801 Bissonnet Street	Suite V	Houston
1	TEKFLAIRE INC	9801 N MACARTHUR BLVD.	SUITE 109	IRVING
1	Janikin Rooke Contracts Inc	9801 Westheimer Rd	Suite 300	Houston
1	World Cinema Inc	9801 Westheimer Road, 4th Floor		Houston
1	NUERALINKS LLC	9801N MACARTHUR BLVD.	SUITE 109	IRVING
1	Murphy Oil Corporation	9805 Katy Freeway,	G-200	Houston
1	SIT Education International LLC	9806 Tree Bend Dr, Austin TX 78750-3877		AUSTIN
1	J-Tech Digital Inc	9807 Emily Lane		Stafford
1	Archrock Services, L.P.	9807 Katy Freeway	Ste. 100	Houston
1	Archrock Services L.P.	9807 Katy Freeway, Ste. 100		Houston
1	Live Oak Drywall & Acoustical Systems Inc	9812 Circle Drive		Austin
1	Liberate Life Sciences Technologies LLC	9812 Morgan Creek Drive		Austin
1	Telco Intercontinental Corporation	9812 Whithorn Drive		Houston
1	Sweet Rosemoon LLC	982 N Garden Ridge Blvd	Ste 160	Lewisville
1	Shere Dentistry PLLC	9824 Fondren Road		Houston
1	Freemyer Industrial Pressure, LP.	9825 Old Decatur Road		Fort Worth
1	AQUA HAZE LLC	9840 Monroe Drive	STE 110	Dallas
1	Saber Power Services LLC	9841 Saber Power Lane		Rosharon
1	DATANEXUM CONSULTING LLC	9850 CLANTON PINES DR		Humble
1	The Galveston County Health District	9850 Emmett Lowry Expy	Suite A-108	Texas City
1	BORDEN HAMMAN INSURANCE MARKETING LLC	9868 PLANO ROAD		DALLAS
1	TEXAS PRECISION OPTICS INC	9880 MONROE DR		DALLAS
1	Universal Med-Health Services Inc	9889 Bellaire Blvd	STE E219A	Houston
1	TX Fantuan Ltd	9889 Bellaire Blvd C324		Houston
1	Vivace Academy LLC	9889 Bellaire Blvd.,  D261		Houston
1	M Dance Square LLC	9889 Bellaire Boulevard	Building D-251	Houston
1	AAN GARRETT-COLEMAN & ASSOCIATES INC	9890 SILVER MOUNTAIN DRIVE		AUSTIN
1	IONIC TECHNOLOGIES LLC	9894 BISSONET ST	STE 787	HOUSTON
1	UPWARD SYSTEMS INC	9894 Bissonnet St.	Ste 902	HOUSTON
1	Spurcroft Inc	9896 Bissonnet Street	Suite 310	Houston
1	VGR Technology Partners Inc	9898 Bissonnet St	Suite 535	Houston
1	Manda Projects Private Limited	99 Trophy Club Dr	Suite 452	Trophy Club
1	Mello Manufacturing LLC	990 Haltom Rd		Ft. Worth
1	North Austin Periodontics PA	990 Hesters Crossing		Round Rock
1	LINTEC OF AMERICA INC	990 N. BOWSER ROAD SUITE 840		RICHARDSON
1	Marathon Oil Company	990 Town & Country Boulevard		Houston
1	Ahwatukee Mega Furniture LLC	9900 S Interstate 35 Frontage Rd Building  D		Austin
1	Koya Consulting Inc	9900 Westpark Dr	Suite 332	Houston
1	Dental Smiles Management PLLC	9900 Westpark Dr.	Ste. 365	Houston
1	Quad IT Inc	9901 E. Valley Ranch Parkway, Suite 2047		Irving
1	TEKENERGY LLC	9901 E. VALLEY RANCH PKWY.	SUITE 3045	IRVING
1	DATA SOFT INC	9901 East Valley Ranch Pkwy.	Suite 2041	Irving
1	SimpleCube LLC	9901 Interstate Highway 10 West,	STE 800	San Antonio
1	Praitech Inc	9901 Pumpkin Ridge CT		Austin
1	Viswanath Palepu CPA PC	9901 Valley Ranch Parkway E., Suite 1030		Irving
1	Grove Technical Resources Inc	9901 Valley Ranch Parkway East	Suite 3001	Irving
1	P3 TECHNOLOGIES INC	9901 VALLEY RANCH PARKWAY EAST, SUITE 2026		IRVING
1	Octek Consulting Inc	9901 Valley Ranch Pkwy E Ste 2030		Irving
1	Managni Systems Inc dba SecureLake Inc	9901 Valley Ranch Pkwy E.	Ste. 3001	Irving
1	Canary Bend Healthcare LLC	9903 Hunters Pond		San Antonio
1	EBR Consulting Inc	9919 Carriage Hill Lane		Frisco
1	HTH Communications LLC	9920 Brooklet Drive		Houston
1	K. M. Air Conditioning Inc	9920 Westpark Dr., Suite A		Houston
1	READ Cased Hole Inc	9940 W. Sam Houston Parkway S.	Suite 330	Houston
1	Premier Contractor Solutions Inc	9948 Crystal Valley Way		Dallas
1	Omar Welfare Association	9950  Westpark Dr.	Suite 210	Houston
1	JH Fasteners Inc	9950 Cypresswood Dr	STE 215	Houston
1	All Seasons Dentistry PLLC	9950 E. Palm Valley Blvd	Suite B102	Round Rock
1	Alabbassi, Dalya attorney at law	9950 Westpark sr stw 102		Houston
1	SK Electric Inc	9966 Monroe Dr.		Dallas
1	RESCUEMD, PLLC	997 Raintree Cir	Suite 130	Allen
1	MITCHELL COUNTY HOSPITAL DISTRICT	997 W I-20		COLORADO
1	John Lee Insurance Agency LLC	999 E. Arapaho Rd  340		Richardson
1	Leader Mutual Freight System, Dallas Inc	999 E. Arapaho Road	Ste 380	Richardson
1	NGX Consulting Inc	9999 BELLAIRE BLVD	STE 503	HOUSTON
1	CPW Financial Service Inc	9999 Bellaire Blvd. Ste 8B		Houston
1	CLOTHING TECH LLC	A-206 Wild Basin Road	Building A, Suite 240	Austin
1	Claim Assist Solutions LLC	Arion Parkway	Suite 301	San Antonio
1	SEVENTYNINE SOLUTIONS INC	BINZ BUILDING, 1001 TEXAS AVENUE	SUITE 405 A	HOUSTON
1	Kloutix Solutions LLC	Building 3, 400 East Royal Lane Dallas	Suite 290	Irving
1	Breedr Inc	Capital Factory	701 Brazos St	Austin
1	City of San Antonio	City Hall	100 Military Plaza	San Antonio
1	MSK Technologies Inc	D311 1300 E River Side Dr		Austin
1	Erba Solutions	Dallas .TX		Dallas
1	Vorizo Info Tech Inc	Discovery Business Park, 715 Discovery Blvd	Suite 211	Cedar Park
1	Bhoot LLC	E 6th Street	Door 612	Austin
1	Sul Ross State University	East Highway 90		ALPINE
1	The National Medal of Honor Museum Foundation	East Randol Mill Road	301	Arlington
1	Forest Drug Store LLC	Forest Drug Store, LLC	9550 Forest Lane Ste 606	Dallas
1	Atlantic Aviation Corporation	Granite Pkwy	1700	Plano
1	Turnitin LLC	Greenhill Towers 14131 Midway Road	Suite 540	Addison
1	JCyaram Dental P.C.	Highland Oak Dental 5444 FM 423	Suite 600	Frisco
1	Veterinary Referrals of Hickory, P.C.	Innovetive Petcare	10800 Pecan Park Blvd Suite 320	Austin
1	The University of Texas at Austin	International Student & Scholar Services (Texas Global)	2400 Nueces Street, Suite B	Austin
1	Storr Capital LLC	Level 29	607 W 3rd Street	Austin
1	iToyExpress LLC	Market Research Analysts	2101 Midway Rd, STE 100	Carrollton
1	HARVIN TECHNOLOGIES LLC	Mayfield Office Park, 3835 County Road 175	Suite 320 B	Round Rock
1	The University of Texas Health Science Center at Houston	Office of International Affairs	7000 Fannin Street, Suite 130	Houston
1	Quest Medical Inc	One Allentown Parkway		Allen
1	BAYLOR COLLEGE OF MEDICINE	ONE BAYLOR PLAZA		HOUSTON
1	BAYLOR UNIVERSITY	ONE BEAR PLACE  97034		WACO
1	St. Marys University	One Camino Santa Maria		San Antonio
1	HCH Holdco Inc, & Subs Successor to Healthcare Highways Inc	ONE Cowboys Way	Suite 290	Frisco
1	Fluor Enterprises Inc	One Fluor Daniel Drive		Sugar Land
1	AECOM Technical Services Inc	ONE GALLERIA TOWER, 13355 NOEL ROAD		Dallas
1	Buckeye Pipe Line Services Company	One Greenway Plaza	Suite 600	Houston
1	Prime Healthcare Services – Pampa LLC	One Medical Plaza		Pampa
1	THE ADAM CORPORATION/GROUP	ONE MOMENTUM BLVD	SUITE 1000	COLLEGE STATION
1	S-TEC CORPORATION	ONE S-TEC WAY		MINERAL WELLS
1	St. Marks Medical Center	One St. Marks Place		La Grange
1	East Texas Baptist University	One Tiger Drive		Marshall
1	Texas A&M University-San Antonio	One University Way		San Antonio
1	CENTRAL TEXAS MENTAL HEALTH MENTAL RETARDATION	P O BOX 250	408 MULBERRY	BROWNWOOD
1	CEMCO TRADING LLC	P.O. 561		MAGNOLIA
1	APWX LLC	P.O. Box 170953		Austin
1	Terlingua Common School District	P.O. Box 256		Terlingua
1	Colexas Digital Inc	P.O. BOX 2573		Cypress
1	ZOSH TECH LLC	P.O. BOX 271570		Flower Mound
1	Axis Contracting Inc	P.O. Box 360715		Dallas
1	Whittle Development Inc	P.O. Box 369		Rockwall
1	MT. ENTERPRISE COMMUNITY HEALTH CLINIC	P.O. BOX 489		MT. ENTERPRISE
1	POWERSCREEN TEXAS INC	P.O. BOX 658 5680 WEST STATE HIGHWAY 71		La Grange
1	BGSF Professional LLC	P.O. Box 660282		Dallas
1	Formosa Plastics Corporation, Texas	P.O. Box 700  201 Formosa Drive		Point Comfort
1	Chemicals Incorporated Bay City Site	P.O. Box 8010		BAYTOWN
1	Helen Farabee Centers	P.O. Box 8266		Wichita Falls
1	LONGVIEW INDEPENDENT SCHOOL DISTRICT	P.O.BOX 3268/1301 EAST YOUNG STREET		LONGVIEW
1	Campbell Oil Co Inc	P.O.BOX 472		Newton
1	Pharos Capital Group LLC	Parkland Hall, Suite 400	3889 Maple Avenue	Dallas
1	Litum Technologies Inc	PMB 3441, 11200 Broadway Street	Suite 2743	Pearland
1	Aggie Swim Club	PO Box 10596		College Station
1	DQNAPay PLLC	PO Box 128		San Juan
1	Chariot Innovations Inc	PO Box 1367		Waco
1	Presidio Independent School District	PO Box 1401		Presidio
1	Dip In Inc	PO BOX 2489		Forney
1	Spindletop Investments LLC	PO Box 270874		Flower Mound
1	Sunshine Stores Inc	PO Box 472		Newton
1	Four Seasons Hotels Corporate Services Inc	PO Box 472672		Garland
1	JD & Son Trucking Enterprises LLC	PO Box 703517		Dallas
1	NISHA INTERNATIONAL INC	PO BOX 8357		LUMBERTON
1	North Texas Annual Conference of the United Methodist Church	PO Box 866188		Plano
1	Pecos-Barstow-Toyah Independent School District	PO Box 869		Pecos
1	Sona Stores Inc	PO Box 877		Newton
1	Shahenaz Exports LLC	PO Box 95		Newton
1	Ideas2It Technologies LLC	Regus, 3333 Lee Parkway	Suite 600	Dallas
1	FERUS NATURAL GAS FUELS LIMITED PARTNERSHIP	Research Forest Lakeside No 4.	2445 Technology Forest Blvd. S-500	The Woodlands
1	People Tech	Royal Lane		TX
1	RIG Enterprise	Royal Lane 4		Irving
1	PeritusHub LLC	Saumya Lahera	Suite R-275	Bee Cave
1	Stephen F. Austin State Univeristy	SFA Station		Nacogdoches
1	Ardey Global Inc LLC	Skye Springs Lane	25522	Katy
1	Blue Sky	St Peter Church Road		Dallas
1	ZL Chemicals Ltd	Suite 1050, 5599 San Felipe Street		Houston
1	Gabba US LLC	Suite 2, 14221 Dallas Parkway		Dallas
1	J & M IT GROUP INC	Suite 348, Metroport building	2300 Valley View Ln	Irving
1	Specialty Biopeptides LLC	Telge Business Park 17641 Telge Road	Building 5	Cypress
1	Texas A&M University - Corpus Christi	Texas A&M University Corpus Christi	6300 Ocean Drive NRC 5730	Corpus Christi
1	TEXAS A&M UNIVERSITY CORPUS CHRISTI	Texas A&M University-Corpus  Christi	6300 Ocean Drive	Corpus Christi
1	Coterra Energy Inc	Three Memorial City Plaza 840 Gessner Road		Houston
1	TIA INFOTEK INC	TIA INFOTEK INC	6136 FRISCO SQUARE BLVD SUITE 400	Frisco
1	Aramco Services Company	Two Allen Center, 1200 Smith Street		Houston
1	Pegasus Vertex LLC	Two BriarLake, 2050 W Sam Houston Pkwy S.	Ste 1750	Houston
1	LINQX LLC	Two BriarLake, 2050 W. Sam Houston S Parkway	Suite 1750	Houston
1	Hallmark Financial Services Inc	Two Lincoln Centre	5420 Lyndon B. Johnson Freeway, Suite 1100	Dallas
1	Tri-State Doctors of Optometry, PLLC	Visionworks C/O Milton Evans	175 E. Houston St	San Antonio
1	ZACHRY CONSTRUCTION CORPORATION	Walker Ranch Business Center, Building 2	14410 Wurzbach Parkway, Suite 120	SAN ANTONIO
1	Kent Engineers and Constructors Inc	Westgate I, 17220 Katy Freeway	Suite 300	Houston
1	Einride US Inc	WeWork c/o Einride	900 Congress Avenue, 14th Floor	Austin
