case_number|job_title|employer_name|secondary_entity_business_name|employer_phone|employer_poc_first_name|employer_poc_last_name|employer_poc_email|employer_poc_phone|employer_poc_phone_ext|worksite_address1|worksite_address2|worksite_city|worksite_county|lawfirm_name_business_name|employer_address1|employer_address2|employer_city|employer_state|employer_postal_code|begin_date|end_date|total_worker_positions|new_employment|continued_employment|change_previous_employment|new_concurrent_employment|change_employer|amended_petition|employer_name|soc_code|h_1b_dependent
I-200-25247-285949|Chief Perfusionist|University of Vermont Health Network - University of Vermont Medical Center||18028470000|Meghan|Fay-McCaffrey|uvmhnmedicalgroup-professionalservices@uvmhealth.org|18028477213||111 Colchester Ave||Burlington||Fragomen Del Rey Bernsen & Loewy LLP|111 Colchester Ave||Burlington|VT|05401|2026-03-06|2029-03-05|1|0|1|0|0|0|0|University of Vermont Health Network - University of Vermont Medical Center|29-9099.00|No
I-200-25238-267036|Medical Lab Scientist|Company Name University of Vermont Health Network Porter Medical Center||18023884701|Tara|Farrell|tfarrell@uvmhealth.org|18023885621||115 Porter Drive||Middlebury||Fragomen Del Rey Bernsen & Loewy LLP|115 Porter Drive||Middlebury|VT|05753|2026-02-06|2029-02-05|1|0|1|0|0|0|0|Company Name University of Vermont Health Network Porter Medical Center|29-2011.00|No
I-200-25262-321733|Hospice Social Worker III|University of Vermont Health Network - Home Health & Hospice Inc||18026581900|Christine|Werneke|Christine.Werneke@uvmhomehealth.org|18028604431||1110 Prim Road||Colchester||Fragomen Del Rey Bernsen & Loewy LLP|1110 Prim Road||Colchester|VT|05446|2026-01-12|2029-01-11|1|1|0|0|0|0|0|University of Vermont Health Network - Home Health & Hospice Inc|21-1022.00|No
I-200-25188-155352|Lecturer|The University of Vermont||18026564296|Emma|Huse|ischolar@uvm.edu|18026564296||82 University Place|Dept of Mathematics and Statistics|Burlington|||633 Main Street|Office of Intl Education - L&L B101|Burlington|VT|05405|2026-01-06|2029-01-05|1|1|0|0|0|0|0|The University of Vermont|25-1022.00|No
I-200-25212-212591|Principal Member of Technical Staff|athenahealth Inc||16174028285|Christopher|Martin|chmartin@athenahealth.com|18009815084||27 Green Mountain Drive|107|South Burlington||Jackson Lewis PC|80 Guest Street||Boston|MA|02135|2026-01-06|2029-01-05|1|0|1|0|0|0|0|athenahealth Inc|15-1252.00|No
I-200-25247-286173|Assistant Professor of Cybersecurity|Champlain College Inc||18028602721|Gwen|Goodman|ggoodman@champlain.edu|18028655769||163 South Willard Street||Burlington||Dinse PC|163 South Willard Street||Burlington|VT|05401|2026-01-01|2028-12-31|1|0|1|0|0|0|0|Champlain College Inc|25-1021.00|No
I-200-25217-221631|Assistant Professor|The University of Vermont and State Agricultural College||18026564296|Emma|Huse|ischolar@uvm.edu|18026564296||208 Colchester Avenue|202E Mann Hall|Burlington|||633 Main Street|Office of Intl Education - L&L B101|Burlington|VT|05405|2025-12-15|2028-12-14|1|0|1|0|0|0|0|The University of Vermont and State Agricultural College|25-1069.00|No
I-200-25164-089766|Physical Therapist|Grandison Management Inc|Barre Gardens for Nursing and Rehabilitation|17183366600|Yoel|Trenk|yt@grandisonusa.com|17183366600|4453|378 Prospect Street||Barre|WASHINGTON||4547 US Highway 9 North|Suite Q|Howell|NJ|07731|2025-12-13|2028-12-12|40|10|10|10|0|0|10|Grandison Management Inc|29-1123|No
I-200-25168-100380|OCCUPATIONAL THERAPIST|Grandison Management Inc|Barre Gardens for Nursing and Rehabilitation|17183366600|Yoel|Trenk|yt@grandisonusa.com|17183366600|4453|378 Prospect Street||Barre|WASHINGTON||4547 US Highway 9 North|Suite Q|Howell|NJ|07731|2025-12-13|2028-12-12|40|10|10|10|0|0|10|Grandison Management Inc|29-1122|No
I-200-25167-096843|Physical Therapist|Grandison Management Inc|CareerStaff|17183366600|Yoel|Trenk|yt@grandisonusa.com|17183366600|4453|2 Blackberry Lane||Bennington|BENNINGTON||4547 US Highway 9 North|Suite Q|Howell|NJ|07731|2025-12-13|2028-12-12|40|10|10|10|0|0|10|Grandison Management Inc|29-1123|No
I-200-25169-106603|Occupational Therapist|Grandison Management Inc|CareerStaff|17183366600|Yoel|Trenk|yt@grandisonusa.com|17183366600|4453|2 Blackberry Lane||Bennington|BENNINGTON||4547 US Highway 9 North|Suite Q|Howell|NJ|07731|2025-12-13|2028-12-12|40|10|10|10|0|0|10|Grandison Management Inc|29-1122|No
I-200-25169-106605|Occupational Therapist|Grandison Management Inc|CareerStaff|17183366600|Yoel|Trenk|yt@grandisonusa.com|17183366600|4453|105 Chester Road||Springfield|WINDSOR||4547 US Highway 9 North|Suite Q|Howell|NJ|07731|2025-12-13|2028-12-12|40|10|10|10|0|0|10|Grandison Management Inc|29-1122|No
I-200-25167-096706|Physical Therapist|Grandison Management Inc|CareerStaff|17183366600|Yoel|Trenk|yt@grandisonusa.com|17183366600|4453|49 Cedar Hill Drive||Windsor|WINDSOR||4547 US Highway 9 North|Suite Q|Howell|NJ|07731|2025-12-13|2028-12-12|40|10|10|10|0|0|10|Grandison Management Inc|29-1123|No
I-200-25167-096847|Physical Therapist|Grandison Management Inc|CareerStaff|17183366600|Yoel|Trenk|yt@grandisonusa.com|17183366600|4453|105 Chester Road||Springfield|WINDSOR||4547 US Highway 9 North|Suite Q|Howell|NJ|07731|2025-12-13|2028-12-12|40|10|10|10|0|0|10|Grandison Management Inc|29-1123|No
I-200-25168-102401|Occupational Therapist|Grandison Management Inc|CareerStaff|17183366600|Yoel|Trenk|yt@grandisonusa.com|17183366600|4453|49 Cedar Hill Drive||Windsor|WINDSOR||4547 US Highway 9 North|Suite Q|Howell|NJ|07731|2025-12-13|2028-12-12|40|10|10|10|0|0|10|Grandison Management Inc|29-1122|No
I-200-25169-106588|Occupational Therapist|Grandison Management Inc|Priority Healthcare|17183366600|Yoel|Trenk|yt@grandisonusa.com|17183366600|4453|300 Pearl Street||Burlington|CHITTENDEN||4547 US Highway 9 North|Suite Q|Howell|NJ|07731|2025-12-13|2028-12-12|40|10|10|10|0|0|10|Grandison Management Inc|29-1122|No
I-200-25167-096833|Physical Therapist|Grandison Management Inc|Priority Healthcare|17183366600|Yoel|Trenk|yt@grandisonusa.com|17183366600|4453|300 Pearl Street||Burlington|CHITTENDEN||4547 US Highway 9 North|Suite Q|Howell|NJ|07731|2025-12-13|2028-12-12|40|10|10|10|0|0|10|Grandison Management Inc|29-1123|No
I-200-25168-100402|OCCUPATIONAL THERAPIST|Grandison Management Inc|Priority Healthcare|17183366600|Yoel|Trenk|yt@grandisonusa.com|17183366600|4453|1248 Hospital Dr||St Johnsbury|ST JOHNSBURY||4547 US Highway 9 North|Suite Q|Howell|NJ|07731|2025-12-13|2028-12-12|40|10|10|10|0|0|10|Grandison Management Inc|29-1122|No
I-200-25164-089780|Physical Therapist|Grandison Management Inc|Priority Healthcare|17183366600|Yoel|Trenk|yt@grandisonusa.com|17183366600|4453|1248 Hospital Dr||St Johnsbury|ST JOHNSBURY||4547 US Highway 9 North|Suite Q|Howell|NJ|07731|2025-12-13|2028-12-12|40|10|10|10|0|0|10|Grandison Management Inc|29-1123|No
I-200-25168-100383|OCCUPATIONAL THERAPIST|Grandison Management Inc|Priority Healthcare|17183366600|Yoel|Trenk|yt@grandisonusa.com|17183366600|4453|98 Hospitality Drive||Barre|WASHINGTON||4547 US Highway 9 North|Suite Q|Howell|NJ|07731|2025-12-13|2028-12-12|40|10|10|10|0|0|10|Grandison Management Inc|29-1122|No
I-200-25164-089773|Physical Therapist|Grandison Management Inc|Priority Healthcare|17183366600|Yoel|Trenk|yt@grandisonusa.com|17183366600|4453|98 Hospitality Drive||Barre|WASHINGTON||4547 US Highway 9 North|Suite Q|Howell|NJ|07731|2025-12-13|2028-12-12|40|10|10|10|0|0|10|Grandison Management Inc|29-1123|No
I-200-25252-295974|Staff Nurse II|University of Vermont Health Network - University of Vermont Medical Center||18028470000|Logan|Bara|logan.bara@uvmhealth.org|18023919672||111 Colchester Ave||Burlington||Fragomen Del Rey Bernsen & Loewy LLP|111 Colchester Ave||Burlington|VT|05401|2025-12-08|2028-12-07|1|1|0|0|0|0|0|University of Vermont Health Network - University of Vermont Medical Center|29-1141.00|No
I-201-25231-252170|Food Service Manager|Sugarbush Mountain Resort Inc||18025836380|Annemarie|Todd|atodd@sugarbush.com|18025836381||1840 Sugarbush Access Road||Warren||William Velie Attorney at Law PLLC|1840 Sugarbush Access Road||Warren|VT|05674|2025-11-19|2028-11-18|1|0|1|0|0|0|0|Sugarbush Mountain Resort Inc|11-9051.00|N/A
I-200-25169-106381|Staff Nurse II|University of Vermont Health Network - University of Vermont Medical Center||18028470000|Gregory|Cary|Gregory.Cary@uvmhealth.org|18023919672||111 Colchester Ave||Burlington|CHITTENDEN|Fragomen Del Rey Bernsen & Loewy LLP|111 Colchester Ave||Burlington|VT|05401|2025-11-12|2028-11-11|1|0|1|0|0|0|0|University of Vermont Health Network - University of Vermont Medical Center|29-1141|No
I-200-25261-318814|Research Associate|The University of Vermont and State Agricultural College||18026564296|Emma|Huse|ischolar@uvm.edu|18026564296||33 Colchester Avenue|Votey Hall|Burlington|||633 Main Street|Office of Intl Education - L&L B101|Burlington|VT|05405|2025-11-01|2028-10-31|1|1|0|0|0|0|0|The University of Vermont and State Agricultural College|17-2074.00|No
I-200-25126-942733|Data Engineer|Green Mountain Power Corporation||18888354672|AMANDA|BERALDI|Amanda.Beraldi@greenmountainpower.com|18023539241||163 Acorn Lane||Colchester|CHITTENDEN|Fragomen Del Rey Bernsen & Loewy LLP|163 Acorn Lane||Colchester|VT|05446|2025-10-25|2028-10-24|1|0|1|0|0|0|0|Green Mountain Power Corporation|15-2051|No
I-200-25247-285808|Dentist|Continuum Dental Education Inc||18009712513|Olugbenga|Akinsanya|info@continuumoralhealth.org|18009712513||174 Elm St||Montpelier|||174 elm street||MONTPELIER|VT|05602|2025-10-23|2028-10-22|1|1|0|0|0|0|0|Continuum Dental Education Inc|29-1021.00|No
I-200-25247-287053|Medical Surgical Registered Nurse|The Rutland Regional Hospital Inc||18023532467|Elizabeth|Glynn|eaglynn@rrmc.org|18023532467||160 Allen Street||Rutland||PORTER WRIGHT MORRIS & ARTHUR LLP|160 Allen Street||Rutland|VT|05701|2025-10-07|2028-10-06|1|0|1|0|0|0|0|The Rutland Regional Hospital Inc|29-1141.00|No
I-200-25164-088911|Programmer Analyst|HTC GLOBAL SERVICES INC|Blue Cross Blue Shield of Vermont|12487862500|SUTBIR|RANDHAWA|IMMIGRATION@HTCINC.COM|12487862500|109|445 Industrial Ln||Berlin|WASHINGTON||3270 WEST BIG BEAVER ROAD||TROY|MI|48084|2025-10-01|2028-09-30|1|1|0|0|0|0|0|HTC GLOBAL SERVICES INC|15-1251|Yes
I-200-25164-089645|Implementation Analyst|Fast Enterprises LLC|Fast Enterprises LLC|13037703700|Melanie|Jones|mjones@fastcore.com|13037703700||219 N Main Street|STE 202|Barre|WASHINGTON||7229 S Alton Way||Centennial|CO|80112|2025-10-01|2028-09-30|1|1|0|0|0|0|0|Fast Enterprises LLC|15-1252|No
I-200-25144-015929|Software Automation Engineer|SRI TECH SOLUTIONS INC|Mylan Technologies Inc A Viatris Company|18134236501|Prathibha|Damera|immigration@sritechsolutions.com|18134236501||110 Lake St||Saint Albans|ST ALBANS CITY|Kodem Law Firm PLLC|15310 Amberly Dr|STE 200|Tampa|FL|33647|2025-10-01|2028-09-30|1|1|0|0|0|0|0|SRI TECH SOLUTIONS INC|15-1253|Yes
I-200-25148-022647|Software Engineer|SRI TECH SOLUTIONS INC|Mylan Technologies Inc A Viatris Company|18134236501|Prathibha|Damera|immigration@sritechsolutions.com|18134236501||110 Lake St||Saint Albans|ST ALBANS CITY|Kodem Law Firm PLLC|15310 Amberly Dr|STE 200|Tampa|FL|33647|2025-10-01|2028-09-30|1|1|0|0|0|0|0|SRI TECH SOLUTIONS INC|15-1252|Yes
I-200-25148-022655|Software Engineer|SRI TECH SOLUTIONS INC|Mylan Technologies Inc A Viatris Company|18134236501|Prathibha|Damera|immigration@sritechsolutions.com|18134236501||110 Lake St||Saint Albans|ST ALBANS CITY|Kodem Law Firm PLLC|15310 Amberly Dr|STE 200|Tampa|FL|33647|2025-10-01|2028-09-30|1|1|0|0|0|0|0|SRI TECH SOLUTIONS INC|15-1252|Yes
I-200-25097-838375|Software Engineer|Appsboat Inc||13136388125|Manoj|Chowdary|hr@appsboat.com|13136388125||11850 FREEDOM DR|APT 212|RESTON|FAIRFAX||27620 FARMINGTON ROAD|SUITE B-9|FARMINGTON HILLS|MI|48334|2025-10-01|2028-09-30|1|1|0|0|0|0|0|Appsboat Inc|15-1252|Yes
I-200-25118-910188|Aerodynamics & Performance Engineer|Beta Technologies Inc||18022336185|Morgan|Randall|morgan@beta.team|17046990186||1150 Airport Drive||South Burlington|CHITTENDEN|Corporate Immigration Partners PC|1150 Airport Drive||South Burlington|VT|05602|2025-10-01|2028-09-30|1|1|0|0|0|0|0|Beta Technologies Inc|17-2011|No
I-200-25118-911239|Head of Production Engineering|Beta Technologies Inc||18022336185|Morgan|Randall|morgan@beta.team|17046990186||1150 Airport Drive||South Burlington|WASHINGTON|Corporate Immigration Partners PC|1150 Airport Drive||South Burlington|VT|05602|2025-10-01|2028-09-30|1|1|0|0|0|0|0|Beta Technologies Inc|11-9041|No
I-200-25142-010200|Data Engineer|Beta Technologies Inc||18022336185|Morgan|Randall|morgan@beta.team|17046990186||1150 Airport Drive||South Burlington|WASHINGTON|Corporate Immigration Partners PC|1150 Airport Drive||South Burlington|VT|05602|2025-10-01|2028-09-30|1|1|0|0|0|0|0|Beta Technologies Inc|15-1243|No
I-200-25162-080417|Corporate Controller|Big Tree Farm Inc||12032536019|Stephen|Clark|steve.clark@bigtreefarms.com|12032536019||1 Mill Street|Suite 315|Burlington|BURLINGTON CITY|Dinse PC|1 Mill Street|Suite 315|Burlington|VT|05401|2025-10-01|2028-09-30|1|1|0|0|0|0|0|Big Tree Farm Inc|11-3031.01|No
I-200-25126-941759|Associate|Black River Design Architects, PLC||18022232044|Mark|Montminy|markm@blackriverdesign.com|18022232044||73 Main Street|Suite 9|Montpelier|WASHINGTON|Law Office of Sidney Collier PLC|73 Main Street|Suite 9|Montpelier|VT|05602-3243|2025-10-01|2028-09-30|1|1|0|0|0|0|0|Black River Design Architects, PLC|17-1011|No
I-200-25134-977666|Associate|Black River Design Architects, PLC||18022232044|Mark|Montminy|markm@blackriverdesign.com|18022232044||73 Main Street|Suite 9|Montpelier|WASHINGTON|Law Office of Sidney Collier PLC|73 Main Street|Suite 9|Montpelier|VT|05602-3243|2025-10-01|2028-09-30|1|1|0|0|0|0|0|Black River Design Architects, PLC|17-3011|No
I-200-25143-012165|Dentist|Bristol Park Dental Associates, PLC||18024537700|Farid|Hamidzadeh|dr.faridhamidzadeh@gmail.com|18024537700||6 Park Place||Bristol|BRISTOL|Orr & Reno PA|6 Park Place||Bristol|VT|05443|2025-10-01|2028-09-30|1|0|1|0|0|0|0|Bristol Park Dental Associates, PLC|29-1021|No
I-200-25156-059425|BUSINESS ANALYST|CHAMPLAIN CABLE CORPORATION||18026544200|CINDY|OLSON|COLSON@CHAMPCABLE.COM|18026544200|4272|175 HERCULES DRIVE||COLCHESTER|COLCHESTER|QUAN LAW GROUP PLLC|175 HERCULES DRIVE||COLCHESTER|VT|05446-5925|2025-10-01|2028-09-30|1|1|0|0|0|0|0|CHAMPLAIN CABLE CORPORATION|13-2051|No
I-200-25112-891890|Staff Pharmacist|CVS Rx Services Inc||14017701621|Paul|Messenger|ImmigrationSupport@CVSHealth.com|14017701621||8 Kocher Drive||Bennington|BENNINGTON|Ogletree Deakins Nash Smoak & Stewart PC|1 CVS Drive||Woonsocket|RI|02895|2025-10-01|2028-09-30|1|1|0|0|0|0|0|CVS Rx Services Inc|29-1051|No
I-200-25153-040383|BI (Business Intelligence) & Data Warehouse Analyst, Sr.|Casella Waste Systems Inc||18027722237|Melissa|Norman|melissa.norman@casella.com|18027722237||80 Belden Road||Rutland|RUTLAND CITY|Dinse PC|25 Greens Hill Lane||Rutland|VT|05701|2025-10-01|2028-09-30|1|1|0|0|0|0|0|Casella Waste Systems Inc|15-2051.01|No
I-200-25127-949594|Intern Architect|Centerline Architects & Planners, P.C.||18024478609|Gary|Corey|mail@clarch.com|18024478609||302 Main Street||Bennington|BENNINGTON|Chugh LLP|302 Main Street||Bennington|VT|05201|2025-10-01|2028-09-30|1|0|0|0|0|0|1|Centerline Architects & Planners, P.C.|17-1011|No
I-200-25105-864533|Associate, Software Engineering|GOLDMAN SACHS & CO. LLC||12129021000|JENNIFER|ALLISON|AMERICAS_IMMIGRATION@NY.EMAIL.GS.COM|12129021000||100 Bank Street|Suite 800|Burlington|CHITTENDEN|FRAGOMEN DEL REY BERNSEN & LOEWY LLP|200 WEST STREET||NEW YORK|NY|10282|2025-10-01|2028-09-30|1|1|0|0|0|0|0|GOLDMAN SACHS & CO. LLC|15-1252|No
I-200-25137-988123|MTS Technology Development|GlobalFoundries U.S. 2 LLC||15182226552|Jarin|Ahmed|jarin.ahmed@globalfoundries.com|15189710761||1000 River St||Essex Junction|ESSEX|Greenberg Traurig LLP|400 Stonebreak Road Ext.||Malta|NY|12020|2025-10-01|2028-09-30|1|1|0|0|0|0|0|GlobalFoundries U.S. 2 LLC|17-2071|No
I-200-25149-030420|Staff Accountant|Grippin Donlan & Pinkham PLC||18024950133|David|Grippin|dgrippin@gdp-cpa.com|18024950133||3 Baldwin Avenue||South Burlington|SOUTH BURLINGTON CITY|Beach Oswald Immigration Law Associates|3 Baldwin Avenue||South Burlington|VT|05403|2025-10-01|2028-09-30|1|1|0|0|0|0|0|Grippin Donlan & Pinkham PLC|13-2011|No
I-200-25143-012226|Data Scientist|Hatch Associates Consultants Inc||12893262399|Rama|Habbal|rama.habbal@hatch.com|12893262399||35 Railroad Row|Suite 201-202|White River Junction|WINDSOR|KPMG Law LLP|375 North Shore Drive||Pittsburgh|PA|15212|2025-10-01|2028-09-30|1|1|0|0|0|0|0|Hatch Associates Consultants Inc|15-2051|No
I-200-25142-007472|Data Scientist|Hatch Associates Consultants Inc||12893262399|Rama|Habbal|rama.habbal@hatch.com|12893262399||35 Railroad Row|Suite 201-202|White River Junction|WINDSOR|KPMG Law LLP|375 North Shore Drive||Pittsburgh|PA|15212|2025-10-01|2028-09-30|1|1|0|0|0|0|0|Hatch Associates Consultants Inc|15-2051|No
I-200-25125-936640|Environmental Engineer|MS&K Inc||18024471402|Stacy|Phillips|Sphillips@mskeng.com|18028287955||191 Rabbit Run||Vergennes|VERGENNES CITY|Holman Immigration Law|150 Depot Street||Bennington|VT|05201|2025-10-01|2028-09-30|1|1|0|0|0|0|0|MS&K Inc|17-2081|No
I-200-25114-900414|Environmental Engineer|MS&K Inc||18024471402|Stacy|Phillips|Sphillips@mskeng.com|18028287599||191 Rabbit Run||Vergennes|VERGENNES CITY|Holman Immigration Law|150 Depot Street||Bennington|VT|05201|2025-10-01|2028-09-30|1|1|0|0|0|0|0|MS&K Inc|17-2081|No
I-200-25262-322121|Environmental Engineer|MS&K Inc||18024471402|Stacy|Phillips|Sphillips@mskeng.com|18028287955||45 Merchants Row, Apt. 1||Barre||Holman Immigration Law|150 Depot Street||Bennington|VT|05201|2025-10-01|2028-09-30|1|0|0|0|0|0|1|MS&K Inc|17-2081.00|No
I-200-25121-924841|Senior Engineer, Hardware & Silicon Validation|Marvell Semiconductor Inc||14082222500|Ellaine|Teodoro|eteodoro@marvell.com|14082222500||128 Lakeside Avenue|Suite 401|Burlington|BURLINGTON CITY|Fisher & Phillips LLP|5488 Marvell Lane||Santa Clara|CA|95054|2025-10-01|2028-09-30|1|0|1|0|0|0|0|Marvell Semiconductor Inc|17-2072|No
I-200-25091-820533|Architecture ASIC / System Staff Engineer|Marvell Semiconductor Inc||14082222500|Ellaine|Teodoro|eteodoro@marvell.com|14082222500||128 Lakeside Ave|Suite 401|Burlington|BURLINGTON CITY|Fisher & Phillips LLP|5488 Marvell Lane||Santa Clara|CA|95054|2025-10-01|2028-09-30|1|0|0|1|0|0|0|Marvell Semiconductor Inc|17-2072|No
I-200-25115-903921|Security Research|Microsoft Corporation||14258828080|Lee Mary|Covington|PAF@MICROSOFT.COM|14258828080||2680 Hartford Ave|Unit 35|White River Junction|WINDSOR||1 Microsoft Way|N/A|Redmond|WA|98052|2025-10-01|2028-09-30|1|1|0|0|0|0|0|Microsoft Corporation|15-2051|No
I-200-25121-927479|Lead Chemist|Mylan Technologies Inc||17455141800|Marilys|Colon|marilys.colon-gonzalez@viatris.com|17874366356||110 Lake Street||St. Albans|ST ALBANS CITY|PRYOR CASHMAN LLP|1000 MYLAN BLVD||CANONSBURG|PA|15317|2025-10-01|2028-09-30|1|1|0|0|0|0|0|Mylan Technologies Inc|19-2031|No
I-200-25135-982393|Investment Analytics Associate, Asset Based Lending|National Life Insurance Company||18007328939|Heather|Funk|hfunk@nationallife.com|18022293209||1 National Life Drive||Montpelier|MONTPELIER CITY|Mintz|1 National Life Drive||Montpelier|VT|05604|2025-10-01|2028-09-30|1|1|0|0|0|0|0|National Life Insurance Company|13-2099.01|No
I-200-25133-969456|Metrology Team Leader|Nolato GW Inc||18022347199|Sonja|Sieling-Boumenot|Sonja.sieling-boumenot@nolato.com|18022347199||239 Pleasant Street||Bethel|WINDSOR|DMCA Partnership Group LLP|239 Pleasant St||Bethel|VT|05032|2025-10-01|2028-09-30|1|1|0|0|0|0|0|Nolato GW Inc|17-2141|No
I-200-25141-003059|CCT Program Manager|Nolato GW Inc||18027633699|Amy|Larkin|amy.larkin@nolato.com|18027633699||239 Pleasant Street||Bethel|WINDSOR|DMCA Partnership Group LLP|239 Pleasant St||Bethel|VT|05032|2025-10-01|2028-09-30|1|1|0|0|0|0|0|Nolato GW Inc|17-2112|No
I-200-25134-977304|Electrical Design Engineer|Sensata Technologies Inc||15082361383|Katie|Oden|koden@sensata.com|15082361383||85 Meadowland Dr.||South Burlington|CHITTENDEN|Fragomen Del Rey Bernsen & Loewy LLP|529 Pleasant Street||Attleboro|MA|02703|2025-10-01|2028-09-30|1|1|0|0|0|0|0|Sensata Technologies Inc|17-2071|No
I-200-25101-858350|Software Developer|Vermont Information Processing LLC||18023083453|Stephanie|Schoenthaler|stephanie.schoenthaler@vtinfo.com|18023083453||402 Watertower Circle||Colchester|CHITTENDEN|Global Immigration Partners Inc|402 Watertower Circle||Colchester|VT|05446|2025-10-01|2028-09-30|1|1|0|0|0|0|0|Vermont Information Processing LLC|15-1252|No
I-200-25127-947669|Assistant Consultant, Water Resources Engineer|WSP USA Inc||12124655000|Julia|Savaneli|Julia.Savaneli@wsp.com|17704961893||19 Saxonhollow Drive|Unit E4|Essex Junction|CHITTENDEN|FISHER & PHILLIPS LLP|One Penn Plaza, 4th Floor|250 West 34th Street|New York|NY|10119|2025-10-01|2028-09-30|1|1|0|0|0|0|0|WSP USA Inc|17-2051.02|No
I-200-25247-285824|Dentist|Continuum Dental Education Inc||18009712513|Olugbenga|Akinsanya|info@continuumoralhealth.org|18009712513||211 school street||bennington|||211 school street||bennington|VT|05201|2025-09-29|2028-09-28|1|1|0|0|0|0|0|Continuum Dental Education Inc|29-1021.00|No
I-200-25251-294317|Special Education Math/Science Teacher|Southwest Vermont Supervisory Union||18024477501|Nick|Gault|Nick.Gault@svsu.org|18027535819||On Point -126 Congress Street||Bennington||MCCOWN & EVANS LLP|184 North Street|Suite 1|Bennington|VT|05201|2025-09-29|2028-09-28|1|1|0|0|0|0|0|Southwest Vermont Supervisory Union|25-2059.00|No
I-200-25157-062193|Staff Nurse II|University of Vermont Health Network Medical Group Inc||18448864325|Abigail|Keegan|abigail.keegan@uvmhealth.org|18028473503||111 Colchester Ave||Burlington|CHITTENDEN|Fragomen Del Rey Bernsen & Loewy LLP|111 Colchester Ave||Burlington|VT|05401|2025-09-29|2028-09-28|1|1|0|0|0|0|0|University of Vermont Health Network Medical Group Inc|29-1141|No
I-200-25216-220012|Endodontist|Hudson Valley Dental Associates PLLC||13154546000|Juliana|Ximenes|juliana.ximenes@aspendental.com|13154546000||474 Holiday Drive|Suite 1|Rutland||ODonoghue Law LLC|474 Holiday Drive|Suite 1|Rutland|VT|05701|2025-09-26|2028-09-25|1|0|1|0|0|0|0|Hudson Valley Dental Associates PLLC|29-1029.00|No
I-200-25216-220021|Endodontist|Jebediah S. Christy DDS Brattleboro PC||13154546000|Juliana|Ximenes|juliana.ximenes@aspendental.com|13154546000||927 Putney Road||Brattleboro||ODonoghue Law LLC|342 Winchester Street||Keene|NH|03431|2025-09-26|2028-09-25|1|0|1|0|0|0|0|Jebediah S. Christy DDS Brattleboro PC|29-1029.00|No
I-200-25255-306248|MTS Technology Development|GlobalFoundries U.S. 2 LLC||15182226552|Alexandra|Nadal|alexandra.nadal@globalfoundries.com|15189710761||1000 River St||Essex Junction||Greenberg Traurig LLP|400 Stonebreak Road Ext.||Malta|NY|12020|2025-09-21|2028-09-20|1|0|0|0|0|1|0|GlobalFoundries U.S. 2 LLC|17-2141.00|No
I-200-25251-294384|MTS Technology Development|GlobalFoundries U.S. Inc||15182226552|Alexandra|Nadal|alexandra.nadal@globalfoundries.com|15189710761||1000 River St||Essex Junction||Greenberg Traurig LLP|400 Stonebreak Road Ext.||Malta|NY|12020|2025-09-21|2028-09-20|1|0|0|0|0|1|0|GlobalFoundries U.S. Inc|17-2141.00|No
I-200-25084-800297|SA JC60 - Network and Computer Systems Administrators|COGNIZANT TECHNOLOGY SOLUTIONS US CORP|National Life Insurance Company|19793296682|Daniel|Shakespeare|lca.immigration@cognizant.com|16176207316||1, National Life Drive, Floor 4||Montpelier|WASHINGTON||211 QUALITY CIRCLE||COLLEGE STATION|TX|77845|2025-09-20|2028-09-19|1|0|0|0|0|0|1|COGNIZANT TECHNOLOGY SOLUTIONS US CORP|15-1244|Yes
I-200-25084-800305|SA JC60 - Network and Computer Systems Administrators|COGNIZANT TECHNOLOGY SOLUTIONS US CORP||19793296682|Daniel|Shakespeare|lca.immigration@cognizant.com|16176207316||2, North Franklin Street, Apartment 4||Montpelier|WASHINGTON||211 QUALITY CIRCLE||COLLEGE STATION|TX|77845|2025-09-20|2028-09-19|1|0|0|0|0|0|1|COGNIZANT TECHNOLOGY SOLUTIONS US CORP|15-1244|Yes
I-200-25085-806104|Consultant Software Engineer|Data Innovations LLC||12622638012|Amanda|Penebaker|apenebaker@datainnovations.com|12622638012||165 Windswept Ln.||South Burlington|CHITTENDEN|Jackson Lewis PC|463 Mountain View Dr.||Colchester|VT|05446|2025-09-20|2028-09-19|1|0|1|0|0|0|0|Data Innovations LLC|15-1252|No
I-200-25259-310752|Test Data Management Engineer|Ventois Inc|Centene Corporation (Remote Work Location)|15089257979|Suman Reddy|Kota|skota@ventois.com|15089257979||38 Tanglewood Dr||St. Albans||International Legal & Business Services Group LLP|382 Boston Tpke|Suite 201|Shrewsbury|MA|01545|2025-09-16|2028-09-15|1|0|0|0|0|0|1|Ventois Inc|15-1243.00|Yes
I-200-25233-258199|Revenue Science Advisor|Federal Express Corporation||19842689426|Carrie|Morrow|N/A|19842689426||125 Cambrian Way|Unit 415|Burlington||Constangy Brooks Smith & Prophete LLP|3620 Hacks Cross Road|Building B, 3rd Floor|Memphis|TN|38125|2025-09-16|2028-09-15|1|0|0|0|0|0|1|Federal Express Corporation|19-3011.00|No
I-200-25211-209612|Nurse Practitioner|Community Health Centers of Burlington||18022648151|Suzanne|Hedding|shedding@chcb.org|18022648151||Good Health, 368 Dorset Street||South Burlington||Orr & Reno P.A.|617 Riverside Avenue||Burlington|VT|05401|2025-09-15|2028-09-14|1|1|0|0|0|0|0|Community Health Centers of Burlington|29-1171.00|No
I-200-25238-267829|Nurse Practitioner|Community Health Centers of Burlington||18022648151|Suzanne|Hedding|shedding@chcb.org|18022648151||Good Health, 368 Dorset Street||South Burlington||Orr & Reno P.A.|617 Riverside Avenue||Burlington|VT|05401|2025-09-15|2028-09-14|1|1|0|0|0|0|0|Community Health Centers of Burlington|29-1171.00|No
I-200-25161-074139|Assistant Professor|The University of Vermont||18026564296|Emma|Huse|ischolar@uvm.edu|18026564296||111 Colchester Avenue|Dept of Pathology & Laboratory Medicine|Burlington|BURLINGTON CITY||633 Main Street|Office of Intl Education - L&L B101|Burlington|VT|05405|2025-09-15|2028-09-14|1|0|0|0|1|0|0|The University of Vermont|25-1071|No
I-200-25164-091148|Assistant Professor|The University of Vermont||18026564296|Emma|Huse|ischolar@uvm.edu|18026564296||111 Colchester Avenue|Dept of Anesthesiology|Burlington|BURLINGTON CITY||633 Main Street|Office of Intl Education - L&L B101|Burlington|VT|05405|2025-09-15|2028-09-14|1|0|0|0|1|0|0|The University of Vermont|25-1071|No
I-200-25253-299499|Assistant Professor|The University of Vermont and State Agricultural College||18026564296|Emma|Huse|ischolar@uvm.edu|18026564296||111 Colchester Avenue|Patrick 1, Dept of Radiology|Burlington|||633 Main Street|Office of Intl Education - L&L B101|Burlington|VT|05405|2025-09-15|2028-09-14|1|0|0|0|1|0|0|The University of Vermont and State Agricultural College|25-1071.00|No
I-200-25079-791440|Attending Anesthesiologist|University of Vermont Health Network Medical Group||18025574438|Dan|Bengyak|UVMHNMedicalGroup-ProfessionalServices@uvmhealth.org|13476843073||111 Colchester Ave||Burlington|CHITTENDEN|Fragomen Del Rey Bernsen & Loewy LLP|111 Colchester Ave||Burlington|VT|05401|2025-09-15|2028-09-14|1|1|0|0|0|0|0|University of Vermont Health Network Medical Group|29-1211|No
I-200-25079-791440|Attending Anesthesiologist|University of Vermont Health Network Medical Group||18025574438|Dan|Bengyak|UVMHNMedicalGroup-ProfessionalServices@uvmhealth.org|13476843073||111 Colchester Ave||Burlington|CHITTENDEN|Fragomen Del Rey Bernsen & Loewy LLP|111 Colchester Ave||Burlington|VT|05401|2025-09-15|2028-09-14|1|1|0|0|0|0|0|University of Vermont Health Network Medical Group|29-1211.00|No
I-200-25216-219508|Attending Physician|University of Vermont Health Network Medical Group Inc||18028470074|Meghan|Fay-McCaffrey|UVMHNMedicalGroup-ProfessionalServices@uvmhealth.org|18028477213||111 Colchester Ave||Burlington||Fragomen Del Rey Bernsen & Loewy LLP|111 Colchester Ave||Burlington|VT|05401|2025-09-15|2028-09-14|1|1|0|0|0|0|0|University of Vermont Health Network Medical Group Inc|29-1229.00|No
I-200-25196-174234|Attending Physician|University of Vermont Medical Health Network Medical Group Inc||18028470074|Meghan|Fay-McCaffrey|uvmhnmedicalgroup-professionalservices@uvmhealth.org|18028477213||111 Colchester Ave||Burlington||Fragomen Del Rey Bernsen & Loewy LLP|111 Colchester Ave||Burlington|VT|05401|2025-09-15|2028-09-14|1|1|0|0|0|0|0|University of Vermont Medical Health Network Medical Group Inc|29-1222.00|No
I-200-25247-285968|Civil Engineer I  Construction & Structures|Vermont Agency of Transportation||18025952382|Seth|Hisman|seth.hisman@vermont.gov|18025952382||219 North Main Street||Barre||Law Office of Sidney Collier PLC|219 North Main Street||Barre|VT|05641|2025-09-15|2028-09-14|1|1|0|0|0|0|0|Vermont Agency of Transportation|17-2051.00|No
I-200-25087-811042|Senior Research Engineer|Ascension Technology Corporation||18029851114|Ania|Januszczyk|Ajanuszczyk@ndigital.com|18029851114||120 Graham Way|Suite 130|Shelburne|CHITTENDEN|Jackson Lewis PC|120 Graham Way|Suite 130|Shelburne|VT|05482|2025-09-12|2028-09-11|1|0|1|0|0|0|0|Ascension Technology Corporation|15-1252|No
I-200-25197-179455|Associate Actuary|National Life Insurance Company||18007328939|Heather|Funk|hfunk@nationallife.com|18022293209||1 National Life Drive||Montpelier||Mintz|1 National Life Drive||Montpelier|VT|05604|2025-09-11|2028-09-10|1|0|0|1|0|0|0|National Life Insurance Company|13-2099.01|No
I-200-25125-937250|Postdoctoral Associate|The University of Vermont||18026564296|Emma|Huse|ischolar@uvm.edu|18026564296||149 Beaumont Avenue||Burlington|BURLINGTON CITY||633 Main Street|Office of Intl Education - L&L B101|Burlington|VT|05405|2025-09-10|2028-09-09|1|1|0|0|0|0|0|The University of Vermont|19-1042|No
I-200-25226-242842|Assistant Professor|The University of Vermont and State Agricultural College||18026564296|Emma|Huse|ischolar@uvm.edu|18026564296||130 Fisher Road|CVMC, Division of Pulmonary and Critical Care Medicine|Berlin|||633 Main Street|Office of Intl Education - L&L B101|Burlington|VT|05405|2025-09-09|2028-09-08|1|0|0|1|0|0|0|The University of Vermont and State Agricultural College|25-1071.00|No
I-200-25071-768359|Assistant Professor|The University of Vermont||18026564296|Emma|Huse|ischolar@uvm.edu|18026564296||82 University Place|Innovation Hall, Dept of Physics|Burlington|CHITTENDEN||633 Main Street|Office of Intl Education - L&L B101|Burlington|VT|05405|2025-09-04|2028-09-03|1|0|1|0|0|0|0|The University of Vermont|25-1054|No
I-200-25071-768359|Assistant Professor|The University of Vermont||18026564296|Emma|Huse|ischolar@uvm.edu|18026564296||82 University Place|Innovation Hall, Dept of Physics|Burlington|CHITTENDEN||633 Main Street|Office of Intl Education - L&L B101|Burlington|VT|05405|2025-09-04|2028-09-03|1|0|1|0|0|0|0|The University of Vermont|25-1054.00|No
I-200-25178-135390|Assistant Professor|The University of Vermont||18026564296|Emma|Huse|ischolar@uvm.edu|18026564296||111 Colchester Avenue|Dept. of Medicine, Div. of Hospital Medicine|Burlington|BURLINGTON CITY||633 Main Street|Office of Intl Education - L&L B101|Burlington|VT|05405|2025-09-02|2028-09-01|1|0|0|0|1|0|0|The University of Vermont|25-1071.00|No
I-200-25164-090504|Assistant Professor|The University of Vermont||18026564296|Emma|Huse|ischolar@uvm.edu|18026564296||111 Colchester Avenue|Dept of Anesthesiology|Burlington|BURLINGTON CITY||633 Main Street|Office of Intl Education - L&L B101|Burlington|VT|05405|2025-09-02|2028-09-01|1|0|0|0|1|0|0|The University of Vermont|25-1071|No
I-200-25065-752241|Attending Physician|University of Vermont Health Network - University of Vermont Medical Center||18028470000|Dan|Bengyak|UVMHNMedicalGroup-ProfessionalServices@uvmhealth.org|13476843073||111 Colchester Ave||Burlington|CHITTENDEN|Fragomen Del Rey Bernsen & Loewy LLP|111 Colchester Ave||Burlington|VT|05401|2025-09-02|2028-09-01|1|0|0|0|0|1|0|University of Vermont Health Network - University of Vermont Medical Center|29-1229.00|No
I-200-25065-752241|Attending Physician|University of Vermont Health Network - University of Vermont Medical Center||18028470000|Dan|Bengyak|UVMHNMedicalGroup-ProfessionalServices@uvmhealth.org|13476843073||111 Colchester Ave||Burlington|CHITTENDEN|Fragomen Del Rey Bernsen & Loewy LLP|111 Colchester Ave||Burlington|VT|05401|2025-09-02|2028-09-01|1|0|0|0|0|1|0|University of Vermont Health Network - University of Vermont Medical Center|29-1229|No
I-200-25076-781551|Attending Physician|University of Vermont Health Network Medical Group||18028470000|Dan|Bengyak|UVMHNMedicalGroup-ProfessionalServices@uvmhealth.org|13476843073||111 Colchester Ave||Burlington|CHITTENDEN|Fragomen Del Rey Bernsen & Loewy LLP|111 Colchester Ave||Burlington|VT|05401|2025-09-02|2028-09-01|1|0|0|0|0|1|0|University of Vermont Health Network Medical Group|29-1229|No
I-200-25076-781551|Attending Physician|University of Vermont Health Network Medical Group||18028470000|Dan|Bengyak|UVMHNMedicalGroup-ProfessionalServices@uvmhealth.org|13476843073||111 Colchester Ave||Burlington|CHITTENDEN|Fragomen Del Rey Bernsen & Loewy LLP|111 Colchester Ave||Burlington|VT|05401|2025-09-02|2028-09-01|1|0|0|0|0|1|0|University of Vermont Health Network Medical Group|29-1229.00|No
I-200-25224-237147|Attending Physician|University of Vermont Health Network Medical Group Inc||18028470074|Meghan|Fay-Caffery|UVMHNMedicalGroup-ProfessionalServices@uvmhealth.org|18028477213||111 Colchester Ave||Burlington||FRAGOMEN DEL REY BERNSEN & LOEWY LLP|111 Colchester Ave||Burlington|VT|05401|2025-09-02|2028-09-01|1|1|0|0|0|0|0|University of Vermont Health Network Medical Group Inc|29-1229.00|No
I-200-25232-255647|Attending Physician|University of Vermont Health Network Medical Group Inc||18028470074|Meghan|Fay-Caffery|UVMHNMedicalGroup-ProfessionalServices@uvmhealth.org|18028477213||111 Colchester Ave||Burlington||FRAGOMEN DEL REY BERNSEN & LOEWY LLP|111 Colchester Ave||Burlington|VT|05401|2025-09-02|2028-09-01|1|1|0|0|0|0|0|University of Vermont Health Network Medical Group Inc|29-1229.00|No
I-200-25182-144488|Attending Anesthesiologist|University of Vermont Medical Health Network Medical Group Inc||18028470074|Meghan|Fay-McCaffrey|meghan.fay-mccaffrey@uvmhealth.org|18028477213||111 Colchester Ave.||Burlington||Fragomen Del Rey Bernsen & Loewy LLP|111 Colchester Ave||Burlington|VT|05401|2025-09-02|2028-09-01|1|1|0|0|0|0|0|University of Vermont Medical Health Network Medical Group Inc|29-1211.00|No
I-200-25169-106231|Hospitalist|Windsor Hospital Corporation||18026746711|Hannah|Bianchi|N/A|18026746711||289 County Rd.||Windsor|WINDSOR|Harter Secrest Emery LLP|289 County Road||Windsor|VT|05089|2025-09-02|2028-09-01|1|1|0|0|0|0|0|Windsor Hospital Corporation|29-1229.02|No
I-200-25077-782991|Software Developer|HTC GLOBAL SERVICES INC|Blue Cross Blue Shield of Vermont|12487862500|SURESH|SUBRAMANIAN|IMMIGRATION@HTCINC.COM|12487862500|109|445 Industrial Ln||Berlin|WASHINGTON||3270 WEST BIG BEAVER ROAD||TROY|MI|48084|2025-09-01|2028-08-31|1|0|0|1|0|0|0|HTC GLOBAL SERVICES INC|15-1252.00|Yes
I-200-25077-782991|Software Developer|HTC GLOBAL SERVICES INC|Blue Cross Blue Shield of Vermont|12487862500|SURESH|SUBRAMANIAN|IMMIGRATION@HTCINC.COM|12487862500|109|445 Industrial Ln||Berlin|WASHINGTON||3270 WEST BIG BEAVER ROAD||TROY|MI|48084|2025-09-01|2028-08-31|1|0|0|1|0|0|0|HTC GLOBAL SERVICES INC|15-1252|Yes
I-200-25063-741017|Software Developer|HTC GLOBAL SERVICES INC|Blue Cross Blue Shield of Vermont|12487862500|SURESH|SUBRAMANIAN|IMMIGRATION@HTCINC.COM|12487862500|109|445 Industrial Ln||Berlin|WASHINGTON||3270 WEST BIG BEAVER ROAD||TROY|MI|48084|2025-09-01|2028-08-31|1|0|0|1|0|0|0|HTC GLOBAL SERVICES INC|15-1252|Yes
I-200-25094-831402|Senior Programmer Analyst|HTC GLOBAL SERVICES INC|Blue Cross Blue Shield of Vermont|12487862500|SURESH|SUBRAMANIAN|IMMIGRATION@HTCINC.COM|12487862500|109|445 Industrial Ln||Berlin|WASHINGTON||3270 WEST BIG BEAVER ROAD||TROY|MI|48084|2025-09-01|2028-08-31|1|0|0|1|0|0|0|HTC GLOBAL SERVICES INC|15-1251|Yes
I-200-25063-741017|Software Developer|HTC GLOBAL SERVICES INC|Blue Cross Blue Shield of Vermont|12487862500|SURESH|SUBRAMANIAN|IMMIGRATION@HTCINC.COM|12487862500|109|445 Industrial Ln||Berlin|WASHINGTON||3270 WEST BIG BEAVER ROAD||TROY|MI|48084|2025-09-01|2028-08-31|1|0|0|1|0|0|0|HTC GLOBAL SERVICES INC|15-1252.00|Yes
I-200-25231-250832|Software Quality Assurance Engineer II|PERSISTENT SYSTEMS LIMITED|Vermont Mutual Insurance|16504819180|PRAVIN|TARDE|IMMIGRATION@PERSISTENT.COM|14082167010||89 State Street||Montpelier||Jethmalani & Nallaseth PLLC|2055 LAURELWOOD ROAD|SUITE 210|SANTA CLARA|CA|95054|2025-08-28|2028-08-27|1|0|0|0|0|0|1|PERSISTENT SYSTEMS LIMITED|15-1253.00|Yes
I-200-25058-729467|Special Education Teacher|Southwest Vermont Supervisory Union||18024477501|Nick|Gault|Nick.Gault@svsu.org|18027535819||181 Orchard Road||Bennington|BENNINGTON|MCCOWN & EVANS LLP|184 North Street|Suite 1|Bennington|VT|05201|2025-08-26|2028-08-25|1|0|1|0|0|0|0|Southwest Vermont Supervisory Union|25-2056|No
I-200-25058-729467|Special Education Teacher|Southwest Vermont Supervisory Union||18024477501|Nick|Gault|Nick.Gault@svsu.org|18027535819||181 Orchard Road||Bennington|BENNINGTON|MCCOWN & EVANS LLP|184 North Street|Suite 1|Bennington|VT|05201|2025-08-26|2028-08-25|1|0|1|0|0|0|0|Southwest Vermont Supervisory Union|25-2056.00|No
I-200-25064-745936|Software Development Advisor|NTT DATA Americas Inc|National Life Group|18007453263|Rachna|Jalota|Rachna.Jalota@nttdata.com|18007453263||One National Life Drive||Montpelier|WASHINGTON|Berry Appleman & Leiden LLP|7950 Legacy Drive|11th Floor|Plano|TX|75024|2025-08-22|2028-08-21|1|0|1|0|0|0|0|NTT DATA Americas Inc|15-1253|No
I-200-25064-745936|Software Development Advisor|NTT DATA Americas Inc|National Life Group|18007453263|Rachna|Jalota|Rachna.Jalota@nttdata.com|18007453263||One National Life Drive||Montpelier|WASHINGTON|Berry Appleman & Leiden LLP|7950 Legacy Drive|11th Floor|Plano|TX|75024|2025-08-22|2028-08-21|1|0|1|0|0|0|0|NTT DATA Americas Inc|15-1253.00|No
I-200-25098-842183|Pulmonary and Critical Care Physician, MD Site Leader|University of Vermont Health Network Medical Group Inc||18448864325|Jennifer|Peers|jennifer.peers@uvmhealth.org|18025423482||111 Colchester Ave||Burlington|CHITTENDEN|Fragomen Del Rey Bernsen & Loewy LLP|111 Colchester Ave||Burlington|VT|05401|2025-08-21|2028-08-20|1|0|1|0|0|0|0|University of Vermont Health Network Medical Group Inc|29-1229|No
I-200-25178-135123|Pulmonary and Critical Care Physician, MD Site Leader|University of Vermont Health Network Medical Group Inc||18448864325|Jennifer|Peers|jennifer.peers@uvmhealth.org|18025423482||111 Colchester Ave||Burlington|CHITTENDEN|Fragomen Del Rey Bernsen & Loewy LLP|111 Colchester Ave||Burlington|VT|05401|2025-08-21|2028-08-20|1|0|1|0|0|0|0|University of Vermont Health Network Medical Group Inc|29-1229.00|No
I-200-25225-238889|Software Developer|HTC GLOBAL SERVICES INC|BlueCross BlueShield of Vermont|12487862500|SUTBIR|RANDHAWA|IMMIGRATION@HTCINC.COM|12487862500|109|445 Industrial Lane||Berlin|||3270 WEST BIG BEAVER ROAD||TROY|MI|48084|2025-08-20|2028-08-19|1|0|0|0|0|0|1|HTC GLOBAL SERVICES INC|15-1252.00|Yes
I-200-25058-729366|Special Education Teacher|Southwest Vermont Supervisory Union||18024477501|Nick|Gault|Nick.Gault@svsu.org|18027535819||181 Orchard Road||Bennington|BENNINGTON|MCCOWN & EVANS LLP|184 North Street|Suite 1|Bennington|VT|05201|2025-08-19|2028-08-18|1|0|1|0|0|0|0|Southwest Vermont Supervisory Union|25-2056.00|No
I-200-25058-729366|Special Education Teacher|Southwest Vermont Supervisory Union||18024477501|Nick|Gault|Nick.Gault@svsu.org|18027535819||181 Orchard Road||Bennington|BENNINGTON|MCCOWN & EVANS LLP|184 North Street|Suite 1|Bennington|VT|05201|2025-08-19|2028-08-18|1|0|1|0|0|0|0|Southwest Vermont Supervisory Union|25-2056|No
I-200-25128-953657|Assistant Professor|The University of Vermont||18026564296|Emma|Huse|ischolar@uvm.edu|18026564296||208 Colchester Avenue|201B Mann Hall|Burlington|BURLINGTON CITY||633 Main Street|Office of Intl Education - L&L B101|Burlington|VT|05405|2025-08-18|2028-08-17|1|1|0|0|0|0|0|The University of Vermont|25-1069|No
I-200-25164-090875|Assistant Professor|The University of Vermont||18026564296|Emma|Huse|ischolar@uvm.edu|18026564296||111 Colchester Avenue|Div. of Hematology/Oncology|Burlington|BURLINGTON CITY||633 Main Street|Office of Intl Education - L&L B101|Burlington|VT|05405|2025-08-18|2028-08-17|1|0|0|0|1|0|0|The University of Vermont|25-1071|No
I-200-25164-090671|Assistant Professor|The University of Vermont||18026564296|Emma|Huse|ischolar@uvm.edu|18026564296||111 Colchester Avenue|Div. of Rheumatology|Burlington|BURLINGTON CITY||633 Main Street|Office of Intl Education - L&L B101|Burlington|VT|05405|2025-08-18|2028-08-17|1|0|0|0|1|0|0|The University of Vermont|25-1071|No
I-200-25133-970115|Attending Physician|University of Vermont Medical Health Network Medical Group Inc||18028470074|Dan|Bengyak|dan.bengyak@uvmhealth.org|13476843073||111 Colchester Ave.||Burlington|BURLINGTON CITY|Fragomen Del Rey Bernsen & Loewy LLP|111 Colchester Ave||Burlington|VT|05401|2025-08-18|2028-08-17|1|1|0|0|0|0|0|University of Vermont Medical Health Network Medical Group Inc|29-1229|No
I-200-25118-912017|Attending Physician|University of Vermont Medical Health Network Medical Group Inc||18028470074|Dan|Bengyak|dan.bengyak@uvmhealth.org|13476843073||111 Colchester Ave||Burlington|BURLINGTON CITY|Fragomen Del Rey Bernsen & Loewy LLP|111 Colchester Ave||Burlington|VT|05401|2025-08-18|2028-08-17|1|1|0|0|0|0|0|University of Vermont Medical Health Network Medical Group Inc|29-1229|No
I-200-25118-911936|Attending Physician|University of Vermont Medical Health Network Medical Group Inc||18028470074|Dan|Bengyak|dan.bengyak@uvmhealth.org|13476843073||111 Colchester Ave.||Burlington|BURLINGTON CITY|Fragomen Del Rey Bernsen & Loewy LLP|111 Colchester Ave||Burlington|VT|05401|2025-08-18|2028-08-17|1|1|0|0|0|0|0|University of Vermont Medical Health Network Medical Group Inc|29-1229|No
I-200-25204-194922|Attending Physician|University of Vermont Medical Health Network Medical Group Inc||18028470074|Meghan|Fay-McCaffrey|uvmhnmedicalgroup-professionalservices@uvmhealth.org|18028477213||111 Colchester Ave.||Burlington||Fragomen Del Rey Bernsen & Loewy LLP|111 Colchester Ave||Burlington|VT|05401|2025-08-18|2028-08-17|1|1|0|0|0|0|0|University of Vermont Medical Health Network Medical Group Inc|29-1229.00|No
I-200-25153-040564|Assistant Professor of Physics and Chemistry|Norwich University||18024852000|LeRoy|Young|lyoung@norwich.edu|18024852000||158 Harmon Drive||Northfield|NORTHFIELD|Dinse PC|158 Harmon Drive||Northfield|VT|05663|2025-08-15|2028-08-14|1|1|0|0|0|0|0|Norwich University|25-1054|No
I-200-25225-240209|Computer Systems Engineer|Phenom Technology Solutions LLC|Viatris Inc|18145809070|Srinivasulu|Palle|srini@phenomts.com|18145809070||110 Lake St||St Albans||BBI LAW GROUP,P.C.|438 N Frederick Ave|Ste 320|Gaithersburg|MD|20877|2025-08-13|2028-08-12|1|0|0|0|0|1|0|Phenom Technology Solutions LLC|15-1299.08|Yes
I-200-25058-729526|Special Education Teacher|Southwest Vermont Supervisory Union||18024477501|Nick|Gault|Nick.Gault@svsu.org|18027535819||181 Orchard Road||Bennington|BENNINGTON|MCCOWN & EVANS LLP|184 North Street|Suite 1|Bennington|VT|05201|2025-08-13|2028-08-12|1|0|1|0|0|0|0|Southwest Vermont Supervisory Union|25-2056|No
I-200-25058-729526|Special Education Teacher|Southwest Vermont Supervisory Union||18024477501|Nick|Gault|Nick.Gault@svsu.org|18027535819||181 Orchard Road||Bennington|BENNINGTON|MCCOWN & EVANS LLP|184 North Street|Suite 1|Bennington|VT|05201|2025-08-13|2028-08-12|1|0|1|0|0|0|0|Southwest Vermont Supervisory Union|25-2056.00|No
I-200-25086-807340|Psychiatric Services Registered Nurse|The Rutland Regional Hospital Inc||18027473670|Brian|Kerns|bkerns@rrmc.org|18027473670||160 Allen Street||Rutland|RUTLAND|PORTER WRIGHT MORRIS & ARTHUR LLP|160 Allen Street||Rutland|VT|05701|2025-08-12|2028-08-11|1|0|1|0|0|0|0|The Rutland Regional Hospital Inc|29-1141|No
I-200-25178-135596|Registered Nurse|Northwestern Medical Center||18025241266|Erin|LaRocque|elarocque@nmcinc.org|18025241266||133 Fairfield Street||Saint Albans|FRANKLIN|Fragomen Del Rey Bernsen & Loewy LLP|133 Fairfield Street||Saint Albans|VT|05478|2025-08-07|2028-08-06|1|1|0|0|0|0|0|Northwestern Medical Center|29-1141.00|No
I-200-25177-132338|Medical Lab Scientist II|University of Vermont Health Network Medical Group Inc||18028470000|Tania|Hong|Tania.Hong@uvmhealth.org|18028474373||111 Colchester Ave||Burlington|CHITTENDEN|Fragomen Del Rey Bernsen & Loewy LLP|111 Colchester Ave||Burlington|VT|05401|2025-08-07|2028-08-06|1|0|1|0|0|0|0|University of Vermont Health Network Medical Group Inc|29-2011.00|No
I-200-25175-125037|Special Education Teacher|Burlington School District||18028648462|Michelle|Meola|mmeola@bsdvt.org|18028252765||Edmunds Middle School - 275 Main Street||Burlington|CHITTENDEN|MCCOWN & EVANS LLP|150 Colchester Ave||Burlington|VT|05401|2025-08-06|2028-08-05|1|1|0|0|0|0|0|Burlington School District|25-2057.00|No
I-200-25114-901359|Student Success Specialist|Bennington College||18024425401|Heather|Faley|hfaley@bennington.edu|18024404423||One College Drive||Bennington|BENNINGTON|Dinse PC|One College Drive||Bennington|VT|05201|2025-08-04|2028-08-03|1|0|1|0|0|0|0|Bennington College|27-3031|No
I-200-25189-159225|Student Success Specialist|Bennington College||18024425401|Kate|Child|kchild@bennington.edu|18027532491||One College Drive||Bennington||Dinse PC|One College Drive||Bennington|VT|05201|2025-08-04|2028-08-03|1|0|1|0|0|0|0|Bennington College|27-3031.00|No
I-200-25161-073980|Assistant Professor|The University of Vermont||18026564296|Emma|Huse|ischolar@uvm.edu|18026564296||111 Colchester Avenue|Div. of Hematology/Oncology|Burlington|BURLINGTON CITY||633 Main Street|Office of Intl Education - L&L B101|Burlington|VT|05405|2025-08-04|2028-08-03|1|0|0|0|1|0|0|The University of Vermont|25-1071|No
I-200-25160-070449|Assistant Professor|The University of Vermont||18026564296|Emma|Huse|ischolar@uvm.edu|18026564296||111 Colchester Avenue|Dept of Pathology and Laboratory Medicine|Burlington|BURLINGTON CITY||633 Main Street|Office of Intl Education - L&L B101|Burlington|VT|05405|2025-08-04|2028-08-03|1|0|0|0|1|0|0|The University of Vermont|25-1071|No
I-200-25175-123301|Attending Physicians|University of Vermont Health Network Medical Group Inc||18028472005|Meghan|Fay-McCaffrey|meghan.fay-mccaffrey@uvmhealth.org|18028477213||111 Colchester Ave||Burlington|CHITTENDEN|Fragomen Del Rey Bernsen & Loewy LLP|111 Colchester Ave||Burlington|VT|05401|2025-08-04|2028-08-03|1|1|0|0|0|0|0|University of Vermont Health Network Medical Group Inc|29-1229.00|No
I-200-25213-215104|Civil Engineer I  Construction & Structures|State of Vermont||18025952382|Seth|Hisman|seth.hisman@vermont.gov|18025952382||219 North Main Street||Barre||Law Office of Sidney Collier PLC|219 North Main Street||Barre|VT|05641|2025-08-03|2028-08-02|1|1|0|0|0|0|0|State of Vermont|17-2051.00|No
I-200-25142-009847|Clinical Research Coordinator III|University of Vermont Health Network - University of Vermont Medical Center||18028472415|Christa|Varnadoe|Christa.varnadoe@med.uvm.edu|18632249380||111 Colchester Ave||Burlington|CHITTENDEN|Fragomen Del Rey Bernsen & Loewy LLP|111 Colchester Ave||Burlington|VT|05401|2025-08-02|2028-08-01|1|1|0|0|0|0|0|University of Vermont Health Network - University of Vermont Medical Center|11-9121.01|No
I-200-25205-196636|IT Project Manager|PERSISTENT SYSTEMS INC|Vermont Mutual Insurance Group|16504819180|PRAVIN|TARDE|IMMIGRATION@PERSISTENT.COM|14082167010||89 State St||Montpelier||Jethmalani & Nallaseth PLLC|2055 LAURELWOOD ROAD|SUITE 210|SANTA CLARA|CA|95054|2025-08-01|2028-07-31|1|0|0|0|0|0|1|PERSISTENT SYSTEMS INC|15-1299.09|Yes
I-200-25099-846507|Primary Care Physician|Lamoille Health Partners||18028880901|Kayla|MacDonald|kmacdonald@lamoillehealthpartners.org|18028880901||609 Washington Highway||Morrisville|MORRISTOWN|Dinse PC|609 Washington Highway||Morrisville|VT|05661|2025-08-01|2028-07-31|1|0|1|0|0|0|0|Lamoille Health Partners|29-1215|No
I-200-25196-175226|Primary Care Physician|Lamoille Health Partners||18028880901|Christie|Kane|ckane@lamoillehealthpartners.org|18028880901||609 Washington Highway||Morrisville||Dinse PC|609 Washington Highway||Morrisville|VT|05661|2025-08-01|2028-07-31|1|0|1|0|0|0|0|Lamoille Health Partners|29-1215.00|No
I-200-25155-051781|Postdoctoral Associate|The University of Vermont||18026564296|Emma|Huse|ischolar@uvm.edu|18026564296||210 Colchester Avenue|Farrell Hall Room 21|Burlington|BURLINGTON CITY||633 Main Street|Office of Intl Education - L&L B101|Burlington|VT|05405|2025-08-01|2028-07-31|1|0|1|0|0|0|0|The University of Vermont|19-2043|No
I-200-25155-052486|Postdoctoral Associate|The University of Vermont||18026564296|Emma|Huse|ischolar@uvm.edu|18026564296||89 Beaumont Avenue|Given C331 - Dept of Emergency Medicine|Burlington|BURLINGTON CITY||633 Main Street|Office of Intl Education - L&L B101|Burlington|VT|05405|2025-08-01|2028-07-31|1|1|0|0|0|0|0|The University of Vermont|19-1041|No
I-200-25121-927749|Research Assistant Professor|The University of Vermont||18026564296|Emma|Huse|ischolar@uvm.edu|18026564296||140 Kennedy Drive|UVM Extension (and peripatetic)|South Burlington|SOUTH BURLINGTON CITY||633 Main Street|Office of Intl Education - L&L B101|Burlington|VT|05405|2025-08-01|2028-07-31|1|1|0|0|0|0|0|The University of Vermont|19-1011|No
I-200-25029-649990|General Surgeon|Dartmouth-Hitchcock Clinic||16036501319|Cody|Yudkoff|N/A|16036501319||100 Hospital Dr.||Bennington|BENNINGTON|Harter Secrest Emery LLP|One Medical Center Drive||Lebanon|NH|03756|2025-07-31|2028-07-30|1|0|1|0|0|0|0|Dartmouth-Hitchcock Clinic|29-1249|No
I-200-25029-649990|General Surgeon|Dartmouth-Hitchcock Clinic||16036501319|Cody|Yudkoff|N/A|16036501319||100 Hospital Dr.||Bennington|BENNINGTON|Harter Secrest Emery LLP|One Medical Center Drive||Lebanon|NH|03756|2025-07-31|2028-07-30|1|0|1|0|0|0|0|Dartmouth-Hitchcock Clinic|29-1249.00|No
I-200-25043-687272|Staff Engineer, Physical Design|Marvell Semiconductor Inc||14082222500|Ellaine|Teodoro|eteodoro@marvell.com|14082222500||128 Lakeside Ave|Suite  401|Burlington|CHITTENDEN|Fisher & Phillips LLP|5488 Marvell Lane||Santa Clara|CA|95054|2025-07-31|2028-07-30|1|0|1|0|0|0|0|Marvell Semiconductor Inc|17-2072.00|No
I-200-25043-687272|Staff Engineer, Physical Design|Marvell Semiconductor Inc||14082222500|Ellaine|Teodoro|eteodoro@marvell.com|14082222500||128 Lakeside Ave|Suite  401|Burlington|CHITTENDEN|Fisher & Phillips LLP|5488 Marvell Lane||Santa Clara|CA|95054|2025-07-31|2028-07-30|1|0|1|0|0|0|0|Marvell Semiconductor Inc|17-2072|No
I-200-25119-916154|Attending Physician|University of Vermont Health Network Medical Group Inc||18028472415|Dan|Bengyak|Dan.bengyak@uvmhealth.org|18028476190||111 Colchester Ave||Burlington|BERLIN|Fragomen Del Rey Bernsen & Loewy LLP|111 Colchester Ave||Burlington|VT|05401|2025-07-31|2028-07-30|1|1|0|0|0|0|0|University of Vermont Health Network Medical Group Inc|29-1222|No
I-200-25041-679548|Software Development Engineer I|Amazon Development Center U.S. Inc||12062661000|Robert / Enis / Randi|Herreria / Garcia / Brazinski|amazonimmigration@amazon.com|12062661000||510 14th St S||Arlington|ARLINGTON|Ogletree Deakins Nash Smoak & Stewart PC|525 14th St S||Arlington|VA|22202|2025-07-26|2028-07-25|1|0|1|0|0|0|0|Amazon Development Center U.S. Inc|15-1252.00|No
I-200-25024-640558|Software Development Engineer I|Amazon Development Center U.S. Inc||12062661000|Robert / Enis / Randi|Herreria / Garcia / Brazinski|amazonimmigration@amazon.com|12062661000||501 14th St S||Arlington|ARLINGTON|Ogletree Deakins Nash Smoak & Stewart PC|525 14th St S||Arlington|VA|22202|2025-07-26|2028-07-25|1|0|1|0|0|0|0|Amazon Development Center U.S. Inc|15-1252|No
I-200-25041-679548|Software Development Engineer I|Amazon Development Center U.S. Inc||12062661000|Robert / Enis / Randi|Herreria / Garcia / Brazinski|amazonimmigration@amazon.com|12062661000||510 14th St S||Arlington|ARLINGTON|Ogletree Deakins Nash Smoak & Stewart PC|525 14th St S||Arlington|VA|22202|2025-07-26|2028-07-25|1|0|1|0|0|0|0|Amazon Development Center U.S. Inc|15-1252|No
I-200-25024-640558|Software Development Engineer I|Amazon Development Center U.S. Inc||12062661000|Robert / Enis / Randi|Herreria / Garcia / Brazinski|amazonimmigration@amazon.com|12062661000||501 14th St S||Arlington|ARLINGTON|Ogletree Deakins Nash Smoak & Stewart PC|525 14th St S||Arlington|VA|22202|2025-07-26|2028-07-25|1|0|1|0|0|0|0|Amazon Development Center U.S. Inc|15-1252.00|No
I-200-25168-100923|Assistant Professor|The University of Vermont||18026564296|Emma|Huse|ischolar@uvm.edu|18026564296||111 Colchester Avenue|Dept of Neurological Sciences|Burlington|BURLINGTON CITY||633 Main Street|Office of Intl Education - L&L B101|Burlington|VT|05405|2025-07-25|2028-07-24|1|0|1|0|0|0|0|The University of Vermont|25-1071|No
I-200-25136-985514|Pediatric Neurologist|University of Vermont Health Network Medical Group Inc||18028472005|Dan|Bengyak|UVMHNMedicalGroup-ProfessionalsServices@uvmhealth.org|13476843073||111 Colchester Ave||Burlington|BURLINGTON CITY|FRAGOMEN DEL REY BERNSEN & LOEWY LLP|111 Colchester Ave||Burlington|VT|05401|2025-07-25|2028-07-24|1|0|1|0|0|0|0|University of Vermont Health Network Medical Group Inc|29-1217|No
I-200-25141-002403|Assistant Professor|The University of Vermont||18026564296|Emma|Huse|ischolar@uvm.edu|18026564296||111 Colchester Avenue|Patrick 1, Dept of Radiology|Burlington|BURLINGTON CITY||633 Main Street|Office of Intl Education - L&L B101|Burlington|VT|05405|2025-07-21|2028-07-20|1|0|0|0|1|0|0|The University of Vermont|25-1071|No
I-200-25083-798490|Academic Services Professional|The University of Vermont||18026564296|Emma|Huse|ischolar@uvm.edu|18026564296||50 University Heights|Patrick Leahy Honors College|Burlington|BURLINGTON CITY||633 Main Street|Office of Intl Education - L&L B101|Burlington|VT|05405|2025-07-18|2028-07-17|1|1|0|0|0|0|0|The University of Vermont|21-1012|No
I-200-25083-798490|Academic Services Professional|The University of Vermont||18026564296|Emma|Huse|ischolar@uvm.edu|18026564296||50 University Heights|Patrick Leahy Honors College|Burlington|BURLINGTON CITY||633 Main Street|Office of Intl Education - L&L B101|Burlington|VT|05405|2025-07-18|2028-07-17|1|1|0|0|0|0|0|The University of Vermont|21-1012.00|No
I-200-25013-613986|Director of Engineering|Omega Optical LLC||18022517367|Jennifer|LoCascio|jlocascio@omegafilters.com|18022517367||21 Omega Dr||Brattleboro|WINDHAM|John J. Boudia & Associates P.L.C.|21 Omega Drive||Brattleboro|VT|05301|2025-07-15|2028-07-14|1|0|1|0|0|0|0|Omega Optical LLC|17-2071|No
I-200-25013-613986|Director of Engineering|Omega Optical LLC||18022517367|Jennifer|LoCascio|jlocascio@omegafilters.com|18022517367||21 Omega Dr||Brattleboro|WINDHAM|John J. Boudia & Associates P.L.C.|21 Omega Drive||Brattleboro|VT|05301|2025-07-15|2028-07-14|1|0|1|0|0|0|0|Omega Optical LLC|17-2071.00|No
I-200-25175-124897|Staff Accountant|Pompanoosuc Mills Corp||18027854852|Nicholas|Levlocke III|nicholas.levlocke@pompy.com|18027854852||3184 Route 5||East Thetford|ORANGE|Law Offices of Weicheng Wang|3184 Route 5||East Thetford|VT|05043|2025-07-15|2028-07-14|1|1|0|0|0|0|0|Pompanoosuc Mills Corp|13-2011.00|No
I-200-25013-614317|Pediatrician|University of Vermont Health Network Medical Group Inc|Porter Medical Center|18028472415|Allen|Mead|Allen.Mead@UVMHealth.org|18029999381||44 Collins Dr||Middlebury|ADDISON|Dentons Cohen & Grigsby PC|111 Colchester Ave||Burlington|VT|05401|2025-07-11|2028-07-10|1|0|1|0|0|0|0|University of Vermont Health Network Medical Group Inc|29-1221.00|No
I-200-25013-614317|Pediatrician|University of Vermont Health Network Medical Group Inc|Porter Medical Center|18028472415|Allen|Mead|Allen.Mead@UVMHealth.org|18029999381||44 Collins Dr||Middlebury|ADDISON|Dentons Cohen & Grigsby PC|111 Colchester Ave||Burlington|VT|05401|2025-07-11|2028-07-10|1|0|1|0|0|0|0|University of Vermont Health Network Medical Group Inc|29-1221|No
I-200-25009-606514|Pulmonology Physician/Medical Director, Intensive Care Unit|Dartmouth-Hitchcock Clinic||16036501319|Cody|Yudkoff|N/A|16036501319||100 Hospital Dr.||Bennington|BENNINGTON|Harter Secrest Emery LLP|One Medical Center Drive||Lebanon|NH|03756|2025-07-11|2028-07-10|1|0|0|0|0|0|1|Dartmouth-Hitchcock Clinic|29-1229|No
I-200-25009-606514|Pulmonology Physician/Medical Director, Intensive Care Unit|Dartmouth-Hitchcock Clinic||16036501319|Cody|Yudkoff|N/A|16036501319||100 Hospital Dr.||Bennington|BENNINGTON|Harter Secrest Emery LLP|One Medical Center Drive||Lebanon|NH|03756|2025-07-11|2028-07-10|1|0|0|0|0|0|1|Dartmouth-Hitchcock Clinic|29-1229.00|No
I-200-25155-051093|Assistant Professor|The University of Vermont||18026564296|Emma|Huse|ischolar@uvm.edu|18026564296||111 Colchester Avenue|Dept of Medicine - Hematology/Oncology|Burlington|BURLINGTON CITY||633 Main Street|Office of Intl Education - L&L B101|Burlington|VT|05405|2025-07-11|2028-07-10|1|0|1|0|0|0|0|The University of Vermont|25-1071|No
I-200-25051-711365|Assistant Director, Interfaith Center (Stud. Services Prof.)|The University of Vermont||18026564296|Emma|Huse|ischolar@uvm.edu|18026564296||400 South Prospect Street|Interfaith Center|Burlington|BURLINGTON CITY||633 Main Street|Office of Intl Education - L&L B101|Burlington|VT|05405|2025-07-11|2028-07-10|1|0|0|1|0|0|0|The University of Vermont|21-2021|No
I-200-25134-976399|Assistant Professor|The University of Vermont||18026564296|Emma|Huse|ischolar@uvm.edu|18026564296||1 South Prospect Street|UHC-Arnold 2, Dept of Neurological Sciences|Burlington|BURLINGTON CITY||633 Main Street|Office of Intl Education - L&L B101|Burlington|VT|05405|2025-07-11|2028-07-10|1|0|1|0|0|0|0|The University of Vermont|25-1071|No
I-200-25155-051551|Assistant Professor|The University of Vermont||18026564296|Emma|Huse|ischolar@uvm.edu|18026564296||111 Colchester Avenue|Division of Rheumatology|Burlington|BURLINGTON CITY||633 Main Street|Office of Intl Education - L&L B101|Burlington|VT|05405|2025-07-11|2028-07-10|1|0|1|0|0|0|0|The University of Vermont|25-1071|No
I-200-25051-711365|Assistant Director, Interfaith Center (Stud. Services Prof.)|The University of Vermont||18026564296|Emma|Huse|ischolar@uvm.edu|18026564296||400 South Prospect Street|Interfaith Center|Burlington|BURLINGTON CITY||633 Main Street|Office of Intl Education - L&L B101|Burlington|VT|05405|2025-07-11|2028-07-10|1|0|0|1|0|0|0|The University of Vermont|21-2021.00|No
I-200-25098-843388|Assistant Professor|The University of Vermont||18026564296|Emma|Huse|ischolar@uvm.edu|18026564296||111 Colchester Avenue|Dept. of Radiology|Burlington|BURLINGTON CITY||633 Main Street|Office of Intl Education - L&L B101|Burlington|VT|05405|2025-07-11|2028-07-10|1|0|1|0|0|0|0|The University of Vermont|25-1071|No
I-200-25015-619739|Attending Physician|University of Vermont Health Network Medical Group||18025574438|Jason|Sanders|Jason.sanders@uvmhealth.org|18028476190||111 Colchester Avenue||Burlington|CHITTENDEN|Dentons Cohen & Grigsby PC|111 Colchester Ave||Burlington|VT|05401|2025-07-11|2028-07-10|1|0|1|0|0|0|0|University of Vermont Health Network Medical Group|29-1229|No
I-200-25010-609538|Attending Physician|University of Vermont Health Network Medical Group||18025574438|Jason|Sanders|Jason.sanders@uvmhealth.org|18028476190||111 Colchester Ave||Burlington|CHITTENDEN|Dentons Cohen & Grigsby PC|111 Colchester Ave||Burlington|VT|05401|2025-07-11|2028-07-10|1|0|1|0|0|0|0|University of Vermont Health Network Medical Group|29-1229.00|No
I-200-25073-776208|Attending Physician|University of Vermont Health Network Medical Group||18025574438|Dan|Bengyak|UVMHNMedicalGroup-ProfessionalServices@uvmhealth.org|13476843073||111 Colchester Avenue||Burlington|CHITTENDEN|Fragomen Del Rey Bernsen & Loewy LLP|111 Colchester Ave||Burlington|VT|05401|2025-07-11|2028-07-10|1|0|0|0|0|0|1|University of Vermont Health Network Medical Group|29-1229|No
I-200-25015-619739|Attending Physician|University of Vermont Health Network Medical Group||18025574438|Jason|Sanders|Jason.sanders@uvmhealth.org|18028476190||111 Colchester Avenue||Burlington|CHITTENDEN|Dentons Cohen & Grigsby PC|111 Colchester Ave||Burlington|VT|05401|2025-07-11|2028-07-10|1|0|1|0|0|0|0|University of Vermont Health Network Medical Group|29-1229.00|No
I-200-25010-609538|Attending Physician|University of Vermont Health Network Medical Group||18025574438|Jason|Sanders|Jason.sanders@uvmhealth.org|18028476190||111 Colchester Ave||Burlington|CHITTENDEN|Dentons Cohen & Grigsby PC|111 Colchester Ave||Burlington|VT|05401|2025-07-11|2028-07-10|1|0|1|0|0|0|0|University of Vermont Health Network Medical Group|29-1229|No
I-200-25073-776208|Attending Physician|University of Vermont Health Network Medical Group||18025574438|Dan|Bengyak|UVMHNMedicalGroup-ProfessionalServices@uvmhealth.org|13476843073||111 Colchester Avenue||Burlington|CHITTENDEN|Fragomen Del Rey Bernsen & Loewy LLP|111 Colchester Ave||Burlington|VT|05401|2025-07-11|2028-07-10|1|0|0|0|0|0|1|University of Vermont Health Network Medical Group|29-1229.00|No
I-200-25049-703763|Attending Physician|University of Vermont Health Network Medical Group Inc||18028472415|Allen|Mead|ALLEN.MEAD@UVMHEALTH.ORG|18028470000||111 Colchester Ave||Burlington|CHITTENDEN|Fragomen Del Rey Bernsen & Loewy LLP|111 Colchester Ave||Burlington|VT|05401|2025-07-11|2028-07-10|1|0|1|0|0|0|0|University of Vermont Health Network Medical Group Inc|29-1229|No
I-200-25013-614112|Hematologist/Oncologist|University of Vermont Health Network Medical Group Inc||18028472415|Kevin|Vest|kevin.vest@uvmhealth.org|12038245003||111 Colchester Ave||Burlington|CHITTENDEN|Dentons Cohen & Grigsby PC|111 Colchester Ave||Burlington|VT|05401|2025-07-11|2028-07-10|1|0|1|0|0|0|0|University of Vermont Health Network Medical Group Inc|29-1229|No
I-200-25013-614112|Hematologist/Oncologist|University of Vermont Health Network Medical Group Inc||18028472415|Kevin|Vest|kevin.vest@uvmhealth.org|12038245003||111 Colchester Ave||Burlington|CHITTENDEN|Dentons Cohen & Grigsby PC|111 Colchester Ave||Burlington|VT|05401|2025-07-11|2028-07-10|1|0|1|0|0|0|0|University of Vermont Health Network Medical Group Inc|29-1229.00|No
I-200-25049-703763|Attending Physician|University of Vermont Health Network Medical Group Inc||18028472415|Allen|Mead|ALLEN.MEAD@UVMHEALTH.ORG|18028470000||111 Colchester Ave||Burlington|CHITTENDEN|Fragomen Del Rey Bernsen & Loewy LLP|111 Colchester Ave||Burlington|VT|05401|2025-07-11|2028-07-10|1|0|1|0|0|0|0|University of Vermont Health Network Medical Group Inc|29-1229.00|No
I-200-25156-057722|Web & Mobile Applications Development Tech Lead|National Life Insurance Company||18022293209|Heather|Funk|hfunk@nationallife.com|18022293209||One National Life Drive||Montpelier|WASHINGTON|Margaret W. Wong & Associates LLC|One National Life Drive||Montpelier|VT|05602|2025-07-08|2028-07-07|1|0|0|0|0|1|0|National Life Insurance Company|15-1252|No
I-200-25156-057623|Applications Development Tech Lead|National Life Insurance Company||18022293209|Heather|Funk|hfunk@nationallife.com|18022293209||One National Life Drive||Montpelier|WASHINGTON|Margaret W. Wong & Associates LLC|One National Life Drive||Montpelier|VT|05602|2025-07-08|2028-07-07|1|0|0|0|0|1|0|National Life Insurance Company|15-1252|No
I-200-25157-061887|Assistant Professor|The University of Vermont||18026564296|Emma|Huse|ischolar@uvm.edu|18026564296||62 Tilley Drive|Dept of Medicine, Div of Endocrinology & Diabetes|South Burlington|SOUTH BURLINGTON CITY||633 Main Street|Office of Intl Education - L&L B101|Burlington|VT|05405|2025-07-07|2028-07-06|1|0|0|0|1|0|0|The University of Vermont|25-1071|No
I-200-25122-932714|Attending Physician|University of Vermont Medical Health Network Medical Group Inc||18028470074|Dan|Bengyak|dan.bengyak@uvmhealth.org|13476843073||111 Colchester Ave||Burlington|BURLINGTON CITY|Fragomen Del Rey Bernsen & Loewy LLP|111 Colchester Ave||Burlington|VT|05401|2025-07-07|2028-07-06|1|1|0|0|0|0|0|University of Vermont Medical Health Network Medical Group Inc|29-1229|No
I-200-25021-632386|Lead Software Engineer|Cox Automotive Corporate Services LLC||16786458623|Salomi/Kathleen|Chokshi/Jennings|salomi.chokshi@coxautoinc.com|15167343650||1 Howard Street||Burlington|CHITTENDEN|Fragomen Del Rey Bernsen & Loewy LLP|6205 Peachtree Dunwoody Road||Atlanta|GA|30328|2025-07-06|2028-07-05|1|0|0|1|0|0|0|Cox Automotive Corporate Services LLC|15-1299.09|No
I-200-25021-632386|Lead Software Engineer|Cox Automotive Corporate Services LLC||16786458623|Salomi/Kathleen|Chokshi/Jennings|salomi.chokshi@coxautoinc.com|15167343650||1 Howard Street||Burlington|CHITTENDEN|Fragomen Del Rey Bernsen & Loewy LLP|6205 Peachtree Dunwoody Road||Atlanta|GA|30328|2025-07-06|2028-07-05|1|0|0|1|0|0|0|Cox Automotive Corporate Services LLC|15-1299.09|No
I-200-25092-824407|Assistant Professor of Game Programming|Champlain College Inc||18028602721|Gwen|Goodman|ggoodman@champlain.edu|18028655440||163 South Willard Street||Burlington|BURLINGTON CITY|Dinse PC|163 South Willard Street||Burlington|VT|05401|2025-07-01|2028-06-30|1|0|1|0|0|0|0|Champlain College Inc|25-1021|No
I-200-25156-058462|Assistant Professor of Game Design|Champlain College Inc||18028602721|Gwen|Goodman|ggoodman@champlain.edu|18028655400||163 South Willard Street||Burlington|BURLINGTON CITY|Dinse PC|163 South Willard Street||Burlington|VT|05401|2025-07-01|2028-06-30|1|1|0|0|0|0|0|Champlain College Inc|25-1121|No
I-200-25178-134099|Lead Software Engineer|Cox Automotive Corporate Services LLC||16786458623|Salomi/Kathleen|Chokshi/Jennings|salomi.chokshi@coxautoinc.com|15167343650||1 Howard Street||Burlington|BURLINGTON CITY|Fragomen Del Rey Bernsen & Loewy LLP|6205 Peachtree Dunwoody Road||Atlanta|GA|30328|2025-07-01|2028-06-30|1|0|0|0|0|0|1|Cox Automotive Corporate Services LLC|15-1299.09|No
I-200-25181-143162|VP Operations & NPD (Food Supplements)|LongTrail Labs Inc||18025220031|William|Reilly|bill@longtraillabs.com|18025220031||140 Chase Ct||Essex Junction|CHITTENDEN|Mannam & Associates LLC|8 Harbor View Road||South Burlington|VT|05403|2025-07-01|2028-06-30|1|0|0|0|0|1|0|LongTrail Labs Inc|19-1012.00|No
I-200-25161-076466|Assistant Professor of Anthropology|The President & Fellows of Middlebury College||18024435858|Natalie|Steen|nsteen@middlebury.edu|18024435004||14 Old Chapel Road||Middlebury|ADDISON|Green & Spiegel LLC|14 Old Chapel Road||Middlebury|VT|05753|2025-07-01|2028-06-30|1|0|0|0|0|0|1|The President & Fellows of Middlebury College|25-1061|No
I-200-25143-013575|Assistant Professor of French & Francophone Studies|The President & Fellows of Middlebury College||18024435858|Natalie|Steen|nsteen@middlebury.edu|18024435004||14 Old Chapel Road||Middlebury|ADDISON|Green & Spiegel LLC|14 Old Chapel Road||Middlebury|VT|05753|2025-07-01|2028-06-30|1|1|0|0|0|0|0|The President & Fellows of Middlebury College|25-1124|No
I-200-25079-791469|Visiting Assistant Professor of Psychology|The President & Fellows of Middlebury College||18024435858|Natalie|Steen|nsteen@middlebury.edu|18024435004||14 Old Chapel Road||Middlebury|ADDISON|Green & Spiegel LLC|14 Old Chapel Road||Middlebury|VT|05753|2025-07-01|2028-06-30|1|1|0|0|0|0|0|The President & Fellows of Middlebury College|25-1066.00|No
I-200-25128-953220|Instructor of French & Francophone Studies|The President & Fellows of Middlebury College||18024435858|Natalie|Steen|nsteen@middlebury.edu|18024435004||14 Old Chapel Road||Middlebury|ADDISON|Green & Spiegel LLC|14 Old Chapel Road||Middlebury|VT|05753|2025-07-01|2028-06-30|1|1|0|0|0|0|0|The President & Fellows of Middlebury College|25-1124|No
I-200-25168-102085|Assistant Professor of Anthropology|The President & Fellows of Middlebury College||18024435858|Natalie|Steen|nsteen@middlebury.edu|18024435004||14 Old Chapel Road||Middlebury|ADDISON|Green & Spiegel LLC|14 Old Chapel Road||Middlebury|VT|05753|2025-07-01|2028-06-30|1|0|0|0|0|0|1|The President & Fellows of Middlebury College|25-1061|No
I-200-25111-884626|Assistant Professor of Chinese|The President & Fellows of Middlebury College||18024435858|Natalie|Steen|nsteen@middlebury.edu|18024435004||14 Old Chapel Road||Middlebury|ADDISON|Green & Spiegel LLC|14 Old Chapel Road||Middlebury|VT|05753|2025-07-01|2028-06-30|1|1|0|0|0|0|0|The President & Fellows of Middlebury College|25-1124|No
I-200-25073-776922|Assistant Professor of Computer Science|The President & Fellows of Middlebury College||18024435858|Natalie|Steen|nsteen@middlebury.edu|18024435004||14 Old Chapel Road||Middlebury|ADDISON|Green & Spiegel LLC|14 Old Chapel Road||Middlebury|VT|05753|2025-07-01|2028-06-30|1|0|1|0|0|0|0|The President & Fellows of Middlebury College|25-1021|No
I-200-25079-791469|Visiting Assistant Professor of Psychology|The President & Fellows of Middlebury College||18024435858|Natalie|Steen|nsteen@middlebury.edu|18024435004||14 Old Chapel Road||Middlebury|ADDISON|Green & Spiegel LLC|14 Old Chapel Road||Middlebury|VT|05753|2025-07-01|2028-06-30|1|1|0|0|0|0|0|The President & Fellows of Middlebury College|25-1066|No
I-200-25073-776922|Assistant Professor of Computer Science|The President & Fellows of Middlebury College||18024435858|Natalie|Steen|nsteen@middlebury.edu|18024435004||14 Old Chapel Road||Middlebury|ADDISON|Green & Spiegel LLC|14 Old Chapel Road||Middlebury|VT|05753|2025-07-01|2028-06-30|1|0|1|0|0|0|0|The President & Fellows of Middlebury College|25-1021.00|No
I-200-25111-884646|Assistant Professor of History|The President & Fellows of Middlebury College||18024435858|Natalie|Steen|nsteen@middlebury.edu|18024435004||14 Old Chapel Road||Middlebury|ADDISON|Green & Spiegel LLC|14 Old Chapel Road||Middlebury|VT|05753|2025-07-01|2028-06-30|1|0|1|0|0|0|0|The President & Fellows of Middlebury College|25-1125|No
I-200-25105-867400|Visiting Assistant Professor of Anthropology|The President & Fellows of Middlebury College||18024435858|Natalie|Steen|nsteen@middlebury.edu|18024435004||14 Old Chapel Road||Middlebury|ADDISON|Green & Spiegel LLC|14 Old Chapel Road||Middlebury|VT|05753|2025-07-01|2028-06-30|1|1|0|0|0|0|0|The President & Fellows of Middlebury College|25-1061|No
I-200-25205-198070|Associate Professor of History|The President & Fellows of Middlebury College||18024435858|Natalie|Steen|nsteen@middlebury.edu|18024435004||14 Old Chapel Road||Middlebury||Green & Spiegel LLC|14 Old Chapel Road||Middlebury|VT|05753|2025-07-24|2028-06-30|1|0|0|0|0|0|1|The President & Fellows of Middlebury College|25-1125.00|No
I-200-25003-591547|Ticket Office Manager|The University of Vermont||18026564296|Emma|Huse|ischolar@uvm.edu|18026564296||97 Spear Street||Burlington|BURLINGTON CITY||633 Main Street|Office of Intl Education - L&L B101|Burlington|VT|05405|2025-07-01|2028-06-30|1|1|0|0|0|0|0|The University of Vermont|11-9072.00|No
I-200-25045-693839|Postdoctoral Associate|The University of Vermont||18026564296|Emma|Huse|ischolar@uvm.edu|18026564296||89 Beaumont Ave|Given C201|Burlington|BURLINGTON CITY||633 Main Street|Office of Intl Education - L&L B101|Burlington|VT|05405|2025-07-01|2028-06-30|1|1|0|0|0|0|0|The University of Vermont|19-1042|No
I-200-25003-591547|Ticket Office Manager|The University of Vermont||18026564296|Emma|Huse|ischolar@uvm.edu|18026564296||97 Spear Street||Burlington|BURLINGTON CITY||633 Main Street|Office of Intl Education - L&L B101|Burlington|VT|05405|2025-07-01|2028-06-30|1|1|0|0|0|0|0|The University of Vermont|11-9072|No
I-200-25121-927894|Assistant Professor|The University of Vermont||18026564296|Emma|Huse|ischolar@uvm.edu|18026564296||111 Colchester Ave|Patrick 1, Dept of Radiology|Burlington|BURLINGTON CITY||633 Main Street|Office of Intl Education - L&L B101|Burlington|VT|05405|2025-07-01|2028-06-30|1|0|1|0|0|0|0|The University of Vermont|25-1071|No
I-200-25045-693839|Postdoctoral Associate|The University of Vermont||18026564296|Emma|Huse|ischolar@uvm.edu|18026564296||89 Beaumont Ave|Given C201|Burlington|BURLINGTON CITY||633 Main Street|Office of Intl Education - L&L B101|Burlington|VT|05405|2025-07-01|2028-06-30|1|1|0|0|0|0|0|The University of Vermont|19-1042.00|No
I-200-25178-135248|Attending Physician|University of Vermont Health Network Medical Group Inc||18448864325|Meghan|Fay-McCaffrey|UVMHNMedicalGroup-ProfessionalServices@uvmhealth.org|18028477213||111 Colchester Ave||Burlington|CHITTENDEN|Fragomen Del Rey Bernsen & Loewy LLP|111 Colchester Ave||Burlington|VT|05401|2025-07-01|2028-06-30|1|0|0|0|0|0|1|University of Vermont Health Network Medical Group Inc|29-1229.00|No
I-200-25128-952675|Associate Professor of Law|Vermont Law and Graduate School||18028311068|Kelli|Eckroth|keckroth@vermontlaw.edu|18028311068||164 Chelsea Street||South Royalton|PROCTOR|Dinse PC|164 Chelsea Street|P.O. Box 96|South Royalton|VT|05068|2025-07-01|2028-06-30|1|1|0|0|0|0|0|Vermont Law and Graduate School|25-1112|No
I-200-25044-690610|Quality Engineer Manager|iPipeline Inc||14848706306|Sharon|Harrison|sharrison@ipipeline.com|14848706306||286 Creeks Edge Drive||Williston|CHITTENDEN|Ogletree Deakins|222 Valley Creek Boulevard|Suite 300|Exton|PA|19341|2025-07-01|2028-06-30|1|0|0|0|0|0|1|iPipeline Inc|15-1253.00|No
I-200-25044-690610|Quality Engineer Manager|iPipeline Inc||14848706306|Sharon|Harrison|sharrison@ipipeline.com|14848706306||286 Creeks Edge Drive||Williston|CHITTENDEN|Ogletree Deakins|222 Valley Creek Boulevard|Suite 300|Exton|PA|19341|2025-07-01|2028-06-30|1|0|0|0|0|0|1|iPipeline Inc|15-1253|No
I-200-25170-112996|Business Analyst|ETECH GLOBAL IT SOLUTIONS LLC|Blue Cross Blue Shield of Vermont|15306756830|Sugathri Reddy|Guda|info@etechglobalit.com|15306756830||445 Industrial Lane||Berlin|WASHINGTON|THE LAW FIRM OF SIM PARVATHANENI & BROWN PLLC|4598 S TRACY BLVD|SUITE 100-B|TRACY|CA|95377|2025-06-24|2028-06-23|1|1|0|0|0|0|0|ETECH GLOBAL IT SOLUTIONS LLC|15-2051.01|Yes
I-200-25141-001633|Manager, Business Analytics|CVS Pharmacy Inc||14017701621|Paul|Messenger|ImmigrationSupport@CVSHealth.com|14017701621||121 Shea Drive|Unit 212|Colchester|CHITTENDEN|Ogletree Deakins Nash Smoak & Stewart PC|1 CVS Drive||Woonsocket|RI|02895|2025-06-24|2028-06-23|1|0|0|0|0|1|0|CVS Pharmacy Inc|15-2051|No
I-200-25148-026511|SMTS Device Engineering|GlobalFoundries U.S. 2 LLC||15182226552|Jarin|Ahmed|jarin.ahmed@globalfoundries.com|15189710761||1000 River St||Essex Junction|ESSEX|Greenberg Traurig LLP|400 Stonebreak Road Ext.||Malta|NY|12020|2025-06-14|2028-06-13|1|0|0|1|0|0|0|GlobalFoundries U.S. 2 LLC|17-2072|No
I-200-25155-049024|Principal Eng Test Engineering|GlobalFoundries U.S. 2 LLC||15182226552|Jarin|Ahmed|jarin.ahmed@globalfoundries.com|15189710761||1000 River St||Essex Junction|ESSEX|Greenberg Traurig LLP|400 Stonebreak Road Ext.||Malta|NY|12020|2025-06-13|2028-06-12|1|0|0|1|0|0|0|GlobalFoundries U.S. 2 LLC|17-2071|No
I-200-25148-026466|Principal Eng Test Engineering|GlobalFoundries U.S. 2 LLC||15182226552|Jarin|Ahmed|jarin.ahmed@globalfoundries.com|15189710761||1000 River St||Essex Junction|ESSEX|Greenberg Traurig LLP|400 Stonebreak Road Ext.||Malta|NY|12020|2025-06-09|2028-06-08|1|0|0|1|0|0|0|GlobalFoundries U.S. 2 LLC|17-2071|No
I-200-25128-953415|Sr Cancer Research Program Coordinator|University of Vermont Health Network - University of Vermont Medical Center||18028472415|Naomi|Kpesse|naomi.kpesse@uvmhealth.org|18025423078||111 Colchester Avenue||Burlington|CHITTENDEN|Fragomen Del Rey Bernsen & Loewy LLP|111 Colchester Ave||Burlington|VT|05401|2025-06-09|2028-06-08|1|1|0|0|0|0|0|University of Vermont Health Network - University of Vermont Medical Center|11-9121.01|No
I-200-25147-018460|Dentist|The Richford Health Center Inc||18022555518|Lianne|Trombley|ltrombley@notchvt.org|18022555518||44 Main Street|Suite 400|Richford|FRANKLIN|Dinse PC|44 Main Street|Suite 200|Richford|VT|05476|2025-06-05|2028-06-04|1|0|0|0|0|0|1|The Richford Health Center Inc|29-1021|No
I-200-25177-131784|Lecturer|The University of Vermont||18026564296|Emma|Huse|ischolar@uvm.edu|18026564296||33 Colchester Avenue|Votey Hall, Dept of Mechanical Engineering|Burlington|BURLINGTON CITY||633 Main Street|Office of Intl Education - L&L B101|Burlington|VT|05405|2025-09-02|2028-05-31|1|1|0|0|0|0|0|The University of Vermont|25-1032.00|No
I-200-25161-073219|Lecturer|The University of Vermont||18026564296|Emma|Huse|ischolar@uvm.edu|18026564296||72 University Place|Williams Hall 304|Burlington|BURLINGTON CITY||633 Main Street|Office of Intl Education - L&L B101|Burlington|VT|05405|2025-08-18|2028-05-31|1|1|0|0|0|0|0|The University of Vermont|25-1122|No
I-200-25007-600843|Lecturer|The University of Vermont||18026564296|Emma|Huse|ischolar@uvm.edu|18026564296||85 S. Prospect Street|Waterman 404|Burlington|BURLINGTON CITY||633 Main Street|Office of Intl Education - L&L B101|Burlington|VT|05405|2025-06-01|2028-05-31|1|0|1|0|0|0|0|The University of Vermont|25-1081.00|No
I-200-25007-600843|Lecturer|The University of Vermont||18026564296|Emma|Huse|ischolar@uvm.edu|18026564296||85 S. Prospect Street|Waterman 404|Burlington|BURLINGTON CITY||633 Main Street|Office of Intl Education - L&L B101|Burlington|VT|05405|2025-06-01|2028-05-31|1|0|1|0|0|0|0|The University of Vermont|25-1081|No
I-200-25161-073230|Lecturer|The University of Vermont||18026564296|Emma|Huse|ischolar@uvm.edu|18026564296||105 Carrigan Drive|Dept of Plant Biology, Marsh Life Sciences|Burlington|BURLINGTON CITY||633 Main Street|Office of Intl Education - L&L B101|Burlington|VT|05405|2025-08-01|2028-05-31|1|1|0|0|0|0|0|The University of Vermont|25-1042|No
I-200-25121-927597|Lecturer|The University of Vermont||18026564296|Emma|Huse|ischolar@uvm.edu|18026564296||82 University Place|Department of Physics|Burlington|BURLINGTON CITY||633 Main Street|Office of Intl Education - L&L B101|Burlington|VT|05405|2025-07-01|2028-05-31|1|1|0|0|0|0|0|The University of Vermont|25-1054|No
I-200-25071-768509|Lecturer|The University of Vermont||18026564296|Emma|Huse|ischolar@uvm.edu|18026564296||85 S. Prospect Street|School for World Languages and Cultures|Burlington|CHITTENDEN||633 Main Street|Office of Intl Education - L&L B101|Burlington|VT|05405|2025-07-29|2028-05-31|1|1|0|0|0|0|0|The University of Vermont|25-1124|No
I-200-25071-768509|Lecturer|The University of Vermont||18026564296|Emma|Huse|ischolar@uvm.edu|18026564296||85 S. Prospect Street|School for World Languages and Cultures|Burlington|CHITTENDEN||633 Main Street|Office of Intl Education - L&L B101|Burlington|VT|05405|2025-07-29|2028-05-31|1|1|0|0|0|0|0|The University of Vermont|25-1124.00|No
I-200-25223-234667|Lecturer|The University of Vermont and State Agricultural College||18026564296|Emma|Huse|ischolar@uvm.edu|18026564296||82 University Place|Innovation Hall, Dept. of Mathematics & Statistics|Burlington|||633 Main Street|Office of Intl Education - L&L B101|Burlington|VT|05405|2025-08-18|2028-05-31|1|1|0|0|0|0|0|The University of Vermont and State Agricultural College|25-1022.00|No
I-200-25118-913742|Sr Cancer Research Program Coordinator|University of Vermont Health Network - University of Vermont Medical Center||18028472415|Naomi|Kpesse|naomi.kpesse@uvmhealth.org|18025423078||111 Colchester Ave||Burlington|CHITTENDEN|Fragomen Del Rey Bernsen & Loewy LLP|111 Colchester Ave||Burlington|VT|05401|2025-05-26|2028-05-25|1|1|0|0|0|0|0|University of Vermont Health Network - University of Vermont Medical Center|11-9121.01|No
I-200-25113-893762|Software Engineering Manager - Sensing & Controls|Simmonds Precision Products Inc||14102664603|Cissy|Sams|cissy.sams@collins.com|14102664603||100 Panton Road||Vergennes|ADDISON|Robinson & Cole LLP|100 Panton Road||Vergennes|VT|05491|2025-05-19|2028-05-18|1|0|0|0|0|0|1|Simmonds Precision Products Inc|11-3021|No
I-200-24362-573421|OP Ambulatory Clinical Pharmacist, Specialty Pharmacy|University of Vermont Health Network - University of Vermont Medical Center||18028470000|Mark|DiParlo|Mark.Diparlo@uvmhealth.org|18028472622||111 Colchester Ave||Burlington|CHITTENDEN|Dentons Cohen & Grigsby PC|111 Colchester Ave||Burlington|VT|05401|2025-05-18|2028-05-17|1|1|0|0|0|0|0|University of Vermont Health Network - University of Vermont Medical Center|29-1051|No
I-200-24362-573421|OP Ambulatory Clinical Pharmacist, Specialty Pharmacy|University of Vermont Health Network - University of Vermont Medical Center||18028470000|Mark|DiParlo|Mark.Diparlo@uvmhealth.org|18028472622||111 Colchester Ave||Burlington|CHITTENDEN|Dentons Cohen & Grigsby PC|111 Colchester Ave||Burlington|VT|05401|2025-05-18|2028-05-17|1|1|0|0|0|0|0|University of Vermont Health Network - University of Vermont Medical Center|29-1051.00|No
I-200-24351-545284|OP Ambulatory Clinical Pharmacist, Specialty Pharmacy|University of Vermont Health Network - University of Vermont Medical Center||18028470000|Mark|DiParlo|Mark.Diparlo@uvmhealth.org|18028472622||111 Colchester Ave||Burlington|CHITTENDEN|Dentons Cohen & Grigsby PC|111 Colchester Ave||Burlington|VT|05401|2025-05-18|2028-05-17|1|1|0|0|0|0|0|University of Vermont Health Network - University of Vermont Medical Center|29-1051.00|No
I-200-24351-545284|OP Ambulatory Clinical Pharmacist, Specialty Pharmacy|University of Vermont Health Network - University of Vermont Medical Center||18028470000|Mark|DiParlo|Mark.Diparlo@uvmhealth.org|18028472622||111 Colchester Ave||Burlington|CHITTENDEN|Dentons Cohen & Grigsby PC|111 Colchester Ave||Burlington|VT|05401|2025-05-18|2028-05-17|1|1|0|0|0|0|0|University of Vermont Health Network - University of Vermont Medical Center|29-1051.00|No
I-200-24351-545284|OP Ambulatory Clinical Pharmacist, Specialty Pharmacy|University of Vermont Health Network - University of Vermont Medical Center||18028470000|Mark|DiParlo|Mark.Diparlo@uvmhealth.org|18028472622||111 Colchester Ave||Burlington|CHITTENDEN|Dentons Cohen & Grigsby PC|111 Colchester Ave||Burlington|VT|05401|2025-05-18|2028-05-17|1|1|0|0|0|0|0|University of Vermont Health Network - University of Vermont Medical Center|29-1051|No
I-200-25118-910167|Senior Software Quality Assurance Analyst and Tester|HTC GLOBAL SERVICES INC|Blue Cross Blue Shield of Vermont|12487862500|SURESH|SUBRAMANIAN|IMMIGRATION@HTCINC.COM|12487862500|109|445 Industrial Ln||Berlin|WASHINGTON||3270 WEST BIG BEAVER ROAD||TROY|MI|48084|2025-05-12|2028-05-11|1|1|0|0|0|0|0|HTC GLOBAL SERVICES INC|15-1253|Yes
I-200-24326-491261|Layout Design|SYNOPSYS INC||16505845000|Cherry|Gattuccio|LCAPAFS@SYNOPSYS.COM|16505847480||400 Cornerstone Drive|Suite 325|Williston|CHITTENDEN|Tafapolsky & Smith LLP|675 Almanor Avenue||Sunnyvale|CA|94085|2025-05-03|2028-05-02|30|5|5|5|5|5|5|SYNOPSYS INC|17-2072.00|No
I-200-24326-491261|Layout Design|SYNOPSYS INC||16505845000|Cherry|Gattuccio|LCAPAFS@SYNOPSYS.COM|16505847480||400 Cornerstone Drive|Suite 325|Williston|CHITTENDEN|Tafapolsky & Smith LLP|675 Almanor Avenue||Sunnyvale|CA|94085|2025-05-03|2028-05-02|30|5|5|5|5|5|5|SYNOPSYS INC|17-2072|No
I-200-24326-491261|Layout Design|SYNOPSYS INC||16505845000|Cherry|Gattuccio|LCAPAFS@SYNOPSYS.COM|16505847480||400 Cornerstone Drive|Suite 325|Williston|CHITTENDEN|Tafapolsky & Smith LLP|675 Almanor Avenue||Sunnyvale|CA|94085|2025-05-03|2028-05-02|30|5|5|5|5|5|5|SYNOPSYS INC|17-2072.00|No
I-200-24324-486547|Special Education Teacher|Southwest Vermont Supervisory Union||18024477501|Nick|Gault|Nick.Gault@svsu.org|18027535819||181 Orchard Rd.||Bennington|BENNINGTON|MCCOWN & EVANS LLP|184 North Street|Suite 1|Bennington|VT|05201|2025-05-02|2028-05-01|1|0|1|0|0|0|0|Southwest Vermont Supervisory Union|25-2056|No
I-200-24324-486547|Special Education Teacher|Southwest Vermont Supervisory Union||18024477501|Nick|Gault|Nick.Gault@svsu.org|18027535819||181 Orchard Rd.||Bennington|BENNINGTON|MCCOWN & EVANS LLP|184 North Street|Suite 1|Bennington|VT|05201|2025-05-02|2028-05-01|1|0|1|0|0|0|0|Southwest Vermont Supervisory Union|25-2056.00|No
I-200-24324-486547|Special Education Teacher|Southwest Vermont Supervisory Union||18024477501|Nick|Gault|Nick.Gault@svsu.org|18027535819||181 Orchard Rd.||Bennington|BENNINGTON|MCCOWN & EVANS LLP|184 North Street|Suite 1|Bennington|VT|05201|2025-05-02|2028-05-01|1|0|1|0|0|0|0|Southwest Vermont Supervisory Union|25-2056.00|No
I-200-24324-486571|Special Education Teacher|Southwest Vermont Supervisory Union||18024477501|Nick|Gault|Nick.Gault@svsu.org|18027535819||181 Orchard Rd.||Bennington|BENNINGTON|MCCOWN & EVANS LLP|184 North Street|Suite 1|Bennington|VT|05201|2025-05-01|2028-04-30|1|0|1|0|0|0|0|Southwest Vermont Supervisory Union|25-2056.00|No
I-200-24324-486571|Special Education Teacher|Southwest Vermont Supervisory Union||18024477501|Nick|Gault|Nick.Gault@svsu.org|18027535819||181 Orchard Rd.||Bennington|BENNINGTON|MCCOWN & EVANS LLP|184 North Street|Suite 1|Bennington|VT|05201|2025-05-01|2028-04-30|1|0|1|0|0|0|0|Southwest Vermont Supervisory Union|25-2056.00|No
I-200-24324-486571|Special Education Teacher|Southwest Vermont Supervisory Union||18024477501|Nick|Gault|Nick.Gault@svsu.org|18027535819||181 Orchard Rd.||Bennington|BENNINGTON|MCCOWN & EVANS LLP|184 North Street|Suite 1|Bennington|VT|05201|2025-05-01|2028-04-30|1|0|1|0|0|0|0|Southwest Vermont Supervisory Union|25-2056|No
I-200-25106-870767|Project Delivery Specialist|Deloitte Consulting LLP|Agilent Technologies.|16179608170|Sarah|Dieckbernd|usdeloitteimmigration@deloitte.com|16179608170||100 Tigan Street||Winooski|CHITTENDEN|BERRY APPLEMAN & LEIDEN LLP|1700 MARKET STREET||PHILADELPHIA|PA|19103|2025-04-28|2028-04-27|1|0|0|0|0|0|1|Deloitte Consulting LLP|15-1252|No
I-200-25106-870740|Project Delivery Specialist|Deloitte Consulting LLP||16179608170|Sarah|Dieckbernd|usdeloitteimmigration@deloitte.com|16179608170||27 Vale Drive||South Burlington|CHITTENDEN|BERRY APPLEMAN & LEIDEN LLP|1700 MARKET STREET||PHILADELPHIA|PA|19103|2025-04-28|2028-04-27|1|0|0|0|0|0|1|Deloitte Consulting LLP|15-1252|No
I-200-25112-891160|Principal Eng Test Engineering|GlobalFoundries U.S. 2 LLC||15182226552|Jarin|Ahmed|jarin.ahmed@globalfoundries.com|15189710761||1000 River St||Essex Junction|CHITTENDEN|Greenberg Traurig LLP|400 Stonebreak Road Ext.||Malta|NY|12020|2025-04-28|2028-04-27|1|0|0|1|0|0|0|GlobalFoundries U.S. 2 LLC|17-2071|No
I-200-25099-848458|MTS Device Modeling & Characterization|GlobalFoundries U.S. 2 LLC||15182226552|Jarin|Ahmed|jarin.ahmed@globalfoundries.com|15189710761||1000 River St||Essex Junction|CHITTENDEN|Greenberg Traurig LLP|400 Stonebreak Road Ext.||Malta|NY|12020|2025-04-24|2028-04-23|1|0|0|0|0|0|1|GlobalFoundries U.S. 2 LLC|17-2072|No
I-200-24302-435624|Software Quality Assurance Analyst and Tester|HTC GLOBAL SERVICES INC|BCBS Vermont|12487862500|SURESH|SUBRAMANIAN|IMMIGRATION@HTCINC.COM|12487862500|109|445 Industrial Lane||Berlin|WASHINGTON||3270 WEST BIG BEAVER ROAD||TROY|MI|48084|2025-04-09|2028-04-08|1|0|1|0|0|0|0|HTC GLOBAL SERVICES INC|15-1253.00|Yes
I-200-24302-435624|Software Quality Assurance Analyst and Tester|HTC GLOBAL SERVICES INC|BCBS Vermont|12487862500|SURESH|SUBRAMANIAN|IMMIGRATION@HTCINC.COM|12487862500|109|445 Industrial Lane||Berlin|WASHINGTON||3270 WEST BIG BEAVER ROAD||TROY|MI|48084|2025-04-09|2028-04-08|1|0|1|0|0|0|0|HTC GLOBAL SERVICES INC|15-1253|Yes
I-200-24302-435624|Software Quality Assurance Analyst and Tester|HTC GLOBAL SERVICES INC|BCBS Vermont|12487862500|SURESH|SUBRAMANIAN|IMMIGRATION@HTCINC.COM|12487862500|109|445 Industrial Lane||Berlin|WASHINGTON||3270 WEST BIG BEAVER ROAD||TROY|MI|48084|2025-04-09|2028-04-08|1|0|1|0|0|0|0|HTC GLOBAL SERVICES INC|15-1253.00|Yes
I-200-25022-635161|Psychiatric Services Registered Nurse|The Rutland Hospital Inc||18027473670|Brian|Kerns|bkerns@rrmc.org|18027473670||160 Allen Street||Rutland|RUTLAND|Corporate Immigration Partners PC|160 Allen Street||RUTLAND|VT|05701|2025-04-07|2028-04-06|1|1|0|0|0|0|0|The Rutland Hospital Inc|29-1141.00|No
I-200-25022-635161|Psychiatric Services Registered Nurse|The Rutland Hospital Inc||18027473670|Brian|Kerns|bkerns@rrmc.org|18027473670||160 Allen Street||Rutland|RUTLAND|Corporate Immigration Partners PC|160 Allen Street||RUTLAND|VT|05701|2025-04-07|2028-04-06|1|1|0|0|0|0|0|The Rutland Hospital Inc|29-1141|No
I-200-24284-397766|Principal Consultant|Apps Associates LLC|Apps Associates Managed Services Projects|19783990230|Kerryanne|Robinson|kerryanne.robinson@appsassociates.com|15852780778||33 Overlook Dr.||South Burlington|SOUTH BURLINGTON CITY|Fragomen Del Rey Bernsen & Loewy LLP|289 Great Road|Suite 308|Acton|MA|01720|2025-04-04|2028-04-03|1|0|1|0|0|0|0|Apps Associates LLC|15-1252.00|Yes
I-200-24284-397766|Principal Consultant|Apps Associates LLC|Apps Associates Managed Services Projects|19783990230|Kerryanne|Robinson|kerryanne.robinson@appsassociates.com|15852780778||33 Overlook Dr.||South Burlington|SOUTH BURLINGTON CITY|Fragomen Del Rey Bernsen & Loewy LLP|289 Great Road|Suite 308|Acton|MA|01720|2025-04-04|2028-04-03|1|0|1|0|0|0|0|Apps Associates LLC|15-1252.00|Yes
I-200-24284-397766|Principal Consultant|Apps Associates LLC|Apps Associates Managed Services Projects|19783990230|Kerryanne|Robinson|kerryanne.robinson@appsassociates.com|15852780778||33 Overlook Dr.||South Burlington|SOUTH BURLINGTON CITY|Fragomen Del Rey Bernsen & Loewy LLP|289 Great Road|Suite 308|Acton|MA|01720|2025-04-04|2028-04-03|1|0|1|0|0|0|0|Apps Associates LLC|15-1252|Yes
I-200-25093-828339|Medical Technologist|University of Vermont Health Network Medical Group Inc||18028470074|Tania|Hong|Tania.Hong@uvmhealth.org|18028474373||111 Colchester Ave||Burlington|CHITTENDEN|Fragomen Del Rey Bernsen & Loewy LLP|111 Colchester Ave||Burlington|VT|05401|2025-04-04|2028-04-03|1|0|0|0|0|0|1|University of Vermont Health Network Medical Group Inc|29-2011|No
I-200-24311-456526|Research Associate|The University of Vermont||18026564296|Emma|Huse|ischolar@uvm.edu|18026564296||33 Colchester Avenue|Votey Hall|Burlington|BURLINGTON CITY||633 Main Street|Office of Intl Education - L&L B101|Burlington|VT|05405|2025-04-01|2028-03-31|1|1|0|0|0|0|0|The University of Vermont|17-2074.00|No
I-200-24311-456526|Research Associate|The University of Vermont||18026564296|Emma|Huse|ischolar@uvm.edu|18026564296||33 Colchester Avenue|Votey Hall|Burlington|BURLINGTON CITY||633 Main Street|Office of Intl Education - L&L B101|Burlington|VT|05405|2025-04-01|2028-03-31|1|1|0|0|0|0|0|The University of Vermont|17-2074|No
I-200-24311-456526|Research Associate|The University of Vermont||18026564296|Emma|Huse|ischolar@uvm.edu|18026564296||33 Colchester Avenue|Votey Hall|Burlington|BURLINGTON CITY||633 Main Street|Office of Intl Education - L&L B101|Burlington|VT|05405|2025-04-01|2028-03-31|1|1|0|0|0|0|0|The University of Vermont|17-2074.00|No
I-200-25080-794709|Senior Project Manager|Optum Services Inc||19529361616|Ciaran, Jennifer|McDonnell, Priebe|immigration@uhg.com|19529361616||138 Dion Street||Winooski|CHITTENDEN|Berry Appleman & Leiden LLP|1 Optum Circle||Eden Prairie|MN|55344|2025-03-31|2028-03-30|1|0|0|0|0|0|1|Optum Services Inc|11-3021.00|No
I-200-25080-794709|Senior Project Manager|Optum Services Inc||19529361616|Ciaran, Jennifer|McDonnell, Priebe|immigration@uhg.com|19529361616||138 Dion Street||Winooski|CHITTENDEN|Berry Appleman & Leiden LLP|1 Optum Circle||Eden Prairie|MN|55344|2025-03-31|2028-03-30|1|0|0|0|0|0|1|Optum Services Inc|11-3021|No
I-200-25065-750462|Senior Engagement Advocate, Epidemiology and Public Health|EQUITAS Life Sciences LLC||18028575626|Alan|French|adf@equitasls.com|16072796865||5 Oliver Wight Dr.||Essex|CHITTENDEN|Kramer Levin Naftalis & Frankel LLP|5 Oliver Wight Dr.||Essex|VT|05452|2025-03-21|2028-03-20|1|1|0|0|0|0|0|EQUITAS Life Sciences LLC|19-1041.00|No
I-200-25065-750462|Senior Engagement Advocate, Epidemiology and Public Health|EQUITAS Life Sciences LLC||18028575626|Alan|French|adf@equitasls.com|16072796865||5 Oliver Wight Dr.||Essex|CHITTENDEN|Kramer Levin Naftalis & Frankel LLP|5 Oliver Wight Dr.||Essex|VT|05452|2025-03-21|2028-03-20|1|1|0|0|0|0|0|EQUITAS Life Sciences LLC|19-1041|No
I-200-25013-614273|Assistant Professor|The University of Vermont||18026564296|Emma|Huse|ischolar@uvm.edu|18026564296||111 Colchester Avenue|Patrick 1|Burlington|BURLINGTON CITY||633 Main Street|Office of Intl Education - L&L B101|Burlington|VT|05405|2025-03-17|2028-03-16|1|0|0|0|1|0|0|The University of Vermont|25-1071.00|No
I-200-25013-614273|Assistant Professor|The University of Vermont||18026564296|Emma|Huse|ischolar@uvm.edu|18026564296||111 Colchester Avenue|Patrick 1|Burlington|BURLINGTON CITY||633 Main Street|Office of Intl Education - L&L B101|Burlington|VT|05405|2025-03-17|2028-03-16|1|0|0|0|1|0|0|The University of Vermont|25-1071|No
I-200-25002-589320|Radiologist|University of Vermont Health Network Medical Group||18028470000|Jason|Sanders|Jason.sanders@uvmhealth.org|18028476190||111 Colchester Ave|Main Campus, McClure, Level 1|Burlington|CHITTENDEN|Dentons Cohen & Grigsby PC|111 Colchester Ave||Burlington|VT|05401|2025-03-17|2028-03-16|1|0|0|0|0|1|0|University of Vermont Health Network Medical Group|29-1224|No
I-200-25002-589320|Radiologist|University of Vermont Health Network Medical Group||18028470000|Jason|Sanders|Jason.sanders@uvmhealth.org|18028476190||111 Colchester Ave|Main Campus, McClure, Level 1|Burlington|CHITTENDEN|Dentons Cohen & Grigsby PC|111 Colchester Ave||Burlington|VT|05401|2025-03-17|2028-03-16|1|0|0|0|0|1|0|University of Vermont Health Network Medical Group|29-1224.00|No
I-200-25017-626601|Occupational Therapist|University of Vermont Health Network - University of Vermont Medical Center||18028470000|Greta|Irwin|greta.irwin@uvmhealth.org|18028476996||111 Colchester Ave|Suite 227A|Burlington|CHITTENDEN|Dentons Cohen & Grigsby PC|111 Colchester Ave||Burlington|VT|05401|2025-03-15|2028-03-14|1|1|0|0|0|0|0|University of Vermont Health Network - University of Vermont Medical Center|29-1122|No
I-200-25017-626601|Occupational Therapist|University of Vermont Health Network - University of Vermont Medical Center||18028470000|Greta|Irwin|greta.irwin@uvmhealth.org|18028476996||111 Colchester Ave|Suite 227A|Burlington|CHITTENDEN|Dentons Cohen & Grigsby PC|111 Colchester Ave||Burlington|VT|05401|2025-03-15|2028-03-14|1|1|0|0|0|0|0|University of Vermont Health Network - University of Vermont Medical Center|29-1122.00|No
I-200-24249-316174|Application Management Senior Specialist|NTT DATA Americas Inc|National Life Group|18007453263|Rachna|Jalota|Rachna.Jalota@nttdata.com|18007453263||One National Life Drive||Montpelier|WASHINGTON|Berry Appleman & Leiden LLP|7950 Legacy Drive|11th Floor|Plano|TX|75024|2025-03-07|2028-03-06|1|0|1|0|0|0|0|NTT DATA Americas Inc|15-1253.00|No
I-200-25006-597791|Injury Prevention Coordinator|University of Vermont Health Network Medical Group Inc||18028472415|Abigail|Keegan|Abigail.Keegan@uvmhealth.org|18028473503||111 Colchester Ave||Burlington|CHITTENDEN|Dentons Cohen & Grigsby PC|111 Colchester Ave||Burlington|VT|05401|2025-03-03|2028-03-02|1|1|0|0|0|0|0|University of Vermont Health Network Medical Group Inc|19-5011|No
I-200-25006-597791|Injury Prevention Coordinator|University of Vermont Health Network Medical Group Inc||18028472415|Abigail|Keegan|Abigail.Keegan@uvmhealth.org|18028473503||111 Colchester Ave||Burlington|CHITTENDEN|Dentons Cohen & Grigsby PC|111 Colchester Ave||Burlington|VT|05401|2025-03-03|2028-03-02|1|1|0|0|0|0|0|University of Vermont Health Network Medical Group Inc|19-5011.00|No
I-200-25035-662669|Prosthodontist|Colchester Dental LLC||18023722191|SKYLAR|WHITNEY|swhitney@bedidentalgroup.com|18023722191||106 Highpoint Center|Ste 100|Colchester|COLCHESTER|Davis Malm & DAgostine PC|106 Highpoint Center|Suite 100|Colchester|VT|05446|2025-03-01|2028-02-29|1|0|1|0|0|0|0|Colchester Dental LLC|29-1024.00|No
I-200-25035-662669|Prosthodontist|Colchester Dental LLC||18023722191|SKYLAR|WHITNEY|swhitney@bedidentalgroup.com|18023722191||106 Highpoint Center|Ste 100|Colchester|COLCHESTER|Davis Malm & DAgostine PC|106 Highpoint Center|Suite 100|Colchester|VT|05446|2025-03-01|2028-02-29|1|0|1|0|0|0|0|Colchester Dental LLC|29-1024|No
I-200-25058-729746|Cost Estimator Engineer|Kingsbury Companies LLC||18024962205|Israel|Ellner|iellner@kingsburyco.com|18024962205|28|58 Center Road||Middlesex|WASHINGTON||58 Center Road||Middlesex|VT|05602|2025-03-01|2028-02-28|1|1|0|0|0|0|0|Kingsbury Companies LLC|13-1051|No
I-200-25058-729746|Cost Estimator Engineer|Kingsbury Companies LLC||18024962205|Israel|Ellner|iellner@kingsburyco.com|18024962205|28|58 Center Road||Middlesex|WASHINGTON||58 Center Road||Middlesex|VT|05602|2025-03-01|2028-02-28|1|1|0|0|0|0|0|Kingsbury Companies LLC|13-1051.00|No
I-200-24348-541346|Hotel Operations Specialist|Kunal LLC||18022362979|Preyas|Patel|patel4630@yahoo.com|18022362979||1016 Shelburne Road||South Burlington|SOUTH BURLINGTON CITY|Dinse PC|1016 Shelburne Road||South Burlington|VT|05403|2025-02-26|2028-02-25|1|0|1|0|0|0|0|Kunal LLC|11-9081.00|No
I-200-24348-541346|Hotel Operations Specialist|Kunal LLC||18022362979|Preyas|Patel|patel4630@yahoo.com|18022362979||1016 Shelburne Road||South Burlington|SOUTH BURLINGTON CITY|Dinse PC|1016 Shelburne Road||South Burlington|VT|05403|2025-02-26|2028-02-25|1|0|1|0|0|0|0|Kunal LLC|11-9081.00|No
I-200-24348-541346|Hotel Operations Specialist|Kunal LLC||18022362979|Preyas|Patel|patel4630@yahoo.com|18022362979||1016 Shelburne Road||South Burlington|SOUTH BURLINGTON CITY|Dinse PC|1016 Shelburne Road||South Burlington|VT|05403|2025-02-26|2028-02-25|1|0|1|0|0|0|0|Kunal LLC|11-9081|No
I-200-24355-563192|Operating Room Registered Nurse|Gifford Medical Center Inc||18027282254|Jill|Markowski|jmarkowski@giffordhealthcare.org|18027282254||44 South Main Street||Randolph|RANDOLPH|PORTER WRIGHT MORRIS & ARTHUR LLP|44 South Main Street||Randolph|VT|05060|2025-02-24|2028-02-23|1|1|0|0|0|0|0|Gifford Medical Center Inc|29-1141.00|No
I-200-24355-563192|Operating Room Registered Nurse|Gifford Medical Center Inc||18027282254|Jill|Markowski|jmarkowski@giffordhealthcare.org|18027282254||44 South Main Street||Randolph|RANDOLPH|PORTER WRIGHT MORRIS & ARTHUR LLP|44 South Main Street||Randolph|VT|05060|2025-02-24|2028-02-23|1|1|0|0|0|0|0|Gifford Medical Center Inc|29-1141|No
I-200-24355-563192|Operating Room Registered Nurse|Gifford Medical Center Inc||18027282254|Jill|Markowski|jmarkowski@giffordhealthcare.org|18027282254||44 South Main Street||Randolph|RANDOLPH|PORTER WRIGHT MORRIS & ARTHUR LLP|44 South Main Street||Randolph|VT|05060|2025-02-24|2028-02-23|1|1|0|0|0|0|0|Gifford Medical Center Inc|29-1141.00|No
I-200-25044-690540|MECHANICAL ENGINEER - PROJECT COORDINATOR|INTELLECTT INC|BEN & JERRYS HOMEMADE INC|17324126999|SANGEETA|TRIVEDI|HR@INTELLECTT.COM|17324126999||900 INDUSTRIAL PARK RD.||ST ALBANS CITY|ST ALBANS|LAW OFFICE OF THOMAS V. ALLEN PLLC.|517 ROUTE 1 S.|SUITE 2103|ISELIN|NJ|08830|2025-02-21|2028-02-20|1|0|0|0|0|0|1|INTELLECTT INC|17-2141|Yes
I-200-25044-690540|MECHANICAL ENGINEER - PROJECT COORDINATOR|INTELLECTT INC|BEN & JERRYS HOMEMADE INC|17324126999|SANGEETA|TRIVEDI|HR@INTELLECTT.COM|17324126999||900 INDUSTRIAL PARK RD.||ST ALBANS CITY|ST ALBANS|LAW OFFICE OF THOMAS V. ALLEN PLLC.|517 ROUTE 1 S.|SUITE 2103|ISELIN|NJ|08830|2025-02-21|2028-02-20|1|0|0|0|0|0|1|INTELLECTT INC|17-2141.00|Yes
I-200-25042-684494|MECHANICAL ENGINEER - PROJECT COORDINATOR|INTELLECTT INC|BEN & JERRYS HOMEMADE INC|17324126999|SANGEETA|TRIVEDI|HR@INTELLECTT.COM|17324126999||900 INDUSTRIAL PARK RD.||ST ALBANS CITY|ST ALBANS|LAW OFFICE OF THOMAS V. ALLEN PLLC.|517 ROUTE 1 S.|SUITE 2103|ISELIN|NJ|08830|2025-02-19|2028-02-18|1|0|0|0|0|0|1|INTELLECTT INC|17-2141.00|Yes
I-200-25042-684494|MECHANICAL ENGINEER - PROJECT COORDINATOR|INTELLECTT INC|BEN & JERRYS HOMEMADE INC|17324126999|SANGEETA|TRIVEDI|HR@INTELLECTT.COM|17324126999||900 INDUSTRIAL PARK RD.||ST ALBANS CITY|ST ALBANS|LAW OFFICE OF THOMAS V. ALLEN PLLC.|517 ROUTE 1 S.|SUITE 2103|ISELIN|NJ|08830|2025-02-19|2028-02-18|1|0|0|0|0|0|1|INTELLECTT INC|17-2141|Yes
I-200-24284-398538|Family Medicine Physician|Community Healh Centers of Burlington||18022648151|Brian|Perleberg|bperleberg@chcb.org|18022648151||32 Mallets Bay Avenue, Suite B||Winooski|WINOOSKI CITY|Orr & Reno P.A.|617 Riverside Avenue||Burlington|VT|05401|2025-02-07|2028-02-06|1|0|1|0|0|0|0|Community Healh Centers of Burlington|29-1215.00|No
I-200-24284-398538|Family Medicine Physician|Community Healh Centers of Burlington||18022648151|Brian|Perleberg|bperleberg@chcb.org|18022648151||32 Mallets Bay Avenue, Suite B||Winooski|WINOOSKI CITY|Orr & Reno P.A.|617 Riverside Avenue||Burlington|VT|05401|2025-02-07|2028-02-06|1|0|1|0|0|0|0|Community Healh Centers of Burlington|29-1215|No
I-200-24284-398538|Family Medicine Physician|Community Healh Centers of Burlington||18022648151|Brian|Perleberg|bperleberg@chcb.org|18022648151||32 Mallets Bay Avenue, Suite B||Winooski|WINOOSKI CITY|Orr & Reno P.A.|617 Riverside Avenue||Burlington|VT|05401|2025-02-07|2028-02-06|1|0|1|0|0|0|0|Community Healh Centers of Burlington|29-1215.00|No
I-200-24297-427079|Reporting & Operations Specialist|The University of Vermont||18026564296|Emma|Huse|ischolar@uvm.edu|18026564296||590 Main Street|Davis Center 204|Burlington|BURLINGTON CITY||633 Main Street|Office of Intl Education - L&L B101|Burlington|VT|05405|2025-02-05|2028-02-04|1|1|0|0|0|0|0|The University of Vermont|15-2031|No
I-200-24297-427079|Reporting & Operations Specialist|The University of Vermont||18026564296|Emma|Huse|ischolar@uvm.edu|18026564296||590 Main Street|Davis Center 204|Burlington|BURLINGTON CITY||633 Main Street|Office of Intl Education - L&L B101|Burlington|VT|05405|2025-02-05|2028-02-04|1|1|0|0|0|0|0|The University of Vermont|15-2031.00|No
I-200-24297-427079|Reporting & Operations Specialist|The University of Vermont||18026564296|Emma|Huse|ischolar@uvm.edu|18026564296||590 Main Street|Davis Center 204|Burlington|BURLINGTON CITY||633 Main Street|Office of Intl Education - L&L B101|Burlington|VT|05405|2025-02-05|2028-02-04|1|1|0|0|0|0|0|The University of Vermont|15-2031.00|No
I-200-24316-466059|Psychiatric Services Registered Nurse|The Rutland Hospital Inc||18027473670|Brian|Kerns|bkerns@rrmc.org|18027473670||160 Allen Street||Rutland|RUTLAND|Corporate Immigration Partners PC|160 Allen Street||Rutland|VT|05701|2025-02-03|2028-02-02|1|1|0|0|0|0|0|The Rutland Hospital Inc|29-1141|No
I-200-24325-488691|Psychiatric Services Registered Nurse|The Rutland Hospital Inc||18027473670|Brian|Kerns|bkerns@rrmc.org|18027473670||160 Allen Street||Rutland|RUTLAND|Corporate Immigration Partners PC|160 Allen Street||Rutland|VT|05701|2025-02-03|2028-02-02|1|1|0|0|0|0|0|The Rutland Hospital Inc|29-1141.00|No
I-200-24316-466059|Psychiatric Services Registered Nurse|The Rutland Hospital Inc||18027473670|Brian|Kerns|bkerns@rrmc.org|18027473670||160 Allen Street||Rutland|RUTLAND|Corporate Immigration Partners PC|160 Allen Street||Rutland|VT|05701|2025-02-03|2028-02-02|1|1|0|0|0|0|0|The Rutland Hospital Inc|29-1141.00|No
I-200-24346-535929|Psychiatric Services Registered Nurse|The Rutland Hospital Inc||18027473670|Brian|Kerns|bkerns@rrmc.org|18027473670||160 Allen Street||Rutland|RUTLAND|Corporate Immigration Partners PC|160 Allen Street||Rutland|VT|05701|2025-02-03|2028-02-02|1|1|0|0|0|0|0|The Rutland Hospital Inc|29-1141|No
I-200-24325-488691|Psychiatric Services Registered Nurse|The Rutland Hospital Inc||18027473670|Brian|Kerns|bkerns@rrmc.org|18027473670||160 Allen Street||Rutland|RUTLAND|Corporate Immigration Partners PC|160 Allen Street||Rutland|VT|05701|2025-02-03|2028-02-02|1|1|0|0|0|0|0|The Rutland Hospital Inc|29-1141|No
I-200-24316-466059|Psychiatric Services Registered Nurse|The Rutland Hospital Inc||18027473670|Brian|Kerns|bkerns@rrmc.org|18027473670||160 Allen Street||Rutland|RUTLAND|Corporate Immigration Partners PC|160 Allen Street||Rutland|VT|05701|2025-02-03|2028-02-02|1|1|0|0|0|0|0|The Rutland Hospital Inc|29-1141.00|No
I-200-24325-488691|Psychiatric Services Registered Nurse|The Rutland Hospital Inc||18027473670|Brian|Kerns|bkerns@rrmc.org|18027473670||160 Allen Street||Rutland|RUTLAND|Corporate Immigration Partners PC|160 Allen Street||Rutland|VT|05701|2025-02-03|2028-02-02|1|1|0|0|0|0|0|The Rutland Hospital Inc|29-1141.00|No
I-200-24346-535929|Psychiatric Services Registered Nurse|The Rutland Hospital Inc||18027473670|Brian|Kerns|bkerns@rrmc.org|18027473670||160 Allen Street||Rutland|RUTLAND|Corporate Immigration Partners PC|160 Allen Street||Rutland|VT|05701|2025-02-03|2028-02-02|1|1|0|0|0|0|0|The Rutland Hospital Inc|29-1141.00|No
I-200-24346-535929|Psychiatric Services Registered Nurse|The Rutland Hospital Inc||18027473670|Brian|Kerns|bkerns@rrmc.org|18027473670||160 Allen Street||Rutland|RUTLAND|Corporate Immigration Partners PC|160 Allen Street||Rutland|VT|05701|2025-02-03|2028-02-02|1|1|0|0|0|0|0|The Rutland Hospital Inc|29-1141.00|No
I-200-25007-600882|Climate Measurements Center of Excellence Program Manager|The University of Vermont||18026564296|Emma|Huse|ischolar@uvm.edu|18026564296||210 Colchester Ave||Burlington|BURLINGTON CITY||633 Main Street|Office of Intl Education - L&L B101|Burlington|VT|05405|2025-02-03|2028-02-02|1|0|0|0|0|0|1|The University of Vermont|13-1082.00|No
I-200-25007-600882|Climate Measurements Center of Excellence Program Manager|The University of Vermont||18026564296|Emma|Huse|ischolar@uvm.edu|18026564296||210 Colchester Ave||Burlington|BURLINGTON CITY||633 Main Street|Office of Intl Education - L&L B101|Burlington|VT|05405|2025-02-03|2028-02-02|1|0|0|0|0|0|1|The University of Vermont|13-1082|No
I-200-25017-626170|Director of The Master of Legal Studies Program|Vermont Law and Graduate School||18028311100|Kelli|Eckroth|keckroth@vermontlaw.edu|18028311304||164 Chelsea Street||South Royalton|ROYALTON|Dinse PC|164 Chelsea Street|P.O. Box 96|South Royalton|VT|05068|2025-02-03|2028-02-02|1|0|1|0|0|0|0|Vermont Law and Graduate School|11-9033|No
I-200-25017-626170|Director of The Master of Legal Studies Program|Vermont Law and Graduate School||18028311100|Kelli|Eckroth|keckroth@vermontlaw.edu|18028311304||164 Chelsea Street||South Royalton|ROYALTON|Dinse PC|164 Chelsea Street|P.O. Box 96|South Royalton|VT|05068|2025-02-03|2028-02-02|1|0|1|0|0|0|0|Vermont Law and Graduate School|11-9033.00|No
I-200-25017-627480|PMTS Device Modeling & Characterization|GlobalFoundries U.S. 2 LLC||15182226552|Jarin|Ahmed|jarin.ahmed@globalfoundries.com|15189710761||1000 River St||Essex Junction|CHITTENDEN|Greenberg Traurig LLP|400 Stonebreak Road Ext.||Malta|NY|12020|2025-02-01|2028-01-31|1|0|0|1|0|0|0|GlobalFoundries U.S. 2 LLC|17-2072.00|No
I-200-25017-627480|PMTS Device Modeling & Characterization|GlobalFoundries U.S. 2 LLC||15182226552|Jarin|Ahmed|jarin.ahmed@globalfoundries.com|15189710761||1000 River St||Essex Junction|CHITTENDEN|Greenberg Traurig LLP|400 Stonebreak Road Ext.||Malta|NY|12020|2025-02-01|2028-01-31|1|0|0|1|0|0|0|GlobalFoundries U.S. 2 LLC|17-2072|No
I-200-25007-601838|Sr Engineer Quality|GlobalFoundries U.S. 2 LLC||15182226552|Jarin|Ahmed|jarin.ahmed@globalfoundries.com|15189710761||1000 River St||Essex Junction|CHITTENDEN|Greenberg Traurig LLP|400 Stonebreak Road Ext.||Malta|NY|12020|2025-01-27|2028-01-26|1|0|0|0|0|1|0|GlobalFoundries U.S. 2 LLC|17-2112.02|No
I-200-25007-601838|Sr Engineer Quality|GlobalFoundries U.S. 2 LLC||15182226552|Jarin|Ahmed|jarin.ahmed@globalfoundries.com|15189710761||1000 River St||Essex Junction|CHITTENDEN|Greenberg Traurig LLP|400 Stonebreak Road Ext.||Malta|NY|12020|2025-01-27|2028-01-26|1|0|0|0|0|1|0|GlobalFoundries U.S. 2 LLC|17-2112.02|No
I-200-25016-624388|Information Technology Project Manager|LTIMindtree Limited|Exyte Management GmbH|17322486147|Elena|Kuznetsova|Elena.kuznetsova@ltimindtree.com|12012708468||150 Watertower Circle||Colchester|CHITTENDEN|USILAW Inc|2035 Lincoln Highway|Suite 3004|Edison|NJ|08817|2025-01-16|2028-01-15|1|0|0|0|0|0|1|LTIMindtree Limited|15-1299.09|Yes
I-200-25016-624388|Information Technology Project Manager|LTIMindtree Limited|Exyte Management GmbH|17322486147|Elena|Kuznetsova|Elena.kuznetsova@ltimindtree.com|12012708468||150 Watertower Circle||Colchester|CHITTENDEN|USILAW Inc|2035 Lincoln Highway|Suite 3004|Edison|NJ|08817|2025-01-16|2028-01-15|1|0|0|0|0|0|1|LTIMindtree Limited|15-1299.09|Yes
I-200-24296-424087|Assistant Professor|The University of Vermont||18026564296|Emma|Huse|ischolar@uvm.edu|18026564296||570 Main St|Terrill Building|Burlington|CHITTENDEN||633 Main Street|Office of Intl Education - L&L B101|Burlington|VT|05405|2025-01-16|2028-01-15|1|1|0|0|0|0|0|The University of Vermont|25-1041.00|No
I-200-24296-424087|Assistant Professor|The University of Vermont||18026564296|Emma|Huse|ischolar@uvm.edu|18026564296||570 Main St|Terrill Building|Burlington|CHITTENDEN||633 Main Street|Office of Intl Education - L&L B101|Burlington|VT|05405|2025-01-16|2028-01-15|1|1|0|0|0|0|0|The University of Vermont|25-1041.00|No
I-200-24296-424087|Assistant Professor|The University of Vermont||18026564296|Emma|Huse|ischolar@uvm.edu|18026564296||570 Main St|Terrill Building|Burlington|CHITTENDEN||633 Main Street|Office of Intl Education - L&L B101|Burlington|VT|05405|2025-01-16|2028-01-15|1|1|0|0|0|0|0|The University of Vermont|25-1041|No
I-200-24354-557217|Family Medicine Physician|North Country Hospital||18023343509|Katie|Peck|kpeck@nchsi.org|18023343509||North Country Hospital - Primary Care Newport|186 Medical Village Drive|Newport|NEWPORT|Orr & Reno P.A.|189 Prouty Drive||Newport|VT|05855|2025-01-13|2028-01-12|1|0|1|0|0|0|0|North Country Hospital|29-1215.00|No
I-200-24354-557217|Family Medicine Physician|North Country Hospital||18023343509|Katie|Peck|kpeck@nchsi.org|18023343509||North Country Hospital - Primary Care Newport|186 Medical Village Drive|Newport|NEWPORT|Orr & Reno P.A.|189 Prouty Drive||Newport|VT|05855|2025-01-13|2028-01-12|1|0|1|0|0|0|0|North Country Hospital|29-1215.00|No
I-200-24339-517550|Medical Lab Scientist II|THE UNIVERSITY OF VERMONT HEALTH NETWORK - UNIVERSITY OF VERMONT MEDICAL CENTER||18028470000|TANIA|HONG|Tania.Hong@uvmhealth.org|18028470074||111 COLCHESTER AVENUE||BURLINGTON|CHITTENDEN|DENTONS COHEN & GRIGSBY PC|111 COLCHESTER AVENUE||BURLINGTON|VT|05402|2025-01-13|2028-01-12|1|1|0|0|0|0|0|THE UNIVERSITY OF VERMONT HEALTH NETWORK - UNIVERSITY OF VERMONT MEDICAL CENTER|29-2011.00|No
I-200-24339-517550|Medical Lab Scientist II|THE UNIVERSITY OF VERMONT HEALTH NETWORK - UNIVERSITY OF VERMONT MEDICAL CENTER||18028470000|TANIA|HONG|Tania.Hong@uvmhealth.org|18028470074||111 COLCHESTER AVENUE||BURLINGTON|CHITTENDEN|DENTONS COHEN & GRIGSBY PC|111 COLCHESTER AVENUE||BURLINGTON|VT|05402|2025-01-13|2028-01-12|1|1|0|0|0|0|0|THE UNIVERSITY OF VERMONT HEALTH NETWORK - UNIVERSITY OF VERMONT MEDICAL CENTER|29-2011.00|No
I-200-24339-517550|Medical Lab Scientist II|THE UNIVERSITY OF VERMONT HEALTH NETWORK - UNIVERSITY OF VERMONT MEDICAL CENTER||18028470000|TANIA|HONG|Tania.Hong@uvmhealth.org|18028470074||111 COLCHESTER AVENUE||BURLINGTON|CHITTENDEN|DENTONS COHEN & GRIGSBY PC|111 COLCHESTER AVENUE||BURLINGTON|VT|05402|2025-01-13|2028-01-12|1|1|0|0|0|0|0|THE UNIVERSITY OF VERMONT HEALTH NETWORK - UNIVERSITY OF VERMONT MEDICAL CENTER|29-2011|No
I-200-24243-305701|Sr. Project Manager|Unified Tech Group Inc|WYDOT-Motor Vehicle Services (MVS) (remote address)|16614264397|Sushma|Koritala|susari@utg.io|16614264397||5 Olde Orchard Park|Apt. 514|Burlington|SOUTH BURLINGTON CITY|John Clement PLC|6001 N. Adams Road|Suite 155|Bloomfield Hills|MI|48304|2025-01-12|2028-01-11|1|0|1|0|0|0|0|Unified Tech Group Inc|15-1299.09|Yes
I-200-24318-472680|Psychiatric Services Registered Nurse|The Rutland Hospital Inc||18027473670|Brian|Kerns|bkerns@rrmc.org|18027473670||160 Allen Street||Rutland|RUTLAND|Corporate Immigration Partners PC|160 Allen Street||Rutland|VT|05701|2025-01-06|2028-01-05|1|1|0|0|0|0|0|The Rutland Hospital Inc|29-1141|No
I-200-24318-472680|Psychiatric Services Registered Nurse|The Rutland Hospital Inc||18027473670|Brian|Kerns|bkerns@rrmc.org|18027473670||160 Allen Street||Rutland|RUTLAND|Corporate Immigration Partners PC|160 Allen Street||Rutland|VT|05701|2025-01-06|2028-01-05|1|1|0|0|0|0|0|The Rutland Hospital Inc|29-1141.00|No
I-200-24304-443033|Psychiatric Services Registered Nurse|The Rutland Hospital Inc||18027473670|Brian|Kerns|bkerns@rrmc.org|18027473670||160 Allen Street||Rutland|RUTLAND|Corporate Immigration Partners PA|160 Allen Street|Suite 1200|Rutland|VT|05701|2025-01-06|2028-01-05|1|1|0|0|0|0|0|The Rutland Hospital Inc|29-1141.00|No
I-200-24318-472680|Psychiatric Services Registered Nurse|The Rutland Hospital Inc||18027473670|Brian|Kerns|bkerns@rrmc.org|18027473670||160 Allen Street||Rutland|RUTLAND|Corporate Immigration Partners PC|160 Allen Street||Rutland|VT|05701|2025-01-06|2028-01-05|1|1|0|0|0|0|0|The Rutland Hospital Inc|29-1141.00|No
I-200-24304-443033|Psychiatric Services Registered Nurse|The Rutland Hospital Inc||18027473670|Brian|Kerns|bkerns@rrmc.org|18027473670||160 Allen Street||Rutland|RUTLAND|Corporate Immigration Partners PA|160 Allen Street|Suite 1200|Rutland|VT|05701|2025-01-06|2028-01-05|1|1|0|0|0|0|0|The Rutland Hospital Inc|29-1141.00|No
I-200-24304-443033|Psychiatric Services Registered Nurse|The Rutland Hospital Inc||18027473670|Brian|Kerns|bkerns@rrmc.org|18027473670||160 Allen Street||Rutland|RUTLAND|Corporate Immigration Partners PA|160 Allen Street|Suite 1200|Rutland|VT|05701|2025-01-06|2028-01-05|1|1|0|0|0|0|0|The Rutland Hospital Inc|29-1141|No
I-200-24317-469267|Research Analyst|The University of Vermont||18026564296|Emma|Huse|ischolar@uvm.edu|18026564296||210 Colchester Avenue|Farrell Hall, Water Resources Institute|Burlington|BURLINGTON CITY||633 Main Street|Office of Intl Education - L&L B101|Burlington|VT|05405|2025-01-06|2028-01-05|1|1|0|0|0|0|0|The University of Vermont|15-1221|No
I-200-24317-469267|Research Analyst|The University of Vermont||18026564296|Emma|Huse|ischolar@uvm.edu|18026564296||210 Colchester Avenue|Farrell Hall, Water Resources Institute|Burlington|BURLINGTON CITY||633 Main Street|Office of Intl Education - L&L B101|Burlington|VT|05405|2025-01-06|2028-01-05|1|1|0|0|0|0|0|The University of Vermont|15-1221.00|No
I-200-24243-305492|Post-Doctoral Associate|The University of Vermont||18026564296|Emma|Huse|ischolar@uvm.edu|18026564296||149 Beaumont Ave.|Firestone 356|Burlington|BURLINGTON CITY||633 Main Street|Office of Intl Education - L&L B101|Burlington|VT|05405|2025-01-06|2028-01-05|1|1|0|0|0|0|0|The University of Vermont|19-1029.02|No
I-200-24317-469267|Research Analyst|The University of Vermont||18026564296|Emma|Huse|ischolar@uvm.edu|18026564296||210 Colchester Avenue|Farrell Hall, Water Resources Institute|Burlington|BURLINGTON CITY||633 Main Street|Office of Intl Education - L&L B101|Burlington|VT|05405|2025-01-06|2028-01-05|1|1|0|0|0|0|0|The University of Vermont|15-1221.00|No
I-200-24263-349378|Assistant Professor|The University of Vermont||18026564296|Emma|Huse|ischolar@uvm.edu|18026564296||81 Carrigan Drive|Aiken Center|Burlington|CHITTENDEN||633 Main Street|Office of Intl Education - L&L B101|Burlington|VT|05405|2025-01-06|2028-01-05|1|1|0|0|0|0|0|The University of Vermont|25-1053.00|No
I-200-24354-557045|Occupational Therapist|University of Vermont Medical Center||18028470000|Greta|Irwin|greta.irwin@uvmhealth.org|18028476996||111 Colchester Ave|Suite 227A|Burlington|CHITTENDEN|Dentons Cohen & Grigsby PC|111 Colchester Ave||Burlington|VT|05401|2025-01-06|2028-01-05|1|1|0|0|0|0|0|University of Vermont Medical Center|29-1122.00|No
I-200-24337-509320|Network Engineer|University of Vermont Medical Center||18028470000|Bernie|Snyder|Bernie.Snyder@uvmhealth.org|18028470000||40 IDX Drive||South Burlington|CHITTENDEN|Dentons Cohen & Grigsby PC|111 Colchester Ave||Burlington|VT|05401|2025-01-06|2028-01-05|1|0|0|0|0|1|0|University of Vermont Medical Center|15-1244.00|No
I-200-24337-509320|Network Engineer|University of Vermont Medical Center||18028470000|Bernie|Snyder|Bernie.Snyder@uvmhealth.org|18028470000||40 IDX Drive||South Burlington|CHITTENDEN|Dentons Cohen & Grigsby PC|111 Colchester Ave||Burlington|VT|05401|2025-01-06|2028-01-05|1|0|0|0|0|1|0|University of Vermont Medical Center|15-1244|No
I-200-24354-557045|Occupational Therapist|University of Vermont Medical Center||18028470000|Greta|Irwin|greta.irwin@uvmhealth.org|18028476996||111 Colchester Ave|Suite 227A|Burlington|CHITTENDEN|Dentons Cohen & Grigsby PC|111 Colchester Ave||Burlington|VT|05401|2025-01-06|2028-01-05|1|1|0|0|0|0|0|University of Vermont Medical Center|29-1122|No
I-200-24337-509320|Network Engineer|University of Vermont Medical Center||18028470000|Bernie|Snyder|Bernie.Snyder@uvmhealth.org|18028470000||40 IDX Drive||South Burlington|CHITTENDEN|Dentons Cohen & Grigsby PC|111 Colchester Ave||Burlington|VT|05401|2025-01-06|2028-01-05|1|0|0|0|0|1|0|University of Vermont Medical Center|15-1244.00|No
I-200-24354-557045|Occupational Therapist|University of Vermont Medical Center||18028470000|Greta|Irwin|greta.irwin@uvmhealth.org|18028476996||111 Colchester Ave|Suite 227A|Burlington|CHITTENDEN|Dentons Cohen & Grigsby PC|111 Colchester Ave||Burlington|VT|05401|2025-01-06|2028-01-05|1|1|0|0|0|0|0|University of Vermont Medical Center|29-1122.00|No
I-200-24304-441438|Dentist|Mason Dental, P.C.||18027524494|Jonathan|Mason|jmason@selectdentalmanagement.com|18027524494||72 Bridge Street||Richmond|CHITTENDEN|Davis Malm & DAgostine PC|72 Bridge Street||Richmond|VT|05477|2025-01-03|2028-01-02|1|0|0|0|1|0|0|Mason Dental, P.C.|29-1021.00|No
I-200-24304-441438|Dentist|Mason Dental, P.C.||18027524494|Jonathan|Mason|jmason@selectdentalmanagement.com|18027524494||72 Bridge Street||Richmond|CHITTENDEN|Davis Malm & DAgostine PC|72 Bridge Street||Richmond|VT|05477|2025-01-03|2028-01-02|1|0|0|0|1|0|0|Mason Dental, P.C.|29-1021|No
I-200-24304-441438|Dentist|Mason Dental, P.C.||18027524494|Jonathan|Mason|jmason@selectdentalmanagement.com|18027524494||72 Bridge Street||Richmond|CHITTENDEN|Davis Malm & DAgostine PC|72 Bridge Street||Richmond|VT|05477|2025-01-03|2028-01-02|1|0|0|0|1|0|0|Mason Dental, P.C.|29-1021.00|No
I-200-24298-429213|Construction Lead Estimator Engineer|Kingsbury Companies LLC||18024962205|Matias|Miguez|mmiguez@kingsburyco.com|18024962205||58 Center Road||Middlesex|WASHINGTON||58 Center Road||Middlesex|VT|05602|2025-01-01|2028-01-01|1|1|0|0|0|0|0|Kingsbury Companies LLC|13-1051|No
I-200-24298-429213|Construction Lead Estimator Engineer|Kingsbury Companies LLC||18024962205|Matias|Miguez|mmiguez@kingsburyco.com|18024962205||58 Center Road||Middlesex|WASHINGTON||58 Center Road||Middlesex|VT|05602|2025-01-01|2028-01-01|1|1|0|0|0|0|0|Kingsbury Companies LLC|13-1051.00|No
I-200-24298-429213|Construction Lead Estimator Engineer|Kingsbury Companies LLC||18024962205|Matias|Miguez|mmiguez@kingsburyco.com|18024962205||58 Center Road||Middlesex|WASHINGTON||58 Center Road||Middlesex|VT|05602|2025-01-01|2028-01-01|1|1|0|0|0|0|0|Kingsbury Companies LLC|13-1051.00|No
I-200-24241-300546|Assistant Professor|The University of Vermont||18026564296|Emma|Huse|ischolar@uvm.edu|18026564296||149 Beaumont Ave|Health Science Research Facility|Burlington|BURLINGTON CITY||633 Main Street|Office of Intl Education - L&L B101|Burlington|VT|05405|2025-01-02|2028-01-01|1|0|0|0|0|1|0|The University of Vermont|25-1042.00|No
I-200-24344-527487|Engineering Analyst - Batteries|Beta Technologies Inc||18022812623|Morgan|Randall|immigration@beta.team|17046990186||1150 Airport Drive||South Burlington|CHITTENDEN|Baker & Hostetler LLP|1150 Airport Drive||South Burlington|VT|05403|2025-01-01|2027-12-31|1|0|0|0|0|1|0|Beta Technologies Inc|17-2141.00|No
I-200-24344-527475|Product Lifecycle & Release Engineer|Beta Technologies Inc||18022812623|Morgan|Randall|immigration@beta.team|17046990186||1150 Airport Drive||South Burlington|CHITTENDEN|Baker & Hostetler LLP|1150 Airport Drive||South Burlington|VT|05403|2025-01-01|2027-12-31|1|0|0|0|0|1|0|Beta Technologies Inc|17-2131|No
I-200-24347-538497|Manufacturing Process Planning Engineer|Beta Technologies Inc||13157480256|Morgan|Randall|immigration@beta.team|13157480256||154 DaVinci Drive||South Burlington|CHITTENDEN|Corporate Immigration Partners PC|1150 Airport Drive||South Burlington|VT|05403|2025-01-01|2027-12-31|1|0|0|0|0|0|1|Beta Technologies Inc|17-2112.03|No
I-200-24344-527487|Engineering Analyst - Batteries|Beta Technologies Inc||18022812623|Morgan|Randall|immigration@beta.team|17046990186||1150 Airport Drive||South Burlington|CHITTENDEN|Baker & Hostetler LLP|1150 Airport Drive||South Burlington|VT|05403|2025-01-01|2027-12-31|1|0|0|0|0|1|0|Beta Technologies Inc|17-2141.00|No
I-200-24344-527475|Product Lifecycle & Release Engineer|Beta Technologies Inc||18022812623|Morgan|Randall|immigration@beta.team|17046990186||1150 Airport Drive||South Burlington|CHITTENDEN|Baker & Hostetler LLP|1150 Airport Drive||South Burlington|VT|05403|2025-01-01|2027-12-31|1|0|0|0|0|1|0|Beta Technologies Inc|17-2131.00|No
I-200-24344-527493|Airworthiness Engineer|Beta Technologies Inc||18022812623|Morgan|Randall|immigration@beta.team|17046990186||1150 Airport Drive||South Burlington|CHITTENDEN|Baker & Hostetler LLP|1150 Airport Drive||South Burlington|VT|05403|2025-01-01|2027-12-31|1|0|0|0|0|1|0|Beta Technologies Inc|17-2011.00|No
I-200-24344-527463|Senior Mechanical Design Engineer|Beta Technologies Inc||18022812623|Morgan|Randall|immigration@beta.team|17046990186||1150 Airport Drive||South Burlington|CHITTENDEN|Baker & Hostetler LLP|1150 Airport Drive||South Burlington|VT|05403|2025-01-01|2027-12-31|1|0|0|0|0|1|0|Beta Technologies Inc|17-2141.00|No
I-200-24347-538497|Manufacturing Process Planning Engineer|Beta Technologies Inc||13157480256|Morgan|Randall|immigration@beta.team|13157480256||154 DaVinci Drive||South Burlington|CHITTENDEN|Corporate Immigration Partners PC|1150 Airport Drive||South Burlington|VT|05403|2025-01-01|2027-12-31|1|0|0|0|0|0|1|Beta Technologies Inc|17-2112.03|No
I-200-24346-535391|Manufacturing Engineer|Beta Technologies Inc||17046990186|Morgan|Randall|immigration@beta.team|17046990186||1150 Airport Drive||South Burlington|CHITTENDEN|Corporate Immigration Partners PC|1150 Airport Drive||South Burlington|VT|05603|2025-01-01|2027-12-31|1|0|0|0|0|0|1|Beta Technologies Inc|17-2112.03|No
I-200-24346-535391|Manufacturing Engineer|Beta Technologies Inc||17046990186|Morgan|Randall|immigration@beta.team|17046990186||1150 Airport Drive||South Burlington|CHITTENDEN|Corporate Immigration Partners PC|1150 Airport Drive||South Burlington|VT|05603|2025-01-01|2027-12-31|1|0|0|0|0|0|1|Beta Technologies Inc|17-2112.03|No
I-200-24346-535147|Test Engineer - Propulsion|Beta Technologies Inc||17046990186|Morgan|Randall|immigration@beta.team|17046990186||1150 Airport Dr||South Burlington|CHITTENDEN|Corporate Immigration Partners PC|1150 Airport Drive||South Burlington|VT|05403|2025-01-01|2027-12-31|1|0|0|0|0|0|1|Beta Technologies Inc|17-2071|No
I-200-24346-535337|Reliability Engineer - Product Safety|Beta Technologies Inc||17046990186|Morgan|Randall|immigration@beta.team|17046990186||1150 Airport Drive||South Burlington|CHITTENDEN|Corporate Immigration Partners PC|1150 Airport Drive||South Burlington|VT|05403|2025-01-01|2027-12-31|1|0|0|0|0|0|1|Beta Technologies Inc|17-2112.02|No
I-200-24346-535200|Motors Control Software Engineer - Propulsion|Beta Technologies Inc||13157480256|Morgan|Randall|immigration@beta.team|13157480256||1150 Airport Dr||South Burlington|CHITTENDEN|Corporate Immigration Partners PC|1150 Airport Drive||South Burlington|VT|05403|2025-01-01|2027-12-31|1|0|0|0|0|0|1|Beta Technologies Inc|17-2071|No
I-200-24346-535268|Manufacturing Process Engineer - Battery Manufacturing|Beta Technologies Inc||13157480256|Morgan|Randall|immigration@beta.team|13157480256||154 DaVinci Drive||South Burlington|CHITTENDEN|Corporate Immigration Partners PC|1150 Airport Drive||South Burlington|VT|05403|2025-01-01|2027-12-31|1|0|0|0|0|0|1|Beta Technologies Inc|17-2112.03|No
I-200-24346-535374|Stress Composites Testing Engineer|Beta Technologies Inc||17046990186|Morgan|Randall|immigration@beta.team|17046990186||154 DaVinci Drive||South Burlington|CHITTENDEN|Corporate Immigration Partners PC|1150 Airport Drive||South Burlington|VT|05403|2025-01-01|2027-12-31|1|0|0|0|0|0|1|Beta Technologies Inc|17-2011|No
I-200-24346-535374|Stress Composites Testing Engineer|Beta Technologies Inc||17046990186|Morgan|Randall|immigration@beta.team|17046990186||154 DaVinci Drive||South Burlington|CHITTENDEN|Corporate Immigration Partners PC|1150 Airport Drive||South Burlington|VT|05403|2025-01-01|2027-12-31|1|0|0|0|0|0|1|Beta Technologies Inc|17-2011.00|No
I-200-24346-535268|Manufacturing Process Engineer - Battery Manufacturing|Beta Technologies Inc||13157480256|Morgan|Randall|immigration@beta.team|13157480256||154 DaVinci Drive||South Burlington|CHITTENDEN|Corporate Immigration Partners PC|1150 Airport Drive||South Burlington|VT|05403|2025-01-01|2027-12-31|1|0|0|0|0|0|1|Beta Technologies Inc|17-2112.03|No
I-200-24346-535200|Motors Control Software Engineer - Propulsion|Beta Technologies Inc||13157480256|Morgan|Randall|immigration@beta.team|13157480256||1150 Airport Dr||South Burlington|CHITTENDEN|Corporate Immigration Partners PC|1150 Airport Drive||South Burlington|VT|05403|2025-01-01|2027-12-31|1|0|0|0|0|0|1|Beta Technologies Inc|17-2071.00|No
I-200-24346-535337|Reliability Engineer - Product Safety|Beta Technologies Inc||17046990186|Morgan|Randall|immigration@beta.team|17046990186||1150 Airport Drive||South Burlington|CHITTENDEN|Corporate Immigration Partners PC|1150 Airport Drive||South Burlington|VT|05403|2025-01-01|2027-12-31|1|0|0|0|0|0|1|Beta Technologies Inc|17-2112.02|No
I-200-24346-535147|Test Engineer - Propulsion|Beta Technologies Inc||17046990186|Morgan|Randall|immigration@beta.team|17046990186||1150 Airport Dr||South Burlington|CHITTENDEN|Corporate Immigration Partners PC|1150 Airport Drive||South Burlington|VT|05403|2025-01-01|2027-12-31|1|0|0|0|0|0|1|Beta Technologies Inc|17-2071.00|No
I-200-24346-535391|Manufacturing Engineer|Beta Technologies Inc||17046990186|Morgan|Randall|immigration@beta.team|17046990186||1150 Airport Drive||South Burlington|CHITTENDEN|Corporate Immigration Partners PC|1150 Airport Drive||South Burlington|VT|05603|2025-01-01|2027-12-31|1|0|0|0|0|0|1|Beta Technologies Inc|17-2112.03|No
I-200-24344-527493|Airworthiness Engineer|Beta Technologies Inc||18022812623|Morgan|Randall|immigration@beta.team|17046990186||1150 Airport Drive||South Burlington|CHITTENDEN|Baker & Hostetler LLP|1150 Airport Drive||South Burlington|VT|05403|2025-01-01|2027-12-31|1|0|0|0|0|1|0|Beta Technologies Inc|17-2011|No
I-200-24347-538497|Manufacturing Process Planning Engineer|Beta Technologies Inc||13157480256|Morgan|Randall|immigration@beta.team|13157480256||154 DaVinci Drive||South Burlington|CHITTENDEN|Corporate Immigration Partners PC|1150 Airport Drive||South Burlington|VT|05403|2025-01-01|2027-12-31|1|0|0|0|0|0|1|Beta Technologies Inc|17-2112.03|No
I-200-24344-527463|Senior Mechanical Design Engineer|Beta Technologies Inc||18022812623|Morgan|Randall|immigration@beta.team|17046990186||1150 Airport Drive||South Burlington|CHITTENDEN|Baker & Hostetler LLP|1150 Airport Drive||South Burlington|VT|05403|2025-01-01|2027-12-31|1|0|0|0|0|1|0|Beta Technologies Inc|17-2141.00|No
I-200-24344-527493|Airworthiness Engineer|Beta Technologies Inc||18022812623|Morgan|Randall|immigration@beta.team|17046990186||1150 Airport Drive||South Burlington|CHITTENDEN|Baker & Hostetler LLP|1150 Airport Drive||South Burlington|VT|05403|2025-01-01|2027-12-31|1|0|0|0|0|1|0|Beta Technologies Inc|17-2011.00|No
I-200-24344-527475|Product Lifecycle & Release Engineer|Beta Technologies Inc||18022812623|Morgan|Randall|immigration@beta.team|17046990186||1150 Airport Drive||South Burlington|CHITTENDEN|Baker & Hostetler LLP|1150 Airport Drive||South Burlington|VT|05403|2025-01-01|2027-12-31|1|0|0|0|0|1|0|Beta Technologies Inc|17-2131.00|No
I-200-24346-535147|Test Engineer - Propulsion|Beta Technologies Inc||17046990186|Morgan|Randall|immigration@beta.team|17046990186||1150 Airport Dr||South Burlington|CHITTENDEN|Corporate Immigration Partners PC|1150 Airport Drive||South Burlington|VT|05403|2025-01-01|2027-12-31|1|0|0|0|0|0|1|Beta Technologies Inc|17-2071.00|No
I-200-24346-535337|Reliability Engineer - Product Safety|Beta Technologies Inc||17046990186|Morgan|Randall|immigration@beta.team|17046990186||1150 Airport Drive||South Burlington|CHITTENDEN|Corporate Immigration Partners PC|1150 Airport Drive||South Burlington|VT|05403|2025-01-01|2027-12-31|1|0|0|0|0|0|1|Beta Technologies Inc|17-2112.02|No
I-200-24344-527487|Engineering Analyst - Batteries|Beta Technologies Inc||18022812623|Morgan|Randall|immigration@beta.team|17046990186||1150 Airport Drive||South Burlington|CHITTENDEN|Baker & Hostetler LLP|1150 Airport Drive||South Burlington|VT|05403|2025-01-01|2027-12-31|1|0|0|0|0|1|0|Beta Technologies Inc|17-2141|No
I-200-24346-535200|Motors Control Software Engineer - Propulsion|Beta Technologies Inc||13157480256|Morgan|Randall|immigration@beta.team|13157480256||1150 Airport Dr||South Burlington|CHITTENDEN|Corporate Immigration Partners PC|1150 Airport Drive||South Burlington|VT|05403|2025-01-01|2027-12-31|1|0|0|0|0|0|1|Beta Technologies Inc|17-2071.00|No
I-200-24346-535268|Manufacturing Process Engineer - Battery Manufacturing|Beta Technologies Inc||13157480256|Morgan|Randall|immigration@beta.team|13157480256||154 DaVinci Drive||South Burlington|CHITTENDEN|Corporate Immigration Partners PC|1150 Airport Drive||South Burlington|VT|05403|2025-01-01|2027-12-31|1|0|0|0|0|0|1|Beta Technologies Inc|17-2112.03|No
I-200-24346-535374|Stress Composites Testing Engineer|Beta Technologies Inc||17046990186|Morgan|Randall|immigration@beta.team|17046990186||154 DaVinci Drive||South Burlington|CHITTENDEN|Corporate Immigration Partners PC|1150 Airport Drive||South Burlington|VT|05403|2025-01-01|2027-12-31|1|0|0|0|0|0|1|Beta Technologies Inc|17-2011.00|No
I-200-24344-527463|Senior Mechanical Design Engineer|Beta Technologies Inc||18022812623|Morgan|Randall|immigration@beta.team|17046990186||1150 Airport Drive||South Burlington|CHITTENDEN|Baker & Hostetler LLP|1150 Airport Drive||South Burlington|VT|05403|2025-01-01|2027-12-31|1|0|0|0|0|1|0|Beta Technologies Inc|17-2141|No
I-200-24346-535304|Junior Test Engineer|Beta Technologies Inc||17046990186|Morgan|Randall|immigration@beta.team|17046990186||75 Swanton Rd||St. Albans|FRANKLIN|Corporate Immigration Partners PC|1150 Airport Drive||South Burlington|VT|05403|2025-01-01|2027-12-31|1|0|0|0|0|0|1|Beta Technologies Inc|17-2141.00|No
I-200-24346-535304|Junior Test Engineer|Beta Technologies Inc||17046990186|Morgan|Randall|immigration@beta.team|17046990186||75 Swanton Rd||St. Albans|FRANKLIN|Corporate Immigration Partners PC|1150 Airport Drive||South Burlington|VT|05403|2025-01-01|2027-12-31|1|0|0|0|0|0|1|Beta Technologies Inc|17-2141|No
I-200-24346-535304|Junior Test Engineer|Beta Technologies Inc||17046990186|Morgan|Randall|immigration@beta.team|17046990186||75 Swanton Rd||St. Albans|FRANKLIN|Corporate Immigration Partners PC|1150 Airport Drive||South Burlington|VT|05403|2025-01-01|2027-12-31|1|0|0|0|0|0|1|Beta Technologies Inc|17-2141.00|No
I-200-24199-201701|Physician, Nephrology|The University of Vermont Health Network - University of Vermont Medical Center||18028470000|Jason|Sanders|Jason.sanders@uvmhealth.org|18028476190||1 South Prospect St||Burlington|CHITTENDEN|Dentons Cohen & Grigsby PC|111 Colchester Ave||Burlington|VT|05401|2025-01-01|2027-12-31|1|0|1|0|0|0|0|The University of Vermont Health Network - University of Vermont Medical Center|29-1229.00|No
I-200-24366-579747|Computer Systems Analyst|LTIMindtree Limited|Exyte Management GmbH|17322486147|Elena|Kuznetsova|Elena.kuznetsova@ltimindtree.com|12012708468||150 Watertower Circle||Cholchester|CHITTENDEN|USILAW Inc|2035 Lincoln Highway|Suite 3004|Edison|NJ|08817|2024-12-31|2027-12-30|1|0|0|0|0|0|1|LTIMindtree Limited|15-1211|Yes
I-200-24366-579747|Computer Systems Analyst|LTIMindtree Limited|Exyte Management GmbH|17322486147|Elena|Kuznetsova|Elena.kuznetsova@ltimindtree.com|12012708468||150 Watertower Circle||Cholchester|CHITTENDEN|USILAW Inc|2035 Lincoln Highway|Suite 3004|Edison|NJ|08817|2024-12-31|2027-12-30|1|0|0|0|0|0|1|LTIMindtree Limited|15-1211.00|Yes
I-200-24347-538155|Manager, Data & Analytics|UNUM Group||12075756287|Glenda|Pongras|gpongras@unum.com|12075756287||63 Pearl Street||Essex Junction|CHITTENDEN|Corporate Immigration Partners PC|1 Fountain Square||Chattanooga|TN|37402|2024-12-18|2027-12-17|1|0|0|0|0|0|1|UNUM Group|15-2051.01|No
I-200-24347-538155|Manager, Data & Analytics|UNUM Group||12075756287|Glenda|Pongras|gpongras@unum.com|12075756287||63 Pearl Street||Essex Junction|CHITTENDEN|Corporate Immigration Partners PC|1 Fountain Square||Chattanooga|TN|37402|2024-12-18|2027-12-17|1|0|0|0|0|0|1|UNUM Group|15-2051.01|No
I-200-24347-538155|Manager, Data & Analytics|UNUM Group||12075756287|Glenda|Pongras|gpongras@unum.com|12075756287||63 Pearl Street||Essex Junction|CHITTENDEN|Corporate Immigration Partners PC|1 Fountain Square||Chattanooga|TN|37402|2024-12-18|2027-12-17|1|0|0|0|0|0|1|UNUM Group|15-2051.01|No
I-200-24346-533915|Computer Systems Analyst|LTIMindtree Limited|Exyte Management GMBH|12012708468|Elena|Kuznetsova|Elena.kuznetsova@ltimindtree.com|12012708468||150 Watertower Circle||Cholchester|CHITTENDEN|Chugh LLP|2035 Lincoln Highway|Suite 3004|Edison|NJ|08817|2024-12-17|2027-12-16|1|0|0|0|0|0|1|LTIMindtree Limited|15-1211|Yes
I-200-24346-533915|Computer Systems Analyst|LTIMindtree Limited|Exyte Management GMBH|12012708468|Elena|Kuznetsova|Elena.kuznetsova@ltimindtree.com|12012708468||150 Watertower Circle||Cholchester|CHITTENDEN|Chugh LLP|2035 Lincoln Highway|Suite 3004|Edison|NJ|08817|2024-12-17|2027-12-16|1|0|0|0|0|0|1|LTIMindtree Limited|15-1211.00|Yes
I-200-24346-533915|Computer Systems Analyst|LTIMindtree Limited|Exyte Management GMBH|12012708468|Elena|Kuznetsova|Elena.kuznetsova@ltimindtree.com|12012708468||150 Watertower Circle||Cholchester|CHITTENDEN|Chugh LLP|2035 Lincoln Highway|Suite 3004|Edison|NJ|08817|2024-12-17|2027-12-16|1|0|0|0|0|0|1|LTIMindtree Limited|15-1211.00|Yes
I-200-24275-375624|Dentist|Community Health Centers of the Rutland Region Inc||18028552082|Sami|Davis|sdavis@chcrr.org|18028552082||69 Allen Street|Suite 7 & 10|Rutland|RUTLAND CITY|Dinse PC|71 Allen Street|Suite 101|Rutland|VT|05701|2024-12-15|2027-12-14|1|1|0|0|0|0|0|Community Health Centers of the Rutland Region Inc|29-1021.00|No
I-200-24275-375624|Dentist|Community Health Centers of the Rutland Region Inc||18028552082|Sami|Davis|sdavis@chcrr.org|18028552082||69 Allen Street|Suite 7 & 10|Rutland|RUTLAND CITY|Dinse PC|71 Allen Street|Suite 101|Rutland|VT|05701|2024-12-15|2027-12-14|1|1|0|0|0|0|0|Community Health Centers of the Rutland Region Inc|29-1021.00|No
I-200-24275-375624|Dentist|Community Health Centers of the Rutland Region Inc||18028552082|Sami|Davis|sdavis@chcrr.org|18028552082||69 Allen Street|Suite 7 & 10|Rutland|RUTLAND CITY|Dinse PC|71 Allen Street|Suite 101|Rutland|VT|05701|2024-12-15|2027-12-14|1|1|0|0|0|0|0|Community Health Centers of the Rutland Region Inc|29-1021|No
I-200-24341-525013|Full Stack Developer|The President & Fellows of Middlebury College||18024435858|Natalie|Steen|nsteen@middlebury.edu|18024435004||110 Storrs Ave||Middlebury|MIDDLEBURY|Green & Spiegel LLC|14 Old Chapel Road||Middlebury|VT|05753|2024-12-15|2027-12-14|1|1|0|0|0|0|0|The President & Fellows of Middlebury College|15-1252.00|No
I-200-24341-525013|Full Stack Developer|The President & Fellows of Middlebury College||18024435858|Natalie|Steen|nsteen@middlebury.edu|18024435004||110 Storrs Ave||Middlebury|MIDDLEBURY|Green & Spiegel LLC|14 Old Chapel Road||Middlebury|VT|05753|2024-12-15|2027-12-14|1|1|0|0|0|0|0|The President & Fellows of Middlebury College|15-1252.00|No
I-200-24341-525013|Full Stack Developer|The President & Fellows of Middlebury College||18024435858|Natalie|Steen|nsteen@middlebury.edu|18024435004||110 Storrs Ave||Middlebury|MIDDLEBURY|Green & Spiegel LLC|14 Old Chapel Road||Middlebury|VT|05753|2024-12-15|2027-12-14|1|1|0|0|0|0|0|The President & Fellows of Middlebury College|15-1252|No
I-200-24166-113040|PHYSICAL THERAPIST|Grandison Management Inc|Barre Gardens for Nursing and Rehabilitation|17183366600|Yoel|Trenk|yt@grandisonusa.com|17183366600|4453|378 Prospect Street||Barre|WASHINGTON||4547 US Highway 9 North|Suite Q|Howell|NJ|07731|2024-12-13|2027-12-12|40|10|10|10|0|0|10|Grandison Management Inc|29-1123.00|No
I-200-24172-132641|PHYSICAL THERAPIST|Grandison Management Inc|CareerStaff|17183366600|Yoel|Trenk|yt@grandisonusa.com|17183366600|4453|2 Blackberry Lane||Bennington|BENNINGTON||4547 US Highway 9 North|Suite Q|Howell|NJ|07731|2024-12-13|2027-12-12|40|10|10|10|0|0|10|Grandison Management Inc|29-1123.00|No
I-200-24166-114199|PHYSICAL THERAPIST|Grandison Management Inc|CareerStaff|17183366600|Yoel|Trenk|yt@grandisonusa.com|17183366600|4453|49 Cedar Hill Drive||Windsor|WINDSOR||4547 US Highway 9 North|Suite Q|Howell|NJ|07731|2024-12-13|2027-12-12|40|10|10|10|0|0|10|Grandison Management Inc|29-1123.00|No
I-200-24172-132432|PHYSICAL THERAPIST|Grandison Management Inc|CareerStaff|17183366600|Yoel|Trenk|yt@grandisonusa.com|17183366600|4453|105 Chester Road||Springfield|WINDSOR||4547 US Highway 9 North|Suite Q|Howell|NJ|07731|2024-12-13|2027-12-12|40|10|10|10|0|0|10|Grandison Management Inc|29-1123.00|No
I-200-24172-133534|Physical Theraphy|Grandison Management Inc|Priority Healthcare|17183366600|YOEL|TRENK|yt@grandisonusa.com|17183366600|4453|300 Pearl Street||Burlington|CHITTENDEN||4547 US Highway 9 North|Suite Q|Howell|NJ|07731|2024-12-13|2027-12-12|40|10|10|10|0|0|10|Grandison Management Inc|29-1123.00|No
I-200-24169-118970|Physical Therapist|Grandison Management Inc|Priority Healthcare|17183366600|Yoel|Trenk|yt@grandisonusa.com|17183366600|4453|1248 Hospital||Dr, St Johnsbury|ST JOHNSBURY||4547 US Highway 9 North|Suite Q|Howell|NJ|07731|2024-12-13|2027-12-12|40|10|10|10|0|0|10|Grandison Management Inc|29-1123.00|No
I-200-24166-113164|PHYSICAL THERAPIST|Grandison Management Inc|Priority Healthcare|17183366600|Yoel|Trenk|yt@grandisonusa.com|17183366600|4453|98 Hospitality Drive||Barre|WASHINGTON||4547 US Highway 9 North|Suite Q|Howell|NJ|07731|2024-12-13|2027-12-12|40|10|10|10|0|0|10|Grandison Management Inc|29-1123.00|No
I-200-24220-252268|Engineering Analyst - Batteries|Beta Air LLC||18027349210|Matt|Riley|immigration@beta.team|13157480256||1150 Airport Drive||South Burlington|CHITTENDEN|Baker & Hostetler LLP|1150 Airport Drive||South Burlington|VT|05403|2024-12-13|2027-12-12|1|0|0|1|0|0|0|Beta Air LLC|17-2141.00|No
I-200-24282-393077|Staff Nurse II|University of Vermont Medical Center||18028470000|Abigail|Keegan|Abigail.Keegan@uvmhealth.org|18028470000||111 Colchester Ave||Burlington|CHITTENDEN|Dentons Cohen & Grigsby PC|111 Colchester Ave||Burlington|VT|05401|2024-11-25|2027-11-24|1|0|0|0|0|1|0|University of Vermont Medical Center|29-1141.00|No
I-200-24282-393077|Staff Nurse II|University of Vermont Medical Center||18028470000|Abigail|Keegan|Abigail.Keegan@uvmhealth.org|18028470000||111 Colchester Ave||Burlington|CHITTENDEN|Dentons Cohen & Grigsby PC|111 Colchester Ave||Burlington|VT|05401|2024-11-25|2027-11-24|1|0|0|0|0|1|0|University of Vermont Medical Center|29-1141|No
I-200-24282-393077|Staff Nurse II|University of Vermont Medical Center||18028470000|Abigail|Keegan|Abigail.Keegan@uvmhealth.org|18028470000||111 Colchester Ave||Burlington|CHITTENDEN|Dentons Cohen & Grigsby PC|111 Colchester Ave||Burlington|VT|05401|2024-11-25|2027-11-24|1|0|0|0|0|1|0|University of Vermont Medical Center|29-1141.00|No
I-200-24292-415914|Pharmacy Manager|Walgreen Co.||18473158190|Nicole|Bergen|immghrops@walgreens.com|12242352141||355 N Main St.||Barre|WASHINGTON|Morgan Lewis & Bockius LLP|108 Wilmot Road||Deerfield|IL|60015|2024-11-13|2027-11-12|1|0|0|0|0|0|1|Walgreen Co.|29-1051.00|No
I-200-24292-415914|Pharmacy Manager|Walgreen Co.||18473158190|Nicole|Bergen|immghrops@walgreens.com|12242352141||355 N Main St.||Barre|WASHINGTON|Morgan Lewis & Bockius LLP|108 Wilmot Road||Deerfield|IL|60015|2024-11-13|2027-11-12|1|0|0|0|0|0|1|Walgreen Co.|29-1051|No
I-200-24292-415914|Pharmacy Manager|Walgreen Co.||18473158190|Nicole|Bergen|immghrops@walgreens.com|12242352141||355 N Main St.||Barre|WASHINGTON|Morgan Lewis & Bockius LLP|108 Wilmot Road||Deerfield|IL|60015|2024-11-13|2027-11-12|1|0|0|0|0|0|1|Walgreen Co.|29-1051.00|No
I-200-24290-411402|MTS Device Engineering|GlobalFoundries U.S. 2 LLC||15182226552|Jarin|Ahmed|jarin.ahmed@globalfoundries.com|15189710761||1000 River St||Essex Junction|CHITTENDEN|Greenberg Traurig LLP|400 Stonebreak Road Ext.||Malta|NY|12020|2024-11-11|2027-11-10|1|0|0|0|0|1|0|GlobalFoundries U.S. 2 LLC|17-2112.03|No
I-200-24290-411402|MTS Device Engineering|GlobalFoundries U.S. 2 LLC||15182226552|Jarin|Ahmed|jarin.ahmed@globalfoundries.com|15189710761||1000 River St||Essex Junction|CHITTENDEN|Greenberg Traurig LLP|400 Stonebreak Road Ext.||Malta|NY|12020|2024-11-11|2027-11-10|1|0|0|0|0|1|0|GlobalFoundries U.S. 2 LLC|17-2112.03|No
I-200-24290-411402|MTS Device Engineering|GlobalFoundries U.S. 2 LLC||15182226552|Jarin|Ahmed|jarin.ahmed@globalfoundries.com|15189710761||1000 River St||Essex Junction|CHITTENDEN|Greenberg Traurig LLP|400 Stonebreak Road Ext.||Malta|NY|12020|2024-11-11|2027-11-10|1|0|0|0|0|1|0|GlobalFoundries U.S. 2 LLC|17-2112.03|No
I-200-24299-433372|Exercise Physiologist|University of Vermont Health Network- Porter Medical Center Inc||18023884701|Bryce|York|byork@portermedical.org|18023884701||115 Porter Drive||Middlebury|ADDISON|Dentons Cohen & Grigsby PC|115 Porter Drive||Middlebury|VT|05753|2024-11-11|2027-11-10|1|1|0|0|0|0|0|University of Vermont Health Network- Porter Medical Center Inc|29-1128.00|No
I-200-24299-433372|Exercise Physiologist|University of Vermont Health Network- Porter Medical Center Inc||18023884701|Bryce|York|byork@portermedical.org|18023884701||115 Porter Drive||Middlebury|ADDISON|Dentons Cohen & Grigsby PC|115 Porter Drive||Middlebury|VT|05753|2024-11-11|2027-11-10|1|1|0|0|0|0|0|University of Vermont Health Network- Porter Medical Center Inc|29-1128.00|No
I-200-24299-433372|Exercise Physiologist|University of Vermont Health Network- Porter Medical Center Inc||18023884701|Bryce|York|byork@portermedical.org|18023884701||115 Porter Drive||Middlebury|ADDISON|Dentons Cohen & Grigsby PC|115 Porter Drive||Middlebury|VT|05753|2024-11-11|2027-11-10|1|1|0|0|0|0|0|University of Vermont Health Network- Porter Medical Center Inc|29-1128|No
I-201-25191-164793|Hostess|Springtree Marina LLC||18025794902|Pamela|Merrigan|springtreemarina@gmail.com|18025794902||28 Spring Tree Road||Brattleboro|||28 Spring Tree Marina Road||Brattleboro|VT|05301|2025-11-01|2027-11-01|1|1|0|0|0|0|0|Springtree Marina LLC|35-3031.00|N/A
I-200-24268-359813|Medical Technologist|Northwestern Medical Center||18025241266|Sarah|Sterling|ssterling@nmcinc.org|18025241206||133 Fairfield St.||Saint Albans,|FRANKLIN|Dentons Cohen & Grigsby PC|133 Fairfield St.||Saint Albans|VT|04578|2024-11-01|2027-10-31|1|1|0|0|0|0|0|Northwestern Medical Center|29-2011.00|No
I-200-24268-359813|Medical Technologist|Northwestern Medical Center||18025241266|Sarah|Sterling|ssterling@nmcinc.org|18025241206||133 Fairfield St.||Saint Albans,|FRANKLIN|Dentons Cohen & Grigsby PC|133 Fairfield St.||Saint Albans|VT|04578|2024-11-01|2027-10-31|1|1|0|0|0|0|0|Northwestern Medical Center|29-2011|No
I-200-24268-359813|Medical Technologist|Northwestern Medical Center||18025241266|Sarah|Sterling|ssterling@nmcinc.org|18025241206||133 Fairfield St.||Saint Albans,|FRANKLIN|Dentons Cohen & Grigsby PC|133 Fairfield St.||Saint Albans|VT|04578|2024-11-01|2027-10-31|1|1|0|0|0|0|0|Northwestern Medical Center|29-2011.00|No
I-200-24235-287062|Radiation Therapist|University of Vermont Medical Center Inc||18028470074|Lori Ann|Roy|loriann.roy@uvmhealth.org|18028472195||111 Colchester Ave||Burlington|CHITTENDEN|Dentons Cohen & Grigsby PC|111 Colchester Ave||Burlington|VT|05401|2024-11-01|2027-10-31|1|0|1|0|0|0|0|University of Vermont Medical Center Inc|29-1124.00|No
I-200-24268-361349|Radiation Therapist|University of Vermont Medical Center Inc||18028470074|Lori Ann|Roy|loriann.roy@uvmhealth.org|18028472195||111 Colchester Ave||Burlington|CHITTENDEN|Dentons Cohen & Grigsby PC|111 Colchester Ave||Burlington|VT|05401|2024-10-31|2027-10-30|1|0|1|0|0|0|0|University of Vermont Medical Center Inc|29-1124|No
I-200-24268-361349|Radiation Therapist|University of Vermont Medical Center Inc||18028470074|Lori Ann|Roy|loriann.roy@uvmhealth.org|18028472195||111 Colchester Ave||Burlington|CHITTENDEN|Dentons Cohen & Grigsby PC|111 Colchester Ave||Burlington|VT|05401|2024-10-31|2027-10-30|1|0|1|0|0|0|0|University of Vermont Medical Center Inc|29-1124.00|No
I-200-24268-361349|Radiation Therapist|University of Vermont Medical Center Inc||18028470074|Lori Ann|Roy|loriann.roy@uvmhealth.org|18028472195||111 Colchester Ave||Burlington|CHITTENDEN|Dentons Cohen & Grigsby PC|111 Colchester Ave||Burlington|VT|05401|2024-10-31|2027-10-30|1|0|1|0|0|0|0|University of Vermont Medical Center Inc|29-1124.00|No
I-200-24199-201740|STAFF NURSE II|THE UNIVERSITY OF VERMONT HEALTH NETWORK - UNIVERSITY OF VERMONT MEDICAL CENTER||18028470000|GREGORY|CARY|Gregory.Cary@uvmhealth.org|18023919672||111 COLCHESTER AVENUE||BURLINGTON|CHITTENDEN|DENTONS COHEN & GRIGSBY PC|111 COLCHESTER AVENUE||BURLINGTON|VT|05402|2024-10-28|2027-10-27|1|1|0|0|0|0|0|THE UNIVERSITY OF VERMONT HEALTH NETWORK - UNIVERSITY OF VERMONT MEDICAL CENTER|29-1141.00|No
I-200-24283-395969|STAFF NURSE II|THE UNIVERSITY OF VERMONT HEALTH NETWORK - UNIVERSITY OF VERMONT MEDICAL CENTER||18028470000|GREGORY|CARY|Gregory.Cary@uvmhealth.org|18023919672||111 COLCHESTER AVENUE||BURLINGTON|CHITTENDEN|DENTONS COHEN & GRIGSBY PC|111 COLCHESTER AVENUE||BURLINGTON|VT|05402|2024-10-28|2027-10-27|1|1|0|0|0|0|0|THE UNIVERSITY OF VERMONT HEALTH NETWORK - UNIVERSITY OF VERMONT MEDICAL CENTER|29-1141.00|No
I-200-24283-395979|STAFF NURSE II|THE UNIVERSITY OF VERMONT HEALTH NETWORK - UNIVERSITY OF VERMONT MEDICAL CENTER||18028470000|GREGORY|CARY|Gregory.Cary@uvmhealth.org|18023919672||111 COLCHESTER AVENUE||BURLINGTON|CHITTENDEN|DENTONS COHEN & GRIGSBY PC|111 COLCHESTER AVENUE||BURLINGTON|VT|05402|2024-10-28|2027-10-27|1|1|0|0|0|0|0|THE UNIVERSITY OF VERMONT HEALTH NETWORK - UNIVERSITY OF VERMONT MEDICAL CENTER|29-1141.00|No
I-200-24283-395979|STAFF NURSE II|THE UNIVERSITY OF VERMONT HEALTH NETWORK - UNIVERSITY OF VERMONT MEDICAL CENTER||18028470000|GREGORY|CARY|Gregory.Cary@uvmhealth.org|18023919672||111 COLCHESTER AVENUE||BURLINGTON|CHITTENDEN|DENTONS COHEN & GRIGSBY PC|111 COLCHESTER AVENUE||BURLINGTON|VT|05402|2024-10-28|2027-10-27|1|1|0|0|0|0|0|THE UNIVERSITY OF VERMONT HEALTH NETWORK - UNIVERSITY OF VERMONT MEDICAL CENTER|29-1141|No
I-200-24283-395969|STAFF NURSE II|THE UNIVERSITY OF VERMONT HEALTH NETWORK - UNIVERSITY OF VERMONT MEDICAL CENTER||18028470000|GREGORY|CARY|Gregory.Cary@uvmhealth.org|18023919672||111 COLCHESTER AVENUE||BURLINGTON|CHITTENDEN|DENTONS COHEN & GRIGSBY PC|111 COLCHESTER AVENUE||BURLINGTON|VT|05402|2024-10-28|2027-10-27|1|1|0|0|0|0|0|THE UNIVERSITY OF VERMONT HEALTH NETWORK - UNIVERSITY OF VERMONT MEDICAL CENTER|29-1141|No
I-200-24283-395969|STAFF NURSE II|THE UNIVERSITY OF VERMONT HEALTH NETWORK - UNIVERSITY OF VERMONT MEDICAL CENTER||18028470000|GREGORY|CARY|Gregory.Cary@uvmhealth.org|18023919672||111 COLCHESTER AVENUE||BURLINGTON|CHITTENDEN|DENTONS COHEN & GRIGSBY PC|111 COLCHESTER AVENUE||BURLINGTON|VT|05402|2024-10-28|2027-10-27|1|1|0|0|0|0|0|THE UNIVERSITY OF VERMONT HEALTH NETWORK - UNIVERSITY OF VERMONT MEDICAL CENTER|29-1141.00|No
I-200-24283-395979|STAFF NURSE II|THE UNIVERSITY OF VERMONT HEALTH NETWORK - UNIVERSITY OF VERMONT MEDICAL CENTER||18028470000|GREGORY|CARY|Gregory.Cary@uvmhealth.org|18023919672||111 COLCHESTER AVENUE||BURLINGTON|CHITTENDEN|DENTONS COHEN & GRIGSBY PC|111 COLCHESTER AVENUE||BURLINGTON|VT|05402|2024-10-28|2027-10-27|1|1|0|0|0|0|0|THE UNIVERSITY OF VERMONT HEALTH NETWORK - UNIVERSITY OF VERMONT MEDICAL CENTER|29-1141.00|No
I-200-24199-201775|STAFF NURSE II|THE UNIVERSITY OF VERMONT HEALTH NETWORK - UNIVERSITY OF VERMONT MEDICAL CENTER||18028470000|GREGORY|CARY|Gregory.Cary@uvmhealth.org|18023919672||111 COLCHESTER AVENUE||BURLINGTON|CHITTENDEN|DENTONS COHEN & GRIGSBY PC|111 COLCHESTER AVENUE||BURLINGTON|VT|05402|2024-10-28|2027-10-27|1|1|0|0|0|0|0|THE UNIVERSITY OF VERMONT HEALTH NETWORK - UNIVERSITY OF VERMONT MEDICAL CENTER|29-1141.00|No
I-200-24275-376368|General Dentist|Woodstock Dental Group PLC||17815623442|Kerstin|Marrama|Kerstin@teamadb.com|17815623442||21710 Maxham Meadow Way||Woodstock|WOODSTOCK|Tadmor & Tadmor LLP|500 Chapman St.|Suite 101|Canton|MA|02021|2024-10-26|2027-10-25|1|0|0|0|0|1|0|Woodstock Dental Group PLC|29-1021|No
I-200-24275-376368|General Dentist|Woodstock Dental Group PLC||17815623442|Kerstin|Marrama|Kerstin@teamadb.com|17815623442||21710 Maxham Meadow Way||Woodstock|WOODSTOCK|Tadmor & Tadmor LLP|500 Chapman St.|Suite 101|Canton|MA|02021|2024-10-26|2027-10-25|1|0|0|0|0|1|0|Woodstock Dental Group PLC|29-1021.00|No
I-200-24275-376368|General Dentist|Woodstock Dental Group PLC||17815623442|Kerstin|Marrama|Kerstin@teamadb.com|17815623442||21710 Maxham Meadow Way||Woodstock|WOODSTOCK|Tadmor & Tadmor LLP|500 Chapman St.|Suite 101|Canton|MA|02021|2024-10-26|2027-10-25|1|0|0|0|0|1|0|Woodstock Dental Group PLC|29-1021.00|No
I-200-24122-947265|Dentist|The Richford Health Center Inc||18022555518|Lianne|Trombley|ltrombley@notch.org|18022555518||44 Main Street|Suite 400|Richford|RICHFORD|Dinse PC|44 Main Street|Suite 200|Richford|VT|05476|2024-10-25|2027-10-24|1|0|1|0|0|0|0|The Richford Health Center Inc|29-1021.00|No
I-200-24225-259638|Dentist|Lamoille Health Partners||18028880901|Theresa|Kwayi|tkwayi@LamoilleHealthPartners.org|18028880901||66 Morrisville Plaza||Morrisville|MORRISTOWN|Dinse PC|609 Washington Highway||Morrisville|VT|05661|2024-10-20|2027-10-19|1|1|0|0|0|0|0|Lamoille Health Partners|29-1021.00|No
I-200-24281-390962|Manager JC50 - Computer Systems Engineers/Architects|COGNIZANT TECHNOLOGY SOLUTIONS US CORP|National Life Insurance Company|19793296682|Daniel|Shakespeare|lca.immigration@cognizant.com|16176207316||1 National Life Drive||MONTPELIER|WASHINGTON||211 QUALITY CIRCLE||COLLEGE STATION|TX|77845|2024-10-16|2027-10-15|1|1|0|0|0|0|0|COGNIZANT TECHNOLOGY SOLUTIONS US CORP|15-1299.08|Yes
I-200-24281-390962|Manager JC50 - Computer Systems Engineers/Architects|COGNIZANT TECHNOLOGY SOLUTIONS US CORP|National Life Insurance Company|19793296682|Daniel|Shakespeare|lca.immigration@cognizant.com|16176207316||1 National Life Drive||MONTPELIER|WASHINGTON||211 QUALITY CIRCLE||COLLEGE STATION|TX|77845|2024-10-16|2027-10-15|1|1|0|0|0|0|0|COGNIZANT TECHNOLOGY SOLUTIONS US CORP|15-1299.08|Yes
I-200-24281-390962|Manager JC50 - Computer Systems Engineers/Architects|COGNIZANT TECHNOLOGY SOLUTIONS US CORP|National Life Insurance Company|19793296682|Daniel|Shakespeare|lca.immigration@cognizant.com|16176207316||1 National Life Drive||MONTPELIER|WASHINGTON||211 QUALITY CIRCLE||COLLEGE STATION|TX|77845|2024-10-16|2027-10-15|1|1|0|0|0|0|0|COGNIZANT TECHNOLOGY SOLUTIONS US CORP|15-1299.08|Yes
I-200-24163-095763|Assistant Professor|The University of Vermont||18026564296|Emma|Huse|ischolar@uvm.edu|18026564296||111 Colchester Avenue||Burlington|BURLINGTON CITY||633 Main Street|Office of Intl Education - L&L B101|Burlington|VT|05405|2024-10-14|2027-10-13|1|0|0|0|1|0|0|The University of Vermont|25-1071.00|No
I-200-24275-377758|Associate Doctor|Western Mass Endodontics, P.C.||19143375252|Armand|Fabiano|armandf@affinitydm.com|19143375252|230|1046 Western Ave||Brattleboro|WINDHAM|Nixon Peabody LLP|330 Whitney Avenue|Suite 740|Holyoke|MA|01040|2024-10-14|2027-10-13|1|0|0|0|1|0|0|Western Mass Endodontics, P.C.|29-1021.00|No
I-200-24275-377758|Associate Doctor|Western Mass Endodontics, P.C.||19143375252|Armand|Fabiano|armandf@affinitydm.com|19143375252|230|1046 Western Ave||Brattleboro|WINDHAM|Nixon Peabody LLP|330 Whitney Avenue|Suite 740|Holyoke|MA|01040|2024-10-14|2027-10-13|1|0|0|0|1|0|0|Western Mass Endodontics, P.C.|29-1021|No
I-200-24275-377758|Associate Doctor|Western Mass Endodontics, P.C.||19143375252|Armand|Fabiano|armandf@affinitydm.com|19143375252|230|1046 Western Ave||Brattleboro|WINDHAM|Nixon Peabody LLP|330 Whitney Avenue|Suite 740|Holyoke|MA|01040|2024-10-14|2027-10-13|1|0|0|0|1|0|0|Western Mass Endodontics, P.C.|29-1021.00|No
I-200-24157-073944|Medical Surgical Registered Nurse|The Rutland Hospital Inc||18027473670|Brian|Kerns|bkerns@rrmc.org|18027473670||160 Allen Street||Rutland|RUTLAND|Corporate Immigration Partners PC|160 Allen Street||Rutland|VT|05701|2024-10-07|2027-10-06|1|1|0|0|0|0|0|The Rutland Hospital Inc|29-1141.00|No
I-200-24166-111425|Vermont Court Diversion Rehabilitation Case Manager|Valley Court Diversion Programs Inc||18022815010|Ellen|Wicklum|ellen@vcdp.org|18022815010||211 North Main Street|P.O. Box 474|White River Junction|WINDSOR|Curran Berger & Kludt|211 N. Main Street|P.O. Box 474|White River Junction|VT|05001|2024-10-05|2027-10-04|1|0|1|0|0|0|0|Valley Court Diversion Programs Inc|11-9151.00|No
I-200-24093-847943|Public School Teacher|Mill River Unified Union School District||18027863993|Kaelyne|Thompson|kthompson@millriverschools.org|18027863993||2321 Middle Road||North Clarendon|RUTLAND|THE IRWIN LAW FIRM LLC|2321 Middle Road||North Clarendon|VT|05759|2024-10-02|2027-10-01|1|0|1|0|0|0|0|Mill River Unified Union School District|25-2031.00|No
I-200-24299-433008|Medical Technologist|Northeastern Vermont Regional Hospital||18027487312|Heather|Spinney|h.spinney@nvrh.org|18027487312||1315 Hospital Dr.||St. Johnsbury|ST JOHNSBURY|Rosales Del Rosario PC|1315 Hospital Dr.||St. Johnsbury|VT|05819|2024-11-01|2027-10-01|1|0|0|0|0|1|0|Northeastern Vermont Regional Hospital|29-2011|No
I-200-24299-433008|Medical Technologist|Northeastern Vermont Regional Hospital||18027487312|Heather|Spinney|h.spinney@nvrh.org|18027487312||1315 Hospital Dr.||St. Johnsbury|ST JOHNSBURY|Rosales Del Rosario PC|1315 Hospital Dr.||St. Johnsbury|VT|05819|2024-11-01|2027-10-01|1|0|0|0|0|1|0|Northeastern Vermont Regional Hospital|29-2011.00|No
I-200-24299-433008|Medical Technologist|Northeastern Vermont Regional Hospital||18027487312|Heather|Spinney|h.spinney@nvrh.org|18027487312||1315 Hospital Dr.||St. Johnsbury|ST JOHNSBURY|Rosales Del Rosario PC|1315 Hospital Dr.||St. Johnsbury|VT|05819|2024-11-01|2027-10-01|1|0|0|0|0|1|0|Northeastern Vermont Regional Hospital|29-2011.00|No
I-200-24138-006983|Programmer Analyst|HTC GLOBAL SERVICES INC|BCBS Vermont|12487862500|SURESH|SUBRAMANIAN|IMMIGRATION@HTCINC.COM|12487862500|109|445 Industrial Lane||Berlin|WASHINGTON||3270 WEST BIG BEAVER ROAD||TROY|MI|48084|2024-10-01|2027-09-30|1|1|0|0|0|0|0|HTC GLOBAL SERVICES INC|15-1251.00|Yes
I-200-24127-960859|Business Analyst|TECH MAHINDRA (AMERICAS) INC|Department of Liquor and Lottery State of Vermont|19732169008|ULPA|SHUKLA|LCAMOVEMENT@TECHMAHINDRA.COM|19732169008||1311 US Route 302, Suite 100||BARRE|WASHINGTON||500 HILLS DRIVE|SUITE 200A|BEDMINSTER|NJ|07921|2024-10-01|2027-09-30|1|1|0|0|0|0|0|TECH MAHINDRA (AMERICAS) INC|13-1111.00|Yes
I-200-25198-183136|Implementation Analyst|Fast Enterprises LLC|Fast Enterprises LLC|13037703700|Melanie|Jones|mjones@fastcore.com|13037703700||1 National Life Drive|Building Dewey|Montpellier|||7229 S Alton Way||Centennial|CO|80112|2025-07-28|2027-09-30|1|0|0|0|0|0|1|Fast Enterprises LLC|15-1252.00|No
I-200-24190-180576|Software Developer|Macrosoft Inc|Quorum Data Inc|19738890500|John|Kullmann|jkullmann@macrosoftinc.com|19738890500||50 Lakeside Avenue||Burlington|CHITTENDEN|Kidambi & Associates PC|135 Route 202/206|Suite 9|Bedminster|NJ|07921|2024-10-01|2027-09-30|1|0|1|0|0|0|0|Macrosoft Inc|15-1252.00|Yes
I-200-24158-080460|Software Developer|Macrosoft Inc|Quorum Data Inc|19738890500|John|Kullmann|jkullmann@macrosoftinc.com|19738890500||50 Lakeside Avenue||Burlington|CHITTENDEN|Kidambi & Associates PC|135 Route 202/206|Suite 9|Bedminster|NJ|07921|2024-10-01|2027-09-30|1|0|1|0|0|0|0|Macrosoft Inc|15-1252.00|Yes
I-200-24163-097360|Medical Technologist|Health Carousel LLC|Springfield Hospital|15132567009|Donita|Ross|Donita.Ross@HealthCarousel.com|15132567009||25 Ridgewood Road||Springfield|WINDSOR|Musillo Unkenholt LLC|4000 Smith Road|Suite 500|Cincinnati|OH|45209|2024-10-01|2027-09-30|1|1|0|0|0|0|0|Health Carousel LLC|29-2011.00|No
I-200-24171-130343|Engineer - 1|JSI Engineering LLC|Waitsfield Champlain Valley  Telephone Co|14356238601|Doris|DHue|doris.dhue@jsitel.com|13014597590||3898 Main St.||Waitsfield|WAITSFIELD|High-Tech Immigration Law Group PLLC|1475 N 200 W||Nephi|UT|84648|2024-10-01|2027-09-30|1|1|0|0|0|0|0|JSI Engineering LLC|17-2141.00|No
I-200-24169-120089|Engineer - 1|JSI Engineering LLC|Waitsfield Champlain Valley Telephone Co.|14356238601|Doris|DHue|doris.dhue@jsitel.com|13014597590||3898 Main St||Waitsfield|WAITSFIELD|High-Tech Immigration Law Group PLLC|1475 N 200 W||Nephi|UT|84648|2024-10-01|2027-09-30|1|1|0|0|0|0|0|JSI Engineering LLC|17-2141.00|No
I-200-24120-935944|Motors Control Software Engineer – Propulsion|Beta Air LLC||18027349210|Morgan|Randall|immigration@beta.team|17046990186||1150 Airport Drive||South Burlington|CHITTENDEN|Baker & Hostetler LLP|1150 Airport Drive||South Burlington|VT|05403|2024-10-01|2027-09-30|1|1|0|0|0|0|0|Beta Air LLC|17-2071.00|No
I-200-24108-897859|Stress Composites Testing Engineer|Beta Air LLC||18027349210|Morgan|Randall|immigration@beta.team|17046990186||154 DaVinci Drive||South Burlington|CHITTENDEN|Baker & Hostetler LLP|1150 Airport Drive||South Burlington|VT|05403|2024-10-01|2027-09-30|1|1|0|0|0|0|0|Beta Air LLC|17-2011.00|No
I-200-24108-897801|Manufacturing Process Planning Engineer|Beta Air LLC||18027349210|Morgan|Randall|immigration@beta.team|17046990186||154 DaVinci Drive||South Burlington|CHITTENDEN|Baker & Hostetler LLP|1150 Airport Drive||South Burlington|VT|05403|2024-10-01|2027-09-30|1|1|0|0|0|0|0|Beta Air LLC|17-2112.03|No
I-200-24120-935894|Test Engineer - Propulsion|Beta Air LLC||18023106548|Morgan|Randall|immigration@beta.team|17046990186||1150 Airport Drive||South Burlington|CHITTENDEN|Baker & Hostetler LLP|1150 Airport Drive||South Burlington|VT|05403|2024-10-01|2027-09-30|1|1|0|0|0|0|0|Beta Air LLC|17-2071.00|No
I-200-24108-898024|Junior Test Engineer|Beta Air LLC||18027349210|Morgan|Randall|immigration@beta.team|17046990186||75 Swanton Road||St. Albans|FRANKLIN|Baker & Hostetler LLP|1150 Airport Drive||South Burlington|VT|05403|2024-10-01|2027-09-30|1|1|0|0|0|0|0|Beta Air LLC|17-2141.00|No
I-200-24137-003332|Dentist|Bristol Park Dental Associates PLC||18024537700|Farid|Hamidzadeh|dr.faridhamidzadeh@gmail.com|18024537700||212 Prouty Drive|Suite 1|Newport|NEWPORT|Malik & Popiel PC|6 Park Place||Bristol|VT|05443|2024-10-01|2027-09-30|1|1|0|0|0|0|0|Bristol Park Dental Associates PLC|29-1021.00|No
I-200-24116-927278|Staff Pharmacist FT|CVS Rx Services Inc||14017701621|Paul|Messenger|ImmigrationSupport@CVSHealth.com|14017701621||8 Kocher Dr.||Bennington|BENNINGTON|Ogletree Deakins Nash Smoak & Stewart PC|1 CVS Drive||Woonsocket|RI|02895|2024-10-01|2027-09-30|1|1|0|0|0|0|0|CVS Rx Services Inc|29-1051.00|No
I-200-24225-260073|Physical Therapist|Central Vermont Medical Center||18023715910|Kimberly|Patnaude|kimberly.patnaude@cvmc.org|18023714443||44 Granger Road||Berlin|BERLIN|Dentons Cohen & Grigsby PC|130 Fisher Road||Berlin|VT|05602|2024-10-01|2027-09-30|1|0|1|0|0|0|0|Central Vermont Medical Center|29-1123.00|No
I-200-24135-992266|Partnership Advocate (Medical Research Scientist)|EQUITAS Life Sciences LLC||18028575626|Kerry|Seagle|kls@equitasls.com|18028575626||5 Oliver Wight Dr.|Suite B|Essex|ESSEX|Kramer Levin Naftalis & Frankel LLP|5 Oliver Wight Dr.|Suite B|Essex|VT|05452|2024-10-01|2027-09-30|1|1|0|0|0|0|0|EQUITAS Life Sciences LLC|19-1042.00|No
I-200-24117-932008|Principal Eng Device Modeling & Characterization|GlobalFoundries U.S. 2 LLC||15189710761|Jarin|Ahmed|jarin.ahmed@globalfoundries.com|15189710761||1000 River St||Essex Junction|CHITTENDEN|Greenberg Traurig LLP|400 Stonebreak Road Ext.||Malta|NY|12020|2024-10-01|2027-09-30|1|1|0|0|0|0|0|GlobalFoundries U.S. 2 LLC|17-2072.00|No
I-200-24130-977193|Sr Eng PostFab Engineering|GlobalFoundries U.S. 2 LLC||15182226552|Jarin|Ahmed|jarin.ahmed@globalfoundries.com|15189710761||1000 River St||Essex Junction|CHITTENDEN|Greenberg Traurig LLP|400 Stonebreak Road Ext.||Malta|NY|12020|2024-10-01|2027-09-30|1|1|0|0|0|0|0|GlobalFoundries U.S. 2 LLC|17-2071.00|No
I-200-24130-976967|Principal Eng Test Engineering|GlobalFoundries U.S. 2 LLC||15189710761|Jarin|Ahmed|jarin.ahmed@globalfoundries.com|15189710761||1000 River St||Essex Junction|CHITTENDEN|Greenberg Traurig LLP|400 Stonebreak Road Ext.||Malta|NY|12020|2024-10-01|2027-09-30|1|1|0|0|0|0|0|GlobalFoundries U.S. 2 LLC|17-2071.00|No
I-200-24124-955500|PMTS Technology Development|GlobalFoundries U.S. 2 LLC||15182226552|Jarin|Ahmed|jarin.ahmed@globalfoundries.com|15189710761||1000 River St||Essex Junction|CHITTENDEN|Greenberg Traurig LLP|400 Stonebreak Road Ext.||Malta|NY|12020|2024-10-01|2027-09-30|1|1|0|0|0|0|0|GlobalFoundries U.S. 2 LLC|17-2112.03|No
I-200-24130-977142|Principal Engineer in Design Enablement|GlobalFoundries U.S. 2 LLC||15182226552|Jarin|Ahmed|jarin.ahmed@globalfoundries.com|15189710761||1000 River St||Essex Junction|CHITTENDEN|Greenberg Traurig LLP|400 Stonebreak Road Ext.||Malta|NY|12020|2024-10-01|2027-09-30|1|1|0|0|0|0|0|GlobalFoundries U.S. 2 LLC|17-2071.00|No
I-200-24130-976432|Engineer Test Engineering|GlobalFoundries U.S. 2 LLC||15182226552|Jarin|Ahmed|jarin.ahmed@globalfoundries.com|15189710761||1000 River St||Essex Junction|CHITTENDEN|Greenberg Traurig LLP|400 Stonebreak Road Ext.||Malta|NY|12020|2024-10-01|2027-09-30|1|1|0|0|0|0|0|GlobalFoundries U.S. 2 LLC|17-2071.00|No
I-200-24130-977057|Sr Engineer Device Engineering|GlobalFoundries U.S. 2 LLC||15182226552|Jarin|Ahmed|jarin.ahmed@globalfoundries.com|15189710761||1000 River St||Essex Junction|CHITTENDEN|Greenberg Traurig LLP|400 Stonebreak Road Ext.||Malta|NY|12020|2024-10-01|2027-09-30|1|1|0|0|0|0|0|GlobalFoundries U.S. 2 LLC|17-2112.03|No
I-200-24121-941047|Engineer Equipment Engineering|GlobalFoundries U.S. 2 LLC||15189710761|Jarin|Ahmed|jarin.ahmed@globalfoundries.com|15189710761||1000 River St||Essex Junction|CHITTENDEN|Greenberg Traurig LLP|400 Stonebreak Road Ext.||Malta|NY|12020|2024-10-01|2027-09-30|1|1|0|0|0|0|0|GlobalFoundries U.S. 2 LLC|17-2141.00|No
I-200-24124-955549|Sr Eng Device Engineering|GlobalFoundries U.S. 2 LLC||15182226552|Jarin|Ahmed|jarin.ahmed@globalfoundries.com|15189710761||1000 River St||Essex Junction|CHITTENDEN|Greenberg Traurig LLP|400 Stonebreak Road Ext.||Malta|NY|12020|2024-10-01|2027-09-30|1|1|0|0|0|0|0|GlobalFoundries U.S. 2 LLC|17-2112.03|No
I-200-24121-941171|Principal Eng Test Engineering|GlobalFoundries U.S. 2 LLC||15189710761|Jarin|Ahmed|jarin.ahmed@globalfoundries.com|15189710761||1000 River St||Essex Junction|CHITTENDEN|Greenberg Traurig LLP|400 Stonebreak Road Ext.||Malta|NY|12020|2024-10-01|2027-09-30|1|1|0|0|0|0|0|GlobalFoundries U.S. 2 LLC|17-2112.03|No
I-200-24135-991617|Director Internal Audit|GlobalFoundries U.S. Inc||15182226552|Jarin|Ahmed|jarin.ahmed@globalfoundries.com|15189710761||1000 River St||Essex Junction|CHITTENDEN|Greenberg Traurig LLP|400 Stonebreak Road Ext.||Malta|NY|12020|2024-10-01|2027-09-30|1|1|0|0|0|0|0|GlobalFoundries U.S. Inc|13-2011.00|No
I-200-24110-905044|Software Engineer - Robotics|Hottinger Bruel & Kjaer Inc||12622321026|William|Thiel|Bill.Thiel@hbkworld.com|12622321026||459 Hurricane Lane||Williston|WILLISTON|Iandoli Desai & Cronin PC|19 Bartlett St.||Marlborough|MA|01752|2024-10-01|2027-09-30|1|1|0|0|0|0|0|Hottinger Bruel & Kjaer Inc|17-2199.08|No
I-200-24151-049789|Dentist|Mason Dental, PC||18027750819|Jonathan|Mason|jmason@selectdentalmanagement.com|18605804687||4 General Wing Road||Rutland|RUTLAND CITY|Davis Malm & DAgostine PC|4 General Wing Road||Rutland|VT|05701|2024-10-01|2027-09-30|1|1|0|0|0|0|0|Mason Dental, PC|29-1021.00|No
I-200-24135-995465|Chemist|Mylan Technologies Inc||17248566588|Marilys|Colon|marilys.colon-gonzalez@viatris.com|17874366356||20 Houghton Street||St. Albans|ST ALBANS CITY|Pryor Cashman LLP|1000 Mylan Blvd||Canonsburg|PA|15317|2024-10-01|2027-09-30|1|1|0|0|0|0|0|Mylan Technologies Inc|19-2031.00|No
I-200-25010-610518|Firmware (Electrical) Engineer|NRG Systems Inc||18024822255|Lindsey|West|lmw@nrgsystems.com|18024822255|143|110 Riggs Road||Hinesburg|HINESBURG|Holman Immigration Law|110 Riggs Road||Hinesburg|VT|05461|2025-06-01|2027-09-30|1|0|1|0|0|0|0|NRG Systems Inc|17-2071.00|No
I-200-25010-610518|Firmware (Electrical) Engineer|NRG Systems Inc||18024822255|Lindsey|West|lmw@nrgsystems.com|18024822255|143|110 Riggs Road||Hinesburg|HINESBURG|Holman Immigration Law|110 Riggs Road||Hinesburg|VT|05461|2025-06-01|2027-09-30|1|0|1|0|0|0|0|NRG Systems Inc|17-2071|No
I-200-24124-954807|Business Loan Originator|Opportunities Credit Union Inc||18024955460|Kate|Laud|klaud@oppsvt.org|18024955460||25 Winooski Falls Way|Suite 203|Winooski|WINOOSKI CITY|Dinse PC|25 Winooski Falls Way|Suite 203|Winooski|VT|05404|2024-10-01|2027-09-30|1|1|0|0|0|0|0|Opportunities Credit Union Inc|13-2072.00|No
I-200-24156-066281|Senior Director of Sales|Stratton Aviation LLC||18022552231|Robbin|Leclerc|robbin@strattonaviation.com|18022552231||1 Tigan St|Suite 103|Winooski|CHITTENDEN|NYIS Law Firm|1 Tigan Street|Suite 103|Winooski|VT|05404|2024-10-01|2027-09-30|1|0|0|1|0|0|0|Stratton Aviation LLC|41-9031.00|No
I-200-24129-973513|Marketing Manager|TLC Nursing Associates Inc||18024040123|Mohamed|Basha|mohamed@tlcnursing.com|18024484202||1550 Williston Road||South Burlington|SOUTH BURLINGTON CITY|Curran Berger & Kludt|1550 Williston Road||South Burlington|VT|05403|2024-10-01|2027-09-30|1|1|0|0|0|0|0|TLC Nursing Associates Inc|11-2021.00|No
I-200-24092-842252|Regional Municipal Planning Specialist|The Town of Windsor, Vermont||18026746786|Thomas|Marsh|tmarsh@windsorvt.org|18026746786||Town of Windsor|29 Union St.|Windsor|WINDSOR|Kashani Law Office|29 Union St.||Windsor|VT|05089|2024-10-01|2027-09-30|1|1|0|0|0|0|0|The Town of Windsor, Vermont|19-3051.00|No
I-200-24236-290266|Faculty Scientist|The University of Vermont||18026564296|Emma|Huse|ischolar@uvm.edu|18026564296||89 Beaumont Ave|HSRF 231A|Burlington|BURLINGTON CITY||633 Main Street|Office of Intl Education - L&L B101|Burlington|VT|05405|2024-10-01|2027-09-30|1|0|0|1|0|0|0|The University of Vermont|19-1042.00|No
I-200-24219-248554|Assistant Professor|The University of Vermont||18026564296|Emma|Huse|ischolar@uvm.edu|18026564296||63 Carrigan Drive|Jeffords Hall|Burlington|CHITTENDEN||633 Main Street|Office of Intl Education - L&L B101|Burlington|VT|05405|2024-10-01|2027-09-30|1|1|0|0|0|0|0|The University of Vermont|25-1043.00|No
I-200-24135-992200|Attending Physician|University of Vermont Health Network Medical Group Inc||18028470074|Chapin|LaShombe|chapin.lashombe@uvmhealth.org|18023567520||111 Colchester Ave||Burlington|CHITTENDEN|Dentons Cohen & Grigsby PC|111 Colchester Ave||Burlington|VT|05401|2024-10-01|2027-09-30|1|0|0|0|0|1|0|University of Vermont Health Network Medical Group Inc|29-1229.00|No
I-200-24117-928468|Technical Manager|Weidmann Electrical Technology Inc||18027488106|Jill|ONeal|jill.oneal@weidmann-group.com|19375082106||One Gordon Mills Way||St. Johnsbury|ST JOHNSBURY|Brown Glier Law LLC|One Gordon Mills Way||St. Johnsbury|VT|05819|2024-10-01|2027-09-30|1|1|0|0|0|0|0|Weidmann Electrical Technology Inc|11-9041.00|No
I-200-24110-905112|Health Care Counselor|The University of Vermont||18026564296|Emma|Huse|ischolar@uvm.edu|18026564296||436 S. Prospect St.|UVM Counseling and Psychiatry Services|Burlington|BURLINGTON CITY||633 Main Street|Office of Intl Education - L&L B101|Burlington|VT|05405|2024-09-30|2027-09-29|1|1|0|0|0|0|0|The University of Vermont|21-1014.00|No
I-200-24255-329504|Senior Loads & Controls Engineer|WEG Electric Corp||16782492055|Susan|Darr|sdarr@weg.net|14706219612||105 N Main St.||Barre|WASHINGTON|FRAGOMEN DEL REY BERNSEN & LOEWY LLP|6655 Sugarloaf Pkwy||Duluth|GA|30097|2024-09-30|2027-09-29|1|0|0|1|0|0|0|WEG Electric Corp|17-2141.00|No
I-200-24094-851796|Senior Software Engineer|Google LLC||16502037602|Boshion/Jill/Gina/Amy/Peter|Crandall/Murdock/Xenakis/Cong/Mark|GITAMER@google.com|16502534513||408 Country Club Dr||South Burlington|CHITTENDEN|Berry Appleman & Leiden LLP|1600 Amphitheatre Parkway||Mountain View|CA|94043|2024-09-28|2027-09-27|1|0|1|0|0|0|0|Google LLC|15-1252.00|No
I-200-24256-334271|Manager JC50 - Network and Computer Systems Administrators|COGNIZANT TECHNOLOGY SOLUTIONS US CORP|National Life Insurance Company|19793296682|Daniel|Shakespeare|lca.immigration@cognizant.com|16176207316||1, National Life Drive||Montpelier|WASHINGTON||211 QUALITY CIRCLE||COLLEGE STATION|TX|77845|2024-09-21|2027-09-20|1|0|0|0|0|0|1|COGNIZANT TECHNOLOGY SOLUTIONS US CORP|15-1244.00|Yes
I-200-24256-333987|Manager JC50 - Network and Computer Systems Administrators|COGNIZANT TECHNOLOGY SOLUTIONS US CORP||19793296682|Daniel|Shakespeare|lca.immigration@cognizant.com|16176207316||151, Barre Street, Apartment 1||Montpelier|WASHINGTON||211 QUALITY CIRCLE||COLLEGE STATION|TX|77845|2024-09-21|2027-09-20|1|0|0|0|0|0|1|COGNIZANT TECHNOLOGY SOLUTIONS US CORP|15-1244.00|Yes
I-200-24116-925179|Medical Technologist|Northeastern Vermont Regional Hospital Inc||18027487312|Heather|Spinney|N/A|18027487312||1315 Hospital Dr||St Johnsbury|ST JOHNSBURY|Rosales Del Rosario PC|1315 Hospital Dr||St. Johnsbury|VT|05819|2024-09-16|2027-09-15|1|0|1|0|0|0|0|Northeastern Vermont Regional Hospital Inc|29-2011.00|No
I-200-24163-095574|Assistant Professor|The University of Vermont||18026564296|Emma|Huse|ischolar@uvm.edu|18026564296||111 Colchester Avenue||Burlington|BURLINGTON CITY||633 Main Street|Office of Intl Education - L&L B101|Burlington|VT|05405|2024-09-16|2027-09-15|1|0|0|0|1|0|0|The University of Vermont|25-1071.00|No
I-200-24172-132372|Assistant Professor|The University of Vermont||18026564296|Emma|Huse|ischolar@uvm.edu|18026564296||111 Colchester Avenue||Burlington|BURLINGTON CITY||633 Main Street|Office of Intl Education - L&L B101|Burlington|VT|05405|2024-09-16|2027-09-15|1|0|0|0|1|0|0|The University of Vermont|25-1071.00|No
I-200-24206-217855|Medical Laboratory Scientist II|The University of Vermont Health Network - University of Vermont Medical Center||18028470074|Tania|Hong|Tania.Hong@uvmhealth.org|18028470074||111 Colchester Ave||Burlington|CHITTENDEN|Dentons Cohen & Grigsby PC|111 Colchester Ave||Burlington|VT|02215|2024-09-16|2027-09-15|1|1|0|0|0|0|0|The University of Vermont Health Network - University of Vermont Medical Center|29-2011.00|No
I-200-24204-212959|Attending Physician|University of Vermont Health Network Medical Group Inc||18028472415|Sanders|Jason|chapin.lashombe@uvmhealth.org|18027520060||111 Colchester Ave||Burlington|CHITTENDEN|Dentons Cohen & Grigsby PC|111 Colchester Ave||Burlington|VT|05401|2024-09-16|2027-09-15|1|1|0|0|0|0|0|University of Vermont Health Network Medical Group Inc|29-1229.00|No
I-200-24150-045791|Attending Physician|University of Vermont Health Network Medical Group Inc||18028472415|Amy|Putnam|amy.putnam@uvmhealth.org|18027520060||111 Colchester Ave||Burlington|CHITTENDEN|Dentons Cohen & Grigsby PC|111 Colchester Ave||Burlington|VT|05401|2024-09-16|2027-09-15|1|1|0|0|0|0|0|University of Vermont Health Network Medical Group Inc|29-1229.00|No
I-200-24141-013965|VP of Global Marketing|Data Innovations LLC||12622638012|Amanda|Penebaker|apenebaker@datainnovations.com|12622638012||463 Mountain View Dr.|Ste. 3|Colchester|CHITTENDEN|Jackson Lewis PC|463 Mountain View Dr.|Suite 3|Colchester|VT|05446|2024-09-15|2027-09-14|1|0|1|0|0|0|0|Data Innovations LLC|11-2021.00|No
I-200-24248-312761|Principal Engineer Test Engineering|GlobalFoundries U.S. 2 LLC||15182226552|Jarin|Ahmed|jarin.ahmed@globalfoundries.com|15189710761||1000 River St||Essex Junction|CHITTENDEN|Greenberg Traurig LLP|400 Stonebreak Road Ext.||Malta|NY|12020|2024-09-13|2027-09-12|1|0|0|0|0|1|0|GlobalFoundries U.S. 2 LLC|17-2199.06|No
I-200-24248-312627|Chair of Radiology, Radiologist|Jefferson Radiology, P.C.|Northwestern Medical Center|18609662188|Crystal|Kollmorgen|crystal.kollmorgen@radpartners.com|18609662188||133 Fairfield Street||St. Albans City|ST ALBANS|Constangy Brooks Smith & Prophete LLP|111 Founders Plaza|Suite 400|East Hartford|CT|06108|2024-09-09|2027-09-08|1|0|0|1|0|0|0|Jefferson Radiology, P.C.|29-1224.00|No
I-200-25098-843084|Assistant Professor of Economics|Saint Michaels College||18026542000|Kendra|Smith|ksmith8@smcvt.edu|18026542587||1 Winooski Park||Colchester|COLCHESTER|Dinse PC|1 Winooski Park||Colchester|VT|05439|2025-07-01|2027-09-07|1|0|1|0|0|0|0|Saint Michaels College|25-1063|No
I-200-25027-644785|Postdoctoral Associate|The University of Vermont||18026564296|Emma|Huse|ischolar@uvm.edu|18026564296||95 Carrigan Drive||Burlington|BURLINGTON CITY||633 Main Street|Office of Intl Education - L&L B101|Burlington|VT|05405|2025-06-20|2027-09-03|1|1|0|0|0|0|0|The University of Vermont|19-1021.00|No
I-200-25027-644785|Postdoctoral Associate|The University of Vermont||18026564296|Emma|Huse|ischolar@uvm.edu|18026564296||95 Carrigan Drive||Burlington|BURLINGTON CITY||633 Main Street|Office of Intl Education - L&L B101|Burlington|VT|05405|2025-06-20|2027-09-03|1|1|0|0|0|0|0|The University of Vermont|19-1021|No
I-200-24227-267507|Chief Revenue Officer|Hyperscayle LLC||12545928549|Benjamin|Mohlie|ben.mohlie@hyperscayle.com|12545928549||615 Field Rd, Ste. 73||Stowe|STOWE|Zhixian Liu|2101 Montopolis Drive|Ste 1|Austin|TX|78741|2024-09-03|2027-09-02|1|0|0|0|0|1|0|Hyperscayle LLC|11-2021.00|No
I-200-24213-234521|STAFF NURSE I|UNIVERSITY OF VERMONT HEALTH NETWORK - UNIVERSITY OF VERMONT MEDICAL CENTER||18028470074|KRISTINA|HILLIER|Kristina.Hillier@uvmhealth.org|18028473081||111 COLCHESTER AVENUE||BURLINGTON|CHITTENDEN|DENTONS COHEN & GRIGSBY PC|111 COLCHESTER AVENUE||BURLINGTON|VT|05402|2024-09-03|2027-09-02|1|1|0|0|0|0|0|UNIVERSITY OF VERMONT HEALTH NETWORK - UNIVERSITY OF VERMONT MEDICAL CENTER|29-1141.00|No
I-200-24064-768256|Attending Physician|University of Vermont Health Network Medical Group Inc||18038472415|Allen|Mead|allen.mead@uvmhealth.org|18029999381||111 Colchester Ave||Burlington|CHITTENDEN|Dentons Cohen & Grigsby PC|111 Colchester Ave||Burlington|VT|05401|2024-09-03|2027-09-02|1|1|0|0|0|0|0|University of Vermont Health Network Medical Group Inc|29-1229.00|No
I-200-24169-119328|Staff Nurse I|University of Vermont Health Network Medical Group Inc||18028472415|Kristina|Hillier|kristina.hillier@uvmhealth.org|18028473081||111 Colchester Ave||Burlington|CHITTENDEN|Dentons Cohen & Grigsby PC|111 Colchester Ave||Burlington|VT|05401|2024-09-03|2027-09-02|1|1|0|0|0|0|0|University of Vermont Health Network Medical Group Inc|29-1141.00|No
I-200-24234-284209|Principal Engineer Test Engineering|GlobalFoundries U.S. 2 LLC||15182226552|Jarin|Ahmed|jarin.ahmed@globalfoundries.com|15189710761||1000 River St||Essex Junction|CHITTENDEN|Greenberg Traurig LLP|400 Stonebreak Road Ext.||Malta|NY|12020|2024-09-01|2027-08-31|1|0|0|0|0|1|0|GlobalFoundries U.S. 2 LLC|17-2199.06|No
I-200-24241-299425|Lecturer  Economics|Saint Michaels College||18026542000|Kendra|Smith|ksmith8@smcvt.edu|18026542587||1 Winooski Park||Colchester|CHITTENDEN|Dinse PC|1 Winooski Park||Colchester|VT|05439|2024-09-01|2027-08-31|1|0|0|0|1|0|0|Saint Michaels College|25-1063.00|No
I-200-24113-910913|Research Assistant Professor|The University of Vermont||18026564296|Emma|Huse|ischolar@uvm.edu|18026564296||105 Carrigan Drive||Burlington|BURLINGTON CITY||633 Main Street|Office of Intl Education - L&L B101|Burlington|VT|05405|2024-09-01|2027-08-31|1|0|0|1|0|0|0|The University of Vermont|19-3041.00|No
I-200-24109-903803|Software Engineer|Meta Platforms Inc||14085335781|Azmina|Aboobaker|ImmigrationFYI@fb.com|14085335781||39 Christian Street||White River Junction|WEST WINDSOR|Berry Appleman & Leiden LLP|1 HACKER WAY*|(*ALSO KNOWN AS 1601 WILLOW RD.*)|MENLO PARK|CA|94025|2024-08-30|2027-08-29|1|0|1|0|0|0|0|Meta Platforms Inc|15-1252.00|Yes
I-200-24109-900989|Postdoctoral Associate|The University of Vermont||18026564296|Emma|Huse|ischolar@uvm.edu|18026564296||146 University Place||Burlington|BURLINGTON CITY||633 Main Street|Office of Intl Education - L&L B101|Burlington|VT|05405|2024-08-30|2027-08-29|1|1|0|0|0|0|0|The University of Vermont|19-3011.00|No
I-200-24162-090756|Special Education Teacher|Southwest Vermont Supervisory Union||18024477501|Nick|Gault|Nick.Gault@svsu.org|18027535819||184 North Street|Suite 1|Bennington|BENNINGTON|MCCOWN & EVANS LLP|184 North Street|Suite 1|Bennington|VT|05201|2024-08-26|2027-08-25|1|1|0|0|0|0|0|Southwest Vermont Supervisory Union|25-2059.00|No
I-200-24053-738917|Anesthesiologist|Dartmouth-Hitchcock Clinic||16036501319|Cody|Yudkoff|N/A|16036501319||100 Hospital Dr.||Bennington|HARTFORD|Harter Secrest Emery LLP|One Medical Center Drive||Lebanon|NH|03756|2024-08-23|2027-08-22|1|0|1|0|0|0|0|Dartmouth-Hitchcock Clinic|29-1211.00|No
I-200-24059-756711|Anesthesiologist|Dartmouth-Hitchcock Clinic|Southwestern Vermont Medical Center|16036501319|Cody|Yudkoff|N/A|16036501319||100 Hospital Dr.||Bennington|HARTFORD|Harter Secrest Emery LLP|One Medical Center Drive||Lebanon|NH|03756|2024-08-20|2027-08-19|1|0|1|0|0|0|0|Dartmouth-Hitchcock Clinic|29-1211.00|No
I-200-24198-199366|REGISTERED NURSE|NORTHWESTERN MEDICAL CENTER||18025241266|ERIN|LAROCQUE|elarocque@nmcinc.org|18025241266||133 FAIRFIELD STREET||SAINT ALBANS|FRANKLIN|DENTONS COHEN & GRIGSBY PC|133 FAIRFIELD STREET||SAINT ALBANS|VT|05478|2024-08-19|2027-08-18|1|1|0|0|0|0|0|NORTHWESTERN MEDICAL CENTER|29-1141.00|No
I-200-24197-196569|Registered Nurse|Northwestern Medical Center||18025245911|Erin|LaRocque|elarocque@nmcinc.org|18025241266||133 Fairfield Street||Saint Albans|FRANKLIN|Dentons Cohen & Grigsby PC|133 Fairfield Street||Saint Albans|VT|05478|2024-08-19|2027-08-18|1|1|0|0|0|0|0|Northwestern Medical Center|29-1141.00|No
I-200-24172-132786|Assistant Professor|The University of Vermont||18026564296|Emma|Huse|ischolar@uvm.edu|18026564296||111 Colchester Avenue||Burlington|BURLINGTON CITY||633 Main Street|Office of Intl Education - L&L B101|Burlington|VT|05405|2024-08-19|2027-08-18|1|0|0|0|1|0|0|The University of Vermont|25-1071.00|No
I-200-24095-857044|Assistant Professor|The University of Vermont||18026564296|Emma|Huse|ischolar@uvm.edu|18026564296||133 South Prospect Street||Burlington|CHITTENDEN||633 Main Street|Office of Intl Education - L&L B101|Burlington|VT|05405|2024-08-19|2027-08-18|1|1|0|0|0|0|0|The University of Vermont|25-1125.00|No
I-200-24100-869009|Assistant Professor|The University of Vermont||18026564296|Emma|Huse|ischolar@uvm.edu|18026564296||31 South Prospect Street||Burlington|CHITTENDEN||633 Main Street|Office of Intl Education - L&L B101|Burlington|VT|05405|2024-08-19|2027-08-18|1|0|0|0|0|1|0|The University of Vermont|25-1067.00|No
I-200-24100-869077|Assistant Professor|The University of Vermont||18026564296|Emma|Huse|ischolar@uvm.edu|18026564296||109 Carrigan Drive||Burlington|CHITTENDEN||633 Main Street|Office of Intl Education - L&L B101|Burlington|VT|05405|2024-08-19|2027-08-18|1|0|0|0|0|1|0|The University of Vermont|25-1042.00|No
I-200-24204-212985|Attending Physician|University of Vermont Health Network Medical Group Inc||18028472415|Jason|Sanders|chapin.lashombe@uvmhealth.org|18028470920||111 Colchester Ave||Burlington|CHITTENDEN|Dentons Cohen & Grigsby PC|111 Colchester Ave||Burlington|VT|05401|2024-08-19|2027-08-18|1|1|0|0|0|0|0|University of Vermont Health Network Medical Group Inc|29-1229.00|No
I-200-24166-115125|Manager Quality|GlobalFoundries U.S. 2 LLC||15182226552|Jarin|Ahmed|jarin.ahmed@globalfoundries.com|15189710761||1000 River St||Essex Junction|CHITTENDEN|Greenberg Traurig LLP|400 Stonebreak Road Ext.||Malta|NY|12020|2024-08-16|2027-08-15|1|0|0|0|0|1|0|GlobalFoundries U.S. 2 LLC|17-2112.03|No
I-200-24099-863075|Chinese Teacher|Arlington School District||18027535819|Emslie|Gault|Nick.Gault@svsu.org|18027535819||529 E Arlington Road||Arlington|BENNINGTON|MOSAIC Paradigm Law Group PC|529 E Arlington Road||Arlington|VT|05250|2024-08-15|2027-08-14|1|0|1|0|0|0|0|Arlington School District|25-2031.00|No
I-200-24087-832680|Chinese Teacher|Arlington School District||18027535819|Emslie|Gault|Nick.Gault@svsu.org|18027535819||529 E Arlington Road||Arlington|BENNINGTON|MOSAIC Paradigm Law Group PC|529 E Arlington Road||Arlington|VT|05250|2024-08-15|2027-08-14|1|0|1|0|0|0|0|Arlington School District|25-2031.00|No
I-200-24117-929782|Associate Professor of Political Science|Saint Michaels College||18026542000|Kendra|Smith|ksmith8@smcvt.edu|18026542587||1 Winooski Park||Colchester|COLCHESTER|Dinse PC|One Winooski Park||Colchester|VT|05439|2024-08-15|2027-08-14|1|0|1|0|0|0|0|Saint Michaels College|25-1065.00|No
I-200-24218-245777|Special Education Teacher|Southwest Vermont Supervisory Union||18024477501|Nick|Gault|Nick.Gault@svsu.org|18027535819||181 Orchard Road||Bennington|BENNINGTON|MCCOWN & EVANS LLP|184 North Street|Suite 1|Bennington|VT|05201|2024-08-13|2027-08-12|1|1|0|0|0|0|0|Southwest Vermont Supervisory Union|25-2056.00|No
I-200-24218-245748|Special Education Teacher|Southwest Vermont Supervisory Union||18024477501|Nick|Gault|Nick.Gault@svsu.org|18027535819||181 Orchard Road||Bennington|BENNINGTON|MCCOWN & EVANS LLP|184 North Street|Suite 1|Bennington|VT|05201|2024-08-13|2027-08-12|1|1|0|0|0|0|0|Southwest Vermont Supervisory Union|25-2056.00|No
I-200-24213-233967|Dentist|Mason Dental, P.C.||18027689305|Jonathan|Mason|jmason@selectdentalmanagement.com|18027689305||74 Longview Drive||Manchester|MANCHESTER|Davis Malm & DAgostine PC|74 Longview Drive||Manchester|VT|05255|2024-08-12|2027-08-11|1|0|0|0|1|0|0|Mason Dental, P.C.|29-1021.00|No
I-200-24157-073506|Psychiatric Services Registered Nurse|The Rutland Hospital Inc||18027473670|Brian|Kerns|bkerns@rrmc.org|18027473670||160 Allen Street||Rutland|RUTLAND|Corporate Immigration Partners PC|160 Allen Street||Rutland|VT|05701|2024-08-12|2027-08-11|1|1|0|0|0|0|0|The Rutland Hospital Inc|29-1141.00|No
I-200-24200-204960|Faculty Member in African Dance|Bennington College||18024425401|John|Bullock|jbullock@bennington.edu|18024404400||One College Drive||Bennington|BENNINGTON|Dinse PC|One College Drive||Bennington|VT|05201|2024-08-11|2027-08-10|1|1|0|0|0|0|0|Bennington College|25-1121.00|No
I-200-24199-201681|RISK MANAGER|NORTHWESTERN MEDICAL CENTER||18025241266|SARAH|STERLING|ssterling@nmcinc.org|18025241206||133 FAIRFIELD STREET||SAINT ALBANS|FRANKLIN|DENTONS COHEN & GRIGSBY PC|133 FAIRFIELD STREET||SAINT ALBANS|VT|05478|2024-08-05|2027-08-04|1|1|0|0|0|0|0|NORTHWESTERN MEDICAL CENTER|11-9199.02|No
I-200-24163-096537|Assistant Professor|The University of Vermont||18026564296|Emma|Huse|ischolar@uvm.edu|18026564296||130 Fisher Road||Berlin|BERLIN||633 Main Street|Office of Intl Education - L&L B101|Burlington|VT|05405|2024-08-05|2027-08-04|1|0|0|0|1|0|0|The University of Vermont|25-1071.00|No
I-200-24170-125358|Assistant Professor|The University of Vermont||18026564296|Emma|Huse|ischolar@uvm.edu|18026564296||111 Colchester Avenue||Burlington|BURLINGTON CITY||633 Main Street|Office of Intl Education - L&L B101|Burlington|VT|05405|2024-08-05|2027-08-04|1|0|0|0|1|0|0|The University of Vermont|25-1071.00|No
I-200-24047-727171|Airworthiness Engineer|Beta Air LLC||18027349210|Morgan|Randall|immigration@beta.team|17046990186||1150 Airport Drive||South Burlington|CHITTENDEN|Baker & Hostetler LLP|1150 Airport Drive||South Burlington|VT|05403|2024-08-02|2027-08-01|1|0|0|1|0|0|0|Beta Air LLC|17-2011.00|No
I-200-24162-092579|Operating Room Registered Nurse|Gifford Medical Center Inc||18027287000|Jill|Markowski|jmarkowski@giffordhealthcare.org|18027287000||44 South Main Street||Randolph|RANDOLPH|Corporate Immigration Partners PC|44 South Main Street||Randolph|VT|05060|2024-08-01|2027-07-31|1|1|0|0|0|0|0|Gifford Medical Center Inc|29-1141.00|No
I-200-24194-194402|Endodontist|Hudson Valley Dental Associates PLLC||13154546000|Juliana|Ximenes|juliana.ximenescoutinhodias@aspendental.com|13154546000||856 US Route 302|Unit A|Barre|BARRE CITY|ODonoghue Law LLC|474 Holiday Drive|Suite 1|Rutland|VT|05701|2024-08-01|2027-07-31|1|0|0|0|1|0|0|Hudson Valley Dental Associates PLLC|29-1029.00|No
I-200-24194-194403|Endodontist|Jebediah S. Christy DDS Brattleboro PC||13154546000|Juliana|Ximenes|juliana.ximenescoutinhodias@aspendental.com|13154546000||927 Putney Road||Brattleboro|BRATTLEBORO|ODonoghue Law LLC|342 Winchester Street||Keene|NH|03431|2024-08-01|2027-07-31|1|0|0|0|1|0|0|Jebediah S. Christy DDS Brattleboro PC|29-1029.00|No
I-200-24206-218888|Special Education Teacher|Southwest Vermont Supervisory Union||18024477501|Nick|Gault|Nick.Gault@svsu.org|18027535819||181 Orchard Rd.||Bennington|BENNINGTON|MCCOWN & EVANS LLP|184 North Street|Suite 1|Bennington|VT|05201|2024-08-01|2027-07-31|1|1|0|0|0|0|0|Southwest Vermont Supervisory Union|25-2056.00|No
I-200-24095-857360|Assistant Professor|The University of Vermont||18026564296|Emma|Huse|ischolar@uvm.edu|18026564296||72 University Place||Burlington|CHITTENDEN||633 Main Street|Office of Intl Education - L&L B101|Burlington|VT|05405|2024-08-01|2027-07-31|1|1|0|0|0|0|0|The University of Vermont|25-1061.00|No
I-200-24169-119850|Assistant Professor|The University of Vermont||18026564296|Emma|Huse|ischolar@uvm.edu|18026564296||111 Colchester Avenue||Burlington|BURLINGTON CITY||633 Main Street|Office of Intl Education - L&L B101|Burlington|VT|05405|2024-07-29|2027-07-28|1|0|0|0|1|0|0|The University of Vermont|25-1071.00|No
I-200-24163-096702|Attending Physician|University of Vermont Health Network Medical Group Inc||18028472415|Jason|Sanders|chapin.lashombe@uvmhealth.org|18028470920||111 Colchester Ave||Burlington|CHITTENDEN|Dentons Cohen & Grigsby PC|111 Colchester Ave||Burlington|VT|05401|2024-07-29|2027-07-28|1|1|0|0|0|0|0|University of Vermont Health Network Medical Group Inc|29-1229.00|No
I-200-24163-096793|Attending Physician|University of Vermont Health Network Medical Group Inc||18028472415|Jason|Sanders|chapin.lashombe@uvmhealth.org|18028470920||111 Colchester Ave||Burlington|CHITTENDEN|Dentons Cohen & Grigsby PC|111 Colchester Ave||Burlington|VT|05401|2024-07-29|2027-07-28|1|1|0|0|0|0|0|University of Vermont Health Network Medical Group Inc|29-1229.00|No
I-200-24068-783657|Assistant Professor|The University of Vermont||18026564296|Emma|Huse|ischolar@uvm.edu|18026564296||111 Colchester Avenue|Dept of Neurological Sciences|Burlington|BURLINGTON CITY||633 Main Street|Office of Intl Education - L&L B101|Burlington|VT|05405|2024-07-26|2027-07-25|1|0|1|0|0|0|0|The University of Vermont|25-1071.00|No
I-200-24039-703116|Physician Neurologist|University of Vermont Health Network Medical Group Inc||18028472415|Lisa|Goodrich|lisa.goodrich@uvmhealth.org|18028472307||111 Colchester Ave||Burlington|CHITTENDEN|Dentons Cohen & Grigsby PC|111 Colchester Ave||Burlington|VT|05401|2024-07-26|2027-07-25|1|0|1|0|0|0|0|University of Vermont Health Network Medical Group Inc|29-1217.00|No
I-200-24197-197206|SA JC60 - Network and Computer Systems Administrators|COGNIZANT TECHNOLOGY SOLUTIONS US CORP|National Life Insurance Company|19793296682|Daniel|Shakespeare|lca.immigration@cognizant.com|16176207316||1, National Life Drive||Montpelier|WASHINGTON||211 QUALITY CIRCLE||COLLEGE STATION|TX|77845|2024-07-24|2027-07-23|1|0|0|0|0|0|1|COGNIZANT TECHNOLOGY SOLUTIONS US CORP|15-1244.00|Yes
I-200-24197-197224|SA JC60 - Network and Computer Systems Administrators|COGNIZANT TECHNOLOGY SOLUTIONS US CORP||19793296682|Daniel|Shakespeare|lca.immigration@cognizant.com|16176207316||142, Main Street||Montpelier|WASHINGTON||211 QUALITY CIRCLE||COLLEGE STATION|TX|77845|2024-07-24|2027-07-23|1|0|0|0|0|0|1|COGNIZANT TECHNOLOGY SOLUTIONS US CORP|15-1244.00|Yes
I-200-24163-097340|Assistant Professor|The University of Vermont||18026564296|Emma|Huse|ischolar@uvm.edu|18026564296||111 Colchester Avenue||Burlington|BURLINGTON CITY||633 Main Street|Office of Intl Education - L&L B101|Burlington|VT|05405|2024-07-22|2027-07-21|1|0|0|0|1|0|0|The University of Vermont|25-1071.00|No
I-200-24275-377650|Data Quality Analyst - Staff|The University of Vermont Health Network - University of Vermont Medical Center||18028470074|Leah|Fullem|leah.fullem@uvmhealth.org|18028470074||111 Colchester Ave||Burlington|CHITTENDEN|Dentons Cohen & Grigsby PC|111 Colchester Ave||Burlington|VT|05401|2024-10-08|2027-07-21|1|0|0|1|0|0|0|The University of Vermont Health Network - University of Vermont Medical Center|15-2051.00|No
I-200-24275-377650|Data Quality Analyst - Staff|The University of Vermont Health Network - University of Vermont Medical Center||18028470074|Leah|Fullem|leah.fullem@uvmhealth.org|18028470074||111 Colchester Ave||Burlington|CHITTENDEN|Dentons Cohen & Grigsby PC|111 Colchester Ave||Burlington|VT|05401|2024-10-08|2027-07-21|1|0|0|1|0|0|0|The University of Vermont Health Network - University of Vermont Medical Center|15-2051|No
I-200-24170-123192|Data Quality Analyst - Staff|The University of Vermont Health Network - University of Vermont Medical Center||18028470074|Michael|Maloney|Mike.Maloney@uvmhealth.org|18028470000||111 Colchester Ave||Burlington|CHITTENDEN|Dentons Cohen & Grigsby PC|111 Colchester Ave||Burlington|VT|02215|2024-07-22|2027-07-21|1|1|0|0|0|0|0|The University of Vermont Health Network - University of Vermont Medical Center|15-2051.00|No
I-200-24275-377650|Data Quality Analyst - Staff|The University of Vermont Health Network - University of Vermont Medical Center||18028470074|Leah|Fullem|leah.fullem@uvmhealth.org|18028470074||111 Colchester Ave||Burlington|CHITTENDEN|Dentons Cohen & Grigsby PC|111 Colchester Ave||Burlington|VT|05401|2024-10-08|2027-07-21|1|0|0|1|0|0|0|The University of Vermont Health Network - University of Vermont Medical Center|15-2051.00|No
I-200-24142-019413|Attending Anesthesiologist|University of Vermont Health Network Medical Group Inc||18028470074|Jason|Sanders|Jason.sanders@uvmhealth.org|18028476190||111 Colchester Ave||Burlington|CHITTENDEN|Dentons Cohen & Grigsby PC|111 Colchester Ave||Burlington|VT|05401|2024-07-22|2027-07-21|1|1|0|0|0|0|0|University of Vermont Health Network Medical Group Inc|29-1211.00|No
I-200-24163-096745|Attending Physician|University of Vermont Health Network Medical Group Inc||18028472415|Jason|Sanders|chapin.lashombe@uvmhealth.org|18028470920||111 Colchester Ave||Burlington|CHITTENDEN|Dentons Cohen & Grigsby PC|111 Colchester Ave||Burlington|VT|05401|2024-07-21|2027-07-20|1|1|0|0|0|0|0|University of Vermont Health Network Medical Group Inc|29-1229.00|No
I-200-24162-091739|Attending Physician|University of Vermont Health Network Medical Group Inc||18028472415|Amy|Putnam|amy.putnam@uvmhealth.org|18027520060||111 Colchester Ave||Burlington|CHITTENDEN|Dentons Cohen & Grigsby PC|111 Colchester Ave||Burlington|VT|05401|2024-07-21|2027-07-20|1|1|0|0|0|0|0|University of Vermont Health Network Medical Group Inc|29-1229.00|No
I-200-24141-013325|Operating Room Registered Nurse|Gifford Medical Center Inc||18027287000|Jill|Markowski|jmarkowski@giffordhealthcare.org|18027287000||44 South Main Street||Randolph|RANDOLPH|Corporate Immigration Partners PC|44 South Main Street||Randolph|VT|05060|2024-07-15|2027-07-14|1|1|0|0|0|0|0|Gifford Medical Center Inc|29-1141.00|No
I-200-24164-101373|Attending Physician|University of Vermont Health Network Medical Group Inc||18028472415|Jason|Sanders|chapin.lashombe@uvmhealth.org|18028470920||111 Colchester Ave||Burlington|CHITTENDEN|Dentons Cohen & Grigsby PC|111 Colchester Ave||Burlington|VT|05401|2024-07-09|2027-07-08|1|1|0|0|0|0|0|University of Vermont Health Network Medical Group Inc|29-1229.00|No
I-200-24163-094063|Assistant Director of Multilingual Student Services|Vermont State University||18024681207|Gina|Kelley|Gina.Kelley@vermontstate.edu|18024681207||Vermont State University, Castleton Campus|62 Alumni Drive|Castleton|RUTLAND|Dinse PC|62 Alumni Drive||Castleton|VT|05735|2024-07-08|2027-07-07|1|1|0|0|0|0|0|Vermont State University|25-1123.00|No
I-200-24068-784206|Athletic Assistant Coach|The University of Vermont||18026564296|Emma|Huse|ischolar@uvm.edu|18026564296||97 Spear Street||Burlington|BURLINGTON CITY||633 Main Street|Office of Intl Education - L&L B101|Burlington|VT|05405|2024-07-05|2027-07-04|1|1|0|0|0|0|0|The University of Vermont|27-2022.00|No
I-200-24026-669300|Assistant Professor of Economics|The President & Fellows of Middlebury College||18024435858|Natalie|Steen|nsteen@middlebury.edu|18024435004||14 Old Chapel Road||Middlebury|ADDISON|Curran Berger & Kludt|14 Old Chapel Road||Middlebury|VT|05753|2024-07-03|2027-07-02|1|1|0|0|0|0|0|The President & Fellows of Middlebury College|25-1063.00|No
I-200-24178-148750|Technical Program Management|Microsoft Corporation||14258828080|Lee Mary|Covington|PAF@MICROSOFT.COM|14258828080||11732 Fairfax Woods Way|Apt 2201|Fairfax|FAIRFAX||1 Microsoft Way|N/A|Redmond|WA|98052|2024-07-02|2027-07-01|1|0|0|0|0|1|0|Microsoft Corporation|17-2051.00|No
I-200-24169-119530|Attending Physician|University of Vermont Health Network Medical Group Inc|Central Vermont Medical Center|18028472415|Jason|Sanders|kellie.dutra@uvmhealth.org|18028476190||130 Fisher Road||Berlin|WASHINGTON|Dentons Cohen & Grigsby PC|111 Colchester Ave||Burlington|VT|05401|2024-07-01|2027-06-30|1|0|0|0|0|1|0|University of Vermont Health Network Medical Group Inc|29-1229.00|No
I-200-24003-611880|Speech Language Pathologist|University of Vermont Health Network Medical Group|UVM Medical Center Fanny Allen Campus|18028470074|Greta|Irwin|greta.irwin@uvmhealth.org|18028476996||790 College Pkwy||Colchester|CHITTENDEN|Dentons Cohen & Grigsby PC|111 Colchester Ave||Burlington|VT|05401|2024-07-01|2027-06-30|1|1|0|0|0|0|0|University of Vermont Health Network Medical Group|29-1127.00|No
I-200-24050-729893|ORACLE DEVELOPER|INVICTUS INFOTECH LLC|VIRGINIA DEPARTMENT OF HEALTH|17324047393|KISHORE|CHINTHAKUNTA|RAO@INVICTUSINFOTECH.COM|17324047393||109 GOVERNOR STREET||RICHMOND|RICHMOND||200 MIDDLESEX ESSEX TPK|STE 306C|ISELIN|NJ|08830|2024-07-01|2027-06-30|1|0|1|0|0|0|0|INVICTUS INFOTECH LLC|15-1242.00|Yes
I-200-24037-696488|Faculty Member of Psychology|Bennington College||18024425401|Sarah|Harris|sharris@bennington.edu|18024404400||One College Drive||Bennington|BENNINGTON|Dinse PC|One College Drive||Bennington|VT|05201|2024-07-01|2027-06-30|1|0|1|0|0|0|0|Bennington College|25-1066.00|No
I-200-24038-700896|Assistant Professor, Computer and Digital Forensics|Champlain College Inc||18028602721|April|ODell|mmartin@champlain.edu|18028655440||Champlain College|163 South Willard Street|Burlington|BURLINGTON CITY|Dinse PC|163 South Willard Street||Burlington|VT|05401|2024-07-01|2027-06-30|1|0|1|0|0|0|0|Champlain College Inc|25-1021.00|No
I-200-24064-769352|Assistant Professor of Graphic Design & Visual Communication|Champlain College Inc||18028602721|April|ODell|mmartin@champlain.edu|18028655440||163 South Willard Street||Burlington|BURLINGTON CITY|Dinse PC|163 South Willard Street||Burlington|VT|05401|2024-07-01|2027-06-30|1|1|0|0|0|0|0|Champlain College Inc|25-1122.00|No
I-200-24101-872175|Pulmonologist|Northeastern Vermont Regional Hospital||18027487312|Heather|Spinney|N/A|18027487312||1315 Hospital Dr||St Johnsbury|ST JOHNSBURY|Rosales Del Rosario PC|1315 Hospital Dr||St Johnsbury|VT|05819|2024-07-01|2027-06-30|1|0|1|0|0|0|0|Northeastern Vermont Regional Hospital|29-1229.00|No
I-200-24044-715704|Assistant Professor of Black Studies|The President & Fellows of Middlebury College||18024435858|Natalie|Steen|nsteen@middlebury.edu|18024435004||14 Old Chapel Road||Middlebury|ADDISON|Curran Berger & Kludt|14 Old Chapel Road||Middlebury|VT|05753|2024-07-01|2027-06-30|1|0|1|0|0|0|0|The President & Fellows of Middlebury College|25-1062.00|No
I-200-24172-134052|Visiting Laboratory Instructor of Computer Science|The President & Fellows of Middlebury College||18024435858|Natalie|Steen|nsteen@middlebury.edu|18024435004||14 Old Chapel Road||Middlebury|ADDISON|Curran Berger & Kludt|14 Old Chapel Road||Middlebury|VT|05753|2024-07-01|2027-06-30|1|1|0|0|0|0|0|The President & Fellows of Middlebury College|25-1021.00|No
I-200-24159-085013|Assistant Profeesor of Philosophy|The President & Fellows of Middlebury College||18024435858|Natalie|Steen|nsteen@middlebury.edu|18024435004||14 Old Chapel Road||Middlebury|ADDISON|Curran Berger & Kludt|14 Old Chapel Road||Middlebury|VT|05753|2024-07-01|2027-06-30|1|1|0|0|0|0|0|The President & Fellows of Middlebury College|25-1126.00|No
I-200-24122-945191|Assistant Professor|The University of Vermont||18026564296|Emma|Huse|ischolar@uvm.edu|18026564296||111 Colchester Ave||Burlington|BURLINGTON CITY||633 Main Street|Office of Intl Education - L&L B101|Burlington|VT|05405|2024-07-01|2027-06-30|1|0|0|0|1|0|0|The University of Vermont|25-1071.00|No
I-200-24155-062141|Physician, Emergency Medicine|University of Vermont Health Network Medical Group Inc||18028472415|William|Lowder|william.lowder@uvmhealth.org|18028472415||111 Colchester Ave||Burlington|CHITTENDEN|Dentons Cohen & Grigsby PC|111 Colchester Ave||Burlington|VT|05401|2024-07-01|2027-06-30|1|0|0|0|0|0|1|University of Vermont Health Network Medical Group Inc|29-1229.00|No
I-200-24145-035409|Assistant Professor of Law|Vermont Law and Graduate School||18028311100|Michelle|Campbell|mcampbell@vermontlaw.edu|18028311304||164 Chelsea Street||South Royalton|ROYALTON|Dinse PC|164 Chelsea Street|P.O. Box 96|South Royalton|VT|05068|2024-07-01|2027-06-30|1|1|0|0|0|0|0|Vermont Law and Graduate School|25-1112.00|No
I-200-24071-788591|Staff Nurse I|University of Vermont Health Network Medical Group Inc||18028470074|Kristina|Hillier|Kristina.Hillier@uvmhealth.org|18028473081||111 Colchester Ave||Burlington|CHITTENDEN|Dentons Cohen & Grigsby PC|111 Colchester Ave||Burlington|VT|05401|2024-06-24|2027-06-23|1|1|0|0|0|0|0|University of Vermont Health Network Medical Group Inc|29-1141.00|No
I-200-24149-042526|Assistant Professor of Surgery|University of Vermont Health Network Medical Group Inc||18028472415|Danielle|Gingue|danielle.gingue@uvmhealth.org|18028474097||111 Colchester Ave||Burlington|CHITTENDEN|Dentons Cohen & Grigsby PC|111 Colchester Ave||Burlington|VT|05401|2024-06-24|2027-06-23|1|1|0|0|0|0|0|University of Vermont Health Network Medical Group Inc|29-1229.00|No
I-200-24166-110421|Dentist|Mason Dental, P.C.||18024685478|Jonathan|Mason|jmason@selectdentalmanagement.com|18605804687||23 Castleton Meadows Lane||Castleton|CASTLETON|Davis Malm & DAgostine PC|23 Castleton Meadows Lane||Castleton|VT|05735|2024-06-20|2027-06-19|1|0|0|0|0|1|0|Mason Dental, P.C.|29-1021.00|No
I-200-24054-744733|Staff Accountant|Pompanoosuc Mills Corp||18027854851|Tonya|Craig|Tonya.Craig@pompy.com|18027854851||3184 Route 5||East Thetford|ORANGE|Law Offices of Weicheng Wang|3184 Route 5||East Thetford|VT|05043|2024-06-19|2027-06-18|1|1|0|0|0|0|0|Pompanoosuc Mills Corp|13-2011.00|No
I-200-24054-744590|Staff Accountant|Pompanoosuc Mills Corp||18027854851|Tonya|Craig|Tonya.Craig@pompy.com|18027854851||3184 Route 5||East Thetford|ORANGE|Law Offices of Weicheng Wang|3184 Route 5||East Thetford|VT|05043|2024-06-19|2027-06-18|1|1|0|0|0|0|0|Pompanoosuc Mills Corp|13-2011.00|No
I-200-24142-018308|Senior CAE Software Turbo Design Engineer|CN Holdings Inc||18022806117|Brad|Leiser|jlynman@conceptsnrec.com|18022806117||217 Billings Farm Road||White River Jct,|WINDSOR|Law Offices of Kendra S. Kembel Esq.|217 Billings Farm Road||White River Junction|VT|05001|2024-06-16|2027-06-15|1|0|0|1|0|0|0|CN Holdings Inc|17-2141.00|No
I-200-24150-048291|Physical Therapist|Central Vermont Medical Center||18023715910|Kimberly|Patnaude|kimberly.patnaude@cvmc.org|18023714443||244 Granger Road||Berlin|BERLIN|Dentons Cohen & Grigsby PC|130 Fisher Road||Berlin|VT|05602|2024-06-15|2027-06-14|1|1|0|0|0|0|0|Central Vermont Medical Center|29-1123.00|No
I-200-24106-887687|Assistant Director|Northern Stage||18022967000|Carol|Dunne|cdunne@northernstage.org|18022967000||76 Gates Street||White River Junction|WINDSOR|Law Offices of Rupal Parikh LLC|76 Gates Street||White River Junction|VT|05001|2024-06-15|2027-06-14|1|1|0|0|0|0|0|Northern Stage|27-2012.00|No
I-200-24151-052514|Manufacturing Process Engineer - Battery Manufacturing|Beta Air LLC||18027349210|Morgan|Randall|immigration@beta.team|17046990186||154 DaVinci Drive||South Burlington|CHITTENDEN|Baker & Hostetler LLP|1150 Airport Drive||South Burlington|VT|05403|2024-06-10|2027-06-09|1|0|0|0|0|1|0|Beta Air LLC|17-2112.03|No
I-200-24127-960447|Assistant Professor|The University of Vermont||18026564296|Emma|Huse|ischolar@uvm.edu|18026564296||111 Colchester Avenue||Burlington|BURLINGTON CITY||633 Main Street|Office of Intl Education - L&L B101|Burlington|VT|05405|2024-06-10|2027-06-09|1|0|0|0|1|0|0|The University of Vermont|25-1071.00|No
I-200-24115-919918|Structural Staff Engineer|DuBois & King Inc||18027283376|Krystal|Vertichio|kvertichio@dubois-king.com|18027283376|1415|6 Green Drive||S. Burlington|WILLISTON||28 North Main Street|PO Box 339|Randolph|VT|05060|2024-06-03|2027-06-03|1|0|0|0|0|1|0|DuBois & King Inc|17-3022.00|No
I-200-24127-959722|Director of Evaluation and Assessment|The University of Vermont||18026564296|Emma|Huse|ischolar@uvm.edu|18026564296||89 Beaumont Avenue||Burlington|BURLINGTON CITY||633 Main Street|Office of Intl Education - L&L B101|Burlington|VT|05405|2024-06-03|2027-06-02|1|1|0|0|0|0|0|The University of Vermont|11-9033.00|No
I-200-24136-999300|Attending Pathologist|University of Vermont Health Network Medical Group Inc||18028470074|Jason|Sanders|Jason.sanders@uvmhealth.org|18028476190||111 Colchester Ave||Burlington|CHITTENDEN|Dentons Cohen & Grigsby PC|111 Colchester Ave||Burlington|VT|05401|2024-06-03|2027-06-02|1|1|0|0|0|0|0|University of Vermont Health Network Medical Group Inc|29-1222.00|No
I-201-25101-854622|Hostess|Springtree Marina LLC||18022511789|Pamela|Merrigan|springtreemarina@gmail.com|18025794902||28 Spring Tree Rd||Brattleboro|BRATTLEBORO||28 Spring Tree Marina Road||Brattleboro|VT|05301|2025-06-01|2027-06-01|1|1|0|0|0|0|0|Springtree Marina LLC|35-3031|N/A
I-200-24129-972356|Principal Engineer I - Java|Government Employees Insurance Company (GEICO)||13019863996|Maureen|McCoy|immigration@geico.com|13019863996||321 Obrien Farm Rd||South Burlington|CHITTENDEN|Law Offices of Kendra S. Kembel Esq.|4608 Willard Avenue||Chevy Chase|MD|20815|2024-06-01|2027-05-31|1|0|0|0|0|0|1|Government Employees Insurance Company (GEICO)|15-1252.00|No
I-200-24029-674113|Assistant Professor|The University of Vermont||18026564296|Emma|Huse|ischolar@uvm.edu|18026564296||81 Carrigan Drive|Aiken Center|Burlington|BURLINGTON CITY||633 Main St.|Office of Intl Education - L/L B101|Burlington|VT|05405|2024-06-01|2027-05-31|1|0|0|1|0|0|0|The University of Vermont|25-1053.00|No
I-200-24165-106044|Lecturer|The University of Vermont||18026564296|Emma|Huse|ischolar@uvm.edu|18026564296||109 Carrigan Drive||Burlington|CHITTENDEN||633 Main Street|Office of Intl Education - L&L B101|Burlington|VT|05405|2024-08-19|2027-05-31|1|1|0|0|0|0|0|The University of Vermont|25-1069.00|No
I-200-24226-264028|Lecturer|The University of Vermont||18026564296|Emma|Huse|ischolar@uvm.edu|18026564296||106 Carrigan Drive||Burlington|CHITTENDEN||633 Main Street|Office of Intl Education - L&L B101|Burlington|VT|05405|2024-08-19|2027-05-31|1|0|0|0|0|0|1|The University of Vermont|25-1069.00|No
I-200-24142-020562|Lecturer|The University of Vermont||18026564296|Emma|Huse|ischolar@uvm.edu|18026564296||94 University Place||Burlington|CHITTENDEN||633 Main Street|Office of Intl Education - L&L B101|Burlington|VT|05405|2024-08-19|2027-05-31|1|1|0|0|0|0|0|The University of Vermont|25-1063.00|No
I-200-24058-751049|Lecturer|The University of Vermont||18026564296|Emma|Huse|ischolar@uvm.edu|18026564296||94 University Place|Dept of Economics|Burlington|CHITTENDEN||633 Main Street|Office of Intl Education - L&L B101|Burlington|VT|05405|2024-08-21|2027-05-31|1|1|0|0|0|0|0|The University of Vermont|25-1063.00|No
I-200-24029-674164|Lecturer|The University of Vermont||18026564296|Emma|Huse|ischolar@uvm.edu|18026564296||81 Carrigan Drive|Aiken Center|Burlington|CHITTENDEN||633 Main Street|Office of Intl Education - L&L B101|Burlington|VT|05405|2024-06-01|2027-05-31|1|0|1|0|0|0|0|The University of Vermont|25-1053.00|No
I-200-24051-731689|Assistant Professor|The University of Vermont||18026564296|Emma|Huse|ischolar@uvm.edu|18026564296||94 University Place|Dept of Geography & Geosciences|Burlington|CHITTENDEN||633 Main Street|Office of Intl Education - L&L B101|Burlington|VT|05405|2024-08-19|2027-05-31|1|1|0|0|0|0|0|The University of Vermont|25-1064.00|No
I-200-24051-731820|Assistant Professor|The University of Vermont||18026564296|Emma|Huse|ischolar@uvm.edu|18026564296||85 S. Prospect Street|Dept of Social Work|Burlington|CHITTENDEN||633 Main Street|Office of Intl Education - L&L B101|Burlington|VT|05405|2024-08-19|2027-05-31|1|1|0|0|0|0|0|The University of Vermont|25-1113.00|No
I-200-24143-026350|Cardiovascular Perfusionist|University of Vermont Health Network Medical Group Inc||18028472415|Kelly|Shea|kelly.shea@uvmhealth.org|18025423076||111 Colchester Ave||Burlington|CHITTENDEN|Dentons Cohen & Grigsby PC|111 Colchester Ave||Burlington|VT|05401|2024-06-01|2027-05-31|1|0|0|0|0|1|0|University of Vermont Health Network Medical Group Inc|29-2031.00|No
I-200-24058-750992|Unoccupied Aircraft Systems Technician|The University of Vermont||18026564296|Emma|Huse|ischolar@uvm.edu|18026564296||81 Carrigan Drive||Burlington|BURLINGTON CITY||633 Main Street|Office of Intl Education - L&L B101|Burlington|VT|05405|2024-05-29|2027-05-28|1|1|0|0|0|0|0|The University of Vermont|19-2099.01|No
I-200-24096-861529|Application Management Specialist|NTT DATA Americas Inc|National Life Group|18007453263|Rachna|Jalota|Rachna.Jalota@nttdata.com|18007453263||1 National Life Drive||Montpelier|WASHINGTON|Berry Appleman & Leiden LLP|7950 Legacy Drive|11th Floor|Plano|TX|75024|2024-05-26|2027-05-25|1|0|1|0|0|0|0|NTT DATA Americas Inc|15-1252.00|No
I-200-24101-875332|Senior Technical and Application Support Specialist|VERMONT STATE COLLEGES||18026540527|Mary|Brodsky|Mary.Brodsky@ccv.edu|18026540527||Community College of Vermont, Winooski Campus|1 Abenaki Way|Winooski|CHITTENDEN|DINSE PC|575 Stone Cutters Way|P.O. Box 7|Montpelier|VT|05601|2024-05-24|2027-05-23|1|1|0|0|0|0|0|VERMONT STATE COLLEGES|15-1244.00|No
I-200-24092-845833|Senior Technical and Application Support Specialist|VERMONT STATE COLLEGES, Community College of Vermont||18026540527|Mary|Brodsky|Mary.Brodsky@ccv.edu|18026540527||1 Abenaki Way||Winooski|CHITTENDEN|DINSE PC|1 Abenaki Way|Winooski Campus|Winooski|VT|05404|2024-05-24|2027-05-23|1|1|0|0|0|0|0|VERMONT STATE COLLEGES, Community College of Vermont|15-1244.00|No
I-200-24129-970010|Test Engineer|Beta Air LLC||18027349210|Morgan|Randall|immigration@beta.team|17046990186||1150 Airport Drive||South Burlington|CHITTENDEN|Baker & Hostetler LLP|1150 Airport Drive||South Burlington|VT|05403|2024-05-20|2027-05-19|1|0|0|1|0|0|0|Beta Air LLC|17-2141.00|No
I-200-25042-683229|Associate Professor|The University of Vermont||18026564296|Emma|Huse|ischolar@uvm.edu|18026564296||570 Main Street|148 Terrill Building|Burlington|CHITTENDEN||633 Main Street|Office of Intl Education - L&L B101|Burlington|VT|05405|2025-06-30|2027-05-14|1|0|1|0|0|0|0|The University of Vermont|25-1041|No
I-200-25042-683229|Associate Professor|The University of Vermont||18026564296|Emma|Huse|ischolar@uvm.edu|18026564296||570 Main Street|148 Terrill Building|Burlington|CHITTENDEN||633 Main Street|Office of Intl Education - L&L B101|Burlington|VT|05405|2025-06-30|2027-05-14|1|0|1|0|0|0|0|The University of Vermont|25-1041.00|No
I-200-24122-943844|Associate, Software Engineering|GOLDMAN SACHS & CO. LLC||12129021000|JENNIFER|ALLISON|AMERICAS_IMMIGRATION@NY.EMAIL.GS.COM|12129021000||100 Bank Street|Suite 800|Burlington|CHITTENDEN|FRAGOMEN DEL REY BERNSEN & LOEWY LLP|200 WEST STREET||NEW YORK|NY|10282|2024-05-13|2027-05-12|1|0|0|0|0|1|0|GOLDMAN SACHS & CO. LLC|15-1252.00|No
I-201-24122-947146|Food Service Manager|Sugarbush Mountain Resort Inc||18025836380|Annemarie|Todd|atodd@sugarbush.com|18025836381||1840 Sugarbush Access Road||Warren|WASHINGTON|William Velie Attorney at Law PLLC|1840 Sugarbush Access Road||Warren|VT|05674|2024-05-13|2027-05-12|1|1|0|0|0|0|0|Sugarbush Mountain Resort Inc|11-9051.00|N/A
I-200-24008-624628|Special Education Teacher|Southwest Vermont Supervisory Union||18024477501|Nick|Gault|Nick.Gault@svsu.org|18027535819||184 North Street|Suite 1|Bennington|BENNINGTON|MCCOWN & EVANS LLP|184 North Street|Suite 1|Bennington|VT|05201|2024-05-01|2027-04-30|1|1|0|0|0|0|0|Southwest Vermont Supervisory Union|25-2059.00|No
I-200-24008-624674|Special Education Teacher|Southwest Vermont Supervisory Union||18024477501|Nick|Gault|Nick.Gault@svsu.org|18027535819||184 North Street|Suite 1|Bennington|BENNINGTON|MCCOWN & EVANS LLP|184 North Street|Suite 1|Bennington|VT|05201|2024-05-01|2027-04-30|1|1|0|0|0|0|0|Southwest Vermont Supervisory Union|25-2059.00|No
I-200-24011-633229|Professional Services Consultant II|Xerox Corporation||12034998820|Suzanne|Greenway|Suzanne.Greenway@Xerox.com|17046088190||354 Mountain View Drive||Colchester|CHITTENDEN|Fragomen Del Rey Bernsen & Loewy LLP|201 Merritt 7||Norwalk|CT|06851|2024-05-01|2027-04-30|1|0|1|0|0|0|0|Xerox Corporation|15-1252.00|No
I-200-24073-795370|Assistant Professor|The University of Vermont||18026564296|Emma|Huse|ischolar@uvm.edu|18026564296||111 Colchester Avenue||Burlington|BURLINGTON CITY||633 Main Street|Office of Intl Education - L&L B101|Burlington|VT|05405|2024-04-29|2027-04-28|1|0|0|0|1|0|0|The University of Vermont|25-1071.00|No
I-200-24079-810867|Rheumatologist|University of Vermont Health Network Medical Group Inc||18028472005|Lisa|Goodrich|lisa.goodrich@uvmhealth.org|18028472307||111 Colchester Ave||Burlington|CHITTENDEN|Dentons Cohen & Grigsby PC|111 Colchester Ave||Burlington|VT|05401|2024-04-29|2027-04-28|1|1|0|0|0|0|0|University of Vermont Health Network Medical Group Inc|29-1216.00|No
I-203-25014-618020|Project Architect|CABIN ENVY LLC||19176562004|Todd|Feldman|home@cabinenvy.com|19176562004||2329 Faulkner Road||Whitingham|WINDHAM||2329 Faulkner Road||Whitingham|VT|05361|2025-04-26|2027-04-26|1|0|1|0|0|0|0|CABIN ENVY LLC|17-1011.00|N/A
I-203-25014-618020|Project Architect|CABIN ENVY LLC||19176562004|Todd|Feldman|home@cabinenvy.com|19176562004||2329 Faulkner Road||Whitingham|WINDHAM||2329 Faulkner Road||Whitingham|VT|05361|2025-04-26|2027-04-26|1|0|1|0|0|0|0|CABIN ENVY LLC|17-1011|N/A
I-200-24036-692831|Lead INSTITUTIONAL RESEARCH ANALYST|VERMONT STATE COLLEGES||18022243011|Sarah|Potter|sarah.potter@vsc.edu|18022799622||575 Stone Cutters Way|P.O. Box 7|Montpelier|MONTPELIER CITY|DINSE PC|575 STONE CUTTERS WAY|PO BOX 7|MONTPELIER|VT|05601|2024-04-23|2027-04-22|1|0|1|0|0|0|0|VERMONT STATE COLLEGES|15-2041.00|No
I-200-24074-800733|Postdoctoral Associate|The University of Vermont||18026564296|Emma|Huse|ischolar@uvm.edu|18026564296||89 Beaumont Avenue||Burlington|BURLINGTON CITY||633 Main Street|Office of Intl Education - L&L B101|Burlington|VT|05405|2024-04-22|2027-04-21|1|1|0|0|0|0|0|The University of Vermont|19-1042.00|No
I-200-24099-863032|Sr. Mgr. JC45 - Information Technology Project Managers|COGNIZANT TECHNOLOGY SOLUTIONS US CORP||19793296682|Daniel|Shakespeare|lca.immigration@cognizant.com|16176207316||27 Vale Dr||South Burlington|CHITTENDEN||211 QUALITY CIRCLE||COLLEGE STATION|TX|77845|2024-04-16|2027-04-15|1|0|0|0|0|0|1|COGNIZANT TECHNOLOGY SOLUTIONS US CORP|15-1299.09|Yes
I-200-24099-863035|Sr. Mgr. JC45 - Information Technology Project Managers|COGNIZANT TECHNOLOGY SOLUTIONS US CORP||19793296682|Daniel|Shakespeare|lca.immigration@cognizant.com|16176207316||372, Hurricane Lane, Suite 201||Williston|CHITTENDEN||211 QUALITY CIRCLE||COLLEGE STATION|TX|77845|2024-04-16|2027-04-15|1|0|0|0|0|0|1|COGNIZANT TECHNOLOGY SOLUTIONS US CORP|15-1299.09|Yes
I-200-24065-771396|Medical Technologist|University of Vermont Health Network Medical Group Inc|Porter Medical Center|18028470074|Kristin|Kittredge|kkittredge@portermedical.org|18028474373||115 Porter Drive||Middlebury|ADDISON|Dentons Cohen & Grigsby PC|111 Colchester Ave||Burlington|VT|05401|2024-04-15|2027-04-14|1|1|0|0|0|0|0|University of Vermont Health Network Medical Group Inc|29-2011.00|No
I-200-24047-725048|Medical Technologist|University of Vermont Health Network Medical Group Inc|Porter Medical Center|18028470074|Cindy|Reichard|cindy.reichard@uvmhealth.org|18028474373||115 Porter Drive||Middlebury|ADDISON|Dentons Cohen & Grigsby PC|111 Colchester Ave||Burlington|VT|05401|2024-04-15|2027-04-14|1|1|0|0|0|0|0|University of Vermont Health Network Medical Group Inc|29-2011.00|No
I-200-24268-361856|CITRIX ENGINEER|SOUTHWESTERN VERMONT MEDICAL CENTER INC||18024475090|POLLY|CIPPERLY|polly.cipperly@svhealthcare.org|18024475090||100 HOSPITAL DR||BENNINGTON|BENNINGTON|THE TOWNE LAW FIRM PC|100 HOSPITAL DRIVE||BENNINGTON|VT|05201|2025-03-21|2027-04-13|1|0|1|0|0|0|0|SOUTHWESTERN VERMONT MEDICAL CENTER INC|15-1211|No
I-200-24268-361856|CITRIX ENGINEER|SOUTHWESTERN VERMONT MEDICAL CENTER INC||18024475090|POLLY|CIPPERLY|polly.cipperly@svhealthcare.org|18024475090||100 HOSPITAL DR||BENNINGTON|BENNINGTON|THE TOWNE LAW FIRM PC|100 HOSPITAL DRIVE||BENNINGTON|VT|05201|2025-03-21|2027-04-13|1|0|1|0|0|0|0|SOUTHWESTERN VERMONT MEDICAL CENTER INC|15-1211.00|No
I-200-24268-361856|CITRIX ENGINEER|SOUTHWESTERN VERMONT MEDICAL CENTER INC||18024475090|POLLY|CIPPERLY|polly.cipperly@svhealthcare.org|18024475090||100 HOSPITAL DR||BENNINGTON|BENNINGTON|THE TOWNE LAW FIRM PC|100 HOSPITAL DRIVE||BENNINGTON|VT|05201|2025-03-21|2027-04-13|1|0|1|0|0|0|0|SOUTHWESTERN VERMONT MEDICAL CENTER INC|15-1211.00|No
I-200-24094-852971|Sr. Mgr. JC45 - Information Technology Project Managers|COGNIZANT TECHNOLOGY SOLUTIONS US CORP|Agilent Technologies Inc|19793296682|Daniel|Shakespeare|lca.immigration@cognizant.com|16176207316||100, Tigan Street||Winooski|CHITTENDEN||211 QUALITY CIRCLE||COLLEGE STATION|TX|77845|2024-04-12|2027-04-11|1|0|0|0|0|0|1|COGNIZANT TECHNOLOGY SOLUTIONS US CORP|15-1299.09|Yes
I-200-24082-824456|CAE Engineering Software Global Support Manager|CN Holdings Inc||18022806117|Brad|Leiser|jlynman@conceptsnrec.com|18022806117||217 Billings Farm Road||White River Junction|WINDSOR|Law Offices of Kendra S. Kembel Esq.|217 Billings Farm Road||White River Junction|VT|05001|2024-04-08|2027-04-07|1|0|0|1|0|0|0|CN Holdings Inc|11-9041.00|No
I-200-24081-820228|Dentist|Northern Counties Health Care Inc||18027489405|Michael|Costa|michaelc@nchcvt.org|18027489405|1513|11 Union Street||Orleans|DERBY|Law Office of Sidney Collier|165 Sherman Drive||St. Johnsbury|VT|05819|2024-04-01|2027-03-31|1|1|0|0|0|0|0|Northern Counties Health Care Inc|29-1021.00|No
I-200-24081-820217|Dentist|Northern Counties Health Care Inc||18027489405|Michael|Costa|michaelc@nchcvt.org|18027489405|1513|11 Union Street||Orleans|DERBY|Law Office of Sidney Collier|165 Sherman Drive||St. Johnsbury|VT|05819|2024-04-01|2027-03-31|1|1|0|0|0|0|0|Northern Counties Health Care Inc|29-1021.00|No
I-200-24081-820028|Assistant Professor|The University of Vermont||18026564296|Emma|Huse|ischolar@uvm.edu|18026564296||111 Colchester Avenue||Burlington|BURLINGTON CITY||633 Main Street|Office of Intl Education - L&L B101|Burlington|VT|05405|2024-04-01|2027-03-31|1|0|0|0|1|0|0|The University of Vermont|25-1071.00|No
I-200-24253-323592|Assistant Professor|The University of Vermont||18026564296|Emma|Huse|ischolar@uvm.edu|18026564296||111 Colchester Avenue||Burlington|BURLINGTON CITY||633 Main Street|Office of Intl Education - L&L B101|Burlington|VT|05405|2024-11-08|2027-03-31|1|0|1|0|0|0|0|The University of Vermont|25-1071.00|No
I-200-24274-373455|Research Project Assistant|The University of Vermont||18026564296|Emma|Huse|ischolar@uvm.edu|18026564296||1 South Prospect Street|Dept of Psychiatry, 6th floor Arnold, ABCD Lab|Burlington|BURLINGTON CITY||633 Main Street|Office of Intl Education - L&L B101|Burlington|VT|05405|2025-01-18|2027-03-31|1|1|0|0|0|0|0|The University of Vermont|43-9111.00|No
I-200-24274-373455|Research Project Assistant|The University of Vermont||18026564296|Emma|Huse|ischolar@uvm.edu|18026564296||1 South Prospect Street|Dept of Psychiatry, 6th floor Arnold, ABCD Lab|Burlington|BURLINGTON CITY||633 Main Street|Office of Intl Education - L&L B101|Burlington|VT|05405|2025-01-18|2027-03-31|1|1|0|0|0|0|0|The University of Vermont|43-9111.00|No
I-200-24274-373455|Research Project Assistant|The University of Vermont||18026564296|Emma|Huse|ischolar@uvm.edu|18026564296||1 South Prospect Street|Dept of Psychiatry, 6th floor Arnold, ABCD Lab|Burlington|BURLINGTON CITY||633 Main Street|Office of Intl Education - L&L B101|Burlington|VT|05405|2025-01-18|2027-03-31|1|1|0|0|0|0|0|The University of Vermont|43-9111|No
I-200-24073-794757|Medical Physicist (Therapy)|University of Vermont Health Network Medical Group Inc||18028472415|Matthew|Deely|matthew.deeley@uvmhealth.org|18028473506||111 Colchester Ave||Burlington|CHITTENDEN|Dentons Cohen & Grigsby PC|111 Colchester Ave||Burlington|VT|05401|2024-04-01|2027-03-31|1|0|0|0|0|0|1|University of Vermont Health Network Medical Group Inc|19-2012.00|No
I-200-24059-754644|Cardiovascular Perfusionist|University of Vermont Health Network Medical Group Inc||18028472415|Kelly|Shea|kelly.shea@uvmhealth.org|18025423076||111 Colchester Ave||Burlington|CHITTENDEN|Dentons Cohen & Grigsby PC|111 Colchester Ave||Burlington|VT|05401|2024-04-01|2027-03-31|1|0|0|0|0|1|0|University of Vermont Health Network Medical Group Inc|29-2031.00|No
I-200-24075-802928|Senior Manager, Advanced Analytics|WAL-MART ASSOCIATES INC||14792731993|Jaime|Herrera|Jaime.Deakins@walmart.com|14792047224||32 Chelsea Pl||Williston|CHITTENDEN|Fragomen Del Rey Bernsen & Loewy LLP|702 S.W. 8TH STREET|MAIL STOP 0215|BENTONVILLE|AR|72716|2024-04-01|2027-03-31|1|0|0|0|0|0|1|WAL-MART ASSOCIATES INC|17-2112.00|No
I-200-24074-799576|Software Developer|HTC GLOBAL SERVICES INC|BCBS  Vermont|12487862500|SURESH|SUBRAMANIAN|IMMIGRATION@HTCINC.COM|12487862500|109|445 Industrial Lane||Berlin|WASHINGTON||3270 WEST BIG BEAVER ROAD||TROY|MI|48084|2024-03-21|2027-03-20|1|1|0|0|0|0|0|HTC GLOBAL SERVICES INC|15-1252.00|Yes
I-200-24053-739396|Medical Technologist|Northeastern Vermont Regional Hospital Inc||18027487312|Heather|Spinney|N/A|18027487312||1315 Hospital Dr||St. Johnsbury|ST JOHNSBURY|Rosales Del Rosario PC|1315 Hospital Dr||St. Johnsbury|VT|05819|2024-03-11|2027-03-10|1|0|0|0|0|1|0|Northeastern Vermont Regional Hospital Inc|29-2011.00|No
I-200-23291-440018|RHEUMATOLOGIST|UNIVERSITY OF VERMONT HEALTH NETWORK MEDICAL GROUP INC||18028472005|LISA|GOODRICH|LISA.GOODRICH@UVMHEALTH.COM|18028472307||111 COLCHESTER AVENUE||BURLINGTON|CHITTENDEN|DENTONS COHEN & GRIGSBY PC|111 COLCHESTER AVE||BURLINGTON|VT|05401|2024-03-11|2027-03-10|1|1|0|0|0|0|0|UNIVERSITY OF VERMONT HEALTH NETWORK MEDICAL GROUP INC|29-1216.00|No
I-203-24361-572475|President|Four Quarters Brewing Company||18023919120|John|Phinney|jphinney@numerousvc.com|18023498999||70 Main Street||Winooski|CHITTENDEN|David Immigration Law|70 Main Street||Winooski|VT|05404|2025-03-03|2027-03-02|1|1|0|0|0|0|0|Four Quarters Brewing Company|11-1021.00|N/A
I-203-24361-572475|President|Four Quarters Brewing Company||18023919120|John|Phinney|jphinney@numerousvc.com|18023498999||70 Main Street||Winooski|CHITTENDEN|David Immigration Law|70 Main Street||Winooski|VT|05404|2025-03-03|2027-03-02|1|1|0|0|0|0|0|Four Quarters Brewing Company|11-1021|N/A
I-200-23352-573752|Post-Doctoral Associate|The University of Vermont||18026564296|Emma|Huse|ischolar@uvm.edu|18026564296||106 Carrigan Drive|302 Rowell Hall|Burlington|BURLINGTON CITY||633 Main Street|Office of Intl Education - L&L B101|Burlington|VT|05405|2024-03-01|2027-02-28|1|1|0|0|0|0|0|The University of Vermont|19-1042.00|No
I-200-24038-699330|Architectural Associate|Stevens & Associates, PC||18022579329|Pamela|Matweecha|pmatweecha@stevens-assoc.com|18022579329|104|95 Main Street||Brattleboro|WINDHAM|Law Office of Tisha Chen|95 Main Street||Brattleboro|VT|05302|2024-02-26|2027-02-25|1|0|0|0|0|1|0|Stevens & Associates, PC|17-1011.00|No
I-200-24023-660539|Engagement Advocate (Marketing Specialist)|EQUITAS Life Sciences LLC||18028575626|Kerry|Seagle|kls@equitasls.com|18028575626||5 Oliver Wight Dr.|Suite B|Essex|ESSEX|Kramer Levin Naftalis & Frankel LLP|5 Oliver Wight Dr.|Suite B|Essex|VT|05452|2024-02-15|2027-02-14|1|0|0|0|1|0|0|EQUITAS Life Sciences LLC|13-1161.00|No
I-200-24022-656852|Health Services Fellow|Open Avenues Foundation||17812234590|Danielle|GOLDMAN|danielle@openavenuesfoundation.org|17812234590||85 Winooski Falls Way|Apt. 409|Winooski|WINOOSKI CITY|Goldman & Partners Immigration Law LLP|609 Greenwich Street|Fl 5|New York|NY|10014|2024-02-15|2027-02-14|1|1|0|0|0|0|0|Open Avenues Foundation|13-1151.00|Yes
I-200-24038-699207|Reliability Engineer|Microsoft Corporation||14258828080|Lee Mary|Covington|PAF@MICROSOFT.COM|14258828080||1855 Saint Francis Street||Reston|FAIRFAX||1 Microsoft Way|N/A|Redmond|WA|98052|2024-02-14|2027-02-13|1|0|0|0|0|1|0|Microsoft Corporation|17-2112.02|No
I-200-24005-620577|Operating Room Registered Nurse|Gifford Medical Center Inc||18027287000|Jill|Markowski|jmarkowski@giffordhealthcare.org|18027287000||44 South Main Street||Randolph|RANDOLPH|Corporate Immigration Partners PC|44 South Main Street||Randolph|VT|05060|2024-02-11|2027-02-10|1|1|0|0|0|0|0|Gifford Medical Center Inc|29-1141.00|No
I-200-23341-550863|Radio Network Systems Engineer|Vermont Electric Power Company Inc||18027739161|Cheryl|Mullins|cmullins@velco.com|18027706479||366 Pinnacle Ridge Road||Rutland|RUTLAND|Paul Frank + Collins PC|366 Pinnacle Ridge Road|N/A|Rutland|VT|05701|2024-02-08|2027-02-07|1|0|1|0|0|0|0|Vermont Electric Power Company Inc|17-2071.00|No
I-200-24026-669653|Rheumatologist|University of Vermont Health Network Medical Group Inc|University of Vermont Medical Center|18028470074|Allen|Mead|ALLEN.MEAD@UVMHEALTH.ORG|18028470000||111 Colchester Avenue||Burlington|CHITTENDEN|Dentons Cohen & Grigsby PC|111 Colchester Avenue||Burlington|VT|05401|2024-02-05|2027-02-04|1|0|0|0|0|0|1|University of Vermont Health Network Medical Group Inc|29-1229.00|No
I-200-24003-613863|Staff Nurse I|University of Vermont Health Network Medical Group||18028470074|Kristina|Hillier|Kristina.Hillier@uvmhealth.org|18028473081||111 Colchester Ave||Burlington|CHITTENDEN|Dentons Cohen & Grigsby PC|111 Colchester Ave||Burlington|VT|05401|2024-02-05|2027-02-04|1|1|0|0|0|0|0|University of Vermont Health Network Medical Group|29-1141.00|No
I-200-23349-570735|General Dentist|Five-Town Heatlh Alliance Inc||18024533911|Greg|MacDonald|gmacdonald@mchvt.org|18024536874||61 Pine Street|Building 4|Bristol|BRISTOL|Primmer Piper Eggleston & Cramer PC|61 Pine Street|Building 4|Bristol|VT|05443|2024-02-01|2027-01-31|1|1|0|0|0|1|0|Five-Town Heatlh Alliance Inc|29-1021.00|No
I-200-23241-303194|Assistant Professor|The University of Vermont||18026564296|Emma|Huse|ischolar@uvm.edu|18026564296||95 Carrigan Drive|Dept of Microbiology and Molecular Genetics|Burlington|BURLINGTON CITY||633 Main Street|Office of Intl Education - L&L B101|Burlington|VT|05405|2024-02-01|2027-01-31|1|0|1|0|0|0|0|The University of Vermont|25-1042.00|No
I-200-23216-238238|Staff Nurse I|UNIVERSITY OF VERMONT HEALTH NETWORK - UNIVERSITY OF VERMONT MEDICAL CENTER||18028470074|Kristina|Hillier|kristina.hillier@uvmhealth.org|18028473081||111 Colchester Avenue||Burlington|BURLINGTON CITY|Dentons Cohen & Grigsby PC|111 Colchester Avenue||Burlington|VT|05401|2024-01-23|2027-01-22|1|1|0|0|0|0|0|UNIVERSITY OF VERMONT HEALTH NETWORK - UNIVERSITY OF VERMONT MEDICAL CENTER|29-1141.00|No
I-200-23243-310455|Senior Systems Analyst JC60|COGNIZANT TECHNOLOGY SOLUTIONS US CORP|National Life Insurance Company|19793296682|Daniel|Shakespeare|lca.immigration@cognizant.com|16176207316||1, National Life Drive||Montpelier|WASHINGTON||211 QUALITY CIRCLE||COLLEGE STATION|TX|77845|2024-01-17|2027-01-16|1|0|0|0|0|0|1|COGNIZANT TECHNOLOGY SOLUTIONS US CORP|15-1211.00|Yes
I-200-24010-629997|Physician|University of Vermont Health Network Medical Group Inc|University of Vermont Medical Center|18028470074|Lisa|Goodrich|lisa.goodrich@uvmhealth.org|18028472307||111 Colchester Avenue||Burlington|CHITTENDEN|Dentons Cohen & Grigsby PC|111 Colchester Avenue||Burlington|VT|05401|2024-01-17|2027-01-16|1|0|0|0|0|0|1|University of Vermont Health Network Medical Group Inc|29-1229.00|No
I-200-23243-310453|Senior Systems Analyst JC60|COGNIZANT TECHNOLOGY SOLUTIONS US CORP||19793296682|Daniel|Shakespeare|lca.immigration@cognizant.com|16176207316||122, Batchelder Street||Barre|WASHINGTON||211 QUALITY CIRCLE||COLLEGE STATION|TX|77845|2024-01-17|2027-01-16|1|0|0|0|0|0|1|COGNIZANT TECHNOLOGY SOLUTIONS US CORP|15-1211.00|Yes
I-200-24011-634628|Senior Software Engineer|Optum Services Inc||19529361616|Ciaran, Jennifer|McDonnell, Priebe|immigration@uhg.com|19529361616||46 Main Street||Winooski|WINOOSKI CITY|Berry Appleman & Leiden LLP|11000 Optum Circle||Eden Prairie|MN|55344|2024-01-16|2027-01-15|1|0|0|0|0|1|0|Optum Services Inc|15-1252.00|No
I-200-23340-549448|Clinical Applications Analyst|Windsor Hospital Corporation||18026746711|Hannah|Bianchi|N/A|18026746711||289 County Road||Windsor|WINDSOR|Harter Secrest & Emery LLP|289 County Road||Windsor|VT|05089|2024-01-12|2027-01-11|1|1|0|0|0|0|0|Windsor Hospital Corporation|15-2051.02|No
I-200-23340-549356|Clinical Applications Analyst|Windsor Hospital Corporation||18026746711|Hannah|Bianchi|N/A|18026746711||289 County Road||Windsor|WINDSOR|Harter Secrest & Emery LLP|289 County Road||Windsor|VT|05089|2024-01-12|2027-01-11|1|1|0|0|0|0|0|Windsor Hospital Corporation|15-2051.02|No
I-200-23289-433870|Dentist|The Richford Health Center Inc||18022555518|Lianne|Trombley|ltrombley@notch.org|18022555518||44 Main Street|Suite 400|Richford|FRANKLIN|Dinse PC|44 Main Street|Suite 200|Richford|VT|05476|2024-01-08|2027-01-07|1|1|0|0|0|0|0|The Richford Health Center Inc|29-1021.00|No
I-200-23310-481645|Dentist|The Richford Health Center Inc||18022555518|Lianne|Trombley|ltrombley@notchvt.org|18022555518||44 Main Street|Suite 400|Richford|FRANKLIN|Dinse PC|44 Main Street|Suite 200|Richford|VT|05476|2024-01-08|2027-01-07|1|1|0|0|0|0|0|The Richford Health Center Inc|29-1021.00|No
I-200-23289-433866|Dentist|The Richford Health Center Inc||18022555518|Lianne|Trombley|ltrombley@notchvt.org|18022555518||26 Canada Street||Swanton|FRANKLIN|Dinse PC|44 Main Street|Suite 200|Richford|VT|05476|2024-01-08|2027-01-07|1|1|0|0|0|0|0|The Richford Health Center Inc|29-1021.00|No
I-200-23213-229226|Attending Pathologist|UNIVERSITY OF VERMONT HEALTH NETWORK MEDICAL GROUP INC||18028472005|LISA|GOODRICH|LISA.GOODRICH@UVMHEALTH.COM|18028472307||111 COLCHESTER AVENUE||BURLINGTON|BURLINGTON CITY|DENTONS COHEN & GRIGSBY PC|111 COLCHESTER AVE||BURLINGTON|VT|05401|2024-01-08|2027-01-07|1|1|0|0|0|0|0|UNIVERSITY OF VERMONT HEALTH NETWORK MEDICAL GROUP INC|29-1222.00|No
I-203-24337-510213|Coordinator of Online Student Life Programming and Support|Landmark College Inc||18023876713|Michael|Luciani|mluciani@landmark.edu|18023876713||19 River Road South||Putney|PUTNEY|Dinse PC|19 River Road South||Putney|VT|05346|2025-01-06|2027-01-05|1|1|0|0|0|0|0|Landmark College Inc|25-2059.00|N/A
I-203-24337-510213|Coordinator of Online Student Life Programming and Support|Landmark College Inc||18023876713|Michael|Luciani|mluciani@landmark.edu|18023876713||19 River Road South||Putney|PUTNEY|Dinse PC|19 River Road South||Putney|VT|05346|2025-01-06|2027-01-05|1|1|0|0|0|0|0|Landmark College Inc|25-2059.00|N/A
I-203-24337-510213|Coordinator of Online Student Life Programming and Support|Landmark College Inc||18023876713|Michael|Luciani|mluciani@landmark.edu|18023876713||19 River Road South||Putney|PUTNEY|Dinse PC|19 River Road South||Putney|VT|05346|2025-01-06|2027-01-05|1|1|0|0|0|0|0|Landmark College Inc|25-2059|N/A
I-200-23227-265870|Post-Doctoral Associate|The University of Vermont||18026564296|Emma|Huse|ischolar@uvm.edu|18026564296||89 Beaumont Avenue|Given D319|Burlington|BURLINGTON CITY||633 Main St|Office of Intl Education - L&L, B101|Burlington|VT|05405|2024-01-05|2027-01-04|1|1|0|0|0|0|0|The University of Vermont|19-1042.00|No
I-203-24346-535111|Aerodynamics and Performance Engineer|Beta Technologies Inc||17046990186|Morgan|Randall|immigration@beta.team|17046990186||1150 Airport Drive||South Burlington|CHITTENDEN|Corporate Immigration Partners PC|1150 Airport Drive||South Burlington|VT|05403|2025-01-01|2026-12-31|1|0|0|0|0|0|1|Beta Technologies Inc|17-2011.00|N/A
I-203-24346-535111|Aerodynamics and Performance Engineer|Beta Technologies Inc||17046990186|Morgan|Randall|immigration@beta.team|17046990186||1150 Airport Drive||South Burlington|CHITTENDEN|Corporate Immigration Partners PC|1150 Airport Drive||South Burlington|VT|05403|2025-01-01|2026-12-31|1|0|0|0|0|0|1|Beta Technologies Inc|17-2011.00|N/A
I-203-24346-535111|Aerodynamics and Performance Engineer|Beta Technologies Inc||17046990186|Morgan|Randall|immigration@beta.team|17046990186||1150 Airport Drive||South Burlington|CHITTENDEN|Corporate Immigration Partners PC|1150 Airport Drive||South Burlington|VT|05403|2025-01-01|2026-12-31|1|0|0|0|0|0|1|Beta Technologies Inc|17-2011|N/A
I-200-23353-579407|Medical Laboratory Scientist II|Central Vermont Medical Center Inc||18023714100|Kimberly|Patnaude|kimberly.patnaude@cvmc.org|18023714443||130 Fisher Road||Berlin|WASHINGTON|Dentons Cohen & Grigsby PC|130  Fisher Road||Berlin|VT|05602|2024-01-01|2026-12-31|1|1|0|0|0|0|0|Central Vermont Medical Center Inc|29-2011.00|No
I-200-24008-624295|Attending Architect (Software Developer)|EQUITAS Life Sciences LLC||18028575626|Kerry|Seagle|kls@equitasls.com|18028575626||5 Oliver Wight Dr.|Suite B|Essex|ESSEX|Kramer Levin Naftalis & Frankel LLP|5 Oliver Wight Dr.|Suite B|Essex|VT|05452|2024-01-15|2026-12-31|1|0|0|0|1|0|0|EQUITAS Life Sciences LLC|15-1252.00|No
I-200-23334-533187|Computer Science Fellow|Open Avenues Foundation||17812234590|Danielle|GOLDMAN|danielle@openavenuesfoundation.org|17812234590||61 Pearl Street||Essex Junction|ESSEX|Goldman & Partners Immigration Law LLP|609 Greenwich Street|Fl 5|New York|NY|10014|2024-01-01|2026-12-31|1|1|0|0|0|0|0|Open Avenues Foundation|15-1299.08|Yes
I-200-23228-268929|Assistant Professor|The President & Fellows of Middlebury College||18024435858|Natalie|Steen|nsteen@middlebury.edu|18024435004||14 Old Chapel Road||Middlebury|ADDISON|Curran Berger & Kludt|14 Old Chapel Road||Middlebury|VT|05753|2024-01-01|2026-12-31|1|1|0|0|0|0|0|The President & Fellows of Middlebury College|25-1063.00|No
I-200-23339-544990|Data Specialist|The University of Vermont||18026564296|Emma|Huse|ischolar@uvm.edu|18026564296||1 South Prospect Street||Burlington|BURLINGTON CITY||633 Main Street|Office of Intl Education - L&L B101|Burlington|VT|05405|2024-01-01|2026-12-31|1|0|1|0|0|0|0|The University of Vermont|19-1029.01|No
I-200-23181-157293|Software Development Advisor|NTT DATA Americas Inc|National Life Group|18007453263|Rachna|Jalota|Rachna.Jalota@nttdata.com|18007453263||1 National Life Drive||Montpelier|MONTPELIER CITY|Berry Appleman & Leiden LLP|7950 Legacy Drive|11th Floor|Plano|TX|75024|2023-12-30|2026-12-29|1|0|1|0|0|0|0|NTT DATA Americas Inc|15-1252.00|No
I-200-23181-157282|Software Development Specialist|NTT DATA Americas Inc|National Life Group|18007453263|Rachna|Jalota|Rachna.Jalota@nttdata.com|18007453263||1 National Life Group||Montpelier|WASHINGTON|Berry Appleman & Leiden LLP|7950 Legacy Drive|11th Floor|Plano|TX|75024|2023-12-30|2026-12-29|1|0|1|0|0|0|0|NTT DATA Americas Inc|15-1252.00|No
I-200-23180-154902|Senior Software Engineer|Optum Services Inc||19529361616|Ciaran, Jennifer|McDonnell, Priebe|ciaran_mcdonnell@uhg.com|19529361616||37 Franklin St.|Unit 102|Essex|ESSEX|Berry Appleman & Leiden LLP|11000 Optum Circle||Eden Prairie|MN|55344|2023-12-28|2026-12-27|1|0|1|0|0|0|0|Optum Services Inc|15-1252.00|No
I-200-23321-509425|Lecturer I|The University of Vermont||18026564296|Emma|Huse|ischolar@uvm.edu|18026564296||85 S. Prospect Street|Dept. of Education|Burlington|CHITTENDEN||633 Main Street|Office of Intl Education - L&L B101|Burlington|VT|05405|2024-01-16|2026-12-18|1|0|0|0|1|0|0|The University of Vermont|25-1081.00|No
I-200-23243-313350|PHYSICAL THERAPIST|Grandison Management Inc|CareerStaff|17183366600|Yoel|Trenk|yt@grandisonusa.com|17183366600|4453|2 Blackberry Lane||Bennington|BENNINGTON||4547 US Highway 9 North|Suite Q|Howell|NJ|07731|2023-12-18|2026-12-17|40|10|10|10|0|0|10|Grandison Management Inc|29-1123.00|No
I-200-23243-313404|PHYSICAL THERAPIST|Grandison Management Inc|CareerStaff|17183366600|Yoel|Trenk|yt@grandisonusa.com|17183366600|4453|105 Chester Road||Springfield|WINDSOR||4547 US Highway 9 North|Suite Q|Howell|NJ|07731|2023-12-18|2026-12-17|40|10|10|10|0|0|10|Grandison Management Inc|29-1123.00|No
I-200-23243-313453|PHYSICAL THERAPIST|Grandison Management Inc|CareerStaff|17183366600|Yoel|Trenk|yt@grandisonusa.com|17183366600|4453|49 Cedar Hill Drive||Windsor|WINDSOR||4547 US Highway 9 North|Suite Q|Howell|NJ|07731|2023-12-18|2026-12-17|40|10|10|10|0|0|10|Grandison Management Inc|29-1123.00|No
I-200-23361-594400|Assistant Director, Diversity, Equity, and Inclusion|Bennington College||18024425401|Heather|Faley|hfaley@bennington.edu|18024404423||One College Drive||Bennington|BENNINGTON|Dinse PC|One College Drive||Bennington|VT|05201|2023-12-29|2026-12-14|1|1|0|0|0|0|0|Bennington College|13-1071.00|No
I-200-23174-139282|Physical Therapist|Grandison Management Inc|Barre Gardens for Nursing and Rehabilitation|17183366600|Yoel|Trenk|yt@grandisonusa.com|17183366600|4453|378 Prospect Street,||Barre|WASHINGTON||4547 US Highway 9 North|Suite Q|Howell|NJ|07731|2023-12-13|2026-12-12|40|10|10|10|0|0|10|Grandison Management Inc|29-1123.00|No
I-200-23172-133532|Physical Therapist|Grandison Management Inc|Priority Healthcare|17183366600|Yoel|Trenk|yt@grandisonusa.com|17183366600|4453|300 Pearl Street||Burlington|CHITTENDEN||4547 US Highway 9 North|Suite Q|Howell|NJ|07731|2023-12-13|2026-12-12|40|10|10|10|0|0|10|Grandison Management Inc|29-1123.00|No
I-200-23173-136484|Physical Therapist|Grandison Management Inc|Priority Healthcare|17183366600|Yoel|Trenk|yt@grandisonusa.com|17183366600|4453|1248 Hospital Dr||St Johnsbury|ST JOHNSBURY||4547 US Highway 9 North|Suite Q|Howell|NJ|07731|2023-12-13|2026-12-12|40|10|10|10|0|0|10|Grandison Management Inc|29-1123.00|No
I-200-23174-140010|Physical Therapist|Grandison Management Inc|Priority Healthcare|17183366600|Yoel|Trenk|yt@grandisonusa.com|17183366600|4453|98 Hospitality Drive||Barre|WASHINGTON||4547 US Highway 9 North|Suite Q|Howell|NJ|07731|2023-12-13|2026-12-12|40|10|10|10|0|0|10|Grandison Management Inc|29-1123.00|No
I-200-23174-139112|Physical Therapist|Grandison Management Inc|Southern Vermont Nursing and Rehabilitation|17183366600|Yoel|Trenk|yt@grandisonusa.com|17183666600|4453|2 Blackberry Lane||Bennington|BENNINGTON||4547 US Highway 9 North|Suite Q|Howell|NJ|07731|2023-12-13|2026-12-12|40|10|10|10|0|0|10|Grandison Management Inc|29-1123.00|No
I-200-23174-139367|Physical Therapist|Grandison Management Inc|Springfield Rivers Nursing & Rehab|17183366600|Yoel|Trenk|yt@grandisonusa.com|17183666600|4453|105 Chester Road||Springfield|WINDSOR||4547 US Highway 9 North|Suite Q|Howell|NJ|07731|2023-12-13|2026-12-12|40|10|10|10|0|0|10|Grandison Management Inc|29-1123.00|No
I-200-23172-132777|LEAD SOFTWARE ENGINEER|Cox Automotive Corporate Services LLC||16786458623|Salomi/Kathleen|Chokshi/Jennings|salomi.chokshi@coxautoinc.com|15167343650||1 Howard Street||Burlington|BURLINGTON CITY|Fragomen Del Rey Bernsen & Loewy LLP|6205 Peachtree Dunwoody Road||Atlanta|GA|30328|2023-12-13|2026-12-12|1|0|0|1|0|0|0|Cox Automotive Corporate Services LLC|15-1299.09|No
I-201-23317-498609|Engineering Technician|Kingsbury Companies LLC||18024962205|Matias|Miguez|mmiguez@kingsburyco.com|18024962205|30|58 Center Road||Middlesex|WASHINGTON||58 Center Road||Middlesex|VT|05602|2024-01-01|2026-12-10|1|0|1|0|0|0|0|Kingsbury Companies LLC|17-3022.00|N/A
I-200-23303-464764|Clinical Research Coordinator III|University of Vermont Health Network Medical Group||18028470074|Naomi|Kpesse|naomi.kpesse@uvmhealth.org|18025423078||111 Colchester Ave||Burlington|CHITTENDEN|Dentons Cohen & Grigsby PC|111 Colchester Ave||Burlington|VT|05401|2023-12-11|2026-12-10|1|1|0|0|0|0|0|University of Vermont Health Network Medical Group|11-9121.01|No
I-200-23326-520520|Principal Eng Device Engineering|GlobalFoundries U.S. 2 LLC||15182226552|Meredith|Mercier|meredith.mercier1@globalfoundries.com|15182226552||1000 River St||Essex Junction|CHITTENDEN|Greenberg Traurig LLP|400 Stonebreak Road Ext.||Malta|NY|12020|2023-12-06|2026-12-05|1|0|0|0|0|1|0|GlobalFoundries U.S. 2 LLC|17-2072.00|No
I-200-23332-526351|Robotics Engineer|MVP Robotics Inc||15418686322|Quinn|Connell|quinn@mvprobotics.com|15418686322||226C Industrial Drive||Bradford|BRADFORD|Curran Berger & Kludt|226C Industrial Drive||Bradford|VT|05033|2023-12-05|2026-12-04|1|0|0|0|0|0|1|MVP Robotics Inc|17-2199.08|No
I-200-23314-494954|Scientist|Mylan Technologies Inc||17248566588|Marilys|Colon|marilys.colon-gonzalez@viatris.com|17874366356||700 Industrial Park Road||St. Albans|FRANKLIN|Pryor Cashman LLP|110 Lake Street||St. Albans|VT|05478|2023-12-04|2026-12-03|1|0|0|0|0|1|0|Mylan Technologies Inc|19-2031.00|No
I-200-23321-509509|Assistant Professor|The University of Vermont||18026564296|Emma|Huse|ischolar@uvm.edu|18026564296||111 Colchester Avenue|Dept of Radiology|Burlington|BURLINGTON CITY||633 Main Street|Office of Intl Education - L&L B101|Burlington|VT|05405|2023-12-04|2026-12-03|1|0|0|0|1|0|0|The University of Vermont|25-1071.00|No
I-200-23172-132133|Post-Doctoral Associate|The University of Vermont||18026564296|Emma|Huse|ischolar@uvm.edu|18026564296||89 Beaumont Avenue|Given E209|Burlington|BURLINGTON CITY||633 Main St|Office of Intl Education - L&L, B101|Burlington|VT|05405|2023-12-01|2026-11-30|1|1|0|0|0|0|0|The University of Vermont|19-1042.00|No
I-200-23307-477270|OBSTETRICIAN/GYNECOLOGIST|NORTHWESTERN MEDICAL CENTER||18025245911|STEPHANIE|BREAULT|SBREAULT@NMCINC.ORG|18025248823||133 FAIRFIELD STREET||SAINT ALBANS|FRANKLIN|DENTONS COHEN & GRIGSBY PC|133 FAIRFIELD STREET||SAINT ALBANS|VT|05478|2023-11-27|2026-11-26|1|1|0|0|0|0|0|NORTHWESTERN MEDICAL CENTER|29-1218.00|No
I-200-23264-365820|Lecturer|The University of Vermont||18026564296|Emma|Huse|ischolar@uvm.edu|18026564296||94 University Place|Old Mill|Burlington|CHITTENDEN||633 Main St|Office of Intl Education - L&L, B101|Burlington|VT|05405|2023-12-01|2026-11-20|1|1|0|0|0|0|0|The University of Vermont|25-1063.00|No
I-200-23313-489341|SA JC60 - Network and Computer Systems Administrators|COGNIZANT TECHNOLOGY SOLUTIONS US CORP|National Life Insurance Company|19793296682|Daniel|Shakespeare|lca.immigration@cognizant.com|16176207316||1, National Life Drive||Montpelier|WASHINGTON||211 QUALITY CIRCLE||COLLEGE STATION|TX|77845|2023-11-17|2026-11-16|1|0|0|0|0|0|1|COGNIZANT TECHNOLOGY SOLUTIONS US CORP|15-1244.00|Yes
I-200-23202-206842|Physician|Northwestern Medical Center||18025245911|Stephanie|Breault|sbreault@nmcinc.org|18025248823||133 Fairfield Street St.||St. Albans|FRANKLIN|Dentons Cohen & Grigsby PC|133 Fairfield Street St.||Saint Albans|VT|05478|2023-11-01|2026-10-31|1|1|0|0|0|0|0|Northwestern Medical Center|29-1229.00|No
I-200-23178-146893|Physician|Northwestern Medical Center||18025245911|Jessica|Frost|jfrost@nmcinc.org|18025241292||133 Fairfield Street St.||Albans|FRANKLIN|Dentons Cohen & Grigsby PC|133 Fairfield Street St.||Saint Albans|VT|05478|2023-11-01|2026-10-31|1|1|0|0|0|0|0|Northwestern Medical Center|29-1229.00|No
I-200-23311-484957|Dentist|The Richford Health Center Inc||18022555518|Lianne|Trombley|ltrombley@notch.org|18022555518||44 Main Street|Suite 400|Richford|FRANKLIN|Dinse PC|44 Main Street|Suite 200|Richford|VT|05476|2023-11-07|2026-10-31|1|1|0|0|0|0|0|The Richford Health Center Inc|29-1021.00|No
I-200-23153-073502|Post-Doctoral Associate|The University of Vermont||18026564296|Emma|Huse|ischolar@uvm.edu|18026564296||89 Beaumont Avenue|Given E209|Burlington|BURLINGTON CITY||633 Main St|Office of Intl Education - L&L, B101|Burlington|VT|05405|2023-11-01|2026-10-31|1|1|0|0|0|0|0|The University of Vermont|19-1042.00|No
I-200-23268-378820|Attending Pathologist|UNIVERSITY OF VERMONT HEALTH NETWORK MEDICAL GROUP INC||18028472005|LISA|GOODRICH|LISA.GOODRICH@UVMHEALTH.COM|18028472307||111 COLCHESTER AVENUE||BURLINGTON|BURLINGTON CITY|DENTONS COHEN & GRIGSBY PC|111 COLCHESTER AVE||BURLINGTON|VT|05401|2023-10-17|2026-10-16|1|1|0|0|0|0|0|UNIVERSITY OF VERMONT HEALTH NETWORK MEDICAL GROUP INC|29-1222.00|No
I-200-23289-435057|PHYSICAL THERAPIST|Grandison Management Inc|Priority Healthcare|17183366600|Yoel|Trenk|yt@grandisonusa.com|17183366600|4453|98 Hospitality Drive||Barre|WASHINGTON||4547 US Highway 9 North|Suite Q|Howell|NJ|07731|2023-10-16|2026-10-15|40|10|10|10|0|0|10|Grandison Management Inc|29-1123.00|No
I-200-23289-435042|PHYSICAL THERAPIST|Grandison Management Inc|Springfield Rivers Nursing & Rehab|17183366600|Yoel|Trenk|yt@grandisonusa.com|17183366600|4453|105 Chester Road||Springfield|WINDSOR||4547 US Highway 9 North|Suite Q|Howell|NJ|07731|2023-10-16|2026-10-15|40|10|10|10|0|0|10|Grandison Management Inc|29-1123.00|No
I-200-23262-359336|Reliability Engineer – Product Safety|Beta Air LLC||18027349210|Matt|Riley|mriley@beta.team|13157480256||1150 Airport Drive||South Burlington|CHITTENDEN|Baker & Hostetler LLP|1150 Airport Drive||South Burlington|VT|05403|2023-10-16|2026-10-15|1|0|0|0|0|1|0|Beta Air LLC|17-2112.02|No
I-200-23223-258286|Assistant Professor|The University of Vermont||18026564296|Emma|Huse|ischolar@uvm.edu|18026564296||81 Carrigan Drive|Aiken Center|Burlington|CHITTENDEN||633 Main St|Office of Intl Education - L&L, B101|Burlington|VT|05405|2023-10-16|2026-10-15|1|1|0|0|0|0|0|The University of Vermont|25-1053.00|No
I-200-23244-316537|OCCUPATIONAL THERAPIST|UNIVERSITY OF VERMONT HEALTH NETWORK - UNIVERSITY OF VERMONT MEDICAL CENTER||18028474876|AARON|DUCATTE|AARON.DUCATTE@UVMHEALTH.ORG|18028474876||111 COLCHESTER AVENUE||BURLINGTON|BURLINGTON CITY|DENTONS COHEN & GRIGSBY PC|111 COLCHESTER AVENUE||BURLINGTON|VT|05401|2023-10-16|2026-10-15|1|1|0|0|0|0|0|UNIVERSITY OF VERMONT HEALTH NETWORK - UNIVERSITY OF VERMONT MEDICAL CENTER|29-1122.00|No
I-200-23255-339741|MEDICAL TECHNOLOGIST|NORTH WESTERN MEDICAL CENTER INC||18025245911|SARAH|STERLING|ssterling@nmcinc.org|18025241206||133 FAIRFIELD STREET||ST. ALBANS|BURLINGTON CITY|DENTONS COHEN & GRIGSBY PC|133 FAIRFIELD STREET||ST. ALBANS|VT|05478|2023-10-02|2026-10-01|1|1|0|0|0|0|0|NORTH WESTERN MEDICAL CENTER INC|29-2011.00|No
I-200-23264-365989|President and Chief Legal Officer|Solar Industry Resources LLC||19178086377|Daniel|Dus|ddus@cleantechindustryresources.com|19178086377||341 Autumn Pond Way||Essex Junction|CHITTENDEN|Murthy Law Firm|3 Sydney Drive||Essex Junction|VT|05452|2023-10-02|2026-10-01|1|0|0|0|0|1|0|Solar Industry Resources LLC|11-1011.00|No
I-200-23146-058762|Customer Support Engineer|KLA CORPORATION|GlobalFoundries|14088753000|JILL|SOUBEL|JILL.SOUBEL@KLA.COM|17342106500||1000 River Street||Essex Junction|CHITTENDEN|Berry Appleman & Leiden LLP|ONE TECHNOLOGY DRIVE||MILPITAS|CA|95035|2023-10-01|2026-09-30|1|1|0|0|0|0|0|KLA CORPORATION|17-2071.00|No
I-200-23146-058594|Customer Support Engineer|KLA CORPORATION|GlobalFoundries|14088753000|JILL|SOUBEL|JILL.SOUBEL@KLA.COM|17342106500||1000 River Street||Essex Function|CHITTENDEN|Berry Appleman & Leiden LLP|ONE TECHNOLOGY DRIVE||MILPITAS|CA|95035|2023-10-01|2026-09-30|1|1|0|0|0|0|0|KLA CORPORATION|17-2071.00|No
I-200-23135-021048|Software Development Specialist|NTT DATA Americas Inc|National Life Group|18007453263|Rachna|Jalota|Rachna.Jalota@nttdata.com|18007453263||1 National Life Dr.||Montpelier|WASHINGTON|Berry Appleman & Leiden LLP|7950 Legacy Drive|11th Floor|Plano|TX|75024|2023-10-01|2026-09-30|1|0|0|0|0|0|1|NTT DATA Americas Inc|15-1242.00|No
I-200-23100-916756|SOFTWARE DEVELOPMENT SPECALIST|NTT DATA Americas Inc|National Life Group|18007453263|Rachna|Jalota|Rachna.Jalota@nttdata.com|18007453263||1 National Life Dr||Montpelier|WASHINGTON|Berry Appleman & Leiden LLP|7950 Legacy Drive|11th Floor|Plano|TX|75024|2023-10-01|2026-09-30|1|0|1|0|0|0|0|NTT DATA Americas Inc|15-1211.00|No
I-200-23141-040483|Manager JC50 - Computer Systems Engineers/Architects|COGNIZANT TECHNOLOGY SOLUTIONS US CORP|National Life Insurance Company|19793296682|Daniel|Shakespeare|lca.immigration@cognizant.com|16176207316||1 National Life Dr,||MONTPELIER|WASHINGTON||211 QUALITY CIRCLE||COLLEGE STATION|TX|77845|2023-10-01|2026-09-30|1|1|0|0|0|0|0|COGNIZANT TECHNOLOGY SOLUTIONS US CORP|15-1299.08|Yes
I-200-23146-056240|Senior Manager JC45 - Computer Systems Engineers/Architects|COGNIZANT TECHNOLOGY SOLUTIONS US CORP|National Life Insurance Company|19793296682|Daniel|Shakespeare|lca.immigration@cognizant.com|16176207316||1 National Life Dr,||MONTPELIER|WASHINGTON||211 QUALITY CIRCLE||COLLEGE STATION|TX|77845|2023-10-01|2026-09-30|1|1|0|0|0|0|0|COGNIZANT TECHNOLOGY SOLUTIONS US CORP|15-1299.08|Yes
I-200-23151-065780|Sports Program Director|The Windridge Camp at Teela-Wooket Inc|Same employer but will telecommute during off season|18028602005|Elizabeth|Hoehn|nifer@windridgecamps.com|18028602005||1215 Roxbury Road||Roxbury|ROXBURY|Holman Immigration Law|1215 Roxbury Road||Roxbury|VT|05669|2023-10-01|2026-09-30|1|1|0|0|0|0|0|The Windridge Camp at Teela-Wooket Inc|11-9179.01|No
I-200-23151-064608|ServiceNow Developer|SWANKTEK INC|Telecommuter to Florida Power & Light Company|19735428326|RAHUL|KUNDAVARAM|RAHUL@SWANKTEK.COM|19735428326||10 Hubbard St.|Apt. 06|Montpelier|MONTPELIER CITY|JOHN J. BOUDIA & ASSOCIATES PLC|510 FRANKLIN AVENUE|SUITE 6,7 & 8|NUTLEY|NJ|07110|2023-10-01|2026-09-30|1|0|1|0|0|0|0|SWANKTEK INC|15-1252.00|Yes
I-200-23122-983292|Senior Mechanical Design Engineer|Beta Air LLC||18023106548|Matt|Riley|immigration@beta.team|18022813623||1150 Airport Drive||South Burlington|CHITTENDEN|Baker & Hostetler LLP|1150 Airport Drive||South Burlington|VT|05403|2023-10-01|2026-09-30|1|1|0|0|0|0|0|Beta Air LLC|17-2141.00|No
I-200-23243-310963|Manufacturing Engineer|Beta Air LLC||18027349210|Matt|Riley|mriley@beta.team|13157480256||1150 Airport Drive||South Burlington|CHITTENDEN|Baker & Hostetler LLP|1150 Airport Drive||South Burlington|VT|05403|2023-10-01|2026-09-30|1|1|0|0|0|0|0|Beta Air LLC|17-2112.03|No
I-200-23122-983282|Production Engineer|Beta Air LLC||18027349210|Matt|Riley|immigration@beta.team|18022813623||1150 Airport Drive||South Burlington|CHITTENDEN|Baker & Hostetler LLP|1150 Airport Drive||South Burlington|VT|05403|2023-10-01|2026-09-30|1|1|0|0|0|0|0|Beta Air LLC|17-2112.03|No
I-200-23160-096753|Programmer/ Developer 2|CAPGEMINI AMERICA INC||13123955000|JEAN|TAYLOR|LCATEAM.IG@CAPGEMINI.COM|13123958209||14 Williams Street|Ste 14|Essex junction|CHITTENDEN||333 WEST WACKER DRIVE|SUITE 300|CHICAGO|IL|60606|2023-10-01|2026-09-30|1|1|0|0|0|0|0|CAPGEMINI AMERICA INC|15-1251.00|Yes
I-200-23121-979036|Staff Pharmacist|CVS Rx Services Inc||14017701621|Paul|Messenger|ImmigrationSupport@CVSHealth.com|14017701621||7 Essex Way||Essex|ESSEX|Ogletree Deakins Nash Smoak & Stewart PC|1 CVS Drive||Woonsocket|RI|02895|2023-10-01|2026-09-30|1|1|0|0|0|0|0|CVS Rx Services Inc|29-1051.00|No
I-200-23136-026030|General Dentist|Darren Boles DDS PLLC||18027489357|Christopher|Argutto|christopher@stjdental.com|18025528049||1 Place Notre Dame||St. Johnsbury|ST JOHNSBURY|GoffWilson P.A.|1 Place Notre Dame||St. Johnsbury|VT|05819|2023-10-01|2026-09-30|1|1|0|0|0|0|0|Darren Boles DDS PLLC|29-1021.00|No
I-200-23128-000429|Tax Consultant|Deloitte Tax LLP||16179608170|Marie|Cumbest|usdeloitteimmigration@deloitte.com|16179608170||5939 Route 7||Pownal|BENNINGTON|Seyfarth Shaw LLP|1700 Market Street||Philadelphia|PA|19103|2023-10-01|2026-09-30|1|1|0|0|0|0|0|Deloitte Tax LLP|13-2011.00|No
I-200-23258-349706|Technical Consultant|Galen Healthcare Solutions LLC||18598169477|Raymond|Lape|ray.lape@galenhealthcare.com|18598169477||44 Lakeside Ave|Ste 105|Burlington|BURLINGTON CITY|Joseph Kallabat & Associates PC|44 Lakeside Ave|STE 105|Burlington|VT|05401|2023-10-01|2026-09-30|1|1|0|0|0|0|0|Galen Healthcare Solutions LLC|15-1211.00|No
I-200-23223-259197|Sr Engineer Equipment Engineering|GlobalFoundries U.S. 2 LLC||15182226552|Meredith|Mercier|meredith.mercier1@globalfoundries.com|15182226552||1000 River Street||Essex Junction|CHITTENDEN|Greenberg Traurig LLP|400 Stonebreak Road Ext.||Malta|NY|12020|2023-10-01|2026-09-30|1|1|0|0|0|0|0|GlobalFoundries U.S. 2 LLC|17-2141.00|No
I-200-23226-261049|Sr Engineer Test Engineering|GlobalFoundries U.S. 2 LLC||15182226552|Meredith|Mercier|meredith.mercier1@globalfoundries.com|15182226552||1000 River St||Essex Junction|CHITTENDEN|Greenberg Traurig LLP|400 Stonebreak Road Ext.||Malta|NY|12020|2023-10-01|2026-09-30|1|1|0|0|0|0|0|GlobalFoundries U.S. 2 LLC|17-2112.03|No
I-200-23228-270332|Sr Engineer Test Engineering|GlobalFoundries U.S. 2 LLC||15182226552|Meredith|Mercier|meredith.mercier1@globalfoundries.com|15182226552||1000 River St||Essex Junction|CHITTENDEN|Greenberg Traurig LLP|400 Stonebreak Road Ext.||Malta|NY|12020|2023-10-01|2026-09-30|1|1|0|0|0|0|0|GlobalFoundries U.S. 2 LLC|17-2112.03|No
I-200-23160-096050|Principal Eng Test Engineering|GlobalFoundries U.S. Inc||15182226552|Meredith|Mercier|meredith.mercier1@globalfoundries.com|15182226552||1000 River St||Essex Junction|CHITTENDEN|Greenberg Traurig LLP|400 Stonebreak Road Ext.||Malta|NY|12020|2023-10-01|2026-09-30|1|1|0|0|0|0|0|GlobalFoundries U.S. Inc|17-2199.06|No
I-200-23172-132803|Accountant|Hale Resources LLC||18023755410|Zachary|Hale|Zak@haleresources.com|18023755410||111 South St|Suite 203|Bennington|BENNINGTON|The Banad Law Offices PC|111 South St|Suite 203|Bennington|VT|05201|2023-10-01|2026-09-30|1|0|1|0|0|0|0|Hale Resources LLC|13-2011.00|No
I-200-23104-934799|Dentist (Associate)|Hudson Valley Dental Associates PLLC||13154546000|Juliana|Ximenes|juliana.ximenes@aspendental.com|13154546000||62 Merchants Row|Suite 104|Williston|WILLISTON|ODonoghue Law LLC|70 Mill Road||Latham|NY|12110|2023-10-01|2026-09-30|1|1|0|0|0|0|0|Hudson Valley Dental Associates PLLC|29-1021.00|No
I-200-24332-504851|Technical Director|Lance Smith Inc||18026553533|Vicki|Parrella|vparella@vtcar.com|18022332046||85 Gonyeau Road||Milton|MILTON|Holman Immigration Law|85 Gonyeau Road||Milton|VT|05468|2025-05-01|2026-09-30|1|0|1|0|0|0|0|Lance Smith Inc|11-9041|No
I-200-24332-504851|Technical Director|Lance Smith Inc||18026553533|Vicki|Parrella|vparella@vtcar.com|18022332046||85 Gonyeau Road||Milton|MILTON|Holman Immigration Law|85 Gonyeau Road||Milton|VT|05468|2025-05-01|2026-09-30|1|0|1|0|0|0|0|Lance Smith Inc|11-9041.00|No
I-200-24332-504851|Technical Director|Lance Smith Inc||18026553533|Vicki|Parrella|vparella@vtcar.com|18022332046||85 Gonyeau Road||Milton|MILTON|Holman Immigration Law|85 Gonyeau Road||Milton|VT|05468|2025-05-01|2026-09-30|1|0|1|0|0|0|0|Lance Smith Inc|11-9041.00|No
I-200-23108-944962|Senior Staff Engineer|Marvell Semiconductor Inc||14082222500|Ellaine|Teodoro|eteodoro@marvell.com|14082222500||128 Lakeside Avenue, Suite 401||Burlington|BURLINGTON CITY|Fisher & Phillips LLP|5488 Marvell Lane||Santa Clara|CA|95054|2023-10-01|2026-09-30|1|1|0|0|0|0|0|Marvell Semiconductor Inc|17-2072.00|No
I-200-23144-050202|Senior Staff Engineer, Digital IC Design|Marvell Semiconductor Inc||14082222500|Ellaine|Teodoro|eteodoro@marvell.com|14082222500||128 Lakeside Avenue, Suite 401||Burlington|BURLINGTON CITY|Fisher & Phillips LLP|5488 Marvell Lane||Santa Clara|CA|95054|2023-10-01|2026-09-30|1|1|0|0|0|0|0|Marvell Semiconductor Inc|17-2072.00|No
I-200-23229-274510|Physical Design Senior Engineer|Marvell Semiconductor Inc||14082222500|Ellaine|Teodoro|eteodoro@marvell.com|14082222500||128 Lakeside Avenue, Suite 401, (3rd and 4th floor)||Burlington|BURLINGTON CITY|Fisher & Phillips LLP|5488 Marvell Lane||Santa Clara|CA|95054|2023-10-01|2026-09-30|1|1|0|0|0|0|0|Marvell Semiconductor Inc|17-2072.00|No
I-200-23236-292949|Public School Teacher|Mill River Unified Union School District||18027863993|Kaelyne|Thompson|kthompson@millriverschools.org|18027863993||2321 Middle Road||North Clarendon|RUTLAND|THE IRWIN LAW FIRM LLC|2321 Middle Road||North Clarendon|VT|05759|2023-10-01|2026-09-30|1|1|0|0|0|0|0|Mill River Unified Union School District|25-2031.00|No
I-200-23095-907886|Structural Wind Engineer|SOH Wind Engineering LLC||18023164368|Robert|Stewart|rstewart@sohwind.com|18023164368||141 Leroy Road||Williston|CHITTENDEN|Meltzer Hellrung LLC|141 Leroy Road||Williston|VT|05495|2023-10-01|2026-09-30|1|0|1|0|0|0|0|SOH Wind Engineering LLC|17-2051.00|No
I-200-23236-294231|Dentist|Springfield Medical Care System||18028868901|Lori|Twombly,|ltwombly@northstarfqhc.org|18028868901||Chester Dental Center|55 Route 11|Chester|CHESTER|Orr & Reno|100 River St.||Springfield|VT|05156|2023-10-01|2026-09-30|1|1|0|0|0|0|0|Springfield Medical Care System|29-1021.00|No
I-200-23112-957546|Business Analyst|TRN SYSTEMS INC||18565285152|Rajiv|Nelson|rajiv@TRNSYSTEMS.COM|18566385152||Remote work from home- 52 Elm St, Apt 2||Montpelier|WASHINGTON|Law Offices of Mathew M Chacko PC|107 FAIRWAY TERRACE||MOUNT LAUREL|NJ|08054|2023-10-01|2026-09-30|1|1|0|0|0|0|0|TRN SYSTEMS INC|15-1211.00|Yes
I-200-23270-387458|Dentist|The Richford Health Center Inc||18022555518|Lianne|Trombley|ltrombley@notchvt.org|18022555518||44 Main Street|Suite 400|Richford|FRANKLIN|Dinse PC|44 Main Street|Suite 200|Richford|VT|05476|2023-10-01|2026-09-30|1|1|0|0|0|0|0|The Richford Health Center Inc|29-1021.00|No
I-200-23138-036547|Pharmacist|Walgreen Co.||18473158130|Nicole|Bergen|nicole.bergen@walgreens.com|12242352141||514 Farrell Street||Burlington|CHITTENDEN|Morgan Lewis & Bockius LLP|200 Wilmot Road||Deerfield|IL|60015|2023-10-01|2026-09-30|1|1|0|0|0|0|0|Walgreen Co.|29-1051.00|No
I-200-23138-036552|Pharmacist|Walgreen Co.||18473158130|Nicole|Bergen|nicole.bergen@walgreens.com|12242352141||201 US Route 7 South||Milton|MILTON|Morgan Lewis & Bockius LLP|200 Wilmot Road||Deerfield|IL|60015|2023-10-01|2026-09-30|1|1|0|0|0|0|0|Walgreen Co.|29-1051.00|No
I-200-23261-355264|Sr. Mgr. JC45 - Information Technology Project Managers|COGNIZANT TECHNOLOGY SOLUTIONS US CORP|Agilent Technologies Inc|19793296682|Daniel|Shakespeare|lca.immigration@cognizant.com|16176207316||100, Tigan Street||Winooski|CHITTENDEN||211 QUALITY CIRCLE||COLLEGE STATION|TX|77845|2023-09-27|2026-09-26|1|0|0|0|0|0|1|COGNIZANT TECHNOLOGY SOLUTIONS US CORP|15-1299.09|Yes
I-200-23261-355246|Sr. Mgr. JC45 - Information Technology Project Managers|COGNIZANT TECHNOLOGY SOLUTIONS US CORP||19793296682|Daniel|Shakespeare|lca.immigration@cognizant.com|16176207316||372, Hurricane Lane||Williston|CHITTENDEN||211 QUALITY CIRCLE||COLLEGE STATION|TX|77845|2023-09-27|2026-09-26|1|0|0|0|0|0|1|COGNIZANT TECHNOLOGY SOLUTIONS US CORP|15-1299.09|Yes
I-200-23257-347775|Senior Associate JC60 -Computer Systems Engineers/Architects|COGNIZANT TECHNOLOGY SOLUTIONS US CORP|National Life Insurance Company|19793296682|Daniel|Shakespeare|lca.immigration@cognizant.com|16176207316||1, National Life Drive||Montpelier|WASHINGTON||211 QUALITY CIRCLE||COLLEGE STATION|TX|77845|2023-09-23|2026-09-22|1|0|0|0|0|0|1|COGNIZANT TECHNOLOGY SOLUTIONS US CORP|15-1299.08|Yes
I-200-23257-347761|Senior Associate JC60 -Computer Systems Engineers/Architects|COGNIZANT TECHNOLOGY SOLUTIONS US CORP||19793296682|Daniel|Shakespeare|lca.immigration@cognizant.com|16176207316||122, Batchelder Street||Barre|WASHINGTON||211 QUALITY CIRCLE||COLLEGE STATION|TX|77845|2023-09-23|2026-09-22|1|0|0|0|0|0|1|COGNIZANT TECHNOLOGY SOLUTIONS US CORP|15-1299.08|Yes
I-200-23262-360093|Dentist|The Richford Health Center Inc||18022555518|Lianne|Trombley|ltrombley@notchvt.org|18022555518||44 Main Street|Suite 400|Richford|FRANKLIN|Dinse PC|44 Main Street|Suite 200|Richford|VT|05476|2023-09-22|2026-09-21|1|1|0|0|0|0|0|The Richford Health Center Inc|29-1021.00|No
I-200-23248-321692|Senior Specialist, QC Operations|Mylan Technologies Inc||17248566588|Marilys|Colon|marilys.colon-gonzalez@viatris.com|17874366356||110 Lake Street||St. Albans|FRANKLIN|Pryor Cashman LLP|110 Lake Street||St. Albans|VT|05478|2023-09-18|2026-09-17|1|0|0|0|0|0|1|Mylan Technologies Inc|11-3051.01|No
I-200-23173-135265|Assistant Professor|The University of Vermont||18026564296|Emma|Huse|ischolar@uvm.edu|18026564296||111 Colchester Avenue||Burlington|BURLINGTON CITY||633 Main St|Office of Intl Education - L&L, B101|Burlington|VT|05405|2023-09-18|2026-09-17|1|0|0|0|1|0|0|The University of Vermont|25-1071.00|No
I-200-23200-200197|Attending Hematologist/Oncologist|UNIVERSITY OF VERMONT HEALTH NETWORK MEDICAL GROUP INC||18028472005|LISA|GOODRICH|LISA.GOODRICH@UVMHEALTH.COM|18028472307||111 COLCHESTER AVENUE||BURLINGTON|BURLINGTON CITY|DENTONS COHEN & GRIGSBY PC|111 COLCHESTER AVE||BURLINGTON|VT|05401|2023-09-18|2026-09-17|1|1|0|0|0|0|0|UNIVERSITY OF VERMONT HEALTH NETWORK MEDICAL GROUP INC|29-1229.00|No
I-200-25251-292629|Math Teacher|Burlington School District||18028648462|Michelle|Meola|mmeola@bsdvt.org|18028648462||67 Cherry Street||Burlington||Dinse PC|150 Colchester Avenue||Burlington|VT|05401|2025-09-17|2026-09-16|1|0|1|0|0|0|0|Burlington School District|25-2031.00|No
I-200-23212-226466|Medical Technologist|Northeastern Vermont Regional Hospital Inc||18027487312|Heather|Spinney|N/A|18027487312||1315 Hospital Dr||St. Johnsbury|ST JOHNSBURY|Rosales Del Rosario PC|1315 Hospital Dr||St. Johnsbury|VT|05819|2023-09-16|2026-09-15|1|1|0|0|0|0|0|Northeastern Vermont Regional Hospital Inc|29-2011.00|No
I-200-23221-250454|Medical Technologist|Northeastern Vermont Regional Hospital Inc||18027487312|Heather|Spinney|N/A|18027487312||1315 Hospital Dr||St. Johnsbury|ST JOHNSBURY|Rosales Del Rosario PC|1315 Hospital Dr||St. Johnsbury|VT|05819|2023-09-16|2026-09-15|1|0|1|0|0|0|0|Northeastern Vermont Regional Hospital Inc|29-2011.00|No
I-200-23075-853834|PHYSICIAN|UNIVERSITY OF VERMONT HEALTH NETWORK MEDICAL GROUP INC||18028472005|ALLEN|MEAD|ALLEN.MEAD@UVMHEALTH.COM|18028470000||111 COLCHESTER AVE||BURLINGTON|BURLINGTON CITY|DENTONS COHEN & GRIGSBY PC|111 COLCHESTER AVE||BURLINGTON|VT|05401|2023-09-09|2026-09-08|1|0|1|0|0|0|0|UNIVERSITY OF VERMONT HEALTH NETWORK MEDICAL GROUP INC|29-1229.00|No
I-200-23086-879175|PHYSICIAN|UNIVERSITY OF VERMONT HEALTH NETWORK MEDICAL GROUP INC||18028472005|ALLEN|MEAD|ALLEN.MEAD@UVMHEALTH.COM|18028470000||111 COLCHESTER AVE||BURLINGTON|BURLINGTON CITY|DENTONS COHEN & GRIGSBY PC|111 COLCHESTER AVE||BURLINGTON|VT|05401|2023-09-09|2026-09-08|1|0|1|0|0|0|0|UNIVERSITY OF VERMONT HEALTH NETWORK MEDICAL GROUP INC|29-1229.00|No
I-200-23138-035181|Member of Technical Staff|Green Mountain Semiconductor Inc||18023438175|Francine|Ramsey|framsey@greenmountainsemi.com|18023388813||28 Howard Street|Suit 301|Burlington|CHITTENDEN|Donoso & Partners LLC|28 Howard Street|Suite 301|Burlington|VT|05401|2023-09-08|2026-09-07|1|0|1|0|0|0|0|Green Mountain Semiconductor Inc|17-2071.00|No
I-200-23153-074032|Anesthesiologist|Dartmouth-Hitchcock Clinic|Southwestern Vermont Medical Center|16036501319|Cody|Yudkoff|N/A|16036501319||100 Hospital Dr.||Bennington|BENNINGTON|Harter Secrest Emery LLP|One Medical Center Drive||Lebanon|NH|03756|2023-09-05|2026-09-04|1|1|0|0|0|0|0|Dartmouth-Hitchcock Clinic|29-1211.00|No
I-200-23237-296972|Associate General Dentist|SINCLAIR, D.M.D. AND MAYOTT, D.D.S., P.C.||18028853191|Christopher|Fauver|info@drchristopherfauver.com|18028853191||48 main Street||Chester|WINDSOR|Loigica P.A.|48 Main Street|P.O. Box 148|Chester|VT|05143|2023-09-05|2026-09-04|1|0|0|0|0|1|0|SINCLAIR, D.M.D. AND MAYOTT, D.D.S., P.C.|29-1021.00|No
I-200-23082-872902|Clinical Engineer|The University of Vermont||18026564296|Emma|Huse|ischolar@uvm.edu|18026564296||280 East Avenue||Burlington|BURLINGTON CITY||633 Main St|Office of Intl Education - L&L, B101|Burlington|VT|05405|2023-09-05|2026-09-04|1|1|0|0|0|0|0|The University of Vermont|17-2031.00|No
I-200-23228-269319|Staff Pharmacist|CVS Rx Services Inc||14017701621|Paul|Messenger|ImmigrationSupport@CVSHealth.com|14017701621||8 KOCHER DR||BENNINGTON|BENNINGTON|Ogletree Deakins Nash Smoak & Stewart PC|1 CVS Drive||Woonsocket|RI|02895|2023-09-01|2026-08-31|1|0|0|0|0|0|1|CVS Rx Services Inc|29-1051.00|No
I-200-23075-854079|Lead Software Engineer|Optum Services Inc||19529361616|Ciaran, Jennifer|McDonnell, Priebe|ciaran_mcdonnell@uhg.com|19529361616||46 Main Street||Winooski|CHITTENDEN|Berry Appleman & Leiden LLP|11000 Optum Circle||Eden Prairie|MN|55344|2023-09-01|2026-08-31|1|0|1|0|0|0|0|Optum Services Inc|15-1252.00|No
I-200-23264-365759|Assistant Professor|The University of Vermont||18026564296|Emma|Huse|ischolar@uvm.edu|18026564296||82E University Place|Innovation Hall|Burlington|CHITTENDEN||633 Main St|Office of Intl Education - L&L, B101|Burlington|VT|05405|2024-01-08|2026-08-31|1|0|0|0|0|1|0|The University of Vermont|25-1054.00|No
I-200-23083-877536|Software Engineer|Automox Inc||17203348473|Elspeth|Arnold|elspeth.arnold@automox.com|13039073250||10 Main Street||North Bennington|BENNINGTON|MCCOWN & EVANS LLP|4845 Pearl East Circle,  Ste 118|PMB 80340|Boulder|CO|80301|2023-08-25|2026-08-24|1|1|0|0|0|0|0|Automox Inc|15-1252.00|No
I-200-23223-259716|Assistant Professor of Nursing|Vermont State University||18024681207|Gina|Kelley|Gina.Kelley@vermontstate.edu|18024681207||62 Alumni Drive||Castleton|RUTLAND|Dinse PC|62 Alumni Drive||Castleton|VT|05735|2023-08-25|2026-08-24|1|0|1|0|0|0|0|Vermont State University|25-1072.00|No
I-200-23227-266519|Manager JC50|COGNIZANT TECHNOLOGY SOLUTIONS US CORP||19793296682|Daniel|Shakespeare|lca.immigration@cognizant.com|16176207316||225 Elm St, Apt 1||Montpelier|WASHINGTON||211 QUALITY CIRCLE||COLLEGE STATION|TX|77845|2023-08-24|2026-08-23|1|0|0|0|0|0|1|COGNIZANT TECHNOLOGY SOLUTIONS US CORP|15-1211.00|Yes
I-200-23223-257125|Software Developer|HTC GLOBAL SERVICES INC|BCBS Vermont|12487862500|SURESH|SUBRAMANIAN|IMMIGRATION@HTCINC.COM|12487862500|109|445 Industrial Lane||Berlin|WASHINGTON||3270 WEST BIG BEAVER ROAD||TROY|MI|48084|2023-08-21|2026-08-20|1|0|0|0|0|0|1|HTC GLOBAL SERVICES INC|15-1252.00|Yes
I-200-23059-809397|IT Consulting Principal Consultant|NTT DATA Americas Inc|National Life Group|18007453263|Rachna|Jalota|Rachna.Jalota@nttdata.com|18007453263||1 National Life Dr.||Montpelier|WASHINGTON|Berry Appleman & Leiden LLP|7950 Legacy Drive|11th Floor|Plano|TX|75024|2023-08-21|2026-08-20|1|0|1|0|0|0|0|NTT DATA Americas Inc|15-1252.00|No
I-200-23109-947587|Assistant Professor|The University of Vermont||18026564296|Emma|Huse|ischolar@uvm.edu|18026564296||130 Fisher Road|Central Vermont Medical Center Neurology|Berlin|BERLIN||633 Main St|Office of Intl Education - L&L, B101|Burlington|VT|05405|2023-08-21|2026-08-20|1|0|0|0|1|0|0|The University of Vermont|25-1071.00|No
I-200-23179-150077|Assistant Professor|The University of Vermont||18026564296|Emma|Huse|ischolar@uvm.edu|18026564296||82E University Place|Department of Physics|Burlington|CHITTENDEN||633 Main St|Office of Intl Education - L&L, B101|Burlington|VT|05405|2023-08-21|2026-08-20|1|0|0|0|0|1|0|The University of Vermont|25-1054.00|No
I-200-23179-150048|Assistant Professor|The University of Vermont||18026564296|Emma|Huse|ischolar@uvm.edu|18026564296||33 Colchester Avenue|Votey Hall, Dept of Civil and Environmental Engineering|Burlington|CHITTENDEN||633 Main St|Office of Intl Education - L&L, B101|Burlington|VT|05405|2023-08-21|2026-08-20|1|1|0|0|0|0|0|The University of Vermont|25-1032.00|No
I-200-23052-790370|Associate Professor|The University of Vermont||18026564296|Emma|Huse|ischolar@uvm.edu|18026564296||85 South Prospect Street|Dept of Social Work, Waterman Building|Burlington|CHITTENDEN||633 Main St|Office of Intl Education - L&L, B101|Burlington|VT|05405|2023-08-21|2026-08-20|1|1|0|0|0|0|0|The University of Vermont|25-1113.00|No
I-200-23207-217076|Attending Hematologist/Oncologist|UNIVERSITY OF VERMONT HEALTH NETWORK MEDICAL GROUP INC||18028474876|MEAGAN|EASTMAN|MEAGAN.EASTMAN@UVMHEALTH.ORG|18028474876||111 COLCHESTER AVENUE||BURLINGTON|BURLINGTON CITY|DENTONS COHEN & GRIGSBY PC|111 COLCHESTER AVE||BURLINGTON|VT|05401|2023-08-21|2026-08-20|1|1|0|0|0|0|0|UNIVERSITY OF VERMONT HEALTH NETWORK MEDICAL GROUP INC|29-2099.00|No
I-200-23066-829240|MEDICAL LAB SCIENTIST - BLOOD BANK|UNIVERSITY OF VERMONT MEDICAL CENTER||18028472005|CINDY|REICHARD|CINDY.REICHARD@UVMHEALTH.ORG|18028474373||111 COLCHESTER AVENUE||BURLINGTON|BURLINGTON CITY|DENTONS COHEN & GRIGSBY PC|111 COLCHESTER AVENUE||BURLINGTON|VT|05401|2023-08-21|2026-08-20|1|1|0|0|0|0|0|UNIVERSITY OF VERMONT MEDICAL CENTER|29-2011.00|No
I-200-23213-229891|PERFUSIONIST|UNIVERSITY OF VERMONT MEDICAL CENTER INC||18028474876|MEAGAN|EASTMAN|MEAGAN.EASTMAN@UVMHEALTH.ORG|18028474876||111 COLCHESTER AVENUE||BURLINGTON|BURLINGTON CITY|DENTONS COHEN & GRIGSBY PC|111 COLCHESTER AVE||BURLINGTON|VT|05401|2023-08-21|2026-08-20|1|1|0|0|0|0|0|UNIVERSITY OF VERMONT MEDICAL CENTER INC|29-2099.00|No
I-200-23164-106298|Attending Neurologist|University of Vermont Health Network Medical Group||18028470074|Lisa|Goodrich|lisa.goodrich@uvmhealth.org|18028472307||130 Fisher Rd||Berlin|WASHINGTON|Dentons Cohen & Grigsby PC|111 Colchester Ave||Burlington|VT|05401|2023-08-21|2026-08-20|1|1|0|0|0|0|0|University of Vermont Health Network Medical Group|29-1217.00|No
I-201-24158-080282|Spanish Teacher|Lake Region Union High School||18027546521|Andre|Messier|amessier@ocsu.org|18027546521||317 Lake Region Road||Orleans|BARTON|Dinse PC|317 Lake Region Road||Orleans|VT|05860|2024-08-19|2026-08-18|1|1|0|0|0|0|0|Lake Region Union High School|25-2031.00|N/A
I-200-23173-135040|Dentist|BRATTLEBORO DENTAL CARE LLC||18022546634|Saleh|Akbar|salehakbar1977@gmail.com|18022546634||80 Flat St|Suite  101|Brattleboro|WINDHAM|Bhatt Law PLLC|80 Flat St|Suite 101|Brattleboro|VT|05301|2023-08-14|2026-08-13|1|0|1|0|0|0|0|BRATTLEBORO DENTAL CARE LLC|29-1021.00|No
I-200-23143-047817|SIEBEL DEVELOPER|Sriven Systems Inc|Optum Inc|16313930300|Vikram|Jangam|contact@srivensys.com|16313930300||46A Main Street||Winooski|CHITTENDEN||2300 Dean Way|Suite 110|Southlake|TX|76092|2023-08-13|2026-08-12|1|0|1|0|0|0|0|Sriven Systems Inc|15-1252.00|Yes
I-200-25045-693892|Postdoctoral Associate|The University of Vermont||18026564296|Emma|Huse|ischolar@uvm.edu|18026564296||94 University Place|200 Old Mill|Burlington|BURLINGTON CITY||633 Main Street|Office of Intl Education - L&L B101|Burlington|VT|05405|2025-08-10|2026-08-09|1|1|0|0|0|0|0|The University of Vermont|25-1122|No
I-200-25045-693892|Postdoctoral Associate|The University of Vermont||18026564296|Emma|Huse|ischolar@uvm.edu|18026564296||94 University Place|200 Old Mill|Burlington|BURLINGTON CITY||633 Main Street|Office of Intl Education - L&L B101|Burlington|VT|05405|2025-08-10|2026-08-09|1|1|0|0|0|0|0|The University of Vermont|25-1122.00|No
I-200-23157-083243|Assistant Professor|The University of Vermont||18026564296|Emma|Huse|ischolar@uvm.edu|18026564296||111 Colchester Avenue||Burlington|BURLINGTON CITY||633 Main St|Office of Intl Education - L&L, B101|Burlington|VT|05405|2023-08-10|2026-08-09|1|0|0|1|0|0|0|The University of Vermont|25-1071.00|No
I-200-23122-983477|Assistant Professor|The University of Vermont||18026564296|Emma|Huse|ischolar@uvm.edu|18026564296||111 Colchester Avenue|Dept of Pathology & Laboratory Medicine|Burlington|BURLINGTON CITY||633 Main St|Office of Intl Education - L&L, B101|Burlington|VT|05405|2023-08-07|2026-08-06|1|0|0|0|1|0|0|The University of Vermont|25-1071.00|No
I-200-23173-135022|Dentist|BRATTLEBORO DENTAL CARE LLC||18022546634|Saleh|Akbar|salehakbar1977@gmail.com|18022546634||80 Flat St|Suite  101|Brattleboro|WINDHAM|Bhatt Law PLLC|80 Flat St|Suite 101|Brattleboro|VT|05301|2023-08-01|2026-07-31|1|0|1|0|0|0|0|BRATTLEBORO DENTAL CARE LLC|29-1021.00|No
I-200-23143-046197|Assistant Professor of English|Saint Michaels College||18026542000|Kendra|Smith|ksmith8@smcvt.edu|18026542000||1 Winooski Park||Colchester|CHITTENDEN|Dinse PC|One Winooski Park||Colchester|VT|05439|2023-08-01|2026-07-31|1|1|0|0|0|0|0|Saint Michaels College|25-1123.00|No
I-200-23055-803475|Assistant Professor of Digital Media and Communications|Saint Michaels College||18026542000|Kendra|Smith|ksmith8@smcvt.edu|18026542000||One Winooski Park||Colchester|COLCHESTER|Dinse PC|One Winooski Park||Colchester|VT|05439|2023-08-01|2026-07-31|1|1|0|0|0|0|0|Saint Michaels College|25-1122.00|No
I-200-23198-192861|Post-Doctoral Associate|The University of Vermont||18026564296|Emma|Huse|ischolar@uvm.edu|18026564296||570 Main Street|Terrill Building, Dept of Animal and Veterinary Sciences|Burlington|BURLINGTON CITY||633 Main St|Office of Intl Education - L&L, B101|Burlington|VT|05405|2023-08-01|2026-07-31|1|1|0|0|0|0|0|The University of Vermont|19-1011.00|No
I-200-23030-736990|Professor|The University of Vermont||18026564296|Emma|Huse|ischolar@uvm.edu|18026564296||55 Colchester Avenue|Kalkin Hall, Grossman School of Business|Burlington|CHITTENDEN||633 Main St|Office of Intl Education - L&L, B101|Burlington|VT|05405|2023-08-01|2026-07-31|1|1|0|0|0|0|0|The University of Vermont|25-1011.00|No
I-200-23198-193527|Attending Pathologist|UNIVERSITY OF VERMONT HEALTH NETWORK MEDICAL GROUP INC||18028472005|MAUREEN|WHITNEY|MAUREEN.WHITNEY@UVMHEALTH.COM|18028472569||111 COLCHESTER AVE||BURLINGTON|BURLINGTON CITY|DENTONS COHEN & GRIGSBY PC|111 COLCHESTER AVE||BURLINGTON|VT|05401|2023-07-29|2026-07-28|1|1|0|0|0|0|0|UNIVERSITY OF VERMONT HEALTH NETWORK MEDICAL GROUP INC|29-1222.00|No
I-200-23199-196467|Attending Pathologist|UNIVERSITY OF VERMONT HEALTH NETWORK MEDICAL GROUP INC||18028472005|LISA|GOODRICH|LISA.GOODRICH@UVMHEALTH.COM|18028472307||111 COLCHESTER AVENUE||BURLINGTON|BURLINGTON CITY|DENTONS COHEN & GRIGSBY PC|111 COLCHESTER AVE||BURLINGTON|VT|05401|2023-07-29|2026-07-28|1|1|0|0|0|0|0|UNIVERSITY OF VERMONT HEALTH NETWORK MEDICAL GROUP INC|29-1222.00|No
(799 rows)
