job_title|employer_name|secondary_entity_business_name|employer_poc_email|employer_poc_phone|employer_poc_first_name|employer_poc_last_name|worksite_address1|worksite_address2|worksite_city|worksite_county|lawfirm_name_business_name|employer_address1|employer_address2|employer_city|employer_state|employer_postal_code
SOFTWARE (SALESFORCE) DEVELOPER/ADMINISTRATOR|EFICENS SYSTEMS LLC|DELOITTE/STATE OF WISCONSIN|LEGAL@EFICENSIT.COM|16788929800|RAMU|VENIGANDLA|555 E WELLS STREET, SUITE 1400||MILWAUKEE|MILWAUKEE|MADAN & SAIGAL LLC|5400 LAUREL SPRINGS PARKWAY|SUITE 603|SUWANEE|GA|30024
CERTIFIED MICROSOFT .NET DEVELOPER|Biztegy Analytics Inc|DEPARTMENT OF ADMINISTRATION (DOA), STATE OF WISCONSIN|cal@biztegy.com|16104426933|Kalyan|Boggavarapu|101 EAST WILSON STREET||MADISON|DANE|International Legal and Business Services Group LLP|1821 Walden Office Square|Unit 400|Schaumburg|IL|60173
.NET WEB DEVELOPER|VENNSYS LLC|DEPARTMENT OF CHILDREN & FAMILIES (DCF), STATE OF WISCONSIN|RAGHUPAL@VENNSYS.COM|16082419060|RAGHUNATH|VULPAL|201 E. WASHINGTON AVENUE||MADISON|DANE|MVP LAW GROUP, P.A.|2307 PARMENTER STREET|SUITE B2|MIDDLETON|WI|53562
.NET WEB DEVELOPER|VENNSYS LLC|DEPARTMENT OF CHILDREN & FAMILIES (DCF), STATE OF WISCONSIN|RAGHUPAL@VENNSYS.COM|16082419060|RAGHUNATH|VULPAL|201 E. WASHINGTON AVENUE||MADISON|DANE|MVP LAW GROUP, P.A.|2307 PARMENTER STREET|SUITE B2|MIDDLETON|WI|53562
PROGRAMMER ANALYST|RELIABLE SOFTWARE RESOURCES|DEPARTMENT OF CORRECTIONS|HR@RSRIT.COM|12389126819|VENKAT|VINUTHA|3099 E WASHINGTON AVE||MADISON|DANE||22260 HAGGERTY ROAD|SUITE 285|NORTHVILLE|MI|48167
SOFTWARE DEVELOPER|GLOBAL INFORMATION TECHNOLOGY INC|DEPARTMENT OF HEALTH SERVICES, STATE OF WISCONSIN|IMMIGRATION1@GIT-ORG.COM|18139731061|ROSEMARIE|LEDERER|141 NW BARSTOW ST||WAUKESHA|WAUKESHA|PRADEEK SUSHEELAN PC|169 RAMAPO VALLEY ROAD|STE ML104|OAKLAND|NJ|07436
APPLICATION ARCHITECT|VENNSYS LLC|DEPARTMENT OF NATURAL RESOURCES, STATE OF WISCONSIN|RAGHUPAL@VENNSYS.COM|16082419060|RAGHUNATH|VULPAL|101 S. WEBSTER STREET||MADISON|DANE|MVP LAW GROUP, P.A.|2307 PARMENTER STREET|SUITE B2|MIDDLETON|WI|53562
.NET DEVELOPER|HEXACORP LLC|DEPARTMENT OF PUBLIC INSTRUCTION|JAI@HEXACORP.COM|16784908178|JAYARAM|SADASIVAM|125 S WESTER STREET||MADISON|DANE||2450 ATLANTA HWY|UNIT 1902|CUMMING|GA|30040
.NET DEVELOPER|SRI INFOTECH INC|DEPARTMENT OF PUBLIC INSTRUCTION, STATE OF WISCONSIN|SRINI@SRIINFOTECH.US|12016736048|SRINIVASA|CHINTALAPUDI|125 S WEBSTER ST.||MADISON|DANE|LAW OFFICES OF THOMAS V.ALLEN PLLC|50 CRAGWOOD ROAD|SUITE 305|SOUTH PLAINFIELD|NJ|07080
JAVA DEVELOPER|VENNSYS LLC|DEPARTMENT OF REVENUE (DOR), STATE OF WISCONSIN|RAGHUPAL@VENNSYS.COM|16082419060|RAGHUNATH|VULPAL|2135 RIMROCK ROAD||MADISON|DANE|MVP LAW GROUP, P.A.|2307 PARMENTER STREET|SUITE B2|MIDDLETON|WI|53562
DATA WAREHOUSE ANALYST - III|Net2Source Inc|DEPARTMENT OF TRANSPORTATION|COMPLIANCE@NET2SOURCE.COM|12013408700|Laurita|Rodriguez|4822 MADISON YARDS WAY||MADISON|DANE|CHUGH, LLP|270 Davidson Ave|Suite 704|Somerset|NJ|08873
SYSTEMS ANALYST|VENNSYS LLC|DEPARTMENT OF TRANSPORTATION, STATE OF WISCONSIN|RAGHUPAL@VENNSYS.COM|16082419060|RAGHUNATH|VULPAL|4822 MADISON YARDS WAY||MADISON|DANE|MVP LAW GROUP, P.A.|2307 PARMENTER STREET|SUITE B2|MIDDLETON|WI|53562
WebSphere Admin|tekAssembly Corporation|DOA, State of Wisconsin|info@tekassembly.com|18473066699|MURALI|MERAGA|5830 Femrite Dr||Madison|DANE||3 W Hawthorn Pkwy|220|Vernon Hills|IL|60061
WebSphere Administrator|tekAssembly Corporation|DOA, State of Wisconsin|info@tekassembly.com|18473066699|MURALI|MERAGA|5830 Femrite Dr||Madison|DANE||3 W Hawthorn Pkwy|220|Vernon Hills|IL|60061
SOFTWARE ENGINEER|DeeBeCon Inc|DWD STATE OF WISCONSIN|JOBS@DEEBECON.COM|16038911200|Balaji|Radakrishnan|201 E Washington Ave||Madison|DANE||1 Tara Blvd|Suite LL7|Nashua|NH|03062
SOFTWARE ENGINEER|DeeBeCon Inc|DWD STATE OF WISCONSIN|JOBS@DEEBECON.COM|16038911200|Balaji|Radakrishnan|201 E Washington Ave||Madison|DANE||1 Tara Blvd|Suite LL7|Nashua|NH|03062
SOFTWARE ENGINEER|DeeBeCon Inc|DWD STATE OF WISCONSIN|JOBS@DEEBECON.COM|16038911200|Balaji|Radakrishnan|201 E Washington Ave||Madison|DANE||1 Tara Blvd|Suite LL7|Nashua|NH|03062
Software Developer|Excelon Solutions LLC|Deloitte/State of Wisconsin(DHS)|immigration@excelonsolutions.com|19895280914|Danish|Banatwalla|834 E Washington Ave|STE 337|Madison|DANE|Kodem Law Firm PLLC|2625 N Josey Ln|STE 322|Carrollton|TX|75007
Software Developer|Encore Consulting Services Inc|Department  of  Children  and  Families - State  of  Wisconsin|hradmin@encore-c.com|18472220244|Mary|Menet|201 W Washington Ave||Madison|DANE||1701, E Wood field Road|Suite 910|Schaumburg|IL|60173
Dot.Net Developer|TECHNOVIZ LLC|Department Of Administration - State of WI|Info@technoviz.com|16082993333|PHANINDRA|PALETY|101 E. Wilson Street, 8th Floor||Madison|DANE|JOHN J. BOUDIA & ASSOCIATES PLC|8517 Excelsior Drive|SUITE 105|MADISON|WI|53717
Dot.Net Developer|TECHNOVIZ LLC|Department Of Administration - State of Wisconsin|Info@technoviz.com|16082993333|PHANINDRA|PALETY|101 E. Wilson Street|8th Floor|Madison|DANE|JOHN J. BOUDIA & ASSOCIATES PLC|8517 Excelsior Drive|SUITE 105|MADISON|WI|53717
Software Developer|APPLAB SYSTEMS INC|Department Of Administration Wisconsin|IMMIGRATION@APPLABSYSTEMS.COM|17239103278|VENU BABU|DHANEKULA|4822 Madison Yards Way||Madison|DANE||4365 ROUTE 1 SOUTH|SUITE 105|PRINCETON|NJ|08540
Software Developer|APPLAB SYSTEMS INC|Department Of Administration Wisconsin (Remote)|IMMIGRATION@APPLABSYSTEMS.COM|17322504672|SRINIVAS|MUPPALLA|9993 W North Ave|Apt 129|Milwaukee|MILWAUKEE||4365 ROUTE 1 SOUTH|SUITE 105|PRINCETON|NJ|08540
Software Developer|COMPUNNEL SOFTWARE GROUP INC|Department of Children and Families|Immigration@compunnel.com|16096069010|STEVE|MONTELEONE|201 W Washington Ave||Madison|DANE||103 MORGAN LANE|SUITE 102|PLAINSBORO|NJ|08536
Java web Developer|Infomatics Technologies Inc|Department of Children and Families|hrteam@infomaticsinc.com|12482859106|Dwarakanatha Reddy|Yallaturu|201 West Washington Avenue||Madison|DANE||23629 Liberty Street|STE 203|FARMINGTON|MI|48335
Java Developer|TECHNOVIZ LLC|Department of Children and Families (DCF)/State of Wisconsin|Info@technoviz.com|16082993333|PHANINDRA|PALETY|201 E Washington Ave||Madison|DANE|JOHN J. BOUDIA & ASSOCIATES PLC|8517 Excelsior Drive|SUITE 105|MADISON|WI|53717
Software Developer|IOASIZ INC|Department of Children and Families, State of Wisconsin|IMMIGRATION@IOASIZ.COM|17324255836|KANCHANA|ARAVAPALLI|201 W Washington Ave||Madison|DANE||242 OLD NEW BRUNSWICK ROAD|SUITE 457|PISCATAWAY|NJ|08854
SOFTWARE DEVELOPER|COMPUNNEL SOFTWARE GROUP INC|Department of Children and Family|IMMIGRATION@COMPUNNEL.COM|16096069010|STEVE|MONTELEONE|201 East Washington Avenue Second Floor||Madison|DANE||103 MORGAN LANE|SUITE 102|PLAINSBORO|NJ|08536
SOFTWARE DEVELOPER|COMPUNNEL SOFTWARE GROUP INC|Department of Children and Family|IMMIGRATION@COMPUNNEL.COM|16096069010|STEVE|MONTELEONE|201 East Washington Avenue Second Floor||Madison|DANE||103 MORGAN LANE|SUITE 102|PLAINSBORO|NJ|08536
.Net Developer|NY SYSTEMS INC|Department of Corrections (DOC), State of Wisconsin|HR@NY-SYSTEMS.COM|16156250105|ASIFALI|MOMIN|3099 E Washington Ave||Madison|DANE|PUNHANI LAW FIRM LLC|651 E 4TH ST|SUITE 401|CHATTANOOGA|TN|37403
Tableau Developer|Cognowiz LLC|Department of Health Services, State of Wisconsin.|ishashah@cognowiz.com|12024654858|Isha|Shah|1 W Wilson St||Madison|DANE|International Legal and Business Services Group LLP|44679 Endicott Drive|Suite 300-778|Ashburn|VA|20147
IT PROJECT MANAGER|ENCORE CONSULTING SERVICES INC|Department of Justice, State of Wisconsin|HRADMIN@ENCORE-C.COM|18472220244|CHAK|AKULA|17 W Main St||Madison|DANE||1701, E Woodfield Road|Suite-910|Schaumburg|IL|60173
Sr. .Net Developer|HexaCorp|Department of Public Instruction|JAI@HEXACORP.COM|16784908178|JAYARAM|SADASIVAM|125 S Wester Street||Madison|DANE||2450 Atlanta Hwy|Unit 1902|Cumming|GA|30040
CRM Integration Specialist|V-Soft Consulting Group INC|Department of Safety and Professional Services|tanya@vsoftconsulting.com|15024258425|TANYA|BLOCKER|4822 Madison Yards Way||Madison|DANE||101 Bullitt Lane|Suite 205|Louisville|KY|40222
Software Developer|Flexera Global Inc|Department of Transportation Wisconsin|hr@flexeraglobal.com|12813060502|Satish|Nannapaneni|4822 Madison Yards Way|7th Floor,|Madison|DANE||136 Eldridge Road Suite C||Sugar Land|TX|77478
Software Developer|Flexera Global Inc|Department of Transportation Wisconsin|hr@flexeraglobal.com|12813060503|Satish|Nannapaneni|4822 Madison Yards Way|7th Floor|Madison|DANE|Harrison-Donaldson, Attorney at Law|136 Eldridge Road|Unit C|Sugar Land|TX|77478
Software Developer|Flexera Global Inc|Department of Transportation Wisconsin|hr@flexeraglobal.com|12813060503|Uma|Nannapaneni|4822 Madison Yards Way|7th Floor|Madison|DANE|Harrison-Donaldson, Attorney at Law|136 Eldridge Road|Unit C|Sugar Land|TX|77478
Software Developer|Flexera Global Inc|Department of Transportation Wisconsin,|hr@flexeraglobal.com|12813060502|Satish|Nannapaneni|4822 Madison Yards Way, 7th Floor,||Madison|DANE||136 Eldridge Road Suite C||Sugar Land|TX|77478
Software Developer|SQA Concepts Inc|Department of Transportation,  State of Wisconsin|hrsupport@sqaconceptsinc.com|17039827683|Balakrishna|PATLORI|4822 Madison Yards Way|7th Floor South|Madison|DANE||44335 Premier Plaza|Suite 240|Ashburn|VA|20147
Software Developer|SQA Concepts Inc|Department of Transportation,  State of Wisconsin|hrsupport@sqaconceptsinc.com|17039827683|Balakrishna|PATLORI|4822 Madison Yards Way|7th Floor South|Madison|DANE||44335 Premier Plaza|Suite 240|Ashburn|VA|20147
Software Developer|NStarX Inc F.K.A Abhra Inc|Department of Transportation, State of Wisconsin|parul.dayal@nstarxinc.com|13147204402|Parul|Dayal|State of Wisconsin Hill Farms State Office Building|4822 Madison Yards Way|Madison|DANE|LAW OFFICES OF PRASHANTHI REDDY, PLLC|13610  Barrett Office Dr.|STE 210|Manchester|MO|63021
JAVA DEVELOPER|SOFTCORP INTERNATIONAL INC|Department of Transportation, Wisconsin|ROGER@SOFTCORPINC.COM|12489182224|RAJA|PULI|4822 Madison Yards Way|7th Floor South S709.20 desk|Madison|DANE|SAM SHIHAB & ASSOCIATES LLC|2838 E. LONG LAKE ROAD|SUITE 236|TROY|MI|48085
.Net Web Developer II|Digital Cloud Associates LLC|Department of Workforce Development|accounts@digitalcloudassociates.com|12149199035|Kashif|Mohammed|201 E Washington Ave||Madison|DANE|Law Office of Keshab Raj Seadie, P.C.|400 East Royal Lane|Suite 290|Irving|TX|75039
.Net Web Developer II|Digital Cloud Associates LLC|Department of Workforce Development|accounts@digitalcloudassociates.com|12149199035|Chandra Sekhar|Kadiyala|201 E Washington Ave||Madison|DANE|Law Offices of Keshab Raj Seadie, P.C.|5605 North MacArthur Blvd, Unit 1036|10th Floor|Irving|TX|75038
MS .NET Developer III|USM Business Systems Inc|Department of Workforce Development (DWD), State of Wisconsin|immigration@usmsystems.com|17032630855|Asha|Haridas|201 E Washington Avenue||Madison|DANE||44320 Premier Plaza|Suite 210|Ashburn|VA|20147
 Software Developer|TekInteli Inc|Department of Workforce Development (DWD), State of Wisconsin.|immigration@tekintelinc.com|12155474257|Ivett|Cortes|201, E. Washington Ave||Madison|DANE|Reddy & Neumann.P.C.|400 Middletown Blvd|Suite 107|Langhorne|PA|19047
Data Warehouse Developer II|Intone Networks Inc|Department of Workforce Development(Working Remotely)|sailaja@intonenetworks.com|19089307189|Sailaja|Allu|248 E Hill Pkwy|Apartment 101|Madison|DANE|Fragomen, Del Rey, Bernsen & Loewy, LLP|10 Austin Avenue||Iselin|NJ|08830
Software Engineer|Encore Consulting Services Inc|Department of Workforce Development, State of Wisconsin|hradmin@encore-c.com|18472220244|Mary|Menet|201 E Washington Ave||Madison|DANE||1701 Woodfield Road|Ste 910|Schaumburg|IL|60173
.NET Web Developer III|Cloud Craft Tec Inc|Dept of Children and Families, State of Wisconsin|immigration@cloudcrafttec.com|19452680360|Sateesh|Male|201 West Washington Avenue||Madison|DANE|SOMIREDDY LAW GROUP PLLC|260 N. Denton Road|Suite 260|Coppell|TX|75019
.NET Web Developer III|Cloud Craft Tec Inc|Dept of Children and Families, State of Wisconsin|immigration@cloudcrafttec.com|19452680360|Sateesh|Male|201 West Washington Avenue||Madison|DANE|SOMIREDDY LAW GROUP PLLC|260 N. Denton Road|Suite 260|Coppell|TX|75019
.Net Developer/Programmer|SAICON CONSULTANTS INC|Dept. of Agriculture Trade & Consumer Protection, State of Wisconsin|RNARAWANE@SAICONINC.COM|19132240001|RAJASHREE|NARAWANE|2811 Agriculture Drive||Madison|DANE|CHUGH, LLP|9300 WEST 110TH STREET|SUITE 650|OVERLAND PARK|KS|66210
Sr. .Net Developer|HexaCorp LLC|Dept. of Public Instruction - State of Wisconsin, Madison, WI|jai@hexacorp.com|16784908178|Jayaram|Sadasivam|125 S Wester Street||Madison|DANE||2450 Atlanta Hwy|Unit 1902|Cumming|GA|30040
IT Project Manager|Encore Consulting Services Inc|Division of Enterprise Technology, Department of Justice, State of WI|hradmin@encore-c.com|18472220244|Mary|Menet|17 W Main St||Madison|DANE||1701, E Wood field Road|Suite 910|Schaumburg|IL|60173
IT Project Manager|Encore Consulting Services Inc|Division of Enterprise Technology, Department of Justice, State of WI|hradmin@encore-c.com|18472220244|Mary|Menet|17 W Main St||Madison|DANE||1701, E Wood field Road|Suite 910|Schaumburg|IL|60173
Senior Manager JC45|COGNIZANT TECHNOLOGY SOLUTIONS US CORP|Kohls Department Stores|lca.immigration@cognizant.com|16176207316|Daniel|Shakespeare|W165N5830, Ridgewood Drive||Menomonee Falls|WAUKESHA||211 QUALITY CIRCLE||COLLEGE STATION|TX|77845
Manager JC50|COGNIZANT TECHNOLOGY SOLUTIONS US CORP|Kohls Department Stores Inc|lca.immigration@cognizant.com|16176207316|Daniel|Shakespeare|W165 N5830 Ridgewood Dr||Menomonee Falls|WAUKESHA||211 QUALITY CIRCLE||COLLEGE STATION|TX|77845
Senior Manager JC45 - Computer Systems Engineers/Architects|COGNIZANT TECHNOLOGY SOLUTIONS US CORP|Kohls Department Stores Inc|lca.immigration@cognizant.com|16176207316|Daniel|Shakespeare|N56 W17000 Ridgewood Drive||Menomonee Falls|WAUKESHA||211 QUALITY CIRCLE||COLLEGE STATION|TX|77845
Manager JC50|COGNIZANT TECHNOLOGY SOLUTIONS US CORP|Kohls Department Stores Inc|lca.immigration@cognizant.com|16176207316|Daniel|Shakespeare|W165N5830, Ridgewood Drive||Menomonee Falls|WAUKESHA||211 QUALITY CIRCLE||COLLEGE STATION|TX|77845
Manager JC50 - Computer Systems Engineers/Architects|COGNIZANT TECHNOLOGY SOLUTIONS US CORP|Kohls Department Stores Inc|lca.immigration@cognizant.com|16176207316|Daniel|Shakespeare|W165N5830 Ridgewood Dr||Menomonee Falls|WAUKESHA||211 QUALITY CIRCLE||COLLEGE STATION|TX|77845
Manager JC50|COGNIZANT TECHNOLOGY SOLUTIONS US CORP|Kohls Department Stores Inc|lca.immigration@cognizant.com|16176207316|Daniel|Shakespeare|W165N5830, Ridgewood Drive||Menomonee Falls|WAUKESHA||211 QUALITY CIRCLE||COLLEGE STATION|TX|77845
Manager JC50 - Computer Systems Engineers/Architects|COGNIZANT TECHNOLOGY SOLUTIONS US CORP|Kohls Department Stores Inc|lca.immigration@cognizant.com|16176207316|Daniel|Shakespeare|N56 W17000 Ridgewood Drive||MENOMONEE FALLS|WAUKESHA||211 QUALITY CIRCLE||COLLEGE STATION|TX|77845
Manager JC50|COGNIZANT TECHNOLOGY SOLUTIONS US CORP|Kohls Department Stores Inc|lca.immigration@cognizant.com|16176207316|Daniel|Shakespeare|N56w17000, Ridgewood Drive||Menomonee Falls|WAUKESHA||211 QUALITY CIRCLE||COLLEGE STATION|TX|77845
Manager JC50 - Computer Systems Engineers/Architects|COGNIZANT TECHNOLOGY SOLUTIONS US CORP|Kohls Department Stores Inc|lca.immigration@cognizant.com|16176207316|Daniel|Shakespeare|N56 W17000 Ridgewood Drive||MENOMONEE FALLS|WAUKESHA||211 QUALITY CIRCLE||COLLEGE STATION|TX|77845
Manager JC50 - Computer Systems Engineers/Architects|COGNIZANT TECHNOLOGY SOLUTIONS US CORP|Kohls Department Stores Inc|lca.immigration@cognizant.com|16176207316|Daniel|Shakespeare|W165N5830, Ridgewood Drive||Menomonee Falls|WAUKESHA||211 QUALITY CIRCLE||COLLEGE STATION|TX|77845
Manager JC50 - Computer Systems Engineers/Architects|COGNIZANT TECHNOLOGY SOLUTIONS US CORP|Kohls Department Stores Inc|lca.immigration@cognizant.com|16176207316|Daniel|Shakespeare|N56 W17000 Ridgewood Drive||Menomonee Falls|WAUKESHA||211 QUALITY CIRCLE||COLLEGE STATION|TX|77845
Senior Systems Analyst JC60|COGNIZANT TECHNOLOGY SOLUTIONS US CORP|Kohls Department Stores Inc|lca.immigration@cognizant.com|19793296682|Sabarish|Chandrasekaran|N56w17000 Ridgewood Drive||MENOMONEE FALLS|WAUKESHA||211 QUALITY CIRCLE||COLLEGE STATION|TX|77845
Senior Systems Analyst JC60|COGNIZANT TECHNOLOGY SOLUTIONS US CORP|Kohls Department Stores Inc|lca.immigration@cognizant.com|16176207316|Daniel|Shakespeare|W165 N5830 Ridgewood Dr||Menomonee Falls|WAUKESHA||211 QUALITY CIRCLE||COLLEGE STATION|TX|77845
Senior Systems Analyst JC60|COGNIZANT TECHNOLOGY SOLUTIONS US CORP|Kohls Department Stores Inc|lca.immigration@cognizant.com|16176207316|Daniel|Shakespeare|W165N5830, Ridgewood Drive||Menomonee Falls|WAUKESHA||211 QUALITY CIRCLE||COLLEGE STATION|TX|77845
Senior Systems Analyst JC60|COGNIZANT TECHNOLOGY SOLUTIONS US CORP|Kohls Department Stores Inc|lca.immigration@cognizant.com|16176207316|Daniel|Shakespeare|N56w17000, Ridgewood Drive||Menomonee Falls|WAUKESHA||211 QUALITY CIRCLE||COLLEGE STATION|TX|77845
Lead Software Engineer|GlobalLogic Inc|Kohls Department Stores Inc|immigration@globallogic.com|14087684673|Dharma|Devarapalli|3737 S 27th St||Milwaukee|MILWAUKEE||1741 Technology Drive|4th Floor|SAN JOSE|CA|95110
Lead Software Engineer|GlobalLogic Inc|Kohls Department Stores Inc|immigration@globallogic.com|14087684673|Dharma|Devarapalli|3737 S 27th St||Milwaukee|MILWAUKEE||1741 Technology Drive|4th Floor|SAN JOSE|CA|95110
Senior Software Engineer|GlobalLogic Inc|Kohls Department Stores Inc|immigration@globallogic.com|14082738900|DHARMA|DEVARAPALLI|N56 W17000 Ridgewood Drive||Menomonee Falls|WAUKESHA||1741 Technology Dr|4th Floor|San Jose|CA|95110
Senior Software Engineer|GlobalLogic Inc|Kohls Department Stores Inc|immigration@globallogic.com|14082738900|Dharma|Devarapalli|W165 N5830 Ridgewood Dr||Menomonee Falls|WAUKESHA||1741 Technology Drive|4th Floor|SAN JOSE|CA|95110
Senior Software Engineer|GlobalLogic Inc|Kohls Department Stores Inc|immigration@globallogic.com|14082738900|Dharma|Devarapalli|N56 W17000 Ridgewood Drive||Menomonee Falls|WAUKESHA||1741 Technology Drive|4th Floor|SAN JOSE|CA|95110
Senior Software Engineer|GlobalLogic Inc|Kohls Department Stores Inc|immigration@globallogic.com|14082738900|Dharma|Devarapalli|N56 W17000 Ridgewood Drive||Menomonee Falls|WAUKESHA||1741 Technology Drive|4th Floor|SAN JOSE|CA|95110
Lead Software Engineer, Engineering|GlobalLogic Inc|Kohls Department Stores Inc|immigration@globallogic.com|14082738900|Dharma|Devarapalli|W165 N5830 Ridgewood Drive||Menomonee Falls|WAUKESHA||1741 Technology Drive|4th Floor|San Jose|CA|95110
Senior Software Engineer|GlobalLogic Inc|Kohls Department Stores Inc|immigration@globallogic.com|14082738900|Dharma|Devarapalli|W165N5830 Ridgewood Dr||Menomonee Falls|WAUKESHA||1741 Technology Drive|4th Floor|SAN JOSE|CA|95110
Lead Software Engineer|GlobalLogic Inc|Kohls Department Stores Inc|immigration@globallogic.com|14082738900|Dharma|Devarapalli|W165 N5830 Ridgewood Dr||Menomonee Falls|WAUKESHA||1741 Technology Drive|4th Floor|San Jose|CA|95110
Manager JC50|COGNIZANT TECHNOLOGY SOLUTIONS US CORP|Kohls Department stores Inc|lca.immigration@cognizant.com|16176207316|Daniel|Shakespeare|W165N5830, Ridgewood Drive||Menomonee Falls|WAUKESHA||211 QUALITY CIRCLE||COLLEGE STATION|TX|77845
Software Developer|B1 IT Solutions Inc|Milwaukee Police Department District 3|hr@b1itsolutions.com|17034680541|Bapanna|MALIREDDY|2333 N 49th St||Milwaukee|MILWAUKEE|Somireddy Law Group PLLC|9720 Capital Court|Suite 301|Manassas|VA|20110
Systems Analyst|Ventois Inc|Outgamie County - Health and Human Services Department|skota@ventois.com|15089257979|Suman Reddy|Kota|320 S. Walnut St||Appleton|OUTAGAMIE|International Legal and Business Services Group LLP|382 Boston Tpke|Ste 201|Shrewsbury|MA|01545
Systems Analyst|Ventois Inc|Outgamie County - Health and Human Services Department|skota@ventois.com|15089257979|Suman Reddy|Kota|320 S Walnut St||Appleton|OUTAGAMIE|International Legal and Business Services Group LLP|382 Boston Tpke|Ste 201|Shrewsbury|MA|01545
Software Engineer|Talent IT Services Inc|Remote work from Residence for Wisconsin Department of Children and Families|suvarchala@ittalents.com|18606435307|Rajitha|Galva|3140 Prospect Dr||Sun Prairie|DANE|IMM Laws|776 N. Main St.|2nd Floor|Manchester|CT|06042
SOFTWARE ENGINEER|ACHOLYTE LLC|STATE OF WISCONSIN|hr@acholyte.com|19198845977|RAJASEKHAR|MUNAGA|TOMMY G THOMPSON CENTER|201 W WASHINGTON AVE|MADISON|DANE||64 EAST BROADWAY ROAD|SUITE 200|TEMPE|AZ|85282
SOFTWARE ENGINEER|ACHOLYTE LLC|STATE OF WISCONSIN|hr@acholyte.com|19198845977|RAJASEKHAR|MUNAGA|TOMMY G THOMPSON CENTER|2O1 W WASHINGTON AVE|MADISON|DANE||64 EAST BROADWAY ROAD|SUITE 200|TEMPE|AZ|85282
SOFTWARE DEVELOPER|GLOBAL INFORMATION TECHNOLOGY INC|STATE OF WISCONSIN|IMMIGRATION1@GIT-ORG.COM|18139731061|ROSEMARIE|LEDERER|201 E WASHINGTON AVE||MADISON|DANE|PRADEEK SUSHEELAN PC|ONE CRAGWOOD ROAD|SUITE 101, SOUTHFIELD CENTER|SOUTH PLAINFIELD|NJ|07080
COMPUTER PROGRAMMER II|HUDSON DATA LLC|STATE OF WISCONSIN|CHAYA@HUDSONDATALLC.COM|17327094300|CHAYA|BATNI|201 E. WASHINGTON AVE||MADISON|DANE|Jethmalani & Nallaseth PLLC|122 N. GENESEE STREET|SUITE 302A|GENEVA|NY|14456
SOFTWARE DEVELOPER|INVICKTUS INC|STATE OF WISCONSIN|HR@INVICKTUS.COM|17085640799|MADHAN|MOHAN|4822 MADISON YARDS WAY||MADISON|DANE||650 E DEVON AVE|SUITE 153|ITASCA|IL|60143
SENIOR SOFTWARE DEVELOPER|KFORCE INC|STATE OF WISCONSIN|GDRIJVER@KFORCE.COM|18135525000|GORDON|DRIJVER|201 E WASHINGTON AVE||MADISON|DANE|Masuda Funai Eifert & Mitchell, Ltd.|1150 ASSEMBLY DRIVE|SUITE 500|TAMPA|FL|33607
ADVANCED BUSINESS ANALYST|KFORCE INC|STATE OF WISCONSIN|GDRIJVER@KFORCE.COM|18135525000|GORDON|DRIJVER|4822 MADISON YARDS WAY||MADISON|DANE|Masuda Funai Eifert & Mitchell, Ltd.|1150 ASSEMBLY DRIVE|SUITE 500|TAMPA|FL|33607
SOFTWARE ENGINEER|NATSOFT CORPORATION|STATE OF WISCONSIN|TIMMY@NATSOFT.US|17327260593|TIRUMALA|CHEEDALA|4822 MADISON YARDS WAY||MADISON|DANE||27 WORLDS FAIR DR||SOMERSET|NJ|08873
NETWORK ENGINEER|NATSOFT CORPORATION|STATE OF WISCONSIN|TIMMY@NATSOFT.US|17327260593|TIRUMALA|CHEEDALA|5830 FEMRITE DR||MADISON|DANE||27 WORLDS FAIR DR||SOMERSET|NJ|08873
SOFTWARE ENGINEER|NATSOFT CORPORATION|STATE OF WISCONSIN|TIMMY@NATSOFT.US|17327260593|TIRUMALA|CHEEDALA|4822 MADISON YARDS WAY||MADISON|DANE||27 WORLDS FAIR DR||SOMERSET|NJ|08873
SOFTWARE ENGINEER|NATSOFT CORPORATION|STATE OF WISCONSIN|TIMMY@NATSOFT.US|17327260593|TIRUMALA|CHEEDALA|4822 MADISON YARDS WAY||MADISON|DANE||27 WORLDS FAIR DR||SOMERSET|NJ|08873
NETWORK ENGINEER|NATSOFT CORPORATION|STATE OF WISCONSIN|TIMMY@NATSOFT.US|17327260593|TIRUMALA|CHEEDALA|5830 FEMRITE DR||MADISON|DANE||27 WORLDS FAIR DR||SOMERSET|NJ|08873
NETWORK ENGINEER|NATSOFT CORPORATION|STATE OF WISCONSIN|TIMMY@NATSOFT.US|17327260593|TIRUMALA|CHEEDALA|5830 FEMRITE DR||MADISON|DANE||27 WORLDS FAIR DR||SOMERSET|NJ|08873
IT PROJECT MANAGER|AGILETAL TECHNOLOGIES INC|STATE OF WISCONSIN  - DEPARTMENT OF TRANSPORTATION|HR@AGILETAL.COM|19085163006|ASHWINI|SAWANT|4822 MADISON YARDS WAY||MADISON|DANE|LAW OFFICE OF THOMAS V. ALLEN PLLC.|400 SOUTH AVENUE|SUITE 8|MIDDLESEX|NJ|08846
SOFTWARE DEVELOPER|IT RYSOURCES INC|STATE OF WISCONSIN ( WISCONSIN ELECTIONS COMMISSION)|HR@RYSOURCES.COM|12489461238|SWETHA|DEVARAPALLI|212 E WISHINGTON AVE, 3RD FLOOR||MADISON|DANE||38345 W 10 MILE ROAD STE   345||FARMINGTON HILLS|MI|48335
SOFTWARE QUALITY ASSURANCE ENGINEER AND TESTER|COMPUNNEL SOFTWARE GROUP INC|STATE OF WISCONSIN (DOC)|IMMIGRATION@COMPUNNEL.COM|16096069010|STEVE|MONTELEONE|3099 E WASHINGTON AVE||MADISON|DANE||103 MORGAN LANE|SUITE 102|PLAINSBORO|NJ|08536
SOFTWARE QUALITY ASSURANCE ENGINEER AND TESTER|COMPUNNEL SOFTWARE GROUP INC|STATE OF WISCONSIN (DOC)|IMMIGRATION@COMPUNNEL.COM|16096069010|STEVE|MONTELEONE|3099 E WASHINGTON AVE||MADISON|DANE||103 MORGAN LANE|SUITE 102|PLAINSBORO|NJ|08536
SOFTWARE QUALITY ASSURANCE ENGINEER AND TESTER|COMPUNNEL SOFTWARE GROUP INC|STATE OF WISCONSIN (DOC)|IMMIGRATION@COMPUNNEL.COM|16096069010|STEVE|MONTELEONE|3099 E WASHINGTON AVE||MADISON|DANE||103 MORGAN LANE|SUITE 102|PLAINSBORO|NJ|08536
NETWORK ENGINEER|JRSS CORPORATION|STATE OF WISCONSIN - DEPARTMENT OF ADMINISTRATION|PRIYA@JRSSCORP.COM|16086926108|VISHNU PRIYA|GALI|5830 FEMRITE DR.||MADISON|DANE|LAW OFFICE OF THOMAS V. ALLEN PLLC.|202 W VERONA AVENUE|SUITE 200|VERONA|WI|53593
ORACLE DBA - 4|USM Business Sytems Inc|STATE OF WISCONSIN - DEPARTMENT OF ADMINISTRATION|immigration@usmsystems.com|17032630855|Madan|Kondayyagari|5830 FEMRITE DR||MADISON|DANE||44320 Premier Plaza|Suite 210|Ashburn|VA|20147
Software Engineer|Wenova Inc|STATE OF WISCONSIN - DEPARTMENT OF TRANSPORTATION|info@wenova.com|18889366824|Arpitha|Alluri|4822 MADISON YARDS WAY||MADISON|DANE|Law Offices of Amarnath Gowda|2388 Schuetz Road|Suite A55|St. Louis|MO|63146
Software Engineer|Wenova Inc|STATE OF WISCONSIN - DEPARTMENT OF TRANSPORTATION|info@wenova.com|18889366824|Arpitha|Alluri|4822 MADISON YARDS WAY||MADISON|DANE|Law Offices of Amarnath Gowda|2388 Schuetz Road|Suite A55|St. Louis|MO|63146
TECHNICAL LEAD DEVELOPER|OPULENT SOFT LLC|STATE OF WISCONSIN - DOT – DIVISION OF BUSINESS MANAGEMENT (DBM)|LEGAL@OPULENTSOFT.NET|19088880009|SHARATH|KUMAR|4822 MADISON YARDS WAY||MADISON|DANE|LAW OFFICE OF THOMAS V. ALLEN PLLC|3525 QUAKER BRIDGE ROAD|SUITE 3600|HAMILTON|NJ|08619
SOFTWARE DEVELOPER|GLOBAL INFORMATION TECHNOLOGY INC|STATE OF WISCONSIN /DEPARTMENT OF CHILDREN AND FAMILIES|IMMIGRATION1@GIT-ORG.COM|18139731061|ROSEMARIE|LEDERER|201 WEST WASHINGTON AVENUE||MADISON|DANE|PRADEEK SUSHEELAN PC|169 RAMAPO VALLEY ROAD|STE ML104|OAKLAND|NJ|07436
SOFTWARE ENGINEER|CYBER WAVE LLC|STATE OF WISCONSIN ADMINISTRATION BUILDING|IMMIGRATION@CYBERWAVELLC.COM|16892364162|SURI|CHEKURI|101 E WILSON ST||MADISON|DANE||397 WEKIVA SPRINGS ROAD|STE 121|LONGWOOD|FL|32779
JAVA DEVELOPER|JRSS CORPORATION|STATE OF WISCONSIN DEPARTMENT OF HEALTH SERVICES|PRIYA@JRSSCORP.COM|16086926108|VISHNU PRIYA|GALI|1 WEST WILSON ST.||MADISON|DANE|LAW OFFICE OF THOMAS V. ALLEN PLLC.|202 W VERONA AVENUE|SUITE 200|VERONA|WI|53593
SR. INTERNAL BUSINESS SYSTEMS ANALYST|VENNSYS LLC|STATE OF WISCONSIN DEPARTMENT OF PUBLIC INSTRUCTION (DPI)|RAGHUPAL@VENNSYS.COM|16082419060|RAGHUNATH|VULPAL|125 SOUTH WEBSTER STREET||MADISON|DANE|MVP LAW GROUP, P.A.|2307 PARMENTER STREET|SUITE B2|MIDDLETON|WI|53562
COMPUTER SECURITY RESPONSE LEAD|SSB SOFTWARE TECHNOLOGIES INC|STATE OF WISCONSIN DEPT OF HEALTH SERVICES|ERIC@SSBSOFTWARE.COM|19494721290|ERIC|ROVANG|1 WEST WILSON STREET||MADISON|DANE||23046 AVENIDA DE LA CARLOTA|SUITE 600|LAGUNA HILLS|CA|92630
PROGRAMMER/ANALYST|GENOME INTERNATIONAL CORPORATION|STATE OF WISCONSIN DEPT OF NATURAL RESOURCES|CEVENSTAD@GENOME.COM|16088335855|CAROLYN|EVENSTAD|101 S WEBSTER ST||MADISON|DANE||8000 EXCELSIOR DRIVE|SUITE 202|MADISON|WI|53717
ORACLE DBA - 4|USM Business Sytems Inc|STATE OF WISCONSIN – DEPARTMENT OF ADMINISTRATION|immigration@usmsystems.com|17032630855|Asha|Haridas|5830 FEMRITE DR||MADISON|DANE||44320 Premier Plaza|Suite 210|Ashburn|VA|20147
ORACLE DBA - 4|USM Business Sytems Inc|STATE OF WISCONSIN – DEPARTMENT OF ADMINISTRATION|immigration@usmsystems.com|17032630855|Asha|Haridas|5830 FEMRITE DR||MADISON|DANE||44320 Premier Plaza|Suite 210|Ashburn|VA|20147
ORACLE DBA - 4|USM Business Sytems Inc|STATE OF WISCONSIN – DEPARTMENT OF ADMINISTRATION|immigration@usmsystems.com|17032630855|Asha|Haridas|5830 FEMRITE DR||MADISON|DANE||44320 Premier Plaza|Suite 210|Ashburn|VA|20147
ORACLE DBA - 4|USM Business Sytems Inc|STATE OF WISCONSIN – DEPARTMENT OF ADMINISTRATION|immigration@usmsystems.com|17032630855|Asha|Haridas|5830 FEMRITE DR||MADISON|DANE||44320 Premier Plaza|Suite 210|Ashburn|VA|20147
ITSM Specialist |NAMO TECHNOLOGIES LLC|STATE OF WISCONSIN – DEPARTMENT OF TRANSPORTATION|immigration@namotechusa.com|12489466178|DEBARSHI|CHAKMA|4822 Madison Yards Way||Madison|DANE||321 Main Street||Woodbridge|NJ|07095
DATAWAREHOUSE  ANALYST|ONLY IT CONSULTING LLC|STATE OF WISCONSIN – EMPLOYEE TRUST FUNDS|HR@ONLYITCONSULTING.COM|18479294488|SANTOSH|SRIVASTAVA|HILL FARMS STATE OFFICE BUILDING|4822 MADISON YARDS WAY|MADISON|DANE||33 W HIGGINS ROAD|SUITE 5000|SOUTH BARRINGTON|IL|60010
DATA WAREHOUSE DEVELOPER|VENNSYS LLC|STATE OF WISCONSIN, DEPARTMENT OF CHILDREN & FAMILIES|RAGHUPAL@VENNSYS.COM|16082419060|RAGHUNATH|VULPAL|201 W. WASHINGTON AVENUE||MADISON|DANE|MVP LAW GROUP, P.A.|2307 PARMENTER STREET|SUITE B2|MIDDLETON|WI|53562
DATA WAREHOUSE DEVELOPER|VENNSYS LLC|STATE OF WISCONSIN, DEPARTMENT OF CHILDREN AND FAMILIES|RAGHUPAL@VENNSYS.COM|16082419060|RAGHUNATH|VULPAL|201 W. WASHINGTON AVENUE||MADISON|DANE|MVP LAW GROUP, P.A.|2307 PARMENTER STREET|SUITE B2|MIDDLETON|WI|53562
MICROSOFT .NET WEB DEVELOPER|VENNSYS LLC|STATE OF WISCONSIN, DEPARTMENT OF FINANCIAL INSTITUTION (DFI)|RAGHUPAL@VENNSYS.COM|16082419060|RAGHUNATH|VULPAL|4822 MADISON YARDS WAY||MADISON|DANE|MVP LAW GROUP, P.A.|2307 PARMENTER STREET|SUITE B2|MIDDLETON|WI|53562
MICROSOFT .NET DEVELOPER|VENNSYS LLC|STATE OF WISCONSIN, DEPARTMENT OF FINANCIAL INSTITUTION (DFI)|RAGHUPAL@VENNSYS.COM|16082419060|RAGHUNATH|VULPAL|4822 MADISON YARDS WAY||MADISON|DANE|MVP LAW GROUP, P.A.|2307 PARMENTER STREET|SUITE B2|MIDDLETON|WI|53562
PROGRAMMER ANALYST|VENNSYS LLC|STATE OF WISCONSIN, DEPARTMENT OF HEALTH SERVICES (DHS)|RAGHUPAL@VENNSYS.COM|16082419060|RAGHUNATH|VULPAL|101 E. WILSON STREET||MADISON|DANE|MVP LAW GROUP, P.A.|2307 PARMENTER STREET|SUITE B2|MIDDLETON|WI|53562
SECURITY ANALYST|DATA WAREHOUSE LABS INC|STATE OF WISCONSIN, DEPARTMENT OF JUSTICE|HR@DWLABS.COM|19738265557|NAGALAKSHMI|PADMANABHINI|17 WEST MAIN ST.||MADISON|DANE|LAW OFFICE OF THOMAS V. ALLEN PLLC.|1001 DURHAM AVENUE|SUITE 306|SOUTH PLAINFIELD|NJ|07080
IT PROJECT MANAGER|VENNSYS LLC|STATE OF WISCONSIN, DEPARTMENT OF JUSTICE|RAGHUPAL@VENNSYS.COM|16082419060|RAGHUNATH|VULPAL|17 W. MAIN STREET||MADISON|DANE|MVP LAW GROUP, P.A.|2307 PARMENTER STREET|SUITE B2|MIDDLETON|WI|53562
IT PROJECT MANAGER|VENNSYS LLC|STATE OF WISCONSIN, DEPARTMENT OF JUSTICE|RAGHUPAL@VENNSYS.COM|16082419060|RAGHUNATH|VULPAL|17 W. MAIN STREET||MADISON|DANE|MVP LAW GROUP, P.A.|2307 PARMENTER STREET|SUITE B2|MIDDLETON|WI|53562
APPLICATION ARCHITECT|VENNSYS LLC|STATE OF WISCONSIN, DEPARTMENT OF NATURAL RESOURCES|RAGHUPAL@VENNSYS.COM|16082419060|RAGHUNATH|VULPAL|101 S WEBSTER STREET||MADISON|DANE|MVP LAW GROUP, P.A.|2307 PARMENTER STREET|SUITE B2|MIDDLETON|WI|53562
CERTIFIED MICROSOFT .NET WEB DEVELOPER|VENNSYS LLC|STATE OF WISCONSIN, DEPARTMENT OF NATURAL RESOURCES (DNR)|RAGHUPAL@VENNSYS.COM|16082419060|RAGHUNATH|VULPAL|101 S. WEBSTER STREET||MADISON|DANE|MVP LAW GROUP, P.A.|2307 PARMENTER STREET|SUITE B2|MIDDLETON|WI|53562
CERTIFIED MICROSOFT .NET WEB DEVELOPER|VENNSYS LLC|STATE OF WISCONSIN, DEPARTMENT OF NATURAL RESOURCES (DNR)|RAGHUPAL@VENNSYS.COM|16082419060|RAGHUNATH|VULPAL|101 S. WEBSTER STREET||MADISON|DANE|MVP LAW GROUP, P.A.|2307 PARMENTER STREET|SUITE B2|MIDDLETON|WI|53562
MICROSOFT .NET WEB DEVELOPER|VENNSYS LLC|STATE OF WISCONSIN, DEPARTMENT OF PUBLIC INSTRUCTION|RAGHUPAL@VENNSYS.COM|16082419060|RAGHUNATH|VULPAL|125 S. WEBSTER STREET||MADISON|DANE|MVP LAW GROUP, P.A.|2307 PARMENTER STREET|SUITE B2|MIDDLETON|WI|53562
BUSINESS ANALYST/CONSULTANT|VENNSYS LLC|STATE OF WISCONSIN, DEPARTMENT OF PUBLIC INSTRUCTION|RAGHUPAL@VENNSYS.COM|16082419060|RAGHUNATH|VULPAL|125 S. WEBSTER STREET||MADISON|DANE|MVP LAW GROUP, P.A.|2307 PARMENTER STREET|SUITE B2|MIDDLETON|WI|53562
DATA WAREHOUSE DEVELOPER|VENNSYS LLC|STATE OF WISCONSIN, DEPARTMENT OF TRANSPORTATION|RAGHUPAL@VENNSYS.COM|16082419060|RAGHUNATH|VULPAL|4822 MADISON YARDS WAY||MADISON|DANE|MVP LAW GROUP, P.A.|2307 PARMENTER STREET|SUITE B2|MIDDLETON|WI|53562
PROJECT MANAGER|DIGITALBYTES INC|STATE OF WISCONSIN, DEPARTMENT OF WORKFORCE DEVELOPMENT|IMMIGRATION@DIGITALBYTESINC.COM|12159991450|ARUNA|AJJARAPU|201 E. WASHINGTON AVE||MADISON|DANE|PRADEEK SUSHEELAN PC|2300 LINCOLN HWY|SUITE 301|LANGHORNE|PA|19047
Software Engineer|Tek Geeks LLC|State Of WI - Department Of Employee Trust Funds|hr@tekgeeksusa.com|17602127890|Naga Monika|Penmetsa|4822 Madison Yards Way||Madison|DANE|Musillo Unkenholt LLC|111 Dallas Street|Suite 111|Argyle|TX|76226
Software Engineer|DeeBeCon Inc|State Of Wisconsin(DWD)|jobs@deebecon.com|16038911200|BALAJI|RADAKRISHNAN|201 E Washington Ave||Madison|DANE||1 Tara Blvd|Suite LL7|Nashua|NH|03062
Software Engineer|DeeBeCon Inc|State Of Wisconsin(DWD)|JOBS@DEEBECON.COM|16038911200|BALAJI|RADAKRISHNAN|201 E Washington Ave||Madison|DANE||1 Tara Blvd|Suite LL7|Nashua|NH|03062
Software Engineer|DeeBeCon Inc|State Of Wisconsin(DWD)|JOBS@DEEBECON.COM|16038911200|BALAJI|RADAKRISHNAN|201 E Washington Ave||Madison|DANE||1 Tara Blvd|Suite LL7|Nashua|NH|03062
INFORMATION SECURITY ANALYST|ENCORE CONSULTING SERVICES INC|State Of Wisconsin, Department Of Corrections|HRADMIN@ENCORE-C.COM|18472220244|Mary|Menet|3099 E Washington Ave||Madison|DANE||1701 E WOODFIELD ROAD|SUITE 910|SCHAUMBURG|IL|60173
Database Administrator|BENED SOFTWARE SERVICES INC|State Of Wisconsin, Department of Workforce Development|hr@benedsoft.com|19726467679|Mohana|Sanka|201 E Washington Ave||Madison|DANE||1200 W Walnut Hill Ln|Suite 3800|Irving|TX|75038
DATA WAREHOUSE DEVELOPER |Cogent Data Solutions LLC|State Of Wisconsins Department of Transportation|immigration@cogentdatasolutions.com|18666661877|Yasmeen|Manjee|4822 Madison Yards Way|7th Floor South|Madison|DANE||5728 Major Blvd|Suite 602|ORLANDO|FL|32819
Workday HCM Reporting, Integrations and Technical Lead|PINTEGRA LLC|State of Rhode Island Department of Administration|PRAGNYA.REDDY@PINTEGRALLC.COM|15054009884|PRAGNYA|BATHULA|1915 Swainson Dr||Verona|DANE|Tadmor & Tadmor LLP|140 E. Ridgewood Avenue|Suite 415, South Tower|Paramus|NJ|07652
Dot Net/CRM Developer|TECHNOVIZ LLC|State of WI - Department of Public Instructions|Info@technoviz.com|16082993333|PHANINDRA|PALETY|125 S Webster St.||Madison|DANE|JOHN J. BOUDIA & ASSOCIATES PLC|8517 Excelsior Drive|SUITE 105|MADISON|WI|53717
Software Engineer|Raven Software Solutions Inc|State of WI/DOJ (Department of Justice)|hr@ravensoftwaresolutions.com|12142543373|Aliza|Singh|17 W Main St||Madison|DANE|Kodem Law Firm PLLC|1503 Lyndon B Johnson Fwy|STE 250|Farmers Branch|TX|75234
Software Engineer|Raven Software Solutions Inc|State of WI/DOJ (Department of Justice)|hr@ravensoftwaresolutions.com|12142543373|Aliza|Singh|17 W Main St||Madison|DANE|Kodem Law Firm PLLC|1503 Lyndon B Johnson Fwy|STE 250|Farmers Branch|TX|75234
QA Analyst|TECHNOVIZ LLC|State of WI/Department of Administration (DOA)|Info@technoviz.com|16082993333|PHANINDRA|PALETY|101 E Wilson St.||Madison|DANE|JOHN J. BOUDIA & ASSOCIATES PLC|8517 Excelsior Drive|SUITE 105|MADISON|WI|53717
Software Programmer|TECHNOVIZ LLC|State of WI/Department of Natural Resources (DNR)|Info@technoviz.com|16082993333|PHANINDRA|PALETY|101 S Webster St.||Madison|DANE|JOHN J. BOUDIA & ASSOCIATES PLC|8517 Excelsior Drive|SUITE 105|MADISON|WI|53717
Software Programmer|TECHNOVIZ LLC|State of WI/Department of Natural Resources (DNR)|Info@technoviz.com|16082993333|PHANINDRA|PALETY|101 S Webster St.||Madison|DANE|JOHN J. BOUDIA & ASSOCIATES PLC|8517 Excelsior Drive|SUITE 105|MADISON|WI|53717
Software Programmer|TECHNOVIZ LLC|State of WI/Department of Natural Resources (DNR)|Info@technoviz.com|16082993333|PHANINDRA|PALETY|101 S Webster St.||Madison|DANE|JOHN J. BOUDIA & ASSOCIATES PLC|8517 Excelsior Drive|SUITE 105|MADISON|WI|53717
Software Developer|Adam Information Technologies LLC|State of Wisconsin|nabi@adaminfotech.com|16088277950|Nabi|Shaik|5830 Femrite Drive||Madison|DANE|Global Immigration Partners Inc|402 Gammon Pl.|Suite 270|Madison|WI|53719
.Net Developer|Ageatia Technology Consultancy Services Inc|State of Wisconsin|csrinivasan@ageatia.com|18475178415|Chandra|Srinivasan|1 W Wilson Street||Madison|DANE|International Legal and Business Services Group LLP|949 N Plum Grove Road|Suite A|Schaumburg|IL|60173
SharePoint Administrator|Beacon Hill Staffing Group LLC|State of Wisconsin|globaltalent@beaconhillstaffing.com|16178263974|Todal|Patel|4822 Madison Yards Way||Madison|DANE|Trupti N Patel & Associates|20 Ashburton Place|5th Floor|Boston|MA|02108
SharePoint Administrator|Beacon Hill Staffing Group LLC|State of Wisconsin|globaltalent@beaconhillstaffing.com|16178263974|Todal|Patel|4822 Madison Yards Way||Madison|DANE|Trupti N Patel & Associates|152 Bowdoin Street||Boston|MA|02108
Software Developer|CGI Technologies and Solutions Inc|State of Wisconsin|CGIUSEMLCA@cgi.com|17324282390|Josephine|Fix|201 West Washington Avenue||Madison|DANE|Fragomen, Del Rey, Bernsen & Loewy,LLP|11325 Random Hills Road||Fairfax|VA|22030
Salesforce Developer|CIS Technologies Inc|State of Wisconsin|immigration@cis-tec.com|19895289143|Ram|BUSIREDDY|834 E Washington Ave||Madison|DANE|SOMIREDDY LAW GROUP PLLC|7200 W. University|Suite 150|McKinney|TX|75071
Business Intelligence Analyst|Cognowiz LLC|State of Wisconsin|ishashah@cognowiz.com|12024654858|Isha|Shah|1 West Wilson Street||Madison|DANE|International Legal and Business Services Group LLP|44679 Endicott Drive|Suite 300-778|Ashburn|VA|20147
Business Intelligence Analyst|Dataquad Inc|State of Wisconsin|legal@dataqinc.com|18325012206|Sumanth|Sunkir|101 East Wilson Street||Madison|DANE|International Legal and Business Services Group LLP|2000 S. Dairy Ashford Road|Suite 405|Houston|TX|77077
Peoplesoft Analyst III|ERP Analysts Inc|State of Wisconsin|erpaimmigration@erpagroup.com|16147189222|Manjusha|Akkapeddi|101 E Wilson St||Madison|DANE|Sam Shihab & Associates LLC|425 Metro Place North|Suite 510|Dublin|OH|43017
Peoplesoft Analyst III|ERP Analysts Inc|State of Wisconsin|erpaimmigration@erpa.com|16147189222|Sheila|Ponder-Ault|101 E Wilson Street||Madison|DANE|Sam Shihab & Associates LLC|425 Metro Place North|Suite 510|Dublin|OH|43017
Geospatial Solutions Architect SR|Enterprise Solution Partners LLC|State of Wisconsin|mahi@esolutionpartners.com|14044226900|Mahidhar|Kanaparti|4802 Yards Way||Madison|DANE|Sikal, Adhipathi & Rowles LLC|1740 Grasslands Parkway|Suite 203|Alpharetta|GA|30004
Geospatial Solutions Architect SR|Enterprise Solution Partners LLC|State of Wisconsin|mahi@esolutionpartners.com|14044226900|Mahidhar|Kanaparti|4802 Yards Way||Madison|DANE|Sikal, Adhipathi & Rowles LLC|1740 Grasslands Parkway|Suite 203|Alpharetta|GA|30004
Application Architect|GEX Management Inc|State of Wisconsin|svanamali@gexmanagement.com|14699984670|Srikumar|Vanamali|101 S Webster Street||Madison|DANE|PATEL LAW GROUP, PLLC|5000 Riverside Drive|Building 6, Suite 100E|Irving|TX|75039
Computer Systems Engineer II|HUDSON DATA LLC|State of Wisconsin|CHAYA@HUDSONDATALLC.COM|17327094300|CHAYA|BATNI|201 E. Washington Ave||Madison|DANE|Jethmalani & Nallaseth PLLC|122 N. GENESEE STREET|SUITE 302A|GENEVA|NY|14456
Software Developer |IDRIL Services Corporation|State of Wisconsin|laci@idrilservices.com|14049373377|Laci|Dobbs|101 E. Wilson St||Madison|DANE|Velie Law Firm|172 Prospect Place||Alpharetta|GA|30005
PeopleSoft Consultant|MARS IT Corporation d/b/a MARS Solutions Group|State of Wisconsin|rashia@marsitcorp.com|12623473363|Rashi|Khosla|101 E Wilson St||Madison|DANE|Joseph Kallabat & Associates, P.C.|20900  Swenson Drive|Suite 300|Waukesha|WI|53186
NetSuite Developer |NEXT TECHNOLOGIES LLC|State of Wisconsin|ram@nxttechnologies.com|19168331480|Ram Kumar|Challa|3099 East Washington Ave||Madison|DANE|Challa Law Office, PC|8120 PENN AVE S|SUITE 100-D|BLOOMINGTON|MN|55431
Dot Net Developer|Neo Prism Solutions LLC|State of Wisconsin|hrteam@neoprisminc.com|17045002655|Veena|Vakity|201 E Washington Ave||Madison|DANE|Akula & Associates, P.C.|8501 Wade Blvd, Building V Suite 550||Frisco|TX|75034
Software Applications Developer|Nycasoft Inc|State of Wisconsin|rao@nycasoft.com|15089749279|Indira|Rao|17 W Main St||Madison|DANE||25 Central Square|Suite 6|Bridgewater|MA|02324
JAVA FULL STACK DEVELOPER|OBJECT EXPERTS LLC|State of Wisconsin|HR@OBJECTEXPERTSLLC.COM|19705525332|SHIVAGIRI J|NALLICHERI|834 East Washington Ave||Madison|DANE|THE LAW OFFICE OF SEEMA BANDA PLLC|8551 S ROME WAY||AURORA|CO|80016
Software Developer Applications|RSA TECH GROUP LLC|State of Wisconsin|hr@rsatechgroup.com|16178046186|Udaya|Vanteru|1 WEST WILSON STREET ROOM 650 PO BOX 7850||MADISON|DANE|THE LAW FIRM OF SIM, PARVATHANENI AND BROWN PLLC|2601 Little Elm Pkwy|Suite 303|Little Elm|TX|75068
Software Engineer |Redifcard Technologies LLC|State of Wisconsin|ram@redifcard.com|19168331480|Ram Kumar Reddy|Challa|1 West Wilson Street||Madison|DANE|Challa Law Office, PC|8120 PENN AVE S|SUITE 100-D|BLOOMINGTON|MN|55431
Software Application Developer|SPARK TEK Inc|State of Wisconsin|raj.perni@sparktekusa.com|19726668356|Nagaraju|Perni|201 W Washington Ave||Madison|DANE||2695 Villa Creek Dr|Ste B150|Farmers Branch|TX|75234
Software Engineer|Saipsit Inc|State of Wisconsin|narender@saipsit.com|19794819999|Narender|MondalReddy|802 Madison Yards Way||Madison|DANE|Reddy Neumann Brown PC|10998 S. Wilcrest Dr.,|Suite 123|Houston|TX|77099
Programmer / Analyst|Symphony Corporation|State of Wisconsin|usha.shankar@symphonycorp.com|16082063009|Usha|Narayanaswamy|4822 Madison Yards Way||Madison|DANE|Murthy Law Firm|22 East Mifflin Street|Suite 400|Madison|WI|53703
Software Developer|Symphony Corporation|State of Wisconsin|usha.shankar@symphonycorp.com|16082063009|Usha|Narayanaswamy|201 West Washington Avenue||Madison|DANE|Murthy Law Firm|22 East Mifflin Street|Suite 400|Madison|WI|53703
Software Developer|Symphony Corporation|State of Wisconsin|usha.shankar@symphonycorp.com|16086617608|Usha|Narayanaswamy|101 S. Webster Street||Madison|DANE|Murthy Law Firm|22 East Mifflin Street|Suite 400|Madison|WI|53703
Software Developer|Symphony Corporation|State of Wisconsin|usha.shankar@symphonycorp.com|16086617608|Usha|Narayanaswamy|101 S Webster Street||Madison|DANE|Murthy Law Firm|22 East Mifflin Street|Suite 400|Madison|WI|53703
Data Warehouse Developer|Symphony Corporation|State of Wisconsin|usha.shankar@symphonycorp.com|16082063009|Usha|Narayanaswamy|201 West Washington Avenue||Madison|DANE|Murthy Law Firm|22 East Mifflin Street|Suite 400|Madison|WI|53703
Programmer / Analyst|Symphony Corporation|State of Wisconsin|usha.shankar@symphonycorp.com|16082063009|Usha|Narayanaswamy|4822 Madison Yards Way||Madison|DANE|Murthy Law Firm|22 East Mifflin Street|Suite 400|Madison|WI|53703
Datawarehouse Developer|Symphony Corporation|State of Wisconsin|usha.shankar@symphonycorp.com|16082063009|Usha|Narayanaswamy|201 East Washington Avenue||Madison|DANE|Murthy Law Firm|22 East Mifflin Street|Suite 400|Madison|WI|53703
CRM Dynamics Developer|Symphony Corporation|State of Wisconsin|usha.shankar@symphonycorp.com|16086617608|Usha|Narayanaswamy|2811 Agriculture Drive||Madison|DANE|Murthy Law Firm|22 East Mifflin Street|Suite 400|Madison|WI|53703
Senior Programmer / Analyst|Symphony Corporation|State of Wisconsin|usha.shankar@symphonycorp.com|16086617608|Usha|Narayanaswamy|212 East Washington Avenue||Madison|DANE|Murthy Law Firm|22 East Mifflin Street|Suite 400|Madison|WI|53703
Software Developer|Symphony Corporation|State of Wisconsin|usha.shankar@symphonycorp.com|16082063009|Usha|Narayanaswamy|201 East Washington Avenue||Madison|DANE|Murthy Law Firm|22 East Mifflin Street|Suite 400|Madison|WI|53703
Software Developer|TECHNOVIZ LLC|State of Wisconsin|Info@technoviz.com|16082993333|PHANINDRA|PALETY|101 S. Webster St.||Madison|DANE|JOHN J. BOUDIA & ASSOCIATES PLC|8517 Excelsior Drive|SUITE 105|MADISON|WI|53717
QA Tester|V-Soft Consulting Group INC|State of Wisconsin|tanya@vsoftconsulting.com|15024258425|TANYA|BLOCKER|834 East Washington Ave||Madison|DANE||2550 EASTPOINT PARKWAY|STE 300|LOUISVILLE|KY|40223
.Net Developer|Vitosha Inc|State of Wisconsin|hr@vitoshainc.com|14845353344|Mousmi|Shah-Gandhi|201 E Washington Ave||Madison|DANE||1020 W 8th Ave|Suite 2AA|King of Prussia|PA|19406
Java Developer|PROSPECT INFOSYSTEM INC|State of Wisconsin  - DOT - Division of Transportation Investment Management|suren@prospectinfosystem.com|16365360505|SURENDRANADH|BYRAPUNENI|4822 Madison Yards Way||Madison|DANE|Shankar And Associates, PC|16020 SWINGLEY RIDGE ROAD|Suite 150|CHESTERFIELD|MO|63017
Software Developer|SQA Concepts Inc|State of Wisconsin ( WI Elections Commission )|hrsupport@sqaconceptsinc.com|17039827683|Balakrishna|PATLORI|201 West Washington Avenue|2nd Floor|Madison|DANE||44335 Premier Plaza|Suite 240|Ashburn|VA|20147
Mainframe  Developer|ITAMERICA INC|State of Wisconsin (DWD/DCF/DHS)|Immigration@itamerica.com|17329855100|PRAVEEN|THADAKAMALLA|201 E Washington Ave||Madison|DANE||100 METROPLEX DR SUITE 207||EDISON|NJ|08817
Software Developer|Encore Consulting Services Inc|State of Wisconsin (Department of Children and Families )|hradmin@encore-c.com|18472220244|Mary|Menet|201 West Washington Avenue||Madison|DANE||1701, E Wood field Road|Suite 910|Schaumburg|IL|60173
Systems Analyst|Smart Information Management Systems Inc|State of Wisconsin (Department of Revenue)|nagesh.reddy@smartims.com|16099553023|Nageshwar|Gouravaram|2135 Rimrock Rd||Madison|DANE|Shankar And Associates, PC|103 Morgan Lane|Suite 104|Plainsboro|NJ|08536
Systems Analyst|Smart Information Management Systems Inc|State of Wisconsin (Department of Revenue)|nagesh.reddy@smartims.com|16099553023|Nageshwar|Gouravaram|2135 Rimrock Rd||Madison|DANE|Shankar And Associates, PC|103 Morgan Lane|Suite 104|Plainsboro|NJ|08536
Information Security Analyst|Encore Consulting Services Inc|State of Wisconsin (Department of Workforce Development)|hradmin@encore-c.com|18472220244|Mary|Menet|201 E Washington Avenue||Madison|DANE||1701 E Woodfield Road|Suite 910|Schaumburg|IL|60173
Information Security Analyst|NATIONAL CONSULTING GROUP INC|State of Wisconsin (Department of Workforce Development)|manik@ncgincusa.com|19086558515|Manik|Rayudu|201 E Washington Avenue||Madison|DANE||5 Independence Way,|Suite 300|Princeton|NJ|08540
.NET Developer|CloudnineTek LLC|State of Wisconsin - DAIT|Immigration@cloudninetek.com|12347014004|Nathan|Patel|101 East Wilson Street||Madsion|DANE||10735 David Taylor Dr|suite 320|Charlotte|NC|28262
.Net Web Developer|JRSS Corporation|State of Wisconsin - DHS|priya@jrsscorp.com|16086926108|Vishnu Priya|Gali|1 West Wilson Street||Madison|DANE|Murthy Law Firm|202 W Verona Ave|Suite 200|Verona|WI|53593
Senior Software Engineer|SYNAPSIS INC|State of Wisconsin - DHS (Department of Health Services)|admin@synapsisinc.com|12175034990|MASTAN|PAIDELA|101 E. Wilson Street, B1||Madison|DANE||3161 W WHITE OAKS DR|STE 302|SPRINGFIELD|IL|62704
Java Developer|Tek Excel Inc|State of Wisconsin - DOR|info@tekexcelinc.com|18479870170|Suresh K|Paimagham|2135 Rimrock Rd||Madison|DANE|International Legal and Business Services Group LLP|450 Airport Road|Suite 109|Elgin|IL|60123
SYSTEM ADMINISTRATOR 2|AdvanSoft International Inc|State of Wisconsin - DOT|ramg@adso.com|18479520000|Ram|Devarapalli|4822 Madison Yards Way||Madison|DANE||135 E Algonquin Road|Suite B|Arlington Heights|IL|60005
Geospatial Solutions Developer|PROSPECT INFOSYSTEM INC|State of Wisconsin - DOT|suren@prospectinfosystem.com|16365360505|SURENDRANADH|BYRAPUNENI|4802 Madison Yards Way||Madison|DANE|Shankar And Associates, PC|16020 SWINGLEY RIDGE ROAD|Suite 150|CHESTERFIELD|MO|63017
Geospatial Solutions Developer|PROSPECT INFOSYSTEM INC|State of Wisconsin - DOT|suren@prospectinfosystem.com|16365360505|SURENDRANADH|BYRAPUNENI|4802 Madison Yards Way||Madison|DANE|Shankar And Associates, PC|16020 SWINGLEY RIDGE ROAD|Suite 150|CHESTERFIELD|MO|63017
Geospatial Solutions Developer|PROSPECT INFOSYSTEM INC|State of Wisconsin - DOT|suren@prospectinfosystem.com|16365360505|SURENDRANADH|BYRAPUNENI|4802 Madison Yards Way||Madison|DANE|Shankar And Associates, PC|16020 SWINGLEY RIDGE ROAD|Suite 150|CHESTERFIELD|MO|63017
Database Administrator|CORPORATE SOLUTIONS GENERAL INC|State of Wisconsin - Department of Administration|NETHRA@CORSOGEN.COM|19547985472|NETHRA|KURUVU MANOHAR|5830 Femrite Drive||Madison|DANE||6201 BONHOMME ROAD|STE 428 S|HOUSTON|TX|77036
Network Engineer|Numbers Only Inc|State of Wisconsin - Department of Administration|SPOLAVARAPU@NUMBERSONLY.COM|18172516200|SHARMILA|POLAVARAPU|5830 Femrite Dr||Madison|DANE|Shankar And Associates, PC|1848 Norwood Plaza|Suite 112|Hurst|TX|76054
Network Engineer|Numbers Only Inc|State of Wisconsin - Department of Administration|SPOLAVARAPU@NUMBERSONLY.COM|18172516200|SHARMILA|POLAVARAPU|5830 Femrite Dr||Madison|DANE|Shankar And Associates, PC|1848 Norwood Plaza|Suite 112|Hurst|TX|76054
.Net Developer|Palni Inc|State of Wisconsin - Department of Children and Families|patty@palni.com|12145010690|Patricia|Johnson|201 W Washington Avenue||Madison|DANE|INTERNATIONAL LEGAL AND BUSINESS SERVICES GROUP LLP|8951 Collin McKinney Parkway|1101|McKinney|TX|75070
Quality Assurance Analyst|COMPUNNEL SOFTWARE GROUP INC|State of Wisconsin - Department of Corrections|immigration@compunnel.com|16096069010|Arun|Krishnanunni|3099 E Washington Ave||Madison|DANE||4390 Route 1 North|Suite 302|Princeton|NJ|08540
DevOPS System Analyst (Techincal Architect III)|USM Business Sytems Inc|State of Wisconsin - Department of Employee Trust Funds|immigration@usmsystems.com|17032630855|Madan|Kondayyagari|4822 Madison Yards Way||Madison|DANE||14175 Sullyfield Circle|Suite 400|Chantilly|VA|20151
Epidemiologist-Advanced|Eight Eleven Group LLC|State of Wisconsin - Department of Health|mdroese@eightelevengroup.com|13177315102|Mark|Droese|1 W Wilson Street||Madison|DANE|Corporate Immigration Partners, P.C.|6215 N. College Avenue||Indianapolis|IN|46220
Epidemiologist-Advanced|Eight Eleven Group LLC|State of Wisconsin - Department of Health|mdroese@eightelevengroup.com|13177315102|Mark|Droese|1 W Wilson Street||Madison|DANE|Corporate Immigration Partners, P.C.|6215 N. College Avenue||Indianapolis|IN|46220
Software Developer|PINTEGRA LLC|State of Wisconsin - Department of Natural Resources|PRAGNYA.REDDY@PINTEGRALLC.COM|15054009884|PRAGNYA|BATHULA|505 W VERONA AVENUE|APT. 332|VERONA|DANE|Tadmor & Tadmor LLP|140 E. Ridgewood Avenue|Suite 415, South Tower|Paramus|NJ|07652
Java Developer|TECHNOVIZ LLC|State of Wisconsin - Department of Revenue|Info@technoviz.com|16082993333|PHANINDRA|PALETY|2135 Rimrock Road||Madison|DANE|JOHN J. BOUDIA & ASSOCIATES PLC|8517 Excelsior Drive|SUITE 105|MADISON|WI|53717
Software Developer|Encore Consulting Services Inc|State of Wisconsin - Department of Transport|hradmin@encore-c.com|18472220244|Chak|Akula|Hill Farm State Office Building, 4822 Madison Yards Way||Madison|SHEBOYGAN||1701, E Wood field Road|Suite 910|Schaumburg|IL|60173
Database Architect|COOLSOFT LLC|State of Wisconsin - Department of Transportation (DOT)|roger@coolsofttech.com|15023279805|Roger|Natarajan|4822 Madison Yards Way||Madison|DANE||3240 OFFICE POINTE PLACE|SUITE 200|LOUISVILLE|KY|40220
Database Architect|Symphony Corporation|State of Wisconsin - Department of Workforce Development|usha.shankar@symphonycorp.com|16086617608|Usha|Narayanaswamy|201 East Washington Avenue||Madison|DANE|Murthy Law Firm|22 East Mifflin Street|Suite 400|Madison|WI|53703
Software Engineer|Lakshya Technologies Inc|State of Wisconsin - Dept of Justice (remote address)|hr@lakshya-tech.com|13262141397|Akshara|Jonna|2400 E Bradford Avenue||Milwaukee|MILWAUKEE|John Clement PLC|625 Mary Ln||Miamisburg|OH|45342
Business Analyst|COMPROBASE INC|State of Wisconsin - Dept. of Employee Trust Funds|hr@comprobase.com|17034442525|Alexandra|Claflin|4822 Madison Yards Way||Madison|DANE|BBI Law Group, P.C.|21351 GENDRY DRIVE|SUITE 245|STERLING|VA|20166
Microsoft .Net Web Developer III|Codeworks LLC|State of Wisconsin - Division of Children & Family|courtney.kerchoff@codeworks-inc.com|12624328333|Daniel|Fuhrman|201 East Washington Avenue||Madison|DANE|Meltzer Hellrung LLC|17800 W Capital Drive||Brookfield|WI|53045
Business Analyst|Ivorsource LLC|State of Wisconsin - Employee Trust Funds|hr@ivorsource.com|17272500369|Aravind|Venigalla|4822 Madison Yards Way||Madison|DANE||106 SE Executive Drive|STE 6|Bentonville|AR|72712
CRM Dynamics Developer|Symphony Corporation|State of Wisconsin DATCP|usha.shankar@symphonycorp.com|16086617608|Usha|Narayanaswamy|2811 Agriculture Drive||Madison|DANE|Murthy Law Firm|22 East Mifflin Street|Suite 400|Madison|WI|53703
Sr. IT Data Architect|COOLSOFT LLC|State of Wisconsin DOT|bala@coolsofttech.com|15023279805|Bala|Chittem|4822 Madison Yards Way||Madison|DANE||3240 OFFICE POINTE PLACE|SUITE 200|LOUISVILLE|KY|40220
Java Developer|Symphony Corporation|State of Wisconsin DOT|usha.shankar@symphonycorp.com|16082063009|Usha|Narayanaswamy|4822 Madison Yards Way||Madison|DANE|Murthy Law Firm|22 East Mifflin Street|Suite 400|Madison|WI|53703
CRM Integration Specialist|V-Soft Consulting Group INC|State of Wisconsin Department of Administration(DOA)|tanya@vsoftconsulting.com|15024258425|TANYA|BLOCKER|4822 Madison Yards Way||Madison|DANE||2550 EASTPOINT PARKWAY|STE 300|LOUISVILLE|KY|40223
JAVA DEVELOPER |Doli Systems Inc|State of Wisconsin Department of Corrections|balajimo@dolisystems.com|19738189705|Balaji|Modhagala|Bureau of Technology Management|3099 E Washington Ave.|Madison|DANE|Rekhi Law Offices LLC|2983 John F Kennedy Blvd|Suite 200|Jersey City|NJ|07306
Java Developer|Doli Systems Inc|State of Wisconsin Department of Corrections|balajimo@dolisystems.com|19738189705|Balaji|Modhagala|Bureau of Technology Management|3099 E Washington Ave.|Madison|DANE|Rekhi Law Offices LLC|2983 John F Kennedy Blvd|Suite 200|Jersey City|NJ|07306
Java Developer|Maruthi Technologies Inc|State of Wisconsin Department of Corrections|legal_admin@anblicks.com|18172479060|Robert|Freeman|3099 E. Washington Ave||Madison|DANE|Challa Law Office, PC.|14911 Quorum Drive|SUITE 390|Dallas|TX|75254
Software Developer|ISR Info Way Inc|State of Wisconsin Department of Employee Trust Funds|gayathri@isrinfo.com|16088277884|Gayathri|Dinakaran|4822 Madison Yards Way||Madison|DANE|Murthy Law Firm|559 DOnofrio Dr|Suite 101 & 102|Madison|WI|53719
Data Engineer|TECHNOVIZ LLC|State of Wisconsin Department of Employee Trust Funds|Info@technoviz.com|16082993333|PHANINDRA|PALETY|4822 Madison Yards Way||Madison|DANE|JOHN J. BOUDIA & ASSOCIATES PLC|8517 Excelsior Drive|SUITE 105|MADISON|WI|53717
Sr. Java Developer|TECHNOVIZ LLC|State of Wisconsin Department of Employee Trust Funds (ETF)|Info@technoviz.com|16082993333|PHANINDRA|PALETY|4822 Madison Yards Way||Madison|DANE|JOHN J. BOUDIA & ASSOCIATES PLC|8517 Excelsior Drive|SUITE 105|MADISON|WI|53717
Database Administrator|Bhrigus Inc|State of Wisconsin Department of Health Services|kr@bhrigus.com|12489101349|Kutumbarao|Ravi|1 W Wilson St.||Madison|DANE||38345 W 10 Mile Road|Suite 125|Farmington Hills|MI|48335
Java Developer |E-IT PROFESSIONALS CORP.|State of Wisconsin Department of Health Services|rao@eitprofessionals.com|17344160059|PRABHAKARA|NALAMOTHU|1 West Wilson St||Madison|DANE|LAW OFFICE OF SOO PARK, PLC|17199 N LAUREL PARK DR.|SUITE 402|LIVONIA|MI|48152
Software Engineer III|Oriontek Inc|State of Wisconsin Department of Health Services (DHS)|anil@oriontekinc.com|16787651678|Anil|Punnapu|1 West Wilson Street||Madison|DANE|SHANKAR & ASSOCIATES, P.C.|566 Peachtree Pkwy|Suite 121|Cumming|GA|30041
BUSINESS ANALYST/CONSULTANT 1V|TECH SMART SOLUTIONS LLC|State of Wisconsin Department of Libraries, Technology, & Community Learning|info@tssus.net|15512270336|VIKRAM|ODEDARA|25 S. Webster Street, 5th floor||Madison|DANE||190 ROUTE 27 SUITE 107||EDISON|NJ|08820
Data Warehouse Analyst III|PINTEGRA LLC|State of Wisconsin Department of Transportation|PRAGNYA.REDDY@PINTEGRALLC.COM|15054009884|PRAGNYA|BATHULA|1915 Swainson Dr||Verona|DANE|Tadmor & Tadmor LLP|140 E. Ridgewood Avenue|Suite 415, South Tower|Paramus|NJ|07652
GIS Engineer |Vuesol Technologies Inc|State of Wisconsin Department of Transportation|legal@vuesol.com|16788620550|Asma|Ratani|4822 Madison Yards Way||Madison|DANE|Reddy & Neumann P.C.|4625 Alexander Dr. Ste. 245||Alpharetta|GA|30022
 GIS Engineer|Vuesol Technologies Inc|State of Wisconsin Department of Transportation|legal@vuesol.com|16788620550|Asma|Ratani|4822 Madison Yards Way||Madison|DANE|Reddy & Neumann P.C.|4625 Alexander Dr. Ste. 245||Alpharetta|GA|30022
Database Architect|Symphony Corporation|State of Wisconsin Department of Workforce Development|usha.shankar@symphonycorp.com|16086617608|Usha|Narayanaswamy|201 East Washington Avenue||Madison|DANE|Murthy Law Firm|22 East Mifflin Street|Suite 400|Madison|WI|53703
Software Developer|Adam Information Technologies LLC|State of Wisconsin Dept of Children and Families|nabi@adaminfotech.com|16088277950|Nabi|Shaik|201 West Washington Avenue||Madison|DANE|Global Immigration Partners Inc|402 Gammon Pl.|Suite 270|Madison|WI|53719
Business  Analyst|Strategic Resources International Inc|State of Wisconsin Dept of workforce Development  DWD|bharath@sriusa.com|17328874646|Bharath|Sreerangam|201 E. Washington Ave||Madison|DANE||777 Washington Road|2|Parlin|NJ|08859
Software Engineer|Adam Information Technologies LLC|State of Wisconsin Dept. of Children and Families|nabi@adaminfotech.com|16088277950|Nabi|Shaik|201 W. Washington Ave.||Madison|DANE|Global Immigration Partners Inc|402 Gammon Pl.|Suite 270|Madison|WI|53719
Sr. Programmer Analyst|KSN Technologies Inc|State of Wisconsin Dept. of Employee Trust Funds|kareem@ksntech.com|12198774770|Kareem|Khan|4822 Madison Yards Way|Flr. 8|Madison|DANE|Global Immigration Partners Inc|364 Indian Boundary Road|Suite A|Chesterton|IN|46304
Sr. Programmer Analyst|KSN Technologies Inc|State of Wisconsin Dept. of Employee Trust Funds|kareem@ksntech.com|12198774770|Kareem|Khan|4822 Madison Yards Way|Flr. 8|Madison|DANE|Global Immigration Partners Inc|364 Indian Boundary Road|Suite A|Chesterton|IN|46304
Senior Java Developer|Ventois Inc|State of Wisconsin Dept. of Employee Trust Funds (ETF)|skota@ventois.com|15089257979|Suman Reddy|Kota|4822 Madison Yards Way  PO Box 7931||Madison|DANE|International Legal and Business Services Group LLP|382 Boston Tpke|Suite 201|Shrewsbury|MA|01545
Business Systems Analyst|Dynamic Enterprise Solutions Inc|State of Wisconsin Investment Board|lokesh@dynamic-enterprise.net|18473135700|Helen|Park|121 E Wilson St||Madison|DANE|International Legal and Business Services Group LLP|1801 Hicks Road|Unit A|Rolling Meadows|IL|60008
Business Analyst|SYNAPSIS INC|State of Wisconsin Investment Board|admin@synapsisinc.com|12175034990|MASTAN|PAIDELA|420 W Dayton Street|Apt. No.558|Madison|DANE||3161 W WHITE OAKS DR|STE 302|SPRINGFIELD|IL|62704
Senior Software Engineer|SGS TECHNOLOGIE LLC|State of Wisconsin Public Defender|simmy@sgstechnologies.net|19043324534|Simmy|Prabhu|17 S Fairchild ST 2nd Floor||Madison|DANE|The Sharma Law Office, P.A.|6817 SOUTHPOINT PARKWAY|SUITE 2104|JACKSONVILLE|FL|32216
Data Analyst|Adam Information Technologies LLC|State of Wisconsin – DCF|nabi@adaminfotech.com|16088277950|Nabi|Shaik|201 W. Washington Ave., Tommy G Thompson Building||Madison|DANE|Global Immigration Partners Inc|402 Gammon Pl.|Suite 270|Madison|WI|53719
Java Developer|Tek Excel Inc|State of Wisconsin – DOR|info@tekexcelinc.com|18479870170|Suresh K|Paimagham|2135 Rimrock Rd||Madison|DANE|International Legal and Business Services Group LLP|450 Airport Road|Suite 109|Elgin|IL|60123
Java Developer|Tek Excel Inc|State of Wisconsin – DOR|info@tekexcelinc.com|18479870170|Suresh K|Paimagham|2135 Rimrock Rd||Madison|DANE|International Legal and Business Services Group LLP|450 Airport Road|Suite 109|Elgin|IL|60123
Java Developer|Tek Excel Inc|State of Wisconsin – DOR|info@tekexcelinc.com|18479870170|Suresh K|Paimagham|2135 Rimrock Rd||Madison|DANE|International Legal and Business Services Group LLP|450 Airport Road|Suite 109|Elgin|IL|60123
Software Engineer|Frontier Technologies LLC|State of Wisconsin – Department of Children & Families|pandu@frontiertechllc.com|16306871606|Pandu|Yelamanchili|201 West Washington Avenue||Madison|DANE|Joseph Kallabat & Associates, P.C.|602 West Fifth Avenue|Unit C|Naperville|IL|60563
SOFTWARE ENGINEER|KASTECH SOLUTIONS LLC|State of Wisconsin – Department of Health Services|SRI@KASTECHSSG.COM|12817244566|SRIDHAR|PATIBANDLA|1 West Wilson|N/A|Madison|DANE||6918 CORPORATE DR|SUITE A1|HOUSTON|TX|77036
Software Developer|APTION LLC|State of Wisconsin – Department of Revenue|MLAKK@APTION.US|15713653547|Ramakrishna|L.N.|2135 RIMROCK RD||MADISON|DANE|BBI LAW GROUP P.C.|14113 ROBERT PARIS CT|STE 107|Chantilly|VA|20151
Software Engineer - Lead|COOLSOFT LLC|State of Wisconsin – Department of Transportation (DOT)|roger@coolsofttech.com|15023279805|Roger|Natarajan|4822 Madison Yards Way||Madison|DANE||3240 OFFICE POINTE PLACE|SUITE 200|LOUISVILLE|KY|40220
.NET Developer III|Novalink Solutions LLC|State of Wisconsin – Department of Transportation (DOT)|reports@novalink-solutions.com|14705672003|Huu|Phan|4802 Madison Yards Way||Madison|DANE|Malik & Popiel, P.C.|1186 Satellite Blvd|Suite 250|Suwanee|GA|30024
BI Data Warehouse Development Lead|Empower Professionals Inc|State of Wisconsin, DCF|ctighe@empowerprofessionals.com|17323560880|Christopher|Tighe|201 E. Washington Ave|2nd floor|Madison|DANE||100 Franklin Square Dr,|Ste 104|Somerset|NJ|08873
BI Data Warehouse Development Lead|Empower Professionals Inc|State of Wisconsin, DCF|ctighe@empowerprofessionals.com|17323560880|Christopher|Tighe|7013 Cardinal Drive||Middleton|DANE||100 Franklin Square Dr,|Ste 104|Somerset|NJ|08873
Database Architect|Empower Professionals Inc|State of Wisconsin, DCF|ctighe@empowerprofessionals.com|17323560880|Christopher|Tighe|201 E. Washington Ave|2nd floor|Madison|DANE||100 Franklin Square Dr,|Ste 104|Somerset|NJ|08873
SYSTEMS ANALYST|NATSOFT CORPORATION|State of Wisconsin, DEPARTMENT OF WORKFORCE DEVELOPMENT|TIMMY@NATSOFT.US|17327260593|TIRUMALA|CHEEDALA|201 E WASHINGTON AVE||MADISON|DANE||27 WORLDS FAIR DR||SOMERSET|NJ|08873
SOFTWARE ENGINEER|NATSOFT CORPORATION|State of Wisconsin, DEPARTMENT OF WORKFORCE DEVELOPMENT|TIMMY@NATSOFT.US|17327260593|TIRUMALA|CHEEDALA|201 E WASHINGTON AVE||MADISON|DANE||27 WORLDS FAIR DR||SOMERSET|NJ|08873
SOFTWARE ENGINEER|NATSOFT CORPORATION|State of Wisconsin, DEPARTMENT OF WORKFORCE DEVELOPMENT|TIMMY@NATSOFT.US|17327260593|TIRUMALA|CHEEDALA|201 E WASHINGTON AVE||MADISON|DANE||27 WORLDS FAIR DR||SOMERSET|NJ|08873
.Net Developer|Static IQ Corp|State of Wisconsin, Department of Administration|hr@staticiq.com|14146443390|Rahul Reddy|Kamireddy|101 E, Wilson Street, 8th Floor||Madison|DANE|Akula & Associates, P.C.|12300 Ford Road|Suite B190|Farmers Branch|TX|75234
Software Engineer|CodeRyze Inc|State of Wisconsin, Department of Corrections|amanikyala@coderyzeinc.com|19797466359|Abhishek|Manikyala|3099 East Washington Ave.||Madison|DANE|Feldman & Bossert LLC|4600 HWY 6 N|Suite 378|Houston|TX|77084
INFORMATION SECURITY ANALYST|ENCORE CONSULTING SERVICES INC|State of Wisconsin, Department of Corrections|HRADMIN@ENCORE-C.COM|18472220244|Chak|Akula|3099 E Washington Ave||Madison|DANE||1701 E WOODFIELD ROAD|SUITE-910|SCHAUMBURG|IL|60173
INFORMATION SECURITY ANALYST|ENCORE CONSULTING SERVICES INC|State of Wisconsin, Department of Corrections|HRADMIN@ENCORE-C.COM|18472220244|Mary|Menet|3099 E Washington Ave||Madison|DANE||1701 E WOODFIELD ROAD|SUITE-910|SCHAUMBURG|IL|60173
INFORMATION SECURITY ANALYST|ENCORE CONSULTING SERVICES INC|State of Wisconsin, Department of Corrections|HRADMIN@ENCORE-C.COM|18472220244|Chak|Akula|3099 E Washington Ave||Madison|DANE||1701 E WOODFIELD ROAD|SUITE-910|SCHAUMBURG|IL|60173
Information Security Analyst|Encore Consulting Services Inc|State of Wisconsin, Department of Corrections|hradmin@encore-c.com|18472220244|Mary|Menet|3099 E Washington Ave||Madison|DANE||1701 E Woodfield Road|Suite 910|Schaumburg|IL|60173
Information Security Analyst|Encore Consulting Services Inc|State of Wisconsin, Department of Corrections|hradmin@encore-c.com|18472220244|Mary|Menet|3099 E Washington Ave||Madison|DANE||1701, E Wood field Road|Suite 910|Schaumburg|IL|60173
Java Developer|Inteliroute Technologies LLC|State of Wisconsin, Department of Corrections|legal@inteliroute.net|15153092777|Sridhar|Gorrepati|3099 E. Washington Ave.||Madison|DANE|GREENSPOON MARDER LLP|11302 Aurora Avenue||Urbandale|IA|50322
Sr. Java Developer|Ventois Inc|State of Wisconsin, Department of Employee Trust Funds (ETF)|skota@ventois.com|15089257979|Suman Reddy|Kota|4822 Madison Yards Way, Hill Farms State Office Building||Madison|DANE|International Legal and Business Services Group LLP|382 Boston Tpke|Suite 201|Shrewsbury|MA|01545
Quality Assurance Analyst IV|PYRAMID TECHNOLOGY SOLUTIONS INC|State of Wisconsin, Department of Health Services|HRS@PYRAMIDINC.COM|13172809900|Swati|Kaushik|1 West Wilson Street||Madison|DANE||9535 E 59TH STREET|SUITE A|INDIANAPOLIS|IN|46216
Software Engineer|SupraSoft Inc|State of Wisconsin, Department of Justice|satya@suprasoft.com|18479691314|Satya|Kandimalla|17 West Main Street|8th Floor|Madison|DANE|Joseph Kallabat & Associates, P.C.|830 E. Higgins Road|Suite 111 J|Schaumburg|IL|60173
Java Developer|SupraSoft Inc|State of Wisconsin, Department of Justice, Bureau of Computing Services|legal@suprasoft.com|18479691314|Satya|Kandimalla|17 West Main Street|8th Floor|Madison|DANE|Joseph Kallabat & Associates, P.C.|830 E. Higgins Road|Suite 111 J|Schaumburg|IL|60173
Software Developer|Vastika Inc|State of Wisconsin, Department of Transportation|ravi@vastika.com|19722686193|Ravi|Joshi|4822 Madison Yards Way||Madison|DANE|Corporate Immigration Partners, P.C.|1200 W Walnut Hill Lane||Irving|TX|75038
Systems Engineer/Administrator|IMCS Group Inc|State of Wisconsin, Department of Transportation (DOT)|SATISH@IMCSGROUP.NET|19729296600|SATISH|KUMAR|4822 Madison Yards Way||Madison|DANE||9901 East Valley Ranch Parkway|Suite 3020|Irving|TX|75063
Business Systems Analyst|Technocorp Solutions Inc|State of Wisconsin, Department of Workforce Development|hr@technocorpinc.com|18328347262|Madhupal|Pylla|201 E Washington Avenue||Madison|COLUMBIA||5433 Westheimer Road|Suite 404|Houston|TX|77056
Business Systems Analyst|Technocorp Solutions Inc|State of Wisconsin, Department of Workforce Development|hr@technocorpinc.com|18328347262|Madhupal|Pylla|201 E Washington Avenue||Madison|DANE||5433 Westheimer Road|Suite 404|Houston|TX|77056
Software Developer|TECHNOVIZ LLC|State of Wisconsin, Dept of Children and Families|Info@technoviz.com|16082993333|PHANINDRA|PALETY|201 West Washington Avenue||Madison|DANE|JOHN J. BOUDIA & ASSOCIATES PLC|8517 Excelsior Drive|SUITE 105|MADISON|WI|53717
Software Engineer |ISR INFO WAY INC|State of Wisconsin, Employee Trust Funds|gayathri@isrinfo.com|16088277884|GAYATHRI|DINAKARAN|4822 Madison Yards Way||Madison|DANE|JOHN J. BOUDIA & ASSOCIATES PLC|559 DOnofrio Drive|Suite 101 & 102|Madison|WI|53719
Quality Assurance Analyst|Zonestra Technologies LLC|State of Wisconsin- DWD|immi@zonestra.com|16822359849|Julie|DeGutis|201 E Washington Avenue||Madison|DANE||814 San Jacinto Blvd|Suite 400|Austin|TX|78701
Quality Assurance Analyst|Zonestra Technologies LLC|State of Wisconsin- DWD- DET|hr@zonestra.com|16822359849|Julie|DeGutis|201 E Washington Avenue||Madison|DANE||814 San Jacinto Blvd|Suite 400|Austin|TX|78701
SOFTWARE DEVELOPER|COMPUNNEL SOFTWARE GROUP INC|State of Wisconsin- Department of Corrections|IMMIGRATION@COMPUNNEL.COM|16096069010|STEVE|MONTELEONE|3099 E Washington Ave||Madison|DANE||103 MORGAN LANE|SUITE 102|PLAINSBORO|NJ|08536
SOFTWARE DEVELOPER|COMPUNNEL SOFTWARE GROUP INC|State of Wisconsin- Department of Corrections|IMMIGRATION@COMPUNNEL.COM|16096069010|STEVE|MONTELEONE|3099 E Washington Ave||Madison|DANE||103 MORGAN LANE|SUITE 102|PLAINSBORO|NJ|08536
Data Warehouse Developer III|Info Services LLC|State of Wisconsin- Department of Corrections|madhav@infoservicesllc.com|17343776007|Madhava|Kota|3099 East Washington Avenue||Madison|DANE|Joseph Kallabat & Associates, P.C.|17177 North Laurel Park Drive|Suite 335|Livonia|MI|48152
Data Warehouse Developer III|Info Services LLC|State of Wisconsin- Department of Corrections|madhav@infoservices.com|17343776007|Madhava|Kota|3099 East Washington Avenue||Madison|DANE|Joseph Kallabat & Associates, P.C.|17177 North Laurel Park Drive|Suite 335|Livonia|MI|48152
Data Warehouse Developer III|Info Services LLC|State of Wisconsin- Department of Corrections|madhav@infoservicesllc.com|17343776007|Madhava|Kota|3099 East Washington Avenue||Madison|DANE|Joseph Kallabat & Associates, P.C.|17177 North Laurel Park Drive|Suite 335|Livonia|MI|48152
Business Solutions Manager|Midwestern IT INC|State of Wisconsin- Department of Workforce Development|hr@midwesternit.com|12245053566|Mrunal|Patel|201 E Washington Ave||Madison|DANE||333 N Randall Road|Suite 152|St. Charles|IL|60174
Business Solutions Manager|Midwestern IT INC|State of Wisconsin- Department of Workforce Development|hr@midwesternit.com|12245053566|Mrunal|Patel|201 E Washington Ave||Madison|DANE||333 N Randall Road|Suite 152|St. Charles|IL|60174
.Net Developer|Logic Planet Inc|State of Wisconsin- Department ofWork  force development|emailimmigration@logicplanet.com|17324476027|Sudhir|Pakalapati|201E. Washington Ave||Madison|DANE||4525 Route 27||Princeton|NJ|08540
Data Warehouse Analyst III|SCHRILL TECHNOLOGIES INC|State of Wisconsin-DCF (Department of Children and Families)|JD@SCHRILLTECH.COM|17324477498|JANAKI|SARIKONDA|201 E Washington Ave||Madison|DANE||6201 BONHOMME ROAD|STE 430-S|HOUSTON|TX|77036
Data Warehouse Analyst III|SCHRILL TECHNOLOGIES INC|State of Wisconsin-DCF (Department of Children and Families)|JD@SCHRILLTECH.COM|17324477498|JANAKI|SARIKONDA|201 E Washington Ave||Madison|DANE||6201 BONHOMME ROAD|STE 430-S|HOUSTON|TX|77036
Data Warehouse Analyst III|SCHRILL TECHNOLOGIES INC|State of Wisconsin-DCF (Department of Children and Families)|JD@SCHRILLTECH.COM|17324477498|JANAKI|SARIKONDA|201 E Washington Ave||Madison|DANE||6201 BONHOMME ROAD|STE 430-S|HOUSTON|TX|77036
Senior Business Analyst|JRSS Corporation|State of Wisconsin-Department of Health Services|priya@jrsscorp.com|16086926108|Vishnu Priya|Gali|1 West Wilson Street||Madison|DANE|Murthy Law Firm|202 W Verona Ave|Suite 200|Verona|WI|53593
Senior Software Developer|TECHNOVIZ LLC|State of Wisconsin-Department of Justice|Info@technoviz.com|16082993333|PHANINDRA|PALETY|17 W. Main St.||Madison|DANE|JOHN J. BOUDIA & ASSOCIATES PLC|8517 Excelsior Drive|SUITE 105|MADISON|WI|53717
Software Engineer|Realsoft Technologies LLC|State of Wisconsin-Department of Workforce Development|info@realsoftech.com|17036899945|Vijayapal|Pailla|201 E Washington Avenue||Madison|DANE|BBI Law Group, P.C.|503 Carlisle Drive|Suite 175|Herndon|VA|20170
BI Developer|TECHNOVIZ LLC|State of Wisconsin/Department of Children and Families|Info@technoviz.com|16082993333|PHANINDRA|PALETY|201 West Washington Avenue||Madison|DANE|JOHN J. BOUDIA & ASSOCIATES PLC|8517 Excelsior Drive|SUITE 105|MADISON|WI|53717
Sr. .Net  Developer|TECHNOVIZ LLC|State of Wisconsin/Dept. of Natural Resources|Info@technoviz.com|16082993333|PHANINDRA|PALETY|101 S Webster St.||Madison|DANE|JOHN J. BOUDIA & ASSOCIATES PLC|8517 Excelsior Drive|SUITE 105|MADISON|WI|53717
DATA WAREHOUSE ANALYST|NATIONAL COMPUTER SYSTEMS|THE STATE OF WISCONSIN - DEPARTMENT OF TRANSPORTATION (WI - DOT)|CVS@NCSUS.NET|17324704955|SRIDHAR|CHILLARA|4822 MADISON YARDS WAY||MADISON|DANE|LAW OFFICE OF THOMAS V. ALLEN PLLC.|255 OLD NEW BRUNSWICK ROAD|SUITE N320|PISCATAWAY|NJ|08854
PROGRAMMER ANALYST|RELIABLE SOFTWARE RESOURCES|THE WISCONSIN DEPARTMENT OF WORKFORCE DEVELOPMENT|HR@RSRIT.COM|12389126819|VENKAT|VINUTHA|201 E WASHINGTON AVE||MADISON|DANE||22260 HAGGERTY ROAD|SUITE 285|NORTHVILLE|MI|48167
BI Analyst|Numero Data LLC|The State of Wisconsin – WI Department of Transportation|sushmita@numerodata.com|15715100080|Sushmita|SINGH|4822 Madison Yards Way,|7th Floor South|Madison|DANE||620 Herndon Pkwy|200A|Herndon|VA|20170
Computer System Analyst|Namitus Technologies Inc|WI DHS (Department of Health services)|Sateesh@namitus.com|12145133133|Sateesh|Nagilla|834 E Washington Ave||Madison|DANE||9300 John Hickman Pkwy|Suite 905|Frisco|TX|75035
Software Developer|Namitus Technologies Inc|WI DHS (Department of Health services)|Sateesh@namitus.com|12145133133|Sateesh|Nagilla|834 E Washington Ave||Madison|DANE||9300 John Hickman Pkwy|Suite 905|Frisco|TX|75035
Software Developer|Namitus Technologies Inc|WI DHS (Department of Health services)|Sateesh@namitus.com|12145133133|Sateesh|Nagilla|834 E Washington Ave||Madison|DANE||9300 John Hickman Pkwy|Suite 905|Frisco|TX|75035
Software Developer|Agile IT Global LLC|WI DHS (Department of health services) / Deloitte|hr@AgileITGlobal.com|12145133133|Sateesh|Nagilla|834 E Washington Ave||Madison|DANE||8105 Rasor Blvd, Suite 247||Plano|TX|75024
Software Developer|Namitus Technologies Inc|WI DHS (Department of health services) / Deloitte|Sateesh@namitus.com|12146180850|Nagilla|Sateesh|834 E Washington Ave||Madison|DANE||9300 John Hickman Pkwy Suite 905||Frisco|TX|75035
JAVA DEVELOPER|FRANKLIN INFOTECH INC|WIS DOT (WISCONSIN DEPARTMENT OF TRANSPORT)|HR@FRANKLININFO.NET|19088405678|POORNIMAH SUNDARRAJAN|RAVIRAJ|4822 MADISON YARDS WAY||MADISON|DANE|LAW OFFICE OF THOMAS V. ALLEN PLLC.|700 MARKET STREET|SUITE 204|CEDAR PARK|TX|78613
PROGRAMMER/ANALYST|GENOME  INTERNATIONAL CORPORATION|WISCONSIN DEPARTMENT  OF AGRICULTURE, TRADE AND CONSUMER PROTECTION|CEVENSTAD@GENOME.COM|16088335855|CAROLYN|EVENSTAD|2811 AGRICULTURE DRIVE||MADISON|DANE||8000 EXCELSIOR DRIVE|SUITE 202|MADISON|WI|53717
PROGRAMMER ANALYST|GENOME INTERNATIONAL CORPORATION|WISCONSIN DEPARTMENT OF AGRICULTURE,  TRADE AND CONSUMER PROTECTION|CEVENSTAD@GENOME.COM|16088335855|CAROLYN|EVENSTAD|2811 AGRICULTURE DRIVE||MADISON|DANE||8000 EXCELSIOR DRIVE|SUITE 202|MADISON|WI|53717
PROGRAMMER ANALYST|GENOME INTERNATIONAL CORPORATION|WISCONSIN DEPARTMENT OF AGRICULTURE, TRADE AND CONSUMER PROTECTION|CEVENSTAD@GENOME.COM|16088335855|CAROLYN|EVENSTAD|2811 AGRICULTURE DRIVE||MADISON|DANE||8000 EXCELSIOR DRIVE|SUITE 202|MADISON|WI|53717
PROGRAMMER ANALYST|GENOME INTERNATIONAL CORPORATION|WISCONSIN DEPARTMENT OF AGRICULTURE, TRADE AND CONSUMER PROTECTION|CEVENSTAD@GENOME.COM|16088335855|CAROLYN|EVENSTAD|2811 AGRICULTURE DRIVE||MADISON|DANE||8000 EXCELSIOR DRIVE|SUITE 202|MADISON|WI|53717
SQL/BI DEVELOPER |NEUTRONIT INC|WISCONSIN DEPARTMENT OF AGRICULTURE, TRADE AND CONSUMER PROTECTION|KARTHIK@NEUTRONIT.COM|19725108575|KARTHIK|KATAKURI|2811 AGRICULTURE DR||MADISON|DANE||9901 East Valley Ranch Parkway|SUITE 3015|IRVING|TX|75063
SQL/BI DEVELOPER |NEUTRONIT INC|WISCONSIN DEPARTMENT OF AGRICULTURE, TRADE AND CONSUMER PROTECTION|KARTHIK@NEUTRONIT.COM|19725108575|KARTHIK|KATAKURI|2811 AGRICULTURE DR||MADISON|DANE||9901 East Valley Ranch Parkway|SUITE 3015|IRVING|TX|75063
BI DATA WAREHOUSE DEVELOPER|VENNSYS LLC|WISCONSIN DEPARTMENT OF CHILDREN & FAMILIES|RAGHUPAL@VENNSYS.COM|16082419060|RAGHUNATH|VULPAL|201 E. WASHINGTON AVENUE||MADISON|DANE|MVP LAW GROUP, P.A.|2307 PARMENTER STREET|SUITE B2|MIDDLETON|WI|53562
BI DATA WAREHOUSE DEVELOPER|VENNSYS LLC|WISCONSIN DEPARTMENT OF CHILDREN & FAMILIES|RAGHUPAL@VENNSYS.COM|16082419060|RAGHUNATH|VULPAL|201 E. WASHINGTON AVENUE||MADISON|DANE|MVP LAW GROUP, P.A.|2307 PARMENTER STREET|SUITE B2|MIDDLETON|WI|53562
SYSTEMS ANALYST|Apex Technology Systems Inc|WISCONSIN DEPARTMENT OF CHILDREN AND FAMILIES|vprasad@apex-tech.com|17327017409|Jiten|Patel|201 W Washington Avenue||Madison|DANE||2509 Park Ave|Suite 2A|South Plainfield|NJ|07080
IT PROJECT MANAGER|GENOME INTERNATIONAL CORPORATION|WISCONSIN DEPARTMENT OF CHILDREN AND FAMILIES|CEVENSTAD@GENOME.COM|16088335855|CAROLYN|EVENSTAD|201 W WASHINGTON AVE||MADISON|DANE||8000 EXCELSIOR DRIVE|SUIE 202|MADISON|WI|53717
BUSINESS ANALYST CONSULTANT IV|SV TECHNOLOGY SERVICES LLC|WISCONSIN DEPARTMENT OF CHILDREN AND FAMILIES|VMANDHALA@SVTECHNOLOGYSERVICES.COM|15124389453|VINAY KUMAR|MANDHALA|201 W WASHINGTON AVE.||MADISON|DANE|LAW OFFICE OF THOMAS V. ALLEN PLLC.|600 ROUND ROCK WEST DRIVE|SUITE 301|ROUND ROCK|TX|78681
BI DATA WAREHOUSE DEVELOPER|VENNSYS LLC|WISCONSIN DEPARTMENT OF CHILDREN AND FAMILIES|RAGHUPAL@VENNSYS.COM|16082419060|RAGHUNATH|VULPAL|201 W. WASHINGTON AVENUE||MADISON|DANE|MVP LAW GROUP, P.A.|2307 PARMENTER STREET|SUITE B2|MIDDLETON|WI|53562
BI DATA WAREHOUSE DEVELOPER|VENNSYS LLC|WISCONSIN DEPARTMENT OF CHILDREN AND FAMILIES|RAGHUPAL@VENNSYS.COM|16082419060|RAGHUNATH|VULPAL|201 W. WASHINGTON AVENUE||MADISON|DANE|MVP LAW GROUP, P.A.|2307 PARMENTER STREET|SUITE B2|MIDDLETON|WI|53562
COBOL MAINFRAME PROGRAMMER|VENNSYS LLC|WISCONSIN DEPARTMENT OF CHILDREN AND FAMILIES|RAGHUPAL@VENNSYS.COM|16082419060|RAGHUNATH|VULPAL|201 E. WASHINGTON AVENUE||MADISON|DANE|MVP LAW GROUP, P.A.|2307 PARMENTER STREET|SUITE B2|MIDDLETON|WI|53562
Business Intelligence Technical Lead|VENNSYS LLC|WISCONSIN DEPARTMENT OF CHILDREN AND FAMILIES|RAGHUPAL@VENNSYS.COM|16082419060|RAGHUNATH|VULPAL|201 W. WASHINGTON AVENUE||MADISON|DANE|MVP LAW GROUP, P.A.|2307 PARMENTER STREET|SUITE B2|MIDDLETON|WI|53562
.NET WEB DEVELOPER|VENNSYS LLC|WISCONSIN DEPARTMENT OF CHILDREN AND FAMILIES (DCF)|RAGHUPAL@VENNSYS.COM|16082419060|RAGHUNATH|VULPAL|201 WEST WASHINGTON AVENUE||MADISON|DANE|MVP LAW GROUP, P.A.|2307 PARMENTER STREET|SUITE B2|MIDDLETON|WI|53562
.NET WEB DEVELOPER|VENNSYS LLC|WISCONSIN DEPARTMENT OF CHILDREN AND FAMILIES (DCF)|RAGHUPAL@VENNSYS.COM|16082419060|RAGHUNATH|VULPAL|201 WEST WASHINGTON AVENUE||MADISON|DANE|MVP LAW GROUP, P.A.|2307 PARMENTER STREET|SUITE B2|MIDDLETON|WI|53562
DATA WAREHOUSE DEVELOPER|VENNSYS LLC|WISCONSIN DEPARTMENT OF CHILDREN AND FAMILY (DCF)|RAGHUPAL@VENNSYS.COM|16082419060|RAGHUNATH|VULPAL|201 W. WASHINGTON AVENUE||MADISON|DANE|MVP LAW GROUP, P.A.|2307 PARMENTER STREET|SUITE B2|MIDDLETON|WI|53562
BUSINESS INTELLIGENCE TECH LEAD I|GLOBAL INFORMATION TECHNOLOGY INC|WISCONSIN DEPARTMENT OF CHILDRENS AND FAMILIES|IMMIGRATION1@GIT-ORG.COM|18139731061|ROSEMARIE|LEDERER|201 WEST WASHINGTON AVENUE||MADISON|DANE|PRADEEK SUSHEELAN PC|ONE CRAGWOOD ROAD|SUITE 101, SOUTHFIELD CENTER|SOUTH PLAINFIELD|NJ|07080
INFORMATION ENGINEER|DENKEN SOLUTIONS INC|WISCONSIN DEPARTMENT OF CORRECTIONS|SHEETAL@DENKENSOLUTIONS.COM|19496883995|SHEETAL|ZUMALE|3099 E WASHINGTON AVE.||MADISON|DANE|LAW OFFICE OF THOMAS V. ALLEN, PLLC.|9170 IRVINE CENTER DRIVE|SUITE 200|IRVINE|CA|92618
JAVA DEVELOPER|E-GIANTS TECHNOLOGIES LLC|WISCONSIN DEPARTMENT OF CORRECTIONS|LEGAL@THEEGIANTS.COM|15153091451|KRISHNA|BODDULURI|3099 E WASHINGTON AVE||MADISON|DANE||4500 WESTOWN PARKWAY|SUITE 115|WEST DES MOINES|IA|50266
JAVA DEVELOPER|INTELIROUTE TECHNOLOGIES LLC|WISCONSIN DEPARTMENT OF CORRECTIONS|LEGAL@INTELIROUTE.NET|15153092777|SRIDHAR|GORREPATI|3099 E WASHINGTON AVE||MADISON|DANE|THE LAW OFFICE SEEMA BANDA PLLC|7020 Douglas Ave|SUITE P|URBANDALE|IA|50322
SR. MAINFRAME DEVELOPER|HCL GLOBAL SYSTEMS INC|WISCONSIN DEPARTMENT OF EMPLOYEE TRUST FUNDS (ETF)|GADDE@HCLGLOBAL.COM|12484730720|DURGA PRASAD|GADDE|436 TAWNY ELM PARKWAY||VERONA|DANE||24543 INDOPLEX CIRCLE|SUITE 220|FARMINGTON HILLS|MI|48335
SR. MAINFRAME DEVELOPER|HCL GLOBAL SYSTEMS INC|WISCONSIN DEPARTMENT OF EMPLOYEE TRUST FUNDS (ETF) (REMOTE)|GADDE@HCLGLOBAL.COM|12484730720|DURGA PRASAD|GADDE|436 TAWNY ELM PARKWAY||VERONA|DANE||24543 INDOPLEX CIRCLE|SUITE 220|FARMINGTON HILLS|MI|48335
SOFTWARE DEVELOPER|INVICKTUS INC|WISCONSIN DEPARTMENT OF FINANCIAL INSTITUTIONS|HR@INVICKTUS.COM|17085640799|MADHAN|MOHAN|4822 MADISON YARDS WAY||MADISON|DANE||650 E DEVON AVE|SUITE 153|ITASCA|IL|60143
SOFTWARE DEVELOPER|INVICKTUS INC|WISCONSIN DEPARTMENT OF FINANCIAL INSTITUTIONS|HR@INVICKTUS.COM|17085640799|MADHAN|MOHAN|4822 MADISON YARDS WAY||MADISON|DANE||650 E DEVON AVE|SUITE 153|ITASCA|IL|60143
Senior Database Administrator|TALENT9 INC|WISCONSIN DEPARTMENT OF FINANCIAL INSTITUTIONS|HR@TALENT9.COM|12489395580|AMANDA|VANHOOSER|4822 MADISON YARDS WAY|NORTH TOWER|MADISON|DANE||22710 HAGGERTY ROAD|SUITE 130|FARMINGTON HILLS|MI|48335
SOFTWARE DEVELOPER|DATAEDGE INC|WISCONSIN DEPARTMENT OF HEALTH SERVICES|SRUTHI@DATAEDGEUSA.COM|18478864848|SHRUTHI|GOPI|1 W WILSON ST||MADISON|DANE||650 E DEVON AVE|SUITE 180|ITASCA|IL|60143
SOFTWARE DEVELOPER|DATAEDGE INC|WISCONSIN DEPARTMENT OF HEALTH SERVICES|HR@DATAEDGEUSA.COM|18478864848|VIJAY|MUSUNURU|1 W WILSON ST||MADISON|DANE||650 E DEVON AVE|SUITE 180|ITASCA|IL|60143
SOFTWARE DEVELOPER|DATAEDGE INC|WISCONSIN DEPARTMENT OF HEALTH SERVICES|HR@DATAEDGEUSA.COM|18478864848|VIJAY|MUSUNURU|1 W WILSON ST||MADISON|DANE||650 E DEVON AVE|SUITE 180|ITASCA|IL|60143
.NET DEVELOPER|GENOME INTERNATIONAL CORPORATION|WISCONSIN DEPARTMENT OF HEALTH SERVICES|CEVENSTAD@GENOME.COM|16088335855|CAROLYN|EVENSTAD|1 WEST WILSON STREET||MADISON|DANE||8000 EXCELSIOR DRIVE|SUITE 202|MADISON|WI|53717
PROGRAMMER ANALYST|GENOME INTERNATIONAL CORPORATION|WISCONSIN DEPARTMENT OF HEALTH SERVICES|CEVENSTAD@GENOME.COM|16088335855|CAROLYN|EVENSTAD|1 WEST WILSON ST||MADISON|DANE||8000 EXCELSIOR DRIVE|SUITE 202|MADISON|WI|53717
.NET DEVELOPER|GENOME INTERNATIONAL CORPORATION|WISCONSIN DEPARTMENT OF HEALTH SERVICES|CEVENSTAD@GENOME.COM|16088335855|CAROLYN|EVENSTAD|1 WEST WILSON STREET||MADISON|DANE||8000 EXCELSIOR DRIVE|SUITE 202|MADISON|WI|53717
JAVA DEVELOPER|OPULENTSOFT LLC|WISCONSIN DEPARTMENT OF HEALTH SERVICES|LEGAL@OPULENTSOFT.NET|19088880009|SHARATH|KUMAR|1 WEST WILSON STREET||MADISON|DANE|LAW OFFICE OF THOMAS V. ALLEN PLLC.|3525 QUAKER BRIDGE ROAD|SUITE 3600|HAMILTON|NJ|08619
WEB APPLICATION DEVELOPER|GENOME INTERNATIONAL CORPORATION|WISCONSIN DEPARTMENT OF JUSTICE|CEVENSTAD@GENOME.COM|16088335855|CAROLYN|EVENSTAD|17 WEST MAIN STREET||MADISON|DANE||8000 EXCELSIOR DRIVE|SUITE 202|MADISON|WI|53717
.NET WEB DEVELOPER|VENNSYS LLC|WISCONSIN DEPARTMENT OF NATURAL RESOURCES (DNR)|RAGHUPAL@VENNSYS.COM|16082419060|RAGHUNATH|VULPAL|101 S Webster St.||MADISON|DANE|MVP LAW GROUP, P.A.|2307 PARMENTER STREET|SUITE B2|MIDDLETON|WI|53562
.NET WEB DEVELOPER|VENNSYS LLC|WISCONSIN DEPARTMENT OF NATURAL RESOURCES (DNR)|RAGHUPAL@VENNSYS.COM|16082419060|RAGHUNATH|VULPAL|101 EAST WILSON STREET||MADISON|DANE|MVP LAW GROUP, P.A.|2307 PARMENTER STREET|SUITE B2|MIDDLETON|WI|53562
APPLICATION DEVELOPER|GENOME INTERNATIONAL CORPORATION|WISCONSIN DEPARTMENT OF TRANSPORTATION|CEVENSTAD@GENOME.COM|16088335855|CAROLYN|EVENSTAD|4822 MADISON YARDS WAY||MADISON|DANE||8000 EXCELSIOR DRIVE|SUITE 202|MADISON|WI|53717
SOFTWARE DEVELOPER|GENOME INTERNATIONAL CORPORATION|WISCONSIN DEPARTMENT OF TRANSPORTATION|CEVENSTAD@GENOME.COM|16088335855|CAROLYN|EVENSTAD|4822 MADISON YARDS WAY||MADISON|DANE||8000 EXCELSIOR DRIVE|SUITE 202|MADISON|WI|53717
DATA WAREHOUSE ANALYST 3|INTERNATION INFO TECH INC|WISCONSIN DEPARTMENT OF TRANSPORTATION|CVS@NCSUS.NET|17324704955|SRIDHAR|CHILLARA|4822 MADISON YARDS WAY|7TH FLOOR SOUTH|MADISON|DANE|LAW OFFICE OF THOMAS V. ALLEN PLLC|255 OLD NEW BRUNSWICK ROAD|SUITE N320|PISCATAWAY|NJ|08854
SOFTWARE DEVELOPER|PREMIER IT SOLUTIONS LLC|WISCONSIN DEPARTMENT OF TRANSPORTATION|HR@PREMIERITSOLUTIONS.COM|19722314747|KRUTIKA|AMIN|4822 MADISON YARDS WAY|FLOOR 9 SOUTH|MADISON|DANE||801 E CAMPBELL ROAD|SUITE 270|RICHARDSON|TX|75081
SOFTWARE DEVELOPER|PREMIER IT SOLUTIONS LLC|WISCONSIN DEPARTMENT OF TRANSPORTATION|HR@PREMIERITSOLUTIONS.COM|19722314747|KRUTIKA|AMIN|4822 MADISON YARDS WAY|FLOOR 9|MADISON|DANE||801 E CAMPBELL ROAD|SUITE 270|RICHARDSON|TX|75081
SOFTWARE DEVELOPER|PREMIER IT SOLUTIONS LLC|WISCONSIN DEPARTMENT OF TRANSPORTATION|HR@PREMIERITSOLUTIONS.COM|19722314747|KRUTIKA|AMIN|4822 MADISON YARDS WAY|FLOOR 9|MADISON|DANE||801 E CAMPBELL ROAD|SUITE 270|RICHARDSON|TX|75081
SOFTWARE DEVELOPER|PREMIER IT SOLUTIONS LLC|WISCONSIN DEPARTMENT OF TRANSPORTATION|HR@PREMIERITSOLUTIONS.COM|19722314747|KRUTIKA|AMIN|4822 MADISON YARDS WAY|FLOOR 9|MADISON|DANE||801 E CAMPBELL ROAD|SUITE 270|RICHARDSON|TX|75081
DATA WAREHOUSE ANALYST|PRINCETON IT AMERICA INC|WISCONSIN DEPARTMENT OF TRANSPORTATION|MADHAVIL@PRINCETONAMERICA.COM|17323310371|MADHAVI|SIRIGIREDDY|4822 MADISON YARDS WAY|7TH FLOOR SOUTH|MADISON|DANE|LAW OFFICE OF THOMAS V. ALLEN PLLC.|5 INDEPENDENCE WAY|SUITE 215|PRINCETON|NJ|08540
DATA WAREHOUSE ANALYST|VENNSYS LLC|WISCONSIN DEPARTMENT OF TRANSPORTATION|RAGHUPAL@VENNSYS.COM|16082419060|RAGHUNATH|VULPAL|4822 MADISON YARDS WAY||MADISON|DANE|MVP LAW GROUP, P.A.|2307 PARMENTER STREET|SUITE B2|MIDDLETON|WI|53562
PROGRAMMER ANALYST|GENOME INTERNATIONAL CORPORATION|WISCONSIN DEPARTMENT OF WORKFORCE DEVELOPMENT|CEVENSTAD@GENOME.COM|16088335855|CAROLYN|EVENSTAD|201 E WASHINGTON AVENUE||MADISON|DANE||8000 EXCELSIOR DRIVE|SUITE 202|MADISON|WI|53717
PROGRAMMER ANALYST|GENOME INTERNATIONAL CORPORATION|WISCONSIN DEPARTMENT OF WORKFORCE DEVELOPMENT|CEVENSTAD@GENOME.COM|16088335855|CAROLYN|EVENSTAD|201 E WASHINGTON AVENUE||MADISON|DANE||8000 EXCELSIOR DRIVE|SUITE 202|MADISON|WI|53717
DATA WAREHOUSE DEVELOPER|VENNSYS LLC|WISCONSIN DEPARTMENT OF WORKFORCE DEVELOPMENT (DWD)|RAGHUPAL@VENNSYS.COM|16082419060|RAGHUNATH|VULPAL|201 E. WASHINGTON AVENUE||MADISON|DANE|MVP LAW GROUP, P.A.|2307 PARMENTER STREET|SUITE B2|MIDDLETON|WI|53562
DATA WAREHOUSE DEVELOPER|VENNSYS LLC|WISCONSIN DEPARTMENT OF WORKFORCE DEVELOPMENT (DWD)|RAGHUPAL@VENNSYS.COM|16082419060|RAGHUNATH|VULPAL|201 E. WASHINGTON AVENUE||MADISON|DANE|MVP LAW GROUP, P.A.|2307 PARMENTER STREET|SUITE B2|MIDDLETON|WI|53562
Systems Analyst|Eclat Integrated Software Solutions Inc|Waukesha County, Department of Administration, IT|accounts@eclatiss.com|12812770567|Prasad|Kalidindi|515 West Moreland Blvd.||Waukesha|WAUKESHA|Global Immigration Partners Inc|12603 Southwest Fwy|Suite 680|Stafford|TX|77477
Software Engineer|Allied Informatics Inc|Wisconsin Department Of Transportation|immigration@alliedinformatics.com|17702469800|Kris|Gadde|4822 Madison Yards Way|7th Floor South|Madison|DANE||1815 Satellite Blvd.,|Suite 302|Duluth|GA|30097
Network Engineer|Hermes Network Inc|Wisconsin Department of Administration - Division of Enterprise Technology.|shylajap@hermesinfo.com|16098572030|Shylaja|Pabba|5830 Femrite Dr.||Madison|DANE|Shankar And Associates, PC|666 Plainsboro Road|Suite 1281|Plainsboro|NJ|08536
Sr. Software Developer|Navitas Business Consulting Inc|Wisconsin Department of Agriculture, Trade and Consumer Protection|immigration@navitas-tech.com|15712224646|Srini|Bayireddy|2811 Agriculture Drive||Madison|DANE||13241 WOODLAND PARK ROAD|Suite 200|Herndon|VA|20171
Senior Software Developer|Navitas Business Consulting Inc|Wisconsin Department of Agriculture, Trade and Consumer Protection|immigration@navitas-tech.com|15712224646|Srini|Bayireddy|2811 Agriculture Drive||Madison|DANE||13454 Sunrise Valley Drive|Suite 240|Herndon|VA|20171
Data Warehouse Developer|Amphion Global Inc|Wisconsin Department of Children and Families|legal@amphions.com|16143568160|Rajesh Kumar|Uppalapati|201 W Washington Ave||Madison|DANE|INTERNATIONAL LEGAL AND BUSINESS SERVICES GROUP LLP|25301 Borough Park Dr|Suite 208|Spring|TX|77380
DEVELOPER|INFOTECH SPECTRUM INC|Wisconsin Department of Children and Families|LEGAL@INFOTECHSPECTRUM.COM|14089809546|RAJIV|PENDYALA|201 W Washington Ave||Madison|DANE||2060 WALSH AVENUE|SUITE 120|SANTA CLARA|CA|95050
Data Warehouse Developer III|Advanced Knowledge Tech LLC|Wisconsin Department of Corrections|Peter.b@akt-corp.com|17327073112|Peter|Boyapati|3099 E Washington Ave||Madison|DANE|Fragomen, Del Rey, Bernsen & Loewy, LLP|751 Hebron Parkway|Suite 325|Lewisville|TX|75057
SOFTWARE DEVELOPER|ENCORE CONSULTING SERVICES INC|Wisconsin Department of Corrections|HRADMIN@ENCORE-C.COM|18472220244|Mary|Menet|3099 E Washington Ave||Madison|DANE||1701 E WOODFILED ROAD|SUITE-910|SCHAUMBURG|IL|60173
Senior Systems and DevOps Engineer |Infomatics Technologies Inc|Wisconsin Department of Corrections|hrteam@infomaticsinc.com|12482859106|Dwarakanatha Reddy|Yallaturu|3099 E Washington Ave||Madison|DANE||23629 Liberty Street|STE 203|FARMINGTON|MI|48335
Sr. DevOps Engineer/Software Engineer|PalindromTech LLC|Wisconsin Department of Corrections|hr@palindromtech.com|14697140099|Prasanna|Bolla|3099 E Washington Ave||Madison|DANE|Chugh, LLP|8751 Collin Mckinney Pkwy|Suite 1201|McKinney|TX|75070
Software Engineer|SYNAPSIS INC|Wisconsin Department of Corrections|admin@synapsisinc.com|12175034990|MASTAN|PAIDELA|298 Moorland Pl||Sun Prairie|DANE||3161 W WHITE OAKS DR|STE 302|SPRINGFIELD|IL|62704
Software Engineer|SYNAPSIS INC|Wisconsin Department of Corrections|admin@synapsisinc.com|12175034990|MASTAN|PAIDELA|298 Moorland Pl||Sun Prairie|DANE||3161 W WHITE OAKS DR|STE 302|SPRINGFIELD|IL|62704
Business Analyst|Tek Resource Inc|Wisconsin Department of Corrections|ramesh@tekresource.net|17049948600|Ramesh|Medaboina|3099 E Washington Ave||Madison|DANE|Law Office of Keshab Raj Seadie, P.C.|1236 Yarrow St||Stallings|NC|28104
Information Security Analyst|COOLSOFT LLC|Wisconsin Department of Employee Trust Funds|roger@coolsofttech.com|15023279805|Roger|Natarajan|4822 Madison Yards Way||Madison|DANE||3240 OFFICE POINTE PLACE|SUITE 200|LOUISVILLE|KY|40220
Bizops Engineer|Walkwater LLC dba Walkwater Consulting|Wisconsin Department of Employee Trust Funds|Piyush.tiwari@walk-water.com|14146870551|Piyush|Tiwari|4822 Madison Yards Way||Madison|DANE|Global Immigration Partners Inc|3535 S McIntosh Ln||New Berlin|WI|53151
Software Developer |Rivic Systems Inc|Wisconsin Department of Financial Institutions|adminops@rivicsystems.com|16032643564|Sridhar Reddy|GOLI|4822 Madison Yards Way||Madison|DANE|SOMIREDDY LAW GROUP PLLC|4080 McGinnis Ferry Road|Suite 1208|Alpharetta|GA|30005
Salesforce Developer|ETEK IT SERVICES INC|Wisconsin Department of Health Services|HR@ETEKIT.COM|18479690200|Suman|Vembar|1 W Ste Wilson St,||Madison|DANE|Law Offices of Mary Kennedy LLC|830 E HIGGINS ROAD|SUITE 102|SCHAUMBURG|IL|60173
COMPUTER SECURITY RESPONSE LEAD|SSB SOFTWARE TECHNOLOGIES INC|Wisconsin Department of Health Services|ERIC@SSBSOFTWARE.COM|19494721290|ERIC|ROVANG|1 West Wilson||Madison|DANE||23046 AVENIDA DE LA CARLOTA|SUITE 600|LAGUNA HILLS|CA|92630
Software Development Engineer in Test(SDET) |TECHNOVIZ LLC|Wisconsin Department of Health Services|Info@technoviz.com|16082993333|PHANINDRA|PALETY|1 W Wilson St.||Madison|DANE|JOHN J. BOUDIA & ASSOCIATES PLC|8517 Excelsior Drive|SUITE 105|MADISON|WI|53717
Business Analyst|TRISHULLA LLC|Wisconsin Department of Health Services|nikhil@trishulla.com|16087218029|NIKHIL|ZAVERI|1 W Wilson Street||Madison|DANE|Guttikonda Law Firm PLLC|6629 UNIVERSITY AVENUE|SUITE 210|MIDDLETON|WI|53562
Business Analyst|TRISHULLA LLC|Wisconsin Department of Health Services|nikhil@trishulla.com|16087218029|NIKHIL|ZAVERI|1 W. Wilson Street||Madison|DANE|GUTTIKONDA LAW FIRM PLLC|6629 UNIVERSITY AVENUE|SUITE 210|MIDDLETON|WI|53562
Database Administrator|Vsion Technologies Inc|Wisconsin Department of Health Services|ram@vsiontek.com|15125353244|Ram|Sathambakam|1 West Wilson St||Madison|DANE|Global Immigration Partners Inc|507 Denali Pass|Suite 602|Cedar Park|TX|78613
Database Developer|FIRST TEK INC|Wisconsin Department of Health Services (DHS)|hr@first-tek.com|17327450107|Doreen|Villaverde|1 West Wilson street||Madison|DANE||371 Hoes Lane|Suite 201|Piscataway,|NJ|08854
IT Analyst|ELLIANSE LLC|Wisconsin Department of HealthServices(DHS)|hr@ellianse.com|16196181221|ADITYA|VEDALA|1 West Wilson St||Madison|DANE|Akula & Associates, P.C.|2802 JUAN STREET|STE 25|SAN DIEGO|CA|92110
Software Developer|Dechen Consulting Group Inc|Wisconsin Department of Justice|jtaschle@dcg-us.com|13135250332|Jacqueline|Taschler|Risser Justice Center, 17 W Main Street||Madison|DANE|John Clement PLC|37000 Grand River Avenue|Suite 330|Farmington Hills|MI|48335
Software Developer|EQUINOX IT SOLUTIONS LLC|Wisconsin Department of Natural Resources|bkumar@equinoxitsol.com|14696026658|BHARATH|KAKKIRENI|101 S Webster St||Madison|DANE|LAW OFFICES OF D ROBERT JONES PLLC|8500 N STEMMONS FWY|STE 5080|DALLAS|TX|75247
DATABASE ADMINISTRATOR|PARAMOUNT SOFTWARE SOLUTIONS INC|Wisconsin Department of Public Instruction|sajja@paramountsoft.net|17708578348|PRAMOD|SAJJA|125 S. Webster Street||MADISON|DANE|THE IMMANUEL LAW FIRM LLC|4030 Old Milton Parkway||Alpharetta|GA|30005
DATABASE ADMINISTRATOR|PARAMOUNT SOFTWARE SOLUTIONS INC|Wisconsin Department of Public Instruction|sajja@paramountsoft.net|17708578348|PRAMOD|SAJJA|125 S. Webster Street||MADISON|DANE|THE IMMANUEL LAW FIRM LLC|4030 Old Milton Parkway||Alpharetta|GA|30005
DARABASE ADMINISTRATOR|PARAMOUNT SOFTWARE SOLUTIONS INC|Wisconsin Department of Public Instruction|sajja@paramountsoft.net|17708578348|PRAMOD|SAJJA|125 S. Webster Street||MADISON|DANE|THE IMMANUEL LAW FIRM LLC|4030 Old Milton Parkway||Alpharetta|GA|30005
DATABASE ADMINISTRATOR|PARAMOUNT SOFTWARE SOLUTIONS INC|Wisconsin Department of Public Instruction|sajja@paramountsoft.net|17708578348|PRAMOD|SAJJA|125 S. Webster Street||MADISON|DANE|THE IMMANUEL LAW FIRM LLC|4030 Old Milton Parkway||Alpharetta|GA|30005
Oracle Database Administrator|SVK Systems Inc|Wisconsin Department of Public Instruction|hanuman@svksystems.com|16788247746|Hanuman|Nandanampati|125 South Webster Street||Madison|DANE||3057 Peachtree Industrial Boulevard|Suite 100|Duluth|GA|30097
Oracle Database Administrator|SVK Systems Inc|Wisconsin Department of Public Instruction|hanuman@svksystems.com|16788247746|Hanuman|Nandanampati|125 South Webster Street||Madison|DANE||452 Lakeshore Parkway|Suite 220|Rock Hill|SC|29730
Business Analyst |SYNAPSIS INC|Wisconsin Department of Public Instruction|admin@synapsisinc.com|12175034990|MASTAN|PAIDELA|2146 Lonnie Ln||Sun Prairie|DANE||3161 W WHITE OAKS DR|STE 302|SPRINGFIELD|IL|62704
Java Developer|Vastika Inc|Wisconsin Department of Public Instruction|ravi@vastika.com|19722686193|Ravi|Joshi|125 S Webster Street||Madison|DANE|Global Immigration Associates, P.C.|1200 W Walnut Hill Lane|Suite 2200|Irving|TX|75038
Data Warehouse Developer III (Senior BI Developer)|SCHRILL TECHNOLOGIES INC|Wisconsin Department of Public Instruction (DPI)|JD@SCHRILLTECH.COM|17324477498|JANAKI|SARIKONDA|125 South Webster Street||Madison|DANE||6201 BONHOMME ROAD|STE 430-S|HOUSTON|TX|77036
SOFTWARE ENGINEER|NATSOFT CORPORATION|Wisconsin Department of Revenue|TIMMY@NATSOFT.US|17327260593|TIRUMALA|CHEEDALA|2135 RIMROCK RD||MADISON|DANE||27 WORLDS FAIR DR||SOMERSET|NJ|08873
SOFTWARE ENGINEER|NATSOFT CORPORATION|Wisconsin Department of Revenue|TIMMY@NATSOFT.US|17327260593|TIRUMALA|CHEEDALA|2135 RIMROCK RD||MADISON|DANE||27 WORLDS FAIR DR||SOMERSET|NJ|08873
Software Developer|SAAS Technologies Inc|Wisconsin Department of Revenue|prasadevv@saastechinc.com|16092363400|Venkatavara Prasad|EKAMBRAM|2135 Rimrock Rd|N/A|Madison|DANE|SHARMA YASKHI & ASSOCIATES, LLP|Spacion Business Center, 15 Corporate Place South|Suite 419 A|Piscataway|NJ|08854
Business Systems Analyst|Adroit Associates Inc|Wisconsin Department of Transportation|immigration@adroitassociates.com|17325169600|PRASADA|INDUKURI|4822 Madison Yards Way||Madison|DANE|Lamboley Law FIrm LLC|100 Wood Avenue South|Suite 108|Iselin|NJ|08830
Data Warehouse Analyst III|DRUVI Infosys LLC|Wisconsin Department of Transportation|geetha.lokasani@druviinfosys.com|16086099706|Geetha|Lokasani|4822 Madison Yards Way||Madison|DANE|Jenna F. Heckler, PC|410 Peachtree Pkwy|Suite 4245|Cumming|GA|30041
Data Warehouse Analyst III|DRUVI Infosys LLC|Wisconsin Department of Transportation|geetha.lokasani@druviinfosys.com|16086099706|Geetha|Lokasani|4822 Madison Yards Way||Madison|DANE|Jenna F. Heckler, PC|410 Peachtree Pkwy|Suite 4245|Cumming|GA|30041
BUSINESS INTELLIGENCE TECHNICAL LEAD 1|ERP ANALYSTS INC|Wisconsin Department of Transportation|ERPAIMMIGRATION@ERPA.COM|16147189222|MANJUSHA|AKKAPEDDI|4822 Madison Yards Way|7th Floor South|Madison|DANE|SAM SHIHAB & ASSOCIATES LLC|425 METRO PLACE NORTH|SUITE 510|DUBLIN|OH|43017
Software Engineer|Flexera Global Inc|Wisconsin Department of Transportation|hr@flexeraglobal.com|12813060503|Uma|Nannapaneni|4822 Madison Yards Way||Madison|DANE|Harrison-Donaldson, Attorney at Law|136 Eldridge Road|Unit C|Sugar Land|TX|77478
Software Engineer|Flexera Global Inc|Wisconsin Department of Transportation|hr@flexeraglobal.com|12813060503|Satish|Nannapaneni|4822 Madison Yards Way||Madison|DANE|Harrison-Donaldson, Attorney at Law|136 Eldridge Road|Unit C|Sugar Land|TX|77478
Software Engineer|Flexera Global Inc|Wisconsin Department of Transportation|hr@flexeraglobal.com|12813060503|Uma|Nannapaneni|4822 Madison Yards Way||Madison|DANE|Harrison-Donaldson, Attorney at Law|136 Eldridge Road|Unit C|Sugar Land|TX|77478
Software Engineer|Flexera Global Inc|Wisconsin Department of Transportation|hr@flexeraglobal.com|12813060502|Satish|Nannapaneni|4822 Madison Yards Way||Madison|DANE||136 Eldridge Road Suite C||Sugar Land|TX|77478
Data Warehouse Analyst 3|INTERNATION INFO TECH INC|Wisconsin Department of Transportation|CVS@NCSUS.NET|17324704955|SRIDHAR|CHILLARA|4822 Madison Yards Way|7Th Floor  South|Madison|DANE|LAW OFFICE OF THOMAS V. ALLEN PLLC|255 OLD NEW BRUNSWICK ROAD|SUITE N320|PISCATAWAY|NJ|08854
Software Developer|Flexera Global Inc|Wisconsin Department of Transportation (WisDOT)|hr@flexeraglobal.com|12813060503|Uma|Nannapaneni|Hill Farms State Office Building, 4822 Madison Yards Way||Madison|DANE|Harrison-Donaldson, Attorney at Law|136 Eldridge Road|Unit C|Sugar Land|TX|77478
Software Engineer|Flexera Global Inc|Wisconsin Department of Transportation (WisDOT)|hr@flexeraglobal.com|12813060503|Uma|Nannapaneni|Hill Farms State Office Building|4822 Madison Yards Way|Madison|DANE|Harrison-Donaldson, Attorney at Law|136 Eldridge Road|Unit C|Sugar Land|TX|77478
Software Engineer|Flexera Global Inc|Wisconsin Department of Transportation (WisDOT)|hr@flexeraglobal.com|12813060503|Uma|Nannapaneni|Hill Farms State Office Building, 4822 Madison Yards Way,||Madison|DANE||136 Eldridge Road Unit C||Sugar Land|TX|77478
DATABASE ARCHITECT|RAPIDIT INC|Wisconsin Department of Transportation (WisDOT)|hradmin@rapiditinc.com|16783663820|SAI K K|VEMULAPALLI|4822 MADISON YARDS WAY||MADISON|DANE||4080 McGINNIS FERRY ROAD|SUITE 1206|ALPHARETTA|GA|30005
OnBase Administrator/Developer IV|SprintPark LLC|Wisconsin Department of Transportation (WisDOT)|immigration@sprintpark.net|18605669894|Venkata Maruthi Ramu|Chinthapalli|4822 Madison Yards Way|7th Floor|Madison|DANE|International Legal and Business Services Group LLP|85 Felt Road|Ste 604|South Windsor|CT|06074
OnBase Administrator/Developer IV|SprintPark LLC|Wisconsin Department of Transportation (WisDOT)|immigration@sprintpark.net|18605669894|Venkata Maruthi Ramu|Chinthapalli|4822 Madison Yards Way|7th Floor|Madison|DANE|International Legal and Business Services Group LLP|85 Felt Road|Ste 604|South Windsor|CT|06074
Software Engineer |COOLSOFT LLC|Wisconsin Department of Transportation - Bureau of Information Technology Services (WI DOT- BITS)|roger@coolsofttech.com|15023279805|Roger|Natarajan|4822 Madison Yards Way||Madison|DANE||3240 OFFICE POINTE PLACE|SUITE 200|LOUISVILLE|KY|40220
Business Analyst|American Technology Consulting LLC|Wisconsin Department of Workforce Development|tara@american-technology.net|15159745619|Tara|Jones|201 East Washington Ave.||Madison|DANE|Global Immigration Partners Inc|12951 University Avenue|Suite 200B|Clive|IA|50325
Software Engineer|Chelsoft Solutions Co.|Wisconsin Department of Workforce Development|kiran@chelsoftusa.com|19135791399|Kiran|Chelluri|201 E Washington Ave||Madison|DANE|Reddy Neumann Brown PC|527 N. MUR-LEN ROAD, Suite B||Olathe|KS|66062
Software Developer|FutureTech Consultants LLC|Wisconsin Department of Workforce Development|anj@ftc.bz|16789907777|Anj|Balusu|201 E Washington Ave||Madison|DANE|Law Offices of Priti Tripathi, PC|5655 Peachtree Parkway|Suite 212|Peachtree Corners|GA|30092
Business Analyst/Business Solutions Manager|Intone Networks Inc|Wisconsin Department of Workforce Development|sailaja@intonenetworks.com|17327213002|Sailaja|Allu|201 E Washington Ave||Madison|DANE|Fragomen, Del Rey, Bernsen & Loewy, LLP|10 Austin Avenue||Iselin|NJ|08830
Software Developer|Vitosha Inc|Wisconsin Department of Workforce Development|hr@vitoshainc.com|14845353344|Mousmi|Shah-Gandhi|201 E. Washington Ave|P.O. Box 7946|Madison|DANE||1020 W 8th Ave|Suite 2AA|King of Prussia|PA|19406
System Admin|First Cloud Inc|Wisconsin Department of financial institutions|hari@firstcloudinc.com|19729719747|Hari Krishna Prasad|Yadamreddy|4822 Madison Yards Way||Madison|DANE|Kodem Law Firm PLLC|1200 W Walnut Hill Ln|STE 2550|Irving|TX|75038
Software Developer|9to9 Software Solutions LLC|Wisconsin Department of public Instruction|ashok@9to9soft.com|18609908610|Ashok|Sukumaran|125 S Webster St.||Madison|DANE|Credence Support Services Inc|1224 MILL ST, Bldg B|Suite 124|EAST BERLIN|CT|06023
GIS Developer |C2S Technologies Inc|Wisconsin State Department of Transportation|rajesh@c2stechs.com|14255623457|Rajesh|Brundala|4822 Madison Yards Way||Madison|DANE|International Legal and Business Services Group LLP|1837 156th Ave NE|Suite A-303|Bellevue|WA|98007
Geospatial Solutions Developer Sr|C2S Technologies Inc|Wisconsin State Department of Transportation|rajesh@c2stechs.com|14255623457|Rajesh|Brundala|4822 Madison Yards Way||Madison|DANE|International Legal and Business Services Group LLP|1837 156th Ave NE|Suite A-303|Bellevue|WA|98007
Geospatial Solutions Developer Sr II|C2S Technologies Inc|Wisconsin State Dept. of Transportation|rajesh@c2stechs.com|14255623457|Rajesh|Brundala|4822 Madison Yards Way||Madison|DANE|International Legal and Business Services Group LLP|1837 156th Ave NE|Suite A-303|Bellevue|WA|98007
Sr. Geospatial Solutions Developer|C2S Technologies Inc|Wisconsin State Dept. of Transportation|rajesh@c2stechs.com|14255623457|Rajesh|Brundala|4822 Madison Yards Way||Madison|DANE|International Legal and Business Services Group LLP|1837 156th Ave NE|Suite A-303|Bellevue|WA|98007
Data Scientist|State of Wisconsin Investment Board||eric.barber@swib.state.wi.us|16082668923|Eric|Barber|121 E. Wilson St.||Madison|DANE|Quarles & Brady LLP|121 East Wilson Street||Madison|WI|53703
Data Scientist|State of Wisconsin Investment Board||eric.barber@swib.state.wi.us|16082668923|Eric|Barber|121 East Wilson St.||Madison|DANE|Quarles & Brady LLP|121 East Wilson Street||Madison|WI|53703
Information Delivery Analyst|State of Wisconsin Investment Board||Eric.Barber@swib.state.wi.us|16082668923|Eric|Barber|4703 Madison Yards Way|700|Madison|DANE|Quarles & Brady LLP|4703 Madison Yards Way|Suite 700|Madison|WI|53705
Business Systems Analyst|State of Wisconsin Investment Board||Eric.Barber@swib.state.wi.us|16082668923|Eric|Barber|4703 Madison Yards Way|Suite 700|Madison|DANE|Quarles & Brady LLP|4703 Madison Yards Way|Suite 700|Madison|WI|53705
Head Economist, Asset & Risk Allocation Chief Invest Officer|State of Wisconsin Investment Board||Madeline.Warkins@swib.state.wi.us|16082668923|Eric|Barber|4703 Madison Yards Way|Suite 700|Madison|DANE|Quarles & Brady LLP|4703 Madison Yards Way|Suite 700|Madison|WI|53705
Senior Business Systems Analyst|State of Wisconsin Investment Board||eric.barber@swib.state.wi.us|16082668923|Eric|Barber|121 East Wilson St.||Madison|DANE|Quarles & Brady LLP|121 East Wilson Street||Madison|WI|53703
Quantitative Analyst|State of Wisconsin Investment Board||Eric.Barber@swib.state.wi.us|16082668923|Eric|Barber|4703 Madison Yards Way|700|Madison|DANE|Quarles & Brady LLP|4703 Madison Yards Way|Suite 700|Madison|WI|53705
Investment Operations Analyst|State of Wisconsin Investment Board||Eric.Barber@swib.state.wi.us|16082668923|Eric|Barber|4703 Madison Yards Way|Suite 700|Madison|DANE|Quarles & Brady LLP|4703 Madison Yards Way|Suite 700|Madison|WI|53705
Data Engineer|State of Wisconsin Investment Board||eric.barber@swib.state.wi.us|16082668923|Eric|Barber|121 East Wilson Street||Madison|DANE|Quarles & Brady LLP|121 East Wilson Street||Madison|WI|53703
Investment Operations Analyst|State of Wisconsin Investment Board||Eric.Barber@swib.state.wi.us|16082668923|Eric|Barber|4703 Madison Yards Way|Suite 700|Madison|DANE|Quarles & Brady LLP|4703 Madison Yards Way|Suite 700|Madison|WI|53705
Quantitative Analyst|State of Wisconsin Investment Board||Eric.Barber@swib.state.wi.us|16082668923|Eric|Barber|4703 Madison Yards Way|700|Madison|DANE|Quarles & Brady LLP|4703 Madison Yards Way|Suite 700|Madison|WI|53705
Senior Analyst|State of Wisconsin Investment Board||Eric.Barber@swib.state.wi.us|16082668923|Eric|Barber|4703 Madison Yards Way|Suite 700|Madison|DANE|Quarles & Brady LLP|4703 Madison Yards Way|Suite 700|Madison|WI|53705
Data Engineer, Senior Advanced|State of Wisconsin Investment Board||Madeline.Warkins@swib.state.wi.us|16082668923|Eric|Barber|4703 Madison Yards Way|Suite 700|Madison|DANE|Quarles & Brady LLP|4703 Madison Yards Way|Suite 700|Madison|WI|53705
Senior Business Systems Analyst|State of Wisconsin Investment Board||Madeline.Warkins@swib.state.wi.us|16082668923|Eric|Barber|4703 Madison Yards Way|Suite 700|Madison|DANE|Quarles & Brady LLP|4703 Madison Yards Way|Suite 700|Madison|WI|53705
Business Systems Analyst|State of Wisconsin Investment Board||Eric.Barber@swib.state.wi.us|16082668923|Eric|Barber|4703 Madison Yards Way|Suite 700|Madison|DANE|Quarles & Brady LLP|4703 Madison Yards Way|Suite 700|Madison|WI|53705
(436 rows)
